2025-02-15 13:34:09,279 [INFO] Activator:176 - 


2025-02-15 13:34:09,282 [INFO] Activator:177 - !SESSION log4j initialized
2025-02-15 13:34:10,885 [INFO] ApplicationProperties:184 - Using Application install path: /opt/st/stm32cubeide_1.17.0/plugins/com.st.stm32cube.common.mx_6.13.0.202411220809
2025-02-15 13:34:10,898 [INFO] DbMcusXml:78 - Set database path to: /opt/st/stm32cubeide_1.17.0/plugins/com.st.stm32cube.common.mx_6.13.0.202411220809//db//mcu/
2025-02-15 13:34:10,898 [INFO] ApiDb:274 - Set plugin database path to: /opt/st/stm32cubeide_1.17.0/plugins/com.st.stm32cube.common.mx_6.13.0.202411220809//db//plugins/boardmanager/
2025-02-15 13:34:10,898 [WARN] ApiDb:259 - Overriding images path with different value:  => /opt/st/stm32cubeide_1.17.0/plugins/com.st.stm32cube.common.mx_6.13.0.202411220809//db//plugins/mcufinder/images/
2025-02-15 13:34:10,904 [INFO] ApiDb:250 - Set database path to: /home/kemish/.stmcufinder/plugins/mcufinder//mcu/
2025-02-15 13:34:10,905 [INFO] DbMcusAds:125 - Set database path to: /home/kemish/.stmcufinder/plugins/mcufinder//mcu/
2025-02-15 13:34:11,192 [INFO] CrossReferenceDbSqlite:203 - Set database path to: /home/kemish/.stmcufinder/plugins/mcufinder//mcu/cs/
2025-02-15 13:34:11,271 [INFO] RulesReader:64 - Compatibility file has been processed (297 Rules)
2025-02-15 13:34:11,318 [INFO] DbMcusXml:78 - Set database path to: /opt/st/stm32cubeide_1.17.0/plugins/com.st.stm32cube.common.mx_6.13.0.202411220809//db//mcu/
2025-02-15 13:34:11,318 [INFO] ApiDb:274 - Set plugin database path to: /opt/st/stm32cubeide_1.17.0/plugins/com.st.stm32cube.common.mx_6.13.0.202411220809//db//plugins/boardmanager/
2025-02-15 13:34:11,318 [INFO] ApiDb:261 - Set plugin images path to: /opt/st/stm32cubeide_1.17.0/plugins/com.st.stm32cube.common.mx_6.13.0.202411220809//db//plugins/mcufinder/images/
2025-02-15 13:34:11,318 [WARN] DbFile:41 - Overriding database path with different value: /home/kemish/.stmcufinder/plugins/mcufinder/ => /home/kemish/.stmcufinder/plugins/mcufinder
2025-02-15 13:34:11,318 [INFO] ApiDb:250 - Set database path to: /home/kemish/.stmcufinder/plugins/mcufinder//mcu/
2025-02-15 13:34:11,318 [WARN] DbFile:41 - Overriding database path with different value: /home/kemish/.stmcufinder/plugins/mcufinder/ => /home/kemish/.stmcufinder/plugins/mcufinder
2025-02-15 13:34:11,318 [INFO] DbMcusAds:125 - Set database path to: /home/kemish/.stmcufinder/plugins/mcufinder//mcu/
2025-02-15 13:34:11,318 [WARN] DbFile:41 - Overriding database path with different value: /home/kemish/.stmcufinder/plugins/mcufinder/ => /home/kemish/.stmcufinder/plugins/mcufinder
2025-02-15 13:34:11,318 [WARN] DbFile:41 - Overriding database path with different value: /home/kemish/.stmcufinder/plugins/mcufinder/ => /home/kemish/.stmcufinder/plugins/mcufinder
2025-02-15 13:34:11,319 [INFO] CrossReferenceDbSqlite:203 - Set database path to: /home/kemish/.stmcufinder/plugins/mcufinder//mcu/cs/
2025-02-15 13:34:11,365 [INFO] MainPanel:272 - HeapMemory: 268435456
2025-02-15 13:34:11,461 [INFO] DbMcusXml:78 - Set database path to: /opt/st/stm32cubeide_1.17.0/plugins/com.st.stm32cube.common.mx_6.13.0.202411220809//db//mcu/
2025-02-15 13:34:11,462 [INFO] ApiDb:274 - Set plugin database path to: /opt/st/stm32cubeide_1.17.0/plugins/com.st.stm32cube.common.mx_6.13.0.202411220809//db//plugins/boardmanager/
2025-02-15 13:34:11,462 [INFO] ApiDb:261 - Set plugin images path to: /opt/st/stm32cubeide_1.17.0/plugins/com.st.stm32cube.common.mx_6.13.0.202411220809//db//plugins/mcufinder/images/
2025-02-15 13:34:11,462 [WARN] DbFile:41 - Overriding database path with different value: /home/kemish/.stmcufinder/plugins/mcufinder/ => /home/kemish/.stmcufinder/plugins/mcufinder
2025-02-15 13:34:11,462 [INFO] ApiDb:250 - Set database path to: /home/kemish/.stmcufinder/plugins/mcufinder//mcu/
2025-02-15 13:34:11,462 [WARN] DbFile:41 - Overriding database path with different value: /home/kemish/.stmcufinder/plugins/mcufinder/ => /home/kemish/.stmcufinder/plugins/mcufinder
2025-02-15 13:34:11,462 [INFO] DbMcusAds:125 - Set database path to: /home/kemish/.stmcufinder/plugins/mcufinder//mcu/
2025-02-15 13:34:11,462 [WARN] DbFile:41 - Overriding database path with different value: /home/kemish/.stmcufinder/plugins/mcufinder/ => /home/kemish/.stmcufinder/plugins/mcufinder
2025-02-15 13:34:11,463 [WARN] DbFile:41 - Overriding database path with different value: /home/kemish/.stmcufinder/plugins/mcufinder/ => /home/kemish/.stmcufinder/plugins/mcufinder
2025-02-15 13:34:11,463 [INFO] CrossReferenceDbSqlite:203 - Set database path to: /home/kemish/.stmcufinder/plugins/mcufinder//mcu/cs/
2025-02-15 13:34:11,472 [INFO] ApplicationProperties:184 - Using Application install path: /opt/st/stm32cubeide_1.17.0/plugins/com.st.stm32cube.common.mx_6.13.0.202411220809
2025-02-15 13:34:11,473 [INFO] PluginManage:196 - Search for loadable plugins [exclusion list=, ]
2025-02-15 13:34:11,474 [INFO] PluginManage:310 - Check plugin analytics
2025-02-15 13:34:11,653 [INFO] AnalyticsPlugin:253 - Accepted Software Licenses: 
2025-02-15 13:34:11,653 [INFO] AnalyticsPlugin:255 - Accepted CMSIS Pack Licenses: 
2025-02-15 13:34:11,654 [INFO] AnalyticsPlugin:257 - Accepted Firmware Licenses: 
2025-02-15 13:34:11,655 [INFO] PluginManage:359 - Loaded plugin analytics (category:tool,tabindex:-1)
2025-02-15 13:34:11,656 [INFO] PluginManage:310 - Check plugin cadmodel
2025-02-15 13:34:11,660 [INFO] CADModel:105 - Init CAD model plugin
2025-02-15 13:34:11,661 [INFO] PluginManage:359 - Loaded plugin cadmodel (category:power,tabindex:5)
2025-02-15 13:34:11,661 [INFO] PluginManage:310 - Check plugin clock
2025-02-15 13:34:11,678 [INFO] PluginManage:359 - Loaded plugin clock (category:base,tabindex:2)
2025-02-15 13:34:11,678 [INFO] PluginManage:310 - Check plugin ddr
2025-02-15 13:34:11,680 [INFO] PluginManage:359 - Loaded plugin ddr (category:tool,tabindex:6)
2025-02-15 13:34:11,680 [INFO] PluginManage:310 - Check plugin filemanager
2025-02-15 13:34:11,798 [INFO] PluginManage:359 - Loaded plugin filemanager (category:base,tabindex:10)
2025-02-15 13:34:11,798 [INFO] PluginManage:310 - Check plugin ipmanager
2025-02-15 13:34:11,803 [INFO] PluginManage:359 - Loaded plugin ipmanager (category:base,tabindex:5)
2025-02-15 13:34:11,803 [INFO] PluginManage:310 - Check plugin lpbam
2025-02-15 13:34:11,810 [INFO] PluginManage:359 - Loaded plugin lpbam (category:base,tabindex:0)
2025-02-15 13:34:11,810 [INFO] PluginManage:310 - Check plugin memorymap
2025-02-15 13:34:11,819 [INFO] PluginManage:359 - Loaded plugin memorymap (category:base,tabindex:4)
2025-02-15 13:34:11,819 [INFO] PluginManage:310 - Check plugin pinoutandconfiguration
2025-02-15 13:34:11,826 [INFO] PluginManage:359 - Loaded plugin pinoutandconfiguration (category:base,tabindex:1)
2025-02-15 13:34:11,827 [INFO] PluginManage:310 - Check plugin pinoutconfig
2025-02-15 13:34:11,888 [WARN] SupportedApi:132 - Cannot load RTOS API schema: s4s-elt-must-match.1: The content of 'definitions' must match (annotation?, (simpleType | complexType)?, (unique | key | keyref)*)). A problem was found starting at: attribute.
2025-02-15 13:34:11,995 [INFO] PluginManage:359 - Loaded plugin pinoutconfig (category:base,tabindex:0)
2025-02-15 13:34:11,995 [INFO] PluginManage:310 - Check plugin power
2025-02-15 13:34:12,003 [INFO] PluginManage:359 - Loaded plugin power (category:power,tabindex:4)
2025-02-15 13:34:12,003 [INFO] PluginManage:310 - Check plugin projectmanager
2025-02-15 13:34:12,014 [INFO] PluginManage:359 - Loaded plugin projectmanager (category:projectmanager,tabindex:4)
2025-02-15 13:34:12,014 [INFO] PluginManage:310 - Check plugin rif
2025-02-15 13:34:12,021 [INFO] PluginManage:359 - Loaded plugin rif (category:base,tabindex:3)
2025-02-15 13:34:12,021 [INFO] PluginManage:310 - Check plugin thirdparty
2025-02-15 13:34:12,107 [WARN] IntegrityCheckThread:84 - waiting for thirdparty lock release [integrity check]
2025-02-15 13:34:12,107 [INFO] IntegrityCheckThread:86 - entering critical section [integrity check]
2025-02-15 13:34:12,107 [INFO] PluginManage:359 - Loaded plugin thirdparty (category:base,tabindex:-1)
2025-02-15 13:34:12,108 [INFO] PluginManage:310 - Check plugin tools
2025-02-15 13:34:12,108 [INFO] ThirdPartyUpdaterWithRetryManager:70 - Updater plugin not ready yet. [1/15]
2025-02-15 13:34:12,109 [INFO] PluginManage:359 - Loaded plugin tools (category:base,tabindex:7)
2025-02-15 13:34:12,109 [INFO] PluginManage:310 - Check plugin tutovideos
2025-02-15 13:34:12,225 [INFO] PluginManage:359 - Loaded plugin tutovideos (category:base,tabindex:-1)
2025-02-15 13:34:12,225 [INFO] PluginManage:310 - Check plugin updater
2025-02-15 13:34:12,244 [INFO] PluginManage:359 - Loaded plugin updater (category:base,tabindex:12)
2025-02-15 13:34:12,244 [INFO] PluginManage:310 - Check plugin userauth
2025-02-15 13:34:12,248 [INFO] UserAuth:118 - Init User Auth plugin
2025-02-15 13:34:12,248 [INFO] PluginManage:359 - Loaded plugin userauth (category:base,tabindex:14)
2025-02-15 13:34:12,249 [INFO] PluginManage:283 - PluginManage : Loaded plugins [18]
2025-02-15 13:34:12,404 [INFO] PinOutPanel:1589 - setPackage(No Configuration,No Configuration)
2025-02-15 13:34:12,450 [INFO] CADModel:165 - CPN selected for project level
2025-02-15 13:34:12,450 [INFO] CADModel:114 - Register for checkConnection events
2025-02-15 13:34:12,458 [INFO] IPUIPlugin:80 - create IPUIPlugin
2025-02-15 13:34:12,458 [INFO] PluginManager:220 - loadIPPluginJar : add aes
2025-02-15 13:34:12,460 [INFO] IPUIPlugin:80 - create IPUIPlugin
2025-02-15 13:34:12,460 [INFO] PluginManager:220 - loadIPPluginJar : add tim
2025-02-15 13:34:12,465 [INFO] IPUIPlugin:80 - create IPUIPlugin
2025-02-15 13:34:12,465 [INFO] PluginManager:220 - loadIPPluginJar : add linkedlist
2025-02-15 13:34:12,467 [INFO] IPUIPlugin:80 - create IPUIPlugin
2025-02-15 13:34:12,467 [INFO] PluginManager:220 - loadIPPluginJar : add openamp
2025-02-15 13:34:12,472 [INFO] IPUIPlugin:80 - create IPUIPlugin
2025-02-15 13:34:12,473 [INFO] PluginManager:220 - loadIPPluginJar : add plateformsettings
2025-02-15 13:34:12,478 [INFO] IPUIPlugin:80 - create IPUIPlugin
2025-02-15 13:34:12,479 [INFO] PluginManager:220 - loadIPPluginJar : add mdma
2025-02-15 13:34:12,481 [INFO] IPUIPlugin:80 - create IPUIPlugin
2025-02-15 13:34:12,481 [INFO] PluginManager:220 - loadIPPluginJar : add spi
2025-02-15 13:34:12,485 [INFO] IPUIPlugin:80 - create IPUIPlugin
2025-02-15 13:34:12,485 [INFO] PluginManager:220 - loadIPPluginJar : add freertos
2025-02-15 13:34:12,488 [INFO] IPUIPlugin:80 - create IPUIPlugin
2025-02-15 13:34:12,488 [INFO] PluginManager:220 - loadIPPluginJar : add ipddr
2025-02-15 13:34:12,490 [INFO] IPUIPlugin:80 - create IPUIPlugin
2025-02-15 13:34:12,490 [INFO] PluginManager:220 - loadIPPluginJar : add sai
2025-02-15 13:34:12,492 [INFO] IPUIPlugin:80 - create IPUIPlugin
2025-02-15 13:34:12,492 [INFO] PluginManager:220 - loadIPPluginJar : add can
2025-02-15 13:34:12,493 [INFO] IPUIPlugin:80 - create IPUIPlugin
2025-02-15 13:34:12,493 [INFO] PluginManager:220 - loadIPPluginJar : add genericplugin
2025-02-15 13:34:12,495 [INFO] IPUIPlugin:80 - create IPUIPlugin
2025-02-15 13:34:12,495 [INFO] PluginManager:220 - loadIPPluginJar : add i3c
2025-02-15 13:34:12,497 [INFO] IPUIPlugin:80 - create IPUIPlugin
2025-02-15 13:34:12,497 [INFO] PluginManager:220 - loadIPPluginJar : add hash
2025-02-15 13:34:12,498 [INFO] IPUIPlugin:80 - create IPUIPlugin
2025-02-15 13:34:12,498 [INFO] PluginManager:220 - loadIPPluginJar : add ltdc
2025-02-15 13:34:12,499 [INFO] IPUIPlugin:80 - create IPUIPlugin
2025-02-15 13:34:12,501 [INFO] PluginManager:220 - loadIPPluginJar : add radio
2025-02-15 13:34:12,502 [INFO] IPUIPlugin:80 - create IPUIPlugin
2025-02-15 13:34:12,502 [INFO] PluginManager:220 - loadIPPluginJar : add ucpd
2025-02-15 13:34:12,503 [INFO] IPUIPlugin:80 - create IPUIPlugin
2025-02-15 13:34:12,503 [INFO] PluginManager:220 - loadIPPluginJar : add tracer_emb
2025-02-15 13:34:12,505 [INFO] IPUIPlugin:80 - create IPUIPlugin
2025-02-15 13:34:12,505 [INFO] PluginManager:220 - loadIPPluginJar : add cryp
2025-02-15 13:34:12,506 [INFO] IPUIPlugin:80 - create IPUIPlugin
2025-02-15 13:34:12,506 [INFO] PluginManager:220 - loadIPPluginJar : add ts
2025-02-15 13:34:12,507 [INFO] IPUIPlugin:80 - create IPUIPlugin
2025-02-15 13:34:12,507 [INFO] PluginManager:220 - loadIPPluginJar : add comp
2025-02-15 13:34:12,508 [INFO] IPUIPlugin:80 - create IPUIPlugin
2025-02-15 13:34:12,509 [INFO] PluginManager:220 - loadIPPluginJar : add dma3
2025-02-15 13:34:12,511 [INFO] IPUIPlugin:80 - create IPUIPlugin
2025-02-15 13:34:12,511 [INFO] PluginManager:220 - loadIPPluginJar : add touchsensing
2025-02-15 13:34:12,513 [INFO] IPUIPlugin:80 - create IPUIPlugin
2025-02-15 13:34:12,513 [INFO] PluginManager:220 - loadIPPluginJar : add lorawan
2025-02-15 13:34:12,515 [INFO] IPUIPlugin:80 - create IPUIPlugin
2025-02-15 13:34:12,516 [INFO] PluginManager:220 - loadIPPluginJar : add ddr_ctrl_phy
2025-02-15 13:34:12,517 [INFO] IPUIPlugin:80 - create IPUIPlugin
2025-02-15 13:34:12,518 [INFO] PluginManager:220 - loadIPPluginJar : add extmemmanager
2025-02-15 13:34:12,522 [INFO] IPUIPlugin:80 - create IPUIPlugin
2025-02-15 13:34:12,522 [INFO] PluginManager:220 - loadIPPluginJar : add resmgrutility
2025-02-15 13:34:12,523 [INFO] IPUIPlugin:80 - create IPUIPlugin
2025-02-15 13:34:12,523 [INFO] PluginManager:220 - loadIPPluginJar : add quadspi
2025-02-15 13:34:12,525 [INFO] IPUIPlugin:80 - create IPUIPlugin
2025-02-15 13:34:12,525 [INFO] PluginManager:220 - loadIPPluginJar : add usart
2025-02-15 13:34:12,527 [INFO] IPUIPlugin:80 - create IPUIPlugin
2025-02-15 13:34:12,528 [INFO] PluginManager:220 - loadIPPluginJar : add nvic
2025-02-15 13:34:12,531 [INFO] IPUIPlugin:80 - create IPUIPlugin
2025-02-15 13:34:12,532 [INFO] PluginManager:220 - loadIPPluginJar : add gic
2025-02-15 13:34:12,533 [INFO] IPUIPlugin:80 - create IPUIPlugin
2025-02-15 13:34:12,533 [INFO] PluginManager:220 - loadIPPluginJar : add i2s
2025-02-15 13:34:12,536 [INFO] IPUIPlugin:80 - create IPUIPlugin
2025-02-15 13:34:12,537 [INFO] PluginManager:220 - loadIPPluginJar : add gpio
2025-02-15 13:34:12,539 [INFO] IPUIPlugin:80 - create IPUIPlugin
2025-02-15 13:34:12,539 [INFO] PluginManager:220 - loadIPPluginJar : add pdm2pcm
2025-02-15 13:34:12,541 [INFO] IPUIPlugin:80 - create IPUIPlugin
2025-02-15 13:34:12,541 [INFO] PluginManager:220 - loadIPPluginJar : add usbx
2025-02-15 13:34:12,544 [INFO] IPUIPlugin:80 - create IPUIPlugin
2025-02-15 13:34:12,544 [INFO] PluginManager:220 - loadIPPluginJar : add fmc
2025-02-15 13:34:12,546 [INFO] IPUIPlugin:80 - create IPUIPlugin
2025-02-15 13:34:12,546 [INFO] PluginManager:220 - loadIPPluginJar : add i2c
2025-02-15 13:34:12,551 [INFO] IPUIPlugin:80 - create IPUIPlugin
2025-02-15 13:34:12,551 [INFO] PluginManager:220 - loadIPPluginJar : add adc
2025-02-15 13:34:12,553 [INFO] IPUIPlugin:80 - create IPUIPlugin
2025-02-15 13:34:12,553 [INFO] PluginManager:220 - loadIPPluginJar : add dfsdm
2025-02-15 13:34:12,557 [INFO] IPUIPlugin:80 - create IPUIPlugin
2025-02-15 13:34:12,557 [INFO] PluginManager:220 - loadIPPluginJar : add dma
2025-02-15 13:34:12,559 [INFO] IPUIPlugin:80 - create IPUIPlugin
2025-02-15 13:34:12,559 [INFO] PluginManager:220 - loadIPPluginJar : add opamp
2025-02-15 13:34:12,560 [INFO] IPUIPlugin:80 - create IPUIPlugin
2025-02-15 13:34:12,560 [INFO] PluginManager:220 - loadIPPluginJar : add tsc
2025-02-15 13:34:12,564 [INFO] IPUIPlugin:80 - create IPUIPlugin
2025-02-15 13:34:12,564 [INFO] PluginManager:220 - loadIPPluginJar : add stm32_wpan
2025-02-15 13:34:12,566 [INFO] IPUIPlugin:80 - create IPUIPlugin
2025-02-15 13:34:12,566 [INFO] PluginManager:220 - loadIPPluginJar : add gfxmmu
2025-02-15 13:34:12,567 [INFO] IPUIPlugin:80 - create IPUIPlugin
2025-02-15 13:34:12,567 [INFO] PluginManager:220 - loadIPPluginJar : add fatfs
2025-02-15 13:34:12,569 [INFO] IPUIPlugin:80 - create IPUIPlugin
2025-02-15 13:34:12,569 [INFO] PluginManager:220 - loadIPPluginJar : add gtzc
2025-02-15 13:34:12,667 [FATAL] Updater:351 - Updater called before beeing initialized
2025-02-15 13:34:12,687 [INFO] RulesReader:64 - Compatibility file has been processed (297 Rules)
2025-02-15 13:34:12,695 [INFO] RulesReader:64 - Compatibility file has been processed (297 Rules)
2025-02-15 13:34:12,699 [INFO] CADModel:165 - CPN selected for project level
2025-02-15 13:34:12,700 [INFO] CADModel:114 - Register for checkConnection events
2025-02-15 13:34:12,700 [FATAL] Updater:351 - Updater called before beeing initialized
2025-02-15 13:34:12,700 [ERROR] CADModel:125 - Updater not yet initialized, retry later 
2025-02-15 13:34:12,789 [FATAL] Updater:351 - Updater called before beeing initialized
2025-02-15 13:34:12,790 [INFO] CADModel:165 - CPN selected for project level
2025-02-15 13:34:12,790 [INFO] CADModel:114 - Register for checkConnection events
2025-02-15 13:34:12,790 [FATAL] Updater:351 - Updater called before beeing initialized
2025-02-15 13:34:12,790 [ERROR] CADModel:125 - Updater not yet initialized, retry later 
2025-02-15 13:34:12,792 [FATAL] Updater:351 - Updater called before beeing initialized
2025-02-15 13:34:12,854 [FATAL] Updater:351 - Updater called before beeing initialized
2025-02-15 13:34:12,856 [INFO] DbMcusAds:53 - JSON generation date=Tue Dec 17 17:01:15 CET 2024 (1734451275111)
2025-02-15 13:34:12,856 [FATAL] Updater:351 - Updater called before beeing initialized
2025-02-15 13:34:12,885 [WARN] DetailPanel:346 - Failed to get advertising image, set to default
2025-02-15 13:34:13,076 [FATAL] Updater:351 - Updater called before beeing initialized
2025-02-15 13:34:13,077 [FATAL] Updater:351 - Updater called before beeing initialized
2025-02-15 13:34:13,077 [FATAL] Updater:351 - Updater called before beeing initialized
2025-02-15 13:34:13,077 [WARN] DetailPanel:346 - Failed to get advertising image, set to default
2025-02-15 13:34:13,078 [FATAL] Updater:351 - Updater called before beeing initialized
2025-02-15 13:34:13,101 [ERROR] Updater:1198 - MainUpdater not yet initialized. External WinMGr cannot be set.
2025-02-15 13:34:13,102 [INFO] Updater:1134 - Updater Version found : 6.13.0
2025-02-15 13:34:13,113 [INFO] ApplicationProperties:184 - Using Application install path: /opt/st/stm32cubeide_1.17.0/plugins/com.st.stm32cube.common.mx_6.13.0.202411220809
2025-02-15 13:34:13,123 [ERROR] LogOutputStream:75 - [STDERR_REDIRECT] Feb 15, 2025 1:34:13 PM java.util.prefs.FileSystemPreferences$2 run
2025-02-15 13:34:13,123 [ERROR] LogOutputStream:75 - [STDERR_REDIRECT] WARNING: Could not create system preferences directory. System preferences are unusable.
2025-02-15 13:34:13,123 [ERROR] LogOutputStream:75 - [STDERR_REDIRECT] 
2025-02-15 13:34:13,401 [INFO] MainUpdater:2872 - connection check result : 10
2025-02-15 13:34:13,401 [INFO] MainUpdater:289 - Updater Check For Update Now.
2025-02-15 13:34:13,401 [INFO] MicroXplorer:498 - Change Database Version : DB.6.0.130
2025-02-15 13:34:13,548 [INFO] CheckServerUpdateThread:120 - End of CheckServer Thread
2025-02-15 13:34:13,611 [INFO] MainUpdater:2872 - connection check result : 10
2025-02-15 13:34:13,612 [INFO] MainUpdater:2872 - connection check result : 10
2025-02-15 13:34:15,199 [WARN] PackLoader:240 - Cannot read IP mode file for STMicroelectronics.FP-SNS-MOTENVWB1.1.4.0
2025-02-15 13:34:15,203 [WARN] PackLoader:240 - Cannot read IP mode file for STMicroelectronics.FP-ATR-ASTRA1.2.0.1
2025-02-15 13:34:15,208 [WARN] PackLoader:240 - Cannot read IP mode file for STMicroelectronics.X-CUBE-SMBUS.2.1.0
2025-02-15 13:34:15,213 [WARN] PackLoader:240 - Cannot read IP mode file for STMicroelectronics.X-CUBE-WB05N.1.1.0
2025-02-15 13:34:15,233 [WARN] PackLoader:240 - Cannot read IP mode file for STMicroelectronics.X-CUBE-AZRTOS-F7.1.1.0
2025-02-15 13:34:15,239 [WARN] PackLoader:240 - Cannot read IP mode file for STMicroelectronics.FP-SNS-FLIGHT1.5.0.2
2025-02-15 13:34:15,258 [WARN] PackLoader:240 - Cannot read IP mode file for Infineon.AIROC-Wi-Fi-Bluetooth-STM32.1.7.0
2025-02-15 13:34:15,266 [WARN] PackLoader:240 - Cannot read IP mode file for STMicroelectronics.X-CUBE-DISPLAY.3.0.0
2025-02-15 13:34:15,273 [WARN] PackLoader:240 - Cannot read IP mode file for STMicroelectronics.X-CUBE-BLE1.7.0.0
2025-02-15 13:34:15,277 [WARN] PackLoader:240 - Cannot read IP mode file for STMicroelectronics.X-CUBE-NFC10.1.0.0
2025-02-15 13:34:15,285 [WARN] PackLoader:240 - Cannot read IP mode file for STMicroelectronics.X-CUBE-BLEMGR.4.0.0
2025-02-15 13:34:15,298 [WARN] PackLoader:240 - Cannot read IP mode file for emotas.I-CUBE-CANOPEN.1.3.0
2025-02-15 13:34:15,301 [WARN] PackLoader:240 - Cannot read IP mode file for STMicroelectronics.X-CUBE-AI.10.0.0
2025-02-15 13:34:15,305 [WARN] PackLoader:240 - Cannot read IP mode file for STMicroelectronics.FP-SNS-SMARTAG2.1.2.0
2025-02-15 13:34:15,340 [WARN] PackLoader:240 - Cannot read IP mode file for STMicroelectronics.X-CUBE-MEMS1.11.1.0
2025-02-15 13:34:15,436 [INFO] LogOutputStream:77 - [STDOUT_REDIRECT] 1 : Invalid condition id : UX_CORESTACK_Condition cause : null
2025-02-15 13:34:15,436 [INFO] LogOutputStream:77 - [STDOUT_REDIRECT] 1 : Invalid condition id : UX_CORESTACK_Condition cause : null
2025-02-15 13:34:15,436 [INFO] LogOutputStream:77 - [STDOUT_REDIRECT] 1 : Invalid condition id : UX_CORESTACK_Condition cause : null
2025-02-15 13:34:15,436 [INFO] LogOutputStream:77 - [STDOUT_REDIRECT] 1 : Invalid condition id : UX_CORESTACK_Condition cause : null
2025-02-15 13:34:15,436 [INFO] LogOutputStream:77 - [STDOUT_REDIRECT] 1 : Invalid condition id : UX_CORESTACK_Condition cause : null
2025-02-15 13:34:15,438 [WARN] PackLoader:240 - Cannot read IP mode file for STMicroelectronics.X-CUBE-AZRTOS-WL.2.0.0
2025-02-15 13:34:15,441 [WARN] PackLoader:240 - Cannot read IP mode file for STMicroelectronics.FP-SNS-MOTENV1.5.0.0
2025-02-15 13:34:15,443 [WARN] PackLoader:240 - Cannot read IP mode file for wolfSSL.I-CUBE-wolfMQTT.1.19.0
2025-02-15 13:34:15,447 [WARN] PackLoader:240 - Cannot read IP mode file for WES.I-CUBE-Cesium.1.3.0
2025-02-15 13:34:15,449 [WARN] PackLoader:240 - Cannot read IP mode file for STMicroelectronics.X-CUBE-BLE2.3.3.0
2025-02-15 13:34:15,452 [WARN] PackLoader:240 - Cannot read IP mode file for STMicroelectronics.X-CUBE-NFC9.1.0.0
2025-02-15 13:34:15,462 [WARN] PackLoader:240 - Cannot read IP mode file for STMicroelectronics.X-CUBE-AZRTOS-G0.1.1.0
2025-02-15 13:34:15,467 [WARN] PackLoader:240 - Cannot read IP mode file for STMicroelectronics.X-CUBE-SAFEA1.1.2.2
2025-02-15 13:34:15,470 [WARN] PackLoader:240 - Cannot read IP mode file for STMicroelectronics.X-CUBE-NFC4.3.0.0
2025-02-15 13:34:15,475 [WARN] PackLoader:240 - Cannot read IP mode file for EmbeddedOffice.I-CUBE-FS-RTOS.1.0.1
2025-02-15 13:34:15,478 [WARN] PackLoader:240 - Cannot read IP mode file for STMicroelectronics.X-CUBE-TCPP.4.2.0
2025-02-15 13:34:15,482 [WARN] PackLoader:240 - Cannot read IP mode file for RealThread.X-CUBE-RT-Thread_Nano.4.1.1
2025-02-15 13:34:15,484 [WARN] PackLoader:240 - Cannot read IP mode file for STMicroelectronics.FP-ATR-SIGFOX1.3.2.0
2025-02-15 13:34:15,485 [WARN] ConditionMgr:438 - getConditionDescription Invalid condition id : Cortex-A Device cause : null
2025-02-15 13:34:15,492 [WARN] ConditionMgr:1044 - genDependencies : Invalid condition id : Cortex-A Device cause : null
2025-02-15 13:34:15,492 [WARN] ConditionMgr:1044 - genDependencies : Invalid condition id : Cortex-A Device cause : null
2025-02-15 13:34:15,492 [WARN] ConditionMgr:1044 - genDependencies : Invalid condition id : Cortex-A Device cause : null
2025-02-15 13:34:15,495 [WARN] PackLoader:240 - Cannot read IP mode file for STMicroelectronics.X-CUBE-EEPRMA1.5.1.0
2025-02-15 13:34:15,498 [WARN] PackLoader:240 - Cannot read IP mode file for wolfSSL.I-CUBE-wolfSSL.5.7.4
2025-02-15 13:34:15,501 [WARN] PackLoader:240 - Cannot read IP mode file for ITTIA_DB.I-CUBE-ITTIADB.8.9.0
2025-02-15 13:34:15,523 [WARN] PackLoader:240 - Cannot read IP mode file for SEGGER.I-CUBE-embOS.1.3.1
2025-02-15 13:34:15,547 [WARN] PackLoader:240 - Cannot read IP mode file for STMicroelectronics.X-CUBE-ALGOBUILD.1.4.0
2025-02-15 13:34:15,549 [WARN] PackLoader:240 - Cannot read IP mode file for STMicroelectronics.X-CUBE-AI.9.1.0
2025-02-15 13:34:15,559 [WARN] PackLoader:240 - Cannot read IP mode file for STMicroelectronics.X-CUBE-AZRTOS-F4.1.1.0
2025-02-15 13:34:15,562 [WARN] PackLoader:240 - Cannot read IP mode file for STMicroelectronics.X-CUBE-ISPU.2.1.0
2025-02-15 13:34:15,572 [WARN] PackLoader:240 - Cannot read IP mode file for STMicroelectronics.X-CUBE-AZRTOS-L5.2.0.0
2025-02-15 13:34:15,578 [WARN] PackLoader:240 - Cannot read IP mode file for STMicroelectronics.X-CUBE-NFC6.3.1.0
2025-02-15 13:34:15,582 [WARN] PackLoader:240 - Cannot read IP mode file for STMicroelectronics.X-CUBE-DPower.1.2.0
2025-02-15 13:34:15,584 [WARN] PackLoader:240 - Cannot read IP mode file for STMicroelectronics.X-CUBE-FREERTOS.1.3.0
2025-02-15 13:34:15,587 [WARN] PackLoader:240 - Cannot read IP mode file for STMicroelectronics.X-CUBE-NFC7.1.0.1
2025-02-15 13:34:15,598 [WARN] ConditionMgr:438 - getConditionDescription Invalid condition id : LAN8742 Phy interface Condition cause : null
2025-02-15 13:34:15,599 [WARN] PackLoader:240 - Cannot read IP mode file for STMicroelectronics.X-CUBE-AZRTOS-L4.2.0.0
2025-02-15 13:34:15,599 [WARN] ConditionMgr:1044 - genDependencies : Invalid condition id : LAN8742 Phy interface Condition cause : null
2025-02-15 13:34:15,599 [WARN] ConditionMgr:1044 - genDependencies : Invalid condition id : LAN8742 Phy interface Condition cause : null
2025-02-15 13:34:15,600 [WARN] ConditionMgr:1044 - genDependencies : Invalid condition id : LAN8742 Phy interface Condition cause : null
2025-02-15 13:34:15,604 [WARN] PackLoader:240 - Cannot read IP mode file for STMicroelectronics.X-CUBE-SFXS2LP1.4.0.0
2025-02-15 13:34:15,615 [WARN] PackLoader:240 - Cannot read IP mode file for STMicroelectronics.X-CUBE-AZRTOS-H7.3.3.0
2025-02-15 13:34:15,623 [WARN] ConditionMgr:438 - getConditionDescription Invalid condition id : UX DEVICE CLASS RTOS Condition cause : null
2025-02-15 13:34:15,623 [WARN] ConditionMgr:438 - getConditionDescription Invalid condition id : UX DEVICE CLASS RTOS Condition cause : null
2025-02-15 13:34:15,625 [WARN] PackLoader:240 - Cannot read IP mode file for STMicroelectronics.X-CUBE-AZRTOS-WB.2.0.0
2025-02-15 13:34:15,625 [WARN] ConditionMgr:1044 - genDependencies : Invalid condition id : UX DEVICE CLASS RTOS Condition cause : null
2025-02-15 13:34:15,625 [WARN] ConditionMgr:1044 - genDependencies : Invalid condition id : UX DEVICE CLASS RTOS Condition cause : null
2025-02-15 13:34:15,625 [WARN] ConditionMgr:1044 - genDependencies : Invalid condition id : UX DEVICE CLASS RTOS Condition cause : null
2025-02-15 13:34:15,626 [WARN] ConditionMgr:1044 - genDependencies : Invalid condition id : UX DEVICE CLASS RTOS Condition cause : null
2025-02-15 13:34:15,626 [WARN] ConditionMgr:1044 - genDependencies : Invalid condition id : UX DEVICE CLASS RTOS Condition cause : null
2025-02-15 13:34:15,628 [WARN] PackLoader:240 - Cannot read IP mode file for STMicroelectronics.X-CUBE-GNSS1.7.0.1
2025-02-15 13:34:15,632 [WARN] PackLoader:240 - Cannot read IP mode file for STMicroelectronics.FP-SNS-STBOX1.2.0.0
2025-02-15 13:34:15,639 [WARN] PackLoader:240 - Cannot read IP mode file for STMicroelectronics.X-CUBE-SUBG2.5.0.0
2025-02-15 13:34:15,643 [WARN] PackLoader:240 - Cannot read IP mode file for Cesanta.I-CUBE-Mongoose.7.13.0
2025-02-15 13:34:15,650 [WARN] PackLoader:240 - Cannot read IP mode file for STMicroelectronics.X-CUBE-AZRTOS-G4.2.0.0
2025-02-15 13:34:15,658 [WARN] PackLoader:240 - Cannot read IP mode file for STMicroelectronics.X-CUBE-IPS.3.1.0
2025-02-15 13:34:15,663 [WARN] PackLoader:240 - Cannot read IP mode file for STMicroelectronics.X-CUBE-ALS.1.0.2
2025-02-15 13:34:15,665 [WARN] PackLoader:240 - Cannot read IP mode file for STMicroelectronics.X-CUBE-TOUCHGFX.4.24.2
2025-02-15 13:34:15,666 [WARN] PackLoader:240 - Cannot read IP mode file for wolfSSL.I-CUBE-wolfTPM.3.4.0
2025-02-15 13:34:15,669 [WARN] PackLoader:240 - Cannot read IP mode file for portGmbH.I-Cube-SoM-uGOAL.1.1.0
2025-02-15 13:34:15,686 [WARN] PackLoader:240 - Cannot read IP mode file for STMicroelectronics.X-CUBE-AZRTOS-H7RS.1.0.0
2025-02-15 13:34:15,699 [WARN] PackLoader:240 - Cannot read IP mode file for STMicroelectronics.X-CUBE-TOF1.3.4.2
2025-02-15 13:34:15,721 [WARN] PackLoader:240 - Cannot read IP mode file for wolfSSL.I-CUBE-wolfSSH.1.4.17
2025-02-15 13:34:15,721 [INFO] ThirdParty:978 - Integrity check success = true
2025-02-15 13:34:15,722 [INFO] IntegrityCheckThread:100 - exiting critical section [integrity check]
2025-02-15 13:34:15,722 [INFO] IntegrityCheckThread:103 - End integrity checks thread
2025-02-15 13:34:42,852 [ERROR] LogOutputStream:75 - [STDERR_REDIRECT] Feb 15, 2025 1:34:42 PM java.util.prefs.FileSystemPreferences checkLockFile0ErrorCode
2025-02-15 13:34:42,852 [ERROR] LogOutputStream:75 - [STDERR_REDIRECT] WARNING: Could not lock System prefs. Unix error code 2.
2025-02-15 13:34:42,853 [ERROR] LogOutputStream:75 - [STDERR_REDIRECT] 
2025-02-15 13:34:42,853 [ERROR] LogOutputStream:75 - [STDERR_REDIRECT] Feb 15, 2025 1:34:42 PM java.util.prefs.FileSystemPreferences syncWorld
2025-02-15 13:34:42,853 [ERROR] LogOutputStream:75 - [STDERR_REDIRECT] WARNING: Couldn't flush system prefs: java.util.prefs.BackingStoreException: Couldn't get file lock.
2025-02-15 13:34:42,853 [ERROR] LogOutputStream:75 - [STDERR_REDIRECT] 
2025-02-15 13:35:12,840 [ERROR] LogOutputStream:75 - [STDERR_REDIRECT] Feb 15, 2025 1:35:12 PM java.util.prefs.FileSystemPreferences checkLockFile0ErrorCode
2025-02-15 13:35:12,840 [ERROR] LogOutputStream:75 - [STDERR_REDIRECT] WARNING: Could not lock System prefs. Unix error code 2.
2025-02-15 13:35:12,840 [ERROR] LogOutputStream:75 - [STDERR_REDIRECT] 
2025-02-15 13:35:12,840 [ERROR] LogOutputStream:75 - [STDERR_REDIRECT] Feb 15, 2025 1:35:12 PM java.util.prefs.FileSystemPreferences syncWorld
2025-02-15 13:35:12,840 [ERROR] LogOutputStream:75 - [STDERR_REDIRECT] WARNING: Couldn't flush system prefs: java.util.prefs.BackingStoreException: Couldn't get file lock.
2025-02-15 13:35:12,840 [ERROR] LogOutputStream:75 - [STDERR_REDIRECT] 
2025-02-15 13:35:39,781 [INFO] Activator:176 - 


2025-02-15 13:35:39,782 [INFO] Activator:177 - !SESSION log4j initialized
2025-02-15 13:35:41,235 [INFO] ApplicationProperties:184 - Using Application install path: /opt/st/stm32cubeide_1.17.0/plugins/com.st.stm32cube.common.mx_6.13.0.202411220809
2025-02-15 13:35:41,244 [INFO] DbMcusXml:78 - Set database path to: /opt/st/stm32cubeide_1.17.0/plugins/com.st.stm32cube.common.mx_6.13.0.202411220809//db//mcu/
2025-02-15 13:35:41,245 [INFO] ApiDb:274 - Set plugin database path to: /opt/st/stm32cubeide_1.17.0/plugins/com.st.stm32cube.common.mx_6.13.0.202411220809//db//plugins/boardmanager/
2025-02-15 13:35:41,245 [WARN] ApiDb:259 - Overriding images path with different value:  => /opt/st/stm32cubeide_1.17.0/plugins/com.st.stm32cube.common.mx_6.13.0.202411220809//db//plugins/mcufinder/images/
2025-02-15 13:35:41,247 [INFO] ApiDb:250 - Set database path to: /home/kemish/.stmcufinder/plugins/mcufinder//mcu/
2025-02-15 13:35:41,248 [INFO] DbMcusAds:125 - Set database path to: /home/kemish/.stmcufinder/plugins/mcufinder//mcu/
2025-02-15 13:35:41,780 [INFO] CrossReferenceDbSqlite:203 - Set database path to: /home/kemish/.stmcufinder/plugins/mcufinder//mcu/cs/
2025-02-15 13:35:41,855 [INFO] RulesReader:64 - Compatibility file has been processed (297 Rules)
2025-02-15 13:35:41,900 [INFO] DbMcusXml:78 - Set database path to: /opt/st/stm32cubeide_1.17.0/plugins/com.st.stm32cube.common.mx_6.13.0.202411220809//db//mcu/
2025-02-15 13:35:41,900 [INFO] ApiDb:274 - Set plugin database path to: /opt/st/stm32cubeide_1.17.0/plugins/com.st.stm32cube.common.mx_6.13.0.202411220809//db//plugins/boardmanager/
2025-02-15 13:35:41,900 [INFO] ApiDb:261 - Set plugin images path to: /opt/st/stm32cubeide_1.17.0/plugins/com.st.stm32cube.common.mx_6.13.0.202411220809//db//plugins/mcufinder/images/
2025-02-15 13:35:41,900 [WARN] DbFile:41 - Overriding database path with different value: /home/kemish/.stmcufinder/plugins/mcufinder/ => /home/kemish/.stmcufinder/plugins/mcufinder
2025-02-15 13:35:41,900 [INFO] ApiDb:250 - Set database path to: /home/kemish/.stmcufinder/plugins/mcufinder//mcu/
2025-02-15 13:35:41,901 [WARN] DbFile:41 - Overriding database path with different value: /home/kemish/.stmcufinder/plugins/mcufinder/ => /home/kemish/.stmcufinder/plugins/mcufinder
2025-02-15 13:35:41,901 [INFO] DbMcusAds:125 - Set database path to: /home/kemish/.stmcufinder/plugins/mcufinder//mcu/
2025-02-15 13:35:41,901 [WARN] DbFile:41 - Overriding database path with different value: /home/kemish/.stmcufinder/plugins/mcufinder/ => /home/kemish/.stmcufinder/plugins/mcufinder
2025-02-15 13:35:41,901 [WARN] DbFile:41 - Overriding database path with different value: /home/kemish/.stmcufinder/plugins/mcufinder/ => /home/kemish/.stmcufinder/plugins/mcufinder
2025-02-15 13:35:41,901 [INFO] CrossReferenceDbSqlite:203 - Set database path to: /home/kemish/.stmcufinder/plugins/mcufinder//mcu/cs/
2025-02-15 13:35:41,942 [INFO] MainPanel:272 - HeapMemory: 268435456
2025-02-15 13:35:42,010 [INFO] DbMcusXml:78 - Set database path to: /opt/st/stm32cubeide_1.17.0/plugins/com.st.stm32cube.common.mx_6.13.0.202411220809//db//mcu/
2025-02-15 13:35:42,010 [INFO] ApiDb:274 - Set plugin database path to: /opt/st/stm32cubeide_1.17.0/plugins/com.st.stm32cube.common.mx_6.13.0.202411220809//db//plugins/boardmanager/
2025-02-15 13:35:42,010 [INFO] ApiDb:261 - Set plugin images path to: /opt/st/stm32cubeide_1.17.0/plugins/com.st.stm32cube.common.mx_6.13.0.202411220809//db//plugins/mcufinder/images/
2025-02-15 13:35:42,010 [WARN] DbFile:41 - Overriding database path with different value: /home/kemish/.stmcufinder/plugins/mcufinder/ => /home/kemish/.stmcufinder/plugins/mcufinder
2025-02-15 13:35:42,011 [INFO] ApiDb:250 - Set database path to: /home/kemish/.stmcufinder/plugins/mcufinder//mcu/
2025-02-15 13:35:42,011 [WARN] DbFile:41 - Overriding database path with different value: /home/kemish/.stmcufinder/plugins/mcufinder/ => /home/kemish/.stmcufinder/plugins/mcufinder
2025-02-15 13:35:42,011 [INFO] DbMcusAds:125 - Set database path to: /home/kemish/.stmcufinder/plugins/mcufinder//mcu/
2025-02-15 13:35:42,011 [WARN] DbFile:41 - Overriding database path with different value: /home/kemish/.stmcufinder/plugins/mcufinder/ => /home/kemish/.stmcufinder/plugins/mcufinder
2025-02-15 13:35:42,011 [WARN] DbFile:41 - Overriding database path with different value: /home/kemish/.stmcufinder/plugins/mcufinder/ => /home/kemish/.stmcufinder/plugins/mcufinder
2025-02-15 13:35:42,011 [INFO] CrossReferenceDbSqlite:203 - Set database path to: /home/kemish/.stmcufinder/plugins/mcufinder//mcu/cs/
2025-02-15 13:35:42,019 [INFO] ApplicationProperties:184 - Using Application install path: /opt/st/stm32cubeide_1.17.0/plugins/com.st.stm32cube.common.mx_6.13.0.202411220809
2025-02-15 13:35:42,020 [INFO] PluginManage:196 - Search for loadable plugins [exclusion list=, ]
2025-02-15 13:35:42,021 [INFO] PluginManage:310 - Check plugin analytics
2025-02-15 13:35:42,201 [INFO] AnalyticsPlugin:253 - Accepted Software Licenses: 
2025-02-15 13:35:42,201 [INFO] AnalyticsPlugin:255 - Accepted CMSIS Pack Licenses: 
2025-02-15 13:35:42,201 [INFO] AnalyticsPlugin:257 - Accepted Firmware Licenses: 
2025-02-15 13:35:42,202 [INFO] PluginManage:359 - Loaded plugin analytics (category:tool,tabindex:-1)
2025-02-15 13:35:42,203 [INFO] PluginManage:310 - Check plugin cadmodel
2025-02-15 13:35:42,205 [INFO] CADModel:105 - Init CAD model plugin
2025-02-15 13:35:42,206 [INFO] PluginManage:359 - Loaded plugin cadmodel (category:power,tabindex:5)
2025-02-15 13:35:42,206 [INFO] PluginManage:310 - Check plugin clock
2025-02-15 13:35:42,211 [INFO] PluginManage:359 - Loaded plugin clock (category:base,tabindex:2)
2025-02-15 13:35:42,212 [INFO] PluginManage:310 - Check plugin ddr
2025-02-15 13:35:42,213 [INFO] PluginManage:359 - Loaded plugin ddr (category:tool,tabindex:6)
2025-02-15 13:35:42,213 [INFO] PluginManage:310 - Check plugin filemanager
2025-02-15 13:35:42,311 [INFO] PluginManage:359 - Loaded plugin filemanager (category:base,tabindex:10)
2025-02-15 13:35:42,311 [INFO] PluginManage:310 - Check plugin ipmanager
2025-02-15 13:35:42,314 [INFO] PluginManage:359 - Loaded plugin ipmanager (category:base,tabindex:5)
2025-02-15 13:35:42,314 [INFO] PluginManage:310 - Check plugin lpbam
2025-02-15 13:35:42,320 [INFO] PluginManage:359 - Loaded plugin lpbam (category:base,tabindex:0)
2025-02-15 13:35:42,320 [INFO] PluginManage:310 - Check plugin memorymap
2025-02-15 13:35:42,328 [INFO] PluginManage:359 - Loaded plugin memorymap (category:base,tabindex:4)
2025-02-15 13:35:42,328 [INFO] PluginManage:310 - Check plugin pinoutandconfiguration
2025-02-15 13:35:42,333 [INFO] PluginManage:359 - Loaded plugin pinoutandconfiguration (category:base,tabindex:1)
2025-02-15 13:35:42,333 [INFO] PluginManage:310 - Check plugin pinoutconfig
2025-02-15 13:35:42,388 [WARN] SupportedApi:132 - Cannot load RTOS API schema: s4s-elt-must-match.1: The content of 'definitions' must match (annotation?, (simpleType | complexType)?, (unique | key | keyref)*)). A problem was found starting at: attribute.
2025-02-15 13:35:42,480 [INFO] PluginManage:359 - Loaded plugin pinoutconfig (category:base,tabindex:0)
2025-02-15 13:35:42,480 [INFO] PluginManage:310 - Check plugin power
2025-02-15 13:35:42,485 [INFO] PluginManage:359 - Loaded plugin power (category:power,tabindex:4)
2025-02-15 13:35:42,485 [INFO] PluginManage:310 - Check plugin projectmanager
2025-02-15 13:35:42,495 [INFO] PluginManage:359 - Loaded plugin projectmanager (category:projectmanager,tabindex:4)
2025-02-15 13:35:42,495 [INFO] PluginManage:310 - Check plugin rif
2025-02-15 13:35:42,499 [INFO] PluginManage:359 - Loaded plugin rif (category:base,tabindex:3)
2025-02-15 13:35:42,499 [INFO] PluginManage:310 - Check plugin thirdparty
2025-02-15 13:35:42,570 [INFO] PluginManage:359 - Loaded plugin thirdparty (category:base,tabindex:-1)
2025-02-15 13:35:42,570 [WARN] IntegrityCheckThread:84 - waiting for thirdparty lock release [integrity check]
2025-02-15 13:35:42,570 [INFO] PluginManage:310 - Check plugin tools
2025-02-15 13:35:42,570 [INFO] IntegrityCheckThread:86 - entering critical section [integrity check]
2025-02-15 13:35:42,571 [INFO] ThirdPartyUpdaterWithRetryManager:70 - Updater plugin not ready yet. [1/15]
2025-02-15 13:35:42,572 [INFO] PluginManage:359 - Loaded plugin tools (category:base,tabindex:7)
2025-02-15 13:35:42,572 [INFO] PluginManage:310 - Check plugin tutovideos
2025-02-15 13:35:42,699 [INFO] PluginManage:359 - Loaded plugin tutovideos (category:base,tabindex:-1)
2025-02-15 13:35:42,700 [INFO] PluginManage:310 - Check plugin updater
2025-02-15 13:35:42,726 [INFO] PluginManage:359 - Loaded plugin updater (category:base,tabindex:12)
2025-02-15 13:35:42,727 [INFO] PluginManage:310 - Check plugin userauth
2025-02-15 13:35:42,729 [INFO] UserAuth:118 - Init User Auth plugin
2025-02-15 13:35:42,730 [INFO] PluginManage:359 - Loaded plugin userauth (category:base,tabindex:14)
2025-02-15 13:35:42,730 [INFO] PluginManage:283 - PluginManage : Loaded plugins [18]
2025-02-15 13:35:42,841 [INFO] PinOutPanel:1589 - setPackage(No Configuration,No Configuration)
2025-02-15 13:35:42,882 [INFO] CADModel:165 - CPN selected for project level
2025-02-15 13:35:42,883 [INFO] CADModel:114 - Register for checkConnection events
2025-02-15 13:35:42,890 [INFO] IPUIPlugin:80 - create IPUIPlugin
2025-02-15 13:35:42,890 [INFO] PluginManager:220 - loadIPPluginJar : add aes
2025-02-15 13:35:42,891 [INFO] IPUIPlugin:80 - create IPUIPlugin
2025-02-15 13:35:42,891 [INFO] PluginManager:220 - loadIPPluginJar : add tim
2025-02-15 13:35:42,895 [INFO] IPUIPlugin:80 - create IPUIPlugin
2025-02-15 13:35:42,895 [INFO] PluginManager:220 - loadIPPluginJar : add linkedlist
2025-02-15 13:35:42,897 [INFO] IPUIPlugin:80 - create IPUIPlugin
2025-02-15 13:35:42,897 [INFO] PluginManager:220 - loadIPPluginJar : add openamp
2025-02-15 13:35:42,900 [INFO] IPUIPlugin:80 - create IPUIPlugin
2025-02-15 13:35:42,902 [INFO] PluginManager:220 - loadIPPluginJar : add plateformsettings
2025-02-15 13:35:42,905 [INFO] IPUIPlugin:80 - create IPUIPlugin
2025-02-15 13:35:42,905 [INFO] PluginManager:220 - loadIPPluginJar : add mdma
2025-02-15 13:35:42,907 [INFO] IPUIPlugin:80 - create IPUIPlugin
2025-02-15 13:35:42,907 [INFO] PluginManager:220 - loadIPPluginJar : add spi
2025-02-15 13:35:42,909 [INFO] IPUIPlugin:80 - create IPUIPlugin
2025-02-15 13:35:42,909 [INFO] PluginManager:220 - loadIPPluginJar : add freertos
2025-02-15 13:35:42,911 [INFO] IPUIPlugin:80 - create IPUIPlugin
2025-02-15 13:35:42,911 [INFO] PluginManager:220 - loadIPPluginJar : add ipddr
2025-02-15 13:35:42,913 [INFO] IPUIPlugin:80 - create IPUIPlugin
2025-02-15 13:35:42,913 [INFO] PluginManager:220 - loadIPPluginJar : add sai
2025-02-15 13:35:42,914 [INFO] IPUIPlugin:80 - create IPUIPlugin
2025-02-15 13:35:42,914 [INFO] PluginManager:220 - loadIPPluginJar : add can
2025-02-15 13:35:42,915 [INFO] IPUIPlugin:80 - create IPUIPlugin
2025-02-15 13:35:42,915 [INFO] PluginManager:220 - loadIPPluginJar : add genericplugin
2025-02-15 13:35:42,916 [INFO] IPUIPlugin:80 - create IPUIPlugin
2025-02-15 13:35:42,916 [INFO] PluginManager:220 - loadIPPluginJar : add i3c
2025-02-15 13:35:42,917 [INFO] IPUIPlugin:80 - create IPUIPlugin
2025-02-15 13:35:42,917 [INFO] PluginManager:220 - loadIPPluginJar : add hash
2025-02-15 13:35:42,918 [INFO] IPUIPlugin:80 - create IPUIPlugin
2025-02-15 13:35:42,918 [INFO] PluginManager:220 - loadIPPluginJar : add ltdc
2025-02-15 13:35:42,919 [INFO] IPUIPlugin:80 - create IPUIPlugin
2025-02-15 13:35:42,920 [INFO] PluginManager:220 - loadIPPluginJar : add radio
2025-02-15 13:35:42,921 [INFO] IPUIPlugin:80 - create IPUIPlugin
2025-02-15 13:35:42,921 [INFO] PluginManager:220 - loadIPPluginJar : add ucpd
2025-02-15 13:35:42,922 [INFO] IPUIPlugin:80 - create IPUIPlugin
2025-02-15 13:35:42,922 [INFO] PluginManager:220 - loadIPPluginJar : add tracer_emb
2025-02-15 13:35:42,923 [INFO] IPUIPlugin:80 - create IPUIPlugin
2025-02-15 13:35:42,923 [INFO] PluginManager:220 - loadIPPluginJar : add cryp
2025-02-15 13:35:42,924 [INFO] IPUIPlugin:80 - create IPUIPlugin
2025-02-15 13:35:42,924 [INFO] PluginManager:220 - loadIPPluginJar : add ts
2025-02-15 13:35:42,924 [INFO] IPUIPlugin:80 - create IPUIPlugin
2025-02-15 13:35:42,924 [INFO] PluginManager:220 - loadIPPluginJar : add comp
2025-02-15 13:35:42,925 [INFO] IPUIPlugin:80 - create IPUIPlugin
2025-02-15 13:35:42,926 [INFO] PluginManager:220 - loadIPPluginJar : add dma3
2025-02-15 13:35:42,927 [INFO] IPUIPlugin:80 - create IPUIPlugin
2025-02-15 13:35:42,927 [INFO] PluginManager:220 - loadIPPluginJar : add touchsensing
2025-02-15 13:35:42,928 [INFO] IPUIPlugin:80 - create IPUIPlugin
2025-02-15 13:35:42,929 [INFO] PluginManager:220 - loadIPPluginJar : add lorawan
2025-02-15 13:35:42,930 [INFO] IPUIPlugin:80 - create IPUIPlugin
2025-02-15 13:35:42,930 [INFO] PluginManager:220 - loadIPPluginJar : add ddr_ctrl_phy
2025-02-15 13:35:42,931 [INFO] IPUIPlugin:80 - create IPUIPlugin
2025-02-15 13:35:42,931 [INFO] PluginManager:220 - loadIPPluginJar : add extmemmanager
2025-02-15 13:35:42,933 [INFO] IPUIPlugin:80 - create IPUIPlugin
2025-02-15 13:35:42,933 [INFO] PluginManager:220 - loadIPPluginJar : add resmgrutility
2025-02-15 13:35:42,934 [INFO] IPUIPlugin:80 - create IPUIPlugin
2025-02-15 13:35:42,934 [INFO] PluginManager:220 - loadIPPluginJar : add quadspi
2025-02-15 13:35:42,935 [INFO] IPUIPlugin:80 - create IPUIPlugin
2025-02-15 13:35:42,936 [INFO] PluginManager:220 - loadIPPluginJar : add usart
2025-02-15 13:35:42,937 [INFO] IPUIPlugin:80 - create IPUIPlugin
2025-02-15 13:35:42,937 [INFO] PluginManager:220 - loadIPPluginJar : add nvic
2025-02-15 13:35:42,940 [INFO] IPUIPlugin:80 - create IPUIPlugin
2025-02-15 13:35:42,940 [INFO] PluginManager:220 - loadIPPluginJar : add gic
2025-02-15 13:35:42,942 [INFO] IPUIPlugin:80 - create IPUIPlugin
2025-02-15 13:35:42,942 [INFO] PluginManager:220 - loadIPPluginJar : add i2s
2025-02-15 13:35:42,944 [INFO] IPUIPlugin:80 - create IPUIPlugin
2025-02-15 13:35:42,944 [INFO] PluginManager:220 - loadIPPluginJar : add gpio
2025-02-15 13:35:42,945 [INFO] IPUIPlugin:80 - create IPUIPlugin
2025-02-15 13:35:42,945 [INFO] PluginManager:220 - loadIPPluginJar : add pdm2pcm
2025-02-15 13:35:42,946 [INFO] IPUIPlugin:80 - create IPUIPlugin
2025-02-15 13:35:42,947 [INFO] PluginManager:220 - loadIPPluginJar : add usbx
2025-02-15 13:35:42,949 [INFO] IPUIPlugin:80 - create IPUIPlugin
2025-02-15 13:35:42,949 [INFO] PluginManager:220 - loadIPPluginJar : add fmc
2025-02-15 13:35:42,950 [INFO] IPUIPlugin:80 - create IPUIPlugin
2025-02-15 13:35:42,950 [INFO] PluginManager:220 - loadIPPluginJar : add i2c
2025-02-15 13:35:42,953 [INFO] IPUIPlugin:80 - create IPUIPlugin
2025-02-15 13:35:42,953 [INFO] PluginManager:220 - loadIPPluginJar : add adc
2025-02-15 13:35:42,955 [INFO] IPUIPlugin:80 - create IPUIPlugin
2025-02-15 13:35:42,955 [INFO] PluginManager:220 - loadIPPluginJar : add dfsdm
2025-02-15 13:35:42,958 [INFO] IPUIPlugin:80 - create IPUIPlugin
2025-02-15 13:35:42,958 [INFO] PluginManager:220 - loadIPPluginJar : add dma
2025-02-15 13:35:42,959 [INFO] IPUIPlugin:80 - create IPUIPlugin
2025-02-15 13:35:42,960 [INFO] PluginManager:220 - loadIPPluginJar : add opamp
2025-02-15 13:35:42,960 [INFO] IPUIPlugin:80 - create IPUIPlugin
2025-02-15 13:35:42,960 [INFO] PluginManager:220 - loadIPPluginJar : add tsc
2025-02-15 13:35:42,963 [INFO] IPUIPlugin:80 - create IPUIPlugin
2025-02-15 13:35:42,963 [INFO] PluginManager:220 - loadIPPluginJar : add stm32_wpan
2025-02-15 13:35:42,964 [INFO] IPUIPlugin:80 - create IPUIPlugin
2025-02-15 13:35:42,964 [INFO] PluginManager:220 - loadIPPluginJar : add gfxmmu
2025-02-15 13:35:42,965 [INFO] IPUIPlugin:80 - create IPUIPlugin
2025-02-15 13:35:42,965 [INFO] PluginManager:220 - loadIPPluginJar : add fatfs
2025-02-15 13:35:42,966 [INFO] IPUIPlugin:80 - create IPUIPlugin
2025-02-15 13:35:42,966 [INFO] PluginManager:220 - loadIPPluginJar : add gtzc
2025-02-15 13:35:43,060 [FATAL] Updater:351 - Updater called before beeing initialized
2025-02-15 13:35:43,075 [INFO] RulesReader:64 - Compatibility file has been processed (297 Rules)
2025-02-15 13:35:43,081 [INFO] RulesReader:64 - Compatibility file has been processed (297 Rules)
2025-02-15 13:35:43,085 [INFO] CADModel:165 - CPN selected for project level
2025-02-15 13:35:43,085 [INFO] CADModel:114 - Register for checkConnection events
2025-02-15 13:35:43,086 [FATAL] Updater:351 - Updater called before beeing initialized
2025-02-15 13:35:43,086 [ERROR] CADModel:125 - Updater not yet initialized, retry later 
2025-02-15 13:35:43,153 [FATAL] Updater:351 - Updater called before beeing initialized
2025-02-15 13:35:43,154 [INFO] CADModel:165 - CPN selected for project level
2025-02-15 13:35:43,154 [INFO] CADModel:114 - Register for checkConnection events
2025-02-15 13:35:43,154 [FATAL] Updater:351 - Updater called before beeing initialized
2025-02-15 13:35:43,154 [ERROR] CADModel:125 - Updater not yet initialized, retry later 
2025-02-15 13:35:43,157 [FATAL] Updater:351 - Updater called before beeing initialized
2025-02-15 13:35:43,207 [FATAL] Updater:351 - Updater called before beeing initialized
2025-02-15 13:35:43,210 [INFO] DbMcusAds:53 - JSON generation date=Tue Dec 17 17:01:15 CET 2024 (1734451275111)
2025-02-15 13:35:43,210 [FATAL] Updater:351 - Updater called before beeing initialized
2025-02-15 13:35:43,233 [WARN] DetailPanel:346 - Failed to get advertising image, set to default
2025-02-15 13:35:43,425 [FATAL] Updater:351 - Updater called before beeing initialized
2025-02-15 13:35:43,426 [FATAL] Updater:351 - Updater called before beeing initialized
2025-02-15 13:35:43,426 [FATAL] Updater:351 - Updater called before beeing initialized
2025-02-15 13:35:43,426 [WARN] DetailPanel:346 - Failed to get advertising image, set to default
2025-02-15 13:35:43,426 [FATAL] Updater:351 - Updater called before beeing initialized
2025-02-15 13:35:43,450 [ERROR] Updater:1198 - MainUpdater not yet initialized. External WinMGr cannot be set.
2025-02-15 13:35:43,451 [INFO] Updater:1134 - Updater Version found : 6.13.0
2025-02-15 13:35:43,461 [INFO] ApplicationProperties:184 - Using Application install path: /opt/st/stm32cubeide_1.17.0/plugins/com.st.stm32cube.common.mx_6.13.0.202411220809
2025-02-15 13:35:43,469 [ERROR] LogOutputStream:75 - [STDERR_REDIRECT] Feb 15, 2025 1:35:43 PM java.util.prefs.FileSystemPreferences$2 run
2025-02-15 13:35:43,469 [ERROR] LogOutputStream:75 - [STDERR_REDIRECT] WARNING: Could not create system preferences directory. System preferences are unusable.
2025-02-15 13:35:43,469 [ERROR] LogOutputStream:75 - [STDERR_REDIRECT] 
2025-02-15 13:35:43,686 [INFO] MainUpdater:2872 - connection check result : 10
2025-02-15 13:35:43,687 [INFO] MainUpdater:289 - Updater Check For Update Now.
2025-02-15 13:35:43,687 [INFO] MicroXplorer:498 - Change Database Version : DB.6.0.130
2025-02-15 13:35:43,842 [INFO] CheckServerUpdateThread:120 - End of CheckServer Thread
2025-02-15 13:35:43,896 [INFO] MainUpdater:2872 - connection check result : 10
2025-02-15 13:35:43,896 [INFO] MainUpdater:2872 - connection check result : 10
2025-02-15 13:35:45,639 [WARN] PackLoader:240 - Cannot read IP mode file for STMicroelectronics.FP-SNS-MOTENVWB1.1.4.0
2025-02-15 13:35:45,643 [WARN] PackLoader:240 - Cannot read IP mode file for STMicroelectronics.FP-ATR-ASTRA1.2.0.1
2025-02-15 13:35:45,647 [WARN] PackLoader:240 - Cannot read IP mode file for STMicroelectronics.X-CUBE-SMBUS.2.1.0
2025-02-15 13:35:45,653 [WARN] PackLoader:240 - Cannot read IP mode file for STMicroelectronics.X-CUBE-WB05N.1.1.0
2025-02-15 13:35:45,682 [WARN] PackLoader:240 - Cannot read IP mode file for STMicroelectronics.X-CUBE-AZRTOS-F7.1.1.0
2025-02-15 13:35:45,691 [WARN] PackLoader:240 - Cannot read IP mode file for STMicroelectronics.FP-SNS-FLIGHT1.5.0.2
2025-02-15 13:35:45,714 [WARN] PackLoader:240 - Cannot read IP mode file for Infineon.AIROC-Wi-Fi-Bluetooth-STM32.1.7.0
2025-02-15 13:35:45,728 [WARN] PackLoader:240 - Cannot read IP mode file for STMicroelectronics.X-CUBE-DISPLAY.3.0.0
2025-02-15 13:35:45,737 [WARN] PackLoader:240 - Cannot read IP mode file for STMicroelectronics.X-CUBE-BLE1.7.0.0
2025-02-15 13:35:45,746 [WARN] PackLoader:240 - Cannot read IP mode file for STMicroelectronics.X-CUBE-NFC10.1.0.0
2025-02-15 13:35:45,756 [WARN] PackLoader:240 - Cannot read IP mode file for STMicroelectronics.X-CUBE-BLEMGR.4.0.0
2025-02-15 13:35:45,763 [WARN] PackLoader:240 - Cannot read IP mode file for emotas.I-CUBE-CANOPEN.1.3.0
2025-02-15 13:35:45,766 [WARN] PackLoader:240 - Cannot read IP mode file for STMicroelectronics.X-CUBE-AI.10.0.0
2025-02-15 13:35:45,768 [WARN] PackLoader:240 - Cannot read IP mode file for STMicroelectronics.FP-SNS-SMARTAG2.1.2.0
2025-02-15 13:35:45,799 [WARN] PackLoader:240 - Cannot read IP mode file for STMicroelectronics.X-CUBE-MEMS1.11.1.0
2025-02-15 13:35:45,899 [INFO] LogOutputStream:77 - [STDOUT_REDIRECT] 1 : Invalid condition id : UX_CORESTACK_Condition cause : null
2025-02-15 13:35:45,899 [INFO] LogOutputStream:77 - [STDOUT_REDIRECT] 1 : Invalid condition id : UX_CORESTACK_Condition cause : null
2025-02-15 13:35:45,900 [INFO] LogOutputStream:77 - [STDOUT_REDIRECT] 1 : Invalid condition id : UX_CORESTACK_Condition cause : null
2025-02-15 13:35:45,900 [INFO] LogOutputStream:77 - [STDOUT_REDIRECT] 1 : Invalid condition id : UX_CORESTACK_Condition cause : null
2025-02-15 13:35:45,900 [INFO] LogOutputStream:77 - [STDOUT_REDIRECT] 1 : Invalid condition id : UX_CORESTACK_Condition cause : null
2025-02-15 13:35:45,902 [WARN] PackLoader:240 - Cannot read IP mode file for STMicroelectronics.X-CUBE-AZRTOS-WL.2.0.0
2025-02-15 13:35:45,905 [WARN] PackLoader:240 - Cannot read IP mode file for STMicroelectronics.FP-SNS-MOTENV1.5.0.0
2025-02-15 13:35:45,907 [WARN] PackLoader:240 - Cannot read IP mode file for wolfSSL.I-CUBE-wolfMQTT.1.19.0
2025-02-15 13:35:45,910 [WARN] PackLoader:240 - Cannot read IP mode file for WES.I-CUBE-Cesium.1.3.0
2025-02-15 13:35:45,912 [WARN] PackLoader:240 - Cannot read IP mode file for STMicroelectronics.X-CUBE-BLE2.3.3.0
2025-02-15 13:35:45,915 [WARN] PackLoader:240 - Cannot read IP mode file for STMicroelectronics.X-CUBE-NFC9.1.0.0
2025-02-15 13:35:45,925 [WARN] PackLoader:240 - Cannot read IP mode file for STMicroelectronics.X-CUBE-AZRTOS-G0.1.1.0
2025-02-15 13:35:45,929 [WARN] PackLoader:240 - Cannot read IP mode file for STMicroelectronics.X-CUBE-SAFEA1.1.2.2
2025-02-15 13:35:45,932 [WARN] PackLoader:240 - Cannot read IP mode file for STMicroelectronics.X-CUBE-NFC4.3.0.0
2025-02-15 13:35:45,937 [WARN] PackLoader:240 - Cannot read IP mode file for EmbeddedOffice.I-CUBE-FS-RTOS.1.0.1
2025-02-15 13:35:45,940 [WARN] PackLoader:240 - Cannot read IP mode file for STMicroelectronics.X-CUBE-TCPP.4.2.0
2025-02-15 13:35:45,949 [WARN] PackLoader:240 - Cannot read IP mode file for RealThread.X-CUBE-RT-Thread_Nano.4.1.1
2025-02-15 13:35:45,951 [WARN] PackLoader:240 - Cannot read IP mode file for STMicroelectronics.FP-ATR-SIGFOX1.3.2.0
2025-02-15 13:35:45,952 [WARN] ConditionMgr:438 - getConditionDescription Invalid condition id : Cortex-A Device cause : null
2025-02-15 13:35:45,959 [WARN] ConditionMgr:1044 - genDependencies : Invalid condition id : Cortex-A Device cause : null
2025-02-15 13:35:45,959 [WARN] ConditionMgr:1044 - genDependencies : Invalid condition id : Cortex-A Device cause : null
2025-02-15 13:35:45,959 [WARN] ConditionMgr:1044 - genDependencies : Invalid condition id : Cortex-A Device cause : null
2025-02-15 13:35:45,962 [WARN] PackLoader:240 - Cannot read IP mode file for STMicroelectronics.X-CUBE-EEPRMA1.5.1.0
2025-02-15 13:35:45,965 [WARN] PackLoader:240 - Cannot read IP mode file for wolfSSL.I-CUBE-wolfSSL.5.7.4
2025-02-15 13:35:45,967 [WARN] PackLoader:240 - Cannot read IP mode file for ITTIA_DB.I-CUBE-ITTIADB.8.9.0
2025-02-15 13:35:45,983 [WARN] PackLoader:240 - Cannot read IP mode file for SEGGER.I-CUBE-embOS.1.3.1
2025-02-15 13:35:46,011 [WARN] PackLoader:240 - Cannot read IP mode file for STMicroelectronics.X-CUBE-ALGOBUILD.1.4.0
2025-02-15 13:35:46,013 [WARN] PackLoader:240 - Cannot read IP mode file for STMicroelectronics.X-CUBE-AI.9.1.0
2025-02-15 13:35:46,022 [WARN] PackLoader:240 - Cannot read IP mode file for STMicroelectronics.X-CUBE-AZRTOS-F4.1.1.0
2025-02-15 13:35:46,025 [WARN] PackLoader:240 - Cannot read IP mode file for STMicroelectronics.X-CUBE-ISPU.2.1.0
2025-02-15 13:35:46,034 [WARN] PackLoader:240 - Cannot read IP mode file for STMicroelectronics.X-CUBE-AZRTOS-L5.2.0.0
2025-02-15 13:35:46,039 [WARN] PackLoader:240 - Cannot read IP mode file for STMicroelectronics.X-CUBE-NFC6.3.1.0
2025-02-15 13:35:46,043 [WARN] PackLoader:240 - Cannot read IP mode file for STMicroelectronics.X-CUBE-DPower.1.2.0
2025-02-15 13:35:46,045 [WARN] PackLoader:240 - Cannot read IP mode file for STMicroelectronics.X-CUBE-FREERTOS.1.3.0
2025-02-15 13:35:46,048 [WARN] PackLoader:240 - Cannot read IP mode file for STMicroelectronics.X-CUBE-NFC7.1.0.1
2025-02-15 13:35:46,058 [WARN] ConditionMgr:438 - getConditionDescription Invalid condition id : LAN8742 Phy interface Condition cause : null
2025-02-15 13:35:46,058 [WARN] PackLoader:240 - Cannot read IP mode file for STMicroelectronics.X-CUBE-AZRTOS-L4.2.0.0
2025-02-15 13:35:46,059 [WARN] ConditionMgr:1044 - genDependencies : Invalid condition id : LAN8742 Phy interface Condition cause : null
2025-02-15 13:35:46,059 [WARN] ConditionMgr:1044 - genDependencies : Invalid condition id : LAN8742 Phy interface Condition cause : null
2025-02-15 13:35:46,059 [WARN] ConditionMgr:1044 - genDependencies : Invalid condition id : LAN8742 Phy interface Condition cause : null
2025-02-15 13:35:46,063 [WARN] PackLoader:240 - Cannot read IP mode file for STMicroelectronics.X-CUBE-SFXS2LP1.4.0.0
2025-02-15 13:35:46,074 [WARN] PackLoader:240 - Cannot read IP mode file for STMicroelectronics.X-CUBE-AZRTOS-H7.3.3.0
2025-02-15 13:35:46,082 [WARN] ConditionMgr:438 - getConditionDescription Invalid condition id : UX DEVICE CLASS RTOS Condition cause : null
2025-02-15 13:35:46,082 [WARN] ConditionMgr:438 - getConditionDescription Invalid condition id : UX DEVICE CLASS RTOS Condition cause : null
2025-02-15 13:35:46,083 [WARN] PackLoader:240 - Cannot read IP mode file for STMicroelectronics.X-CUBE-AZRTOS-WB.2.0.0
2025-02-15 13:35:46,083 [WARN] ConditionMgr:1044 - genDependencies : Invalid condition id : UX DEVICE CLASS RTOS Condition cause : null
2025-02-15 13:35:46,083 [WARN] ConditionMgr:1044 - genDependencies : Invalid condition id : UX DEVICE CLASS RTOS Condition cause : null
2025-02-15 13:35:46,084 [WARN] ConditionMgr:1044 - genDependencies : Invalid condition id : UX DEVICE CLASS RTOS Condition cause : null
2025-02-15 13:35:46,084 [WARN] ConditionMgr:1044 - genDependencies : Invalid condition id : UX DEVICE CLASS RTOS Condition cause : null
2025-02-15 13:35:46,084 [WARN] ConditionMgr:1044 - genDependencies : Invalid condition id : UX DEVICE CLASS RTOS Condition cause : null
2025-02-15 13:35:46,086 [WARN] PackLoader:240 - Cannot read IP mode file for STMicroelectronics.X-CUBE-GNSS1.7.0.1
2025-02-15 13:35:46,091 [WARN] PackLoader:240 - Cannot read IP mode file for STMicroelectronics.FP-SNS-STBOX1.2.0.0
2025-02-15 13:35:46,098 [WARN] PackLoader:240 - Cannot read IP mode file for STMicroelectronics.X-CUBE-SUBG2.5.0.0
2025-02-15 13:35:46,102 [WARN] PackLoader:240 - Cannot read IP mode file for Cesanta.I-CUBE-Mongoose.7.13.0
2025-02-15 13:35:46,109 [WARN] PackLoader:240 - Cannot read IP mode file for STMicroelectronics.X-CUBE-AZRTOS-G4.2.0.0
2025-02-15 13:35:46,123 [WARN] PackLoader:240 - Cannot read IP mode file for STMicroelectronics.X-CUBE-IPS.3.1.0
2025-02-15 13:35:46,131 [WARN] PackLoader:240 - Cannot read IP mode file for STMicroelectronics.X-CUBE-ALS.1.0.2
2025-02-15 13:35:46,134 [WARN] PackLoader:240 - Cannot read IP mode file for STMicroelectronics.X-CUBE-TOUCHGFX.4.24.2
2025-02-15 13:35:46,135 [WARN] PackLoader:240 - Cannot read IP mode file for wolfSSL.I-CUBE-wolfTPM.3.4.0
2025-02-15 13:35:46,137 [WARN] PackLoader:240 - Cannot read IP mode file for portGmbH.I-Cube-SoM-uGOAL.1.1.0
2025-02-15 13:35:46,147 [WARN] PackLoader:240 - Cannot read IP mode file for STMicroelectronics.X-CUBE-AZRTOS-H7RS.1.0.0
2025-02-15 13:35:46,161 [WARN] PackLoader:240 - Cannot read IP mode file for STMicroelectronics.X-CUBE-TOF1.3.4.2
2025-02-15 13:35:46,170 [WARN] PackLoader:240 - Cannot read IP mode file for wolfSSL.I-CUBE-wolfSSH.1.4.17
2025-02-15 13:35:46,170 [INFO] ThirdParty:978 - Integrity check success = true
2025-02-15 13:35:46,170 [INFO] IntegrityCheckThread:100 - exiting critical section [integrity check]
2025-02-15 13:35:46,170 [INFO] IntegrityCheckThread:103 - End integrity checks thread
2025-02-15 13:36:13,428 [ERROR] LogOutputStream:75 - [STDERR_REDIRECT] Feb 15, 2025 1:36:13 PM java.util.prefs.FileSystemPreferences checkLockFile0ErrorCode
2025-02-15 13:36:13,428 [ERROR] LogOutputStream:75 - [STDERR_REDIRECT] WARNING: Could not lock System prefs. Unix error code 2.
2025-02-15 13:36:13,428 [ERROR] LogOutputStream:75 - [STDERR_REDIRECT] 
2025-02-15 13:36:13,429 [ERROR] LogOutputStream:75 - [STDERR_REDIRECT] Feb 15, 2025 1:36:13 PM java.util.prefs.FileSystemPreferences syncWorld
2025-02-15 13:36:13,429 [ERROR] LogOutputStream:75 - [STDERR_REDIRECT] WARNING: Couldn't flush system prefs: java.util.prefs.BackingStoreException: Couldn't get file lock.
2025-02-15 13:36:13,429 [ERROR] LogOutputStream:75 - [STDERR_REDIRECT] 
2025-02-15 13:36:43,421 [ERROR] LogOutputStream:75 - [STDERR_REDIRECT] Feb 15, 2025 1:36:43 PM java.util.prefs.FileSystemPreferences checkLockFile0ErrorCode
2025-02-15 13:36:43,421 [ERROR] LogOutputStream:75 - [STDERR_REDIRECT] WARNING: Could not lock System prefs. Unix error code 2.
2025-02-15 13:36:43,421 [ERROR] LogOutputStream:75 - [STDERR_REDIRECT] 
2025-02-15 13:36:43,422 [ERROR] LogOutputStream:75 - [STDERR_REDIRECT] Feb 15, 2025 1:36:43 PM java.util.prefs.FileSystemPreferences syncWorld
2025-02-15 13:36:43,422 [ERROR] LogOutputStream:75 - [STDERR_REDIRECT] WARNING: Couldn't flush system prefs: java.util.prefs.BackingStoreException: Couldn't get file lock.
2025-02-15 13:36:43,422 [ERROR] LogOutputStream:75 - [STDERR_REDIRECT] 
2025-02-15 13:37:13,421 [ERROR] LogOutputStream:75 - [STDERR_REDIRECT] Feb 15, 2025 1:37:13 PM java.util.prefs.FileSystemPreferences checkLockFile0ErrorCode
2025-02-15 13:37:13,421 [ERROR] LogOutputStream:75 - [STDERR_REDIRECT] WARNING: Could not lock System prefs. Unix error code 2.
2025-02-15 13:37:13,428 [ERROR] LogOutputStream:75 - [STDERR_REDIRECT] 
2025-02-15 13:37:13,428 [ERROR] LogOutputStream:75 - [STDERR_REDIRECT] Feb 15, 2025 1:37:13 PM java.util.prefs.FileSystemPreferences syncWorld
2025-02-15 13:37:13,428 [ERROR] LogOutputStream:75 - [STDERR_REDIRECT] WARNING: Couldn't flush system prefs: java.util.prefs.BackingStoreException: Couldn't get file lock.
2025-02-15 13:37:13,428 [ERROR] LogOutputStream:75 - [STDERR_REDIRECT] 
2025-02-15 13:37:43,422 [ERROR] LogOutputStream:75 - [STDERR_REDIRECT] Feb 15, 2025 1:37:43 PM java.util.prefs.FileSystemPreferences checkLockFile0ErrorCode
2025-02-15 13:37:43,422 [ERROR] LogOutputStream:75 - [STDERR_REDIRECT] WARNING: Could not lock System prefs. Unix error code 2.
2025-02-15 13:37:43,422 [ERROR] LogOutputStream:75 - [STDERR_REDIRECT] 
2025-02-15 13:37:43,422 [ERROR] LogOutputStream:75 - [STDERR_REDIRECT] Feb 15, 2025 1:37:43 PM java.util.prefs.FileSystemPreferences syncWorld
2025-02-15 13:37:43,422 [ERROR] LogOutputStream:75 - [STDERR_REDIRECT] WARNING: Couldn't flush system prefs: java.util.prefs.BackingStoreException: Couldn't get file lock.
2025-02-15 13:37:43,423 [ERROR] LogOutputStream:75 - [STDERR_REDIRECT] 
2025-02-15 13:38:13,421 [ERROR] LogOutputStream:75 - [STDERR_REDIRECT] Feb 15, 2025 1:38:13 PM java.util.prefs.FileSystemPreferences checkLockFile0ErrorCode
2025-02-15 13:38:13,421 [ERROR] LogOutputStream:75 - [STDERR_REDIRECT] WARNING: Could not lock System prefs. Unix error code 2.
2025-02-15 13:38:13,421 [ERROR] LogOutputStream:75 - [STDERR_REDIRECT] 
2025-02-15 13:38:13,421 [ERROR] LogOutputStream:75 - [STDERR_REDIRECT] Feb 15, 2025 1:38:13 PM java.util.prefs.FileSystemPreferences syncWorld
2025-02-15 13:38:13,422 [ERROR] LogOutputStream:75 - [STDERR_REDIRECT] WARNING: Couldn't flush system prefs: java.util.prefs.BackingStoreException: Couldn't get file lock.
2025-02-15 13:38:13,422 [ERROR] LogOutputStream:75 - [STDERR_REDIRECT] 
2025-02-15 13:38:43,421 [ERROR] LogOutputStream:75 - [STDERR_REDIRECT] Feb 15, 2025 1:38:43 PM java.util.prefs.FileSystemPreferences checkLockFile0ErrorCode
2025-02-15 13:38:43,421 [ERROR] LogOutputStream:75 - [STDERR_REDIRECT] WARNING: Could not lock System prefs. Unix error code 2.
2025-02-15 13:38:43,421 [ERROR] LogOutputStream:75 - [STDERR_REDIRECT] 
2025-02-15 13:38:43,422 [ERROR] LogOutputStream:75 - [STDERR_REDIRECT] Feb 15, 2025 1:38:43 PM java.util.prefs.FileSystemPreferences syncWorld
2025-02-15 13:38:43,422 [ERROR] LogOutputStream:75 - [STDERR_REDIRECT] WARNING: Couldn't flush system prefs: java.util.prefs.BackingStoreException: Couldn't get file lock.
2025-02-15 13:38:43,422 [ERROR] LogOutputStream:75 - [STDERR_REDIRECT] 
2025-02-15 13:39:13,421 [ERROR] LogOutputStream:75 - [STDERR_REDIRECT] Feb 15, 2025 1:39:13 PM java.util.prefs.FileSystemPreferences checkLockFile0ErrorCode
2025-02-15 13:39:13,421 [ERROR] LogOutputStream:75 - [STDERR_REDIRECT] WARNING: Could not lock System prefs. Unix error code 2.
2025-02-15 13:39:13,428 [ERROR] LogOutputStream:75 - [STDERR_REDIRECT] 
2025-02-15 13:39:13,428 [ERROR] LogOutputStream:75 - [STDERR_REDIRECT] Feb 15, 2025 1:39:13 PM java.util.prefs.FileSystemPreferences syncWorld
2025-02-15 13:39:13,428 [ERROR] LogOutputStream:75 - [STDERR_REDIRECT] WARNING: Couldn't flush system prefs: java.util.prefs.BackingStoreException: Couldn't get file lock.
2025-02-15 13:39:13,428 [ERROR] LogOutputStream:75 - [STDERR_REDIRECT] 
2025-02-15 13:39:43,421 [ERROR] LogOutputStream:75 - [STDERR_REDIRECT] Feb 15, 2025 1:39:43 PM java.util.prefs.FileSystemPreferences checkLockFile0ErrorCode
2025-02-15 13:39:43,422 [ERROR] LogOutputStream:75 - [STDERR_REDIRECT] WARNING: Could not lock System prefs. Unix error code 2.
2025-02-15 13:39:43,422 [ERROR] LogOutputStream:75 - [STDERR_REDIRECT] 
2025-02-15 13:39:43,422 [ERROR] LogOutputStream:75 - [STDERR_REDIRECT] Feb 15, 2025 1:39:43 PM java.util.prefs.FileSystemPreferences syncWorld
2025-02-15 13:39:43,422 [ERROR] LogOutputStream:75 - [STDERR_REDIRECT] WARNING: Couldn't flush system prefs: java.util.prefs.BackingStoreException: Couldn't get file lock.
2025-02-15 13:39:43,422 [ERROR] LogOutputStream:75 - [STDERR_REDIRECT] 
2025-02-15 13:40:13,422 [ERROR] LogOutputStream:75 - [STDERR_REDIRECT] Feb 15, 2025 1:40:13 PM java.util.prefs.FileSystemPreferences checkLockFile0ErrorCode
2025-02-15 13:40:13,422 [ERROR] LogOutputStream:75 - [STDERR_REDIRECT] WARNING: Could not lock System prefs. Unix error code 2.
2025-02-15 13:40:13,422 [ERROR] LogOutputStream:75 - [STDERR_REDIRECT] 
2025-02-15 13:40:13,422 [ERROR] LogOutputStream:75 - [STDERR_REDIRECT] Feb 15, 2025 1:40:13 PM java.util.prefs.FileSystemPreferences syncWorld
2025-02-15 13:40:13,422 [ERROR] LogOutputStream:75 - [STDERR_REDIRECT] WARNING: Couldn't flush system prefs: java.util.prefs.BackingStoreException: Couldn't get file lock.
2025-02-15 13:40:13,422 [ERROR] LogOutputStream:75 - [STDERR_REDIRECT] 
2025-02-15 13:40:43,422 [ERROR] LogOutputStream:75 - [STDERR_REDIRECT] Feb 15, 2025 1:40:43 PM java.util.prefs.FileSystemPreferences checkLockFile0ErrorCode
2025-02-15 13:40:43,422 [ERROR] LogOutputStream:75 - [STDERR_REDIRECT] WARNING: Could not lock System prefs. Unix error code 2.
2025-02-15 13:40:43,422 [ERROR] LogOutputStream:75 - [STDERR_REDIRECT] 
2025-02-15 13:40:43,422 [ERROR] LogOutputStream:75 - [STDERR_REDIRECT] Feb 15, 2025 1:40:43 PM java.util.prefs.FileSystemPreferences syncWorld
2025-02-15 13:40:43,422 [ERROR] LogOutputStream:75 - [STDERR_REDIRECT] WARNING: Couldn't flush system prefs: java.util.prefs.BackingStoreException: Couldn't get file lock.
2025-02-15 13:40:43,422 [ERROR] LogOutputStream:75 - [STDERR_REDIRECT] 
2025-02-15 13:41:13,423 [ERROR] LogOutputStream:75 - [STDERR_REDIRECT] Feb 15, 2025 1:41:13 PM java.util.prefs.FileSystemPreferences checkLockFile0ErrorCode
2025-02-15 13:41:13,423 [ERROR] LogOutputStream:75 - [STDERR_REDIRECT] WARNING: Could not lock System prefs. Unix error code 2.
2025-02-15 13:41:13,423 [ERROR] LogOutputStream:75 - [STDERR_REDIRECT] 
2025-02-15 13:41:13,423 [ERROR] LogOutputStream:75 - [STDERR_REDIRECT] Feb 15, 2025 1:41:13 PM java.util.prefs.FileSystemPreferences syncWorld
2025-02-15 13:41:13,423 [ERROR] LogOutputStream:75 - [STDERR_REDIRECT] WARNING: Couldn't flush system prefs: java.util.prefs.BackingStoreException: Couldn't get file lock.
2025-02-15 13:41:13,423 [ERROR] LogOutputStream:75 - [STDERR_REDIRECT] 
2025-02-15 13:41:43,424 [ERROR] LogOutputStream:75 - [STDERR_REDIRECT] Feb 15, 2025 1:41:43 PM java.util.prefs.FileSystemPreferences checkLockFile0ErrorCode
2025-02-15 13:41:43,424 [ERROR] LogOutputStream:75 - [STDERR_REDIRECT] WARNING: Could not lock System prefs. Unix error code 2.
2025-02-15 13:41:43,424 [ERROR] LogOutputStream:75 - [STDERR_REDIRECT] 
2025-02-15 13:41:43,424 [ERROR] LogOutputStream:75 - [STDERR_REDIRECT] Feb 15, 2025 1:41:43 PM java.util.prefs.FileSystemPreferences syncWorld
2025-02-15 13:41:43,424 [ERROR] LogOutputStream:75 - [STDERR_REDIRECT] WARNING: Couldn't flush system prefs: java.util.prefs.BackingStoreException: Couldn't get file lock.
2025-02-15 13:41:43,424 [ERROR] LogOutputStream:75 - [STDERR_REDIRECT] 
2025-02-15 13:42:13,424 [ERROR] LogOutputStream:75 - [STDERR_REDIRECT] Feb 15, 2025 1:42:13 PM java.util.prefs.FileSystemPreferences checkLockFile0ErrorCode
2025-02-15 13:42:13,424 [ERROR] LogOutputStream:75 - [STDERR_REDIRECT] WARNING: Could not lock System prefs. Unix error code 2.
2025-02-15 13:42:13,431 [ERROR] LogOutputStream:75 - [STDERR_REDIRECT] 
2025-02-15 13:42:13,431 [ERROR] LogOutputStream:75 - [STDERR_REDIRECT] Feb 15, 2025 1:42:13 PM java.util.prefs.FileSystemPreferences syncWorld
2025-02-15 13:42:13,431 [ERROR] LogOutputStream:75 - [STDERR_REDIRECT] WARNING: Couldn't flush system prefs: java.util.prefs.BackingStoreException: Couldn't get file lock.
2025-02-15 13:42:13,431 [ERROR] LogOutputStream:75 - [STDERR_REDIRECT] 
2025-02-15 13:42:43,425 [ERROR] LogOutputStream:75 - [STDERR_REDIRECT] Feb 15, 2025 1:42:43 PM java.util.prefs.FileSystemPreferences checkLockFile0ErrorCode
2025-02-15 13:42:43,425 [ERROR] LogOutputStream:75 - [STDERR_REDIRECT] WARNING: Could not lock System prefs. Unix error code 2.
2025-02-15 13:42:43,425 [ERROR] LogOutputStream:75 - [STDERR_REDIRECT] 
2025-02-15 13:42:43,425 [ERROR] LogOutputStream:75 - [STDERR_REDIRECT] Feb 15, 2025 1:42:43 PM java.util.prefs.FileSystemPreferences syncWorld
2025-02-15 13:42:43,425 [ERROR] LogOutputStream:75 - [STDERR_REDIRECT] WARNING: Couldn't flush system prefs: java.util.prefs.BackingStoreException: Couldn't get file lock.
2025-02-15 13:42:43,425 [ERROR] LogOutputStream:75 - [STDERR_REDIRECT] 
2025-02-15 13:43:13,425 [ERROR] LogOutputStream:75 - [STDERR_REDIRECT] Feb 15, 2025 1:43:13 PM java.util.prefs.FileSystemPreferences checkLockFile0ErrorCode
2025-02-15 13:43:13,425 [ERROR] LogOutputStream:75 - [STDERR_REDIRECT] WARNING: Could not lock System prefs. Unix error code 2.
2025-02-15 13:43:13,425 [ERROR] LogOutputStream:75 - [STDERR_REDIRECT] 
2025-02-15 13:43:13,425 [ERROR] LogOutputStream:75 - [STDERR_REDIRECT] Feb 15, 2025 1:43:13 PM java.util.prefs.FileSystemPreferences syncWorld
2025-02-15 13:43:13,425 [ERROR] LogOutputStream:75 - [STDERR_REDIRECT] WARNING: Couldn't flush system prefs: java.util.prefs.BackingStoreException: Couldn't get file lock.
2025-02-15 13:43:13,425 [ERROR] LogOutputStream:75 - [STDERR_REDIRECT] 
2025-02-15 13:43:43,425 [ERROR] LogOutputStream:75 - [STDERR_REDIRECT] Feb 15, 2025 1:43:43 PM java.util.prefs.FileSystemPreferences checkLockFile0ErrorCode
2025-02-15 13:43:43,425 [ERROR] LogOutputStream:75 - [STDERR_REDIRECT] WARNING: Could not lock System prefs. Unix error code 2.
2025-02-15 13:43:43,425 [ERROR] LogOutputStream:75 - [STDERR_REDIRECT] 
2025-02-15 13:43:43,425 [ERROR] LogOutputStream:75 - [STDERR_REDIRECT] Feb 15, 2025 1:43:43 PM java.util.prefs.FileSystemPreferences syncWorld
2025-02-15 13:43:43,425 [ERROR] LogOutputStream:75 - [STDERR_REDIRECT] WARNING: Couldn't flush system prefs: java.util.prefs.BackingStoreException: Couldn't get file lock.
2025-02-15 13:43:43,425 [ERROR] LogOutputStream:75 - [STDERR_REDIRECT] 
2025-02-15 13:44:13,425 [ERROR] LogOutputStream:75 - [STDERR_REDIRECT] Feb 15, 2025 1:44:13 PM java.util.prefs.FileSystemPreferences checkLockFile0ErrorCode
2025-02-15 13:44:13,425 [ERROR] LogOutputStream:75 - [STDERR_REDIRECT] WARNING: Could not lock System prefs. Unix error code 2.
2025-02-15 13:44:13,425 [ERROR] LogOutputStream:75 - [STDERR_REDIRECT] 
2025-02-15 13:44:13,425 [ERROR] LogOutputStream:75 - [STDERR_REDIRECT] Feb 15, 2025 1:44:13 PM java.util.prefs.FileSystemPreferences syncWorld
2025-02-15 13:44:13,425 [ERROR] LogOutputStream:75 - [STDERR_REDIRECT] WARNING: Couldn't flush system prefs: java.util.prefs.BackingStoreException: Couldn't get file lock.
2025-02-15 13:44:13,425 [ERROR] LogOutputStream:75 - [STDERR_REDIRECT] 
2025-02-15 13:44:43,425 [ERROR] LogOutputStream:75 - [STDERR_REDIRECT] Feb 15, 2025 1:44:43 PM java.util.prefs.FileSystemPreferences checkLockFile0ErrorCode
2025-02-15 13:44:43,425 [ERROR] LogOutputStream:75 - [STDERR_REDIRECT] WARNING: Could not lock System prefs. Unix error code 2.
2025-02-15 13:44:43,425 [ERROR] LogOutputStream:75 - [STDERR_REDIRECT] 
2025-02-15 13:44:43,425 [ERROR] LogOutputStream:75 - [STDERR_REDIRECT] Feb 15, 2025 1:44:43 PM java.util.prefs.FileSystemPreferences syncWorld
2025-02-15 13:44:43,425 [ERROR] LogOutputStream:75 - [STDERR_REDIRECT] WARNING: Couldn't flush system prefs: java.util.prefs.BackingStoreException: Couldn't get file lock.
2025-02-15 13:44:43,425 [ERROR] LogOutputStream:75 - [STDERR_REDIRECT] 
2025-02-15 13:45:13,425 [ERROR] LogOutputStream:75 - [STDERR_REDIRECT] Feb 15, 2025 1:45:13 PM java.util.prefs.FileSystemPreferences checkLockFile0ErrorCode
2025-02-15 13:45:13,425 [ERROR] LogOutputStream:75 - [STDERR_REDIRECT] WARNING: Could not lock System prefs. Unix error code 2.
2025-02-15 13:45:13,425 [ERROR] LogOutputStream:75 - [STDERR_REDIRECT] 
2025-02-15 13:45:13,425 [ERROR] LogOutputStream:75 - [STDERR_REDIRECT] Feb 15, 2025 1:45:13 PM java.util.prefs.FileSystemPreferences syncWorld
2025-02-15 13:45:13,426 [ERROR] LogOutputStream:75 - [STDERR_REDIRECT] WARNING: Couldn't flush system prefs: java.util.prefs.BackingStoreException: Couldn't get file lock.
2025-02-15 13:45:13,426 [ERROR] LogOutputStream:75 - [STDERR_REDIRECT] 
2025-02-15 13:45:43,425 [ERROR] LogOutputStream:75 - [STDERR_REDIRECT] Feb 15, 2025 1:45:43 PM java.util.prefs.FileSystemPreferences checkLockFile0ErrorCode
2025-02-15 13:45:43,425 [ERROR] LogOutputStream:75 - [STDERR_REDIRECT] WARNING: Could not lock System prefs. Unix error code 2.
2025-02-15 13:45:43,425 [ERROR] LogOutputStream:75 - [STDERR_REDIRECT] 
2025-02-15 13:45:43,426 [ERROR] LogOutputStream:75 - [STDERR_REDIRECT] Feb 15, 2025 1:45:43 PM java.util.prefs.FileSystemPreferences syncWorld
2025-02-15 13:45:43,426 [ERROR] LogOutputStream:75 - [STDERR_REDIRECT] WARNING: Couldn't flush system prefs: java.util.prefs.BackingStoreException: Couldn't get file lock.
2025-02-15 13:45:43,426 [ERROR] LogOutputStream:75 - [STDERR_REDIRECT] 
2025-02-15 13:46:13,425 [ERROR] LogOutputStream:75 - [STDERR_REDIRECT] Feb 15, 2025 1:46:13 PM java.util.prefs.FileSystemPreferences checkLockFile0ErrorCode
2025-02-15 13:46:13,426 [ERROR] LogOutputStream:75 - [STDERR_REDIRECT] WARNING: Could not lock System prefs. Unix error code 2.
2025-02-15 13:46:13,426 [ERROR] LogOutputStream:75 - [STDERR_REDIRECT] 
2025-02-15 13:46:13,426 [ERROR] LogOutputStream:75 - [STDERR_REDIRECT] Feb 15, 2025 1:46:13 PM java.util.prefs.FileSystemPreferences syncWorld
2025-02-15 13:46:13,426 [ERROR] LogOutputStream:75 - [STDERR_REDIRECT] WARNING: Couldn't flush system prefs: java.util.prefs.BackingStoreException: Couldn't get file lock.
2025-02-15 13:46:13,426 [ERROR] LogOutputStream:75 - [STDERR_REDIRECT] 
2025-02-15 13:46:43,426 [ERROR] LogOutputStream:75 - [STDERR_REDIRECT] Feb 15, 2025 1:46:43 PM java.util.prefs.FileSystemPreferences checkLockFile0ErrorCode
2025-02-15 13:46:43,426 [ERROR] LogOutputStream:75 - [STDERR_REDIRECT] WARNING: Could not lock System prefs. Unix error code 2.
2025-02-15 13:46:43,426 [ERROR] LogOutputStream:75 - [STDERR_REDIRECT] 
2025-02-15 13:46:43,426 [ERROR] LogOutputStream:75 - [STDERR_REDIRECT] Feb 15, 2025 1:46:43 PM java.util.prefs.FileSystemPreferences syncWorld
2025-02-15 13:46:43,426 [ERROR] LogOutputStream:75 - [STDERR_REDIRECT] WARNING: Couldn't flush system prefs: java.util.prefs.BackingStoreException: Couldn't get file lock.
2025-02-15 13:46:43,426 [ERROR] LogOutputStream:75 - [STDERR_REDIRECT] 
2025-02-15 13:47:13,426 [ERROR] LogOutputStream:75 - [STDERR_REDIRECT] Feb 15, 2025 1:47:13 PM java.util.prefs.FileSystemPreferences checkLockFile0ErrorCode
2025-02-15 13:47:13,426 [ERROR] LogOutputStream:75 - [STDERR_REDIRECT] WARNING: Could not lock System prefs. Unix error code 2.
2025-02-15 13:47:13,426 [ERROR] LogOutputStream:75 - [STDERR_REDIRECT] 
2025-02-15 13:47:13,426 [ERROR] LogOutputStream:75 - [STDERR_REDIRECT] Feb 15, 2025 1:47:13 PM java.util.prefs.FileSystemPreferences syncWorld
2025-02-15 13:47:13,427 [ERROR] LogOutputStream:75 - [STDERR_REDIRECT] WARNING: Couldn't flush system prefs: java.util.prefs.BackingStoreException: Couldn't get file lock.
2025-02-15 13:47:13,427 [ERROR] LogOutputStream:75 - [STDERR_REDIRECT] 
2025-02-15 13:47:43,426 [ERROR] LogOutputStream:75 - [STDERR_REDIRECT] Feb 15, 2025 1:47:43 PM java.util.prefs.FileSystemPreferences checkLockFile0ErrorCode
2025-02-15 13:47:43,426 [ERROR] LogOutputStream:75 - [STDERR_REDIRECT] WARNING: Could not lock System prefs. Unix error code 2.
2025-02-15 13:47:43,427 [ERROR] LogOutputStream:75 - [STDERR_REDIRECT] 
2025-02-15 13:47:43,427 [ERROR] LogOutputStream:75 - [STDERR_REDIRECT] Feb 15, 2025 1:47:43 PM java.util.prefs.FileSystemPreferences syncWorld
2025-02-15 13:47:43,427 [ERROR] LogOutputStream:75 - [STDERR_REDIRECT] WARNING: Couldn't flush system prefs: java.util.prefs.BackingStoreException: Couldn't get file lock.
2025-02-15 13:47:43,427 [ERROR] LogOutputStream:75 - [STDERR_REDIRECT] 
2025-02-15 13:48:13,426 [ERROR] LogOutputStream:75 - [STDERR_REDIRECT] Feb 15, 2025 1:48:13 PM java.util.prefs.FileSystemPreferences checkLockFile0ErrorCode
2025-02-15 13:48:13,427 [ERROR] LogOutputStream:75 - [STDERR_REDIRECT] WARNING: Could not lock System prefs. Unix error code 2.
2025-02-15 13:48:13,427 [ERROR] LogOutputStream:75 - [STDERR_REDIRECT] 
2025-02-15 13:48:13,427 [ERROR] LogOutputStream:75 - [STDERR_REDIRECT] Feb 15, 2025 1:48:13 PM java.util.prefs.FileSystemPreferences syncWorld
2025-02-15 13:48:13,427 [ERROR] LogOutputStream:75 - [STDERR_REDIRECT] WARNING: Couldn't flush system prefs: java.util.prefs.BackingStoreException: Couldn't get file lock.
2025-02-15 13:48:13,427 [ERROR] LogOutputStream:75 - [STDERR_REDIRECT] 
2025-02-15 13:48:43,427 [ERROR] LogOutputStream:75 - [STDERR_REDIRECT] Feb 15, 2025 1:48:43 PM java.util.prefs.FileSystemPreferences checkLockFile0ErrorCode
2025-02-15 13:48:43,427 [ERROR] LogOutputStream:75 - [STDERR_REDIRECT] WARNING: Could not lock System prefs. Unix error code 2.
2025-02-15 13:48:43,427 [ERROR] LogOutputStream:75 - [STDERR_REDIRECT] 
2025-02-15 13:48:43,427 [ERROR] LogOutputStream:75 - [STDERR_REDIRECT] Feb 15, 2025 1:48:43 PM java.util.prefs.FileSystemPreferences syncWorld
2025-02-15 13:48:43,427 [ERROR] LogOutputStream:75 - [STDERR_REDIRECT] WARNING: Couldn't flush system prefs: java.util.prefs.BackingStoreException: Couldn't get file lock.
2025-02-15 13:48:43,427 [ERROR] LogOutputStream:75 - [STDERR_REDIRECT] 
2025-02-15 13:49:13,427 [ERROR] LogOutputStream:75 - [STDERR_REDIRECT] Feb 15, 2025 1:49:13 PM java.util.prefs.FileSystemPreferences checkLockFile0ErrorCode
2025-02-15 13:49:13,427 [ERROR] LogOutputStream:75 - [STDERR_REDIRECT] WARNING: Could not lock System prefs. Unix error code 2.
2025-02-15 13:49:13,427 [ERROR] LogOutputStream:75 - [STDERR_REDIRECT] 
2025-02-15 13:49:13,427 [ERROR] LogOutputStream:75 - [STDERR_REDIRECT] Feb 15, 2025 1:49:13 PM java.util.prefs.FileSystemPreferences syncWorld
2025-02-15 13:49:13,427 [ERROR] LogOutputStream:75 - [STDERR_REDIRECT] WARNING: Couldn't flush system prefs: java.util.prefs.BackingStoreException: Couldn't get file lock.
2025-02-15 13:49:13,427 [ERROR] LogOutputStream:75 - [STDERR_REDIRECT] 
2025-02-15 13:49:43,428 [ERROR] LogOutputStream:75 - [STDERR_REDIRECT] Feb 15, 2025 1:49:43 PM java.util.prefs.FileSystemPreferences checkLockFile0ErrorCode
2025-02-15 13:49:43,428 [ERROR] LogOutputStream:75 - [STDERR_REDIRECT] WARNING: Could not lock System prefs. Unix error code 2.
2025-02-15 13:49:43,428 [ERROR] LogOutputStream:75 - [STDERR_REDIRECT] 
2025-02-15 13:49:43,428 [ERROR] LogOutputStream:75 - [STDERR_REDIRECT] Feb 15, 2025 1:49:43 PM java.util.prefs.FileSystemPreferences syncWorld
2025-02-15 13:49:43,428 [ERROR] LogOutputStream:75 - [STDERR_REDIRECT] WARNING: Couldn't flush system prefs: java.util.prefs.BackingStoreException: Couldn't get file lock.
2025-02-15 13:49:43,428 [ERROR] LogOutputStream:75 - [STDERR_REDIRECT] 
2025-02-15 13:50:13,428 [ERROR] LogOutputStream:75 - [STDERR_REDIRECT] Feb 15, 2025 1:50:13 PM java.util.prefs.FileSystemPreferences checkLockFile0ErrorCode
2025-02-15 13:50:13,428 [ERROR] LogOutputStream:75 - [STDERR_REDIRECT] WARNING: Could not lock System prefs. Unix error code 2.
2025-02-15 13:50:13,428 [ERROR] LogOutputStream:75 - [STDERR_REDIRECT] 
2025-02-15 13:50:13,428 [ERROR] LogOutputStream:75 - [STDERR_REDIRECT] Feb 15, 2025 1:50:13 PM java.util.prefs.FileSystemPreferences syncWorld
2025-02-15 13:50:13,428 [ERROR] LogOutputStream:75 - [STDERR_REDIRECT] WARNING: Couldn't flush system prefs: java.util.prefs.BackingStoreException: Couldn't get file lock.
2025-02-15 13:50:13,428 [ERROR] LogOutputStream:75 - [STDERR_REDIRECT] 
2025-02-15 13:50:43,428 [ERROR] LogOutputStream:75 - [STDERR_REDIRECT] Feb 15, 2025 1:50:43 PM java.util.prefs.FileSystemPreferences checkLockFile0ErrorCode
2025-02-15 13:50:43,428 [ERROR] LogOutputStream:75 - [STDERR_REDIRECT] WARNING: Could not lock System prefs. Unix error code 2.
2025-02-15 13:50:43,428 [ERROR] LogOutputStream:75 - [STDERR_REDIRECT] 
2025-02-15 13:50:43,428 [ERROR] LogOutputStream:75 - [STDERR_REDIRECT] Feb 15, 2025 1:50:43 PM java.util.prefs.FileSystemPreferences syncWorld
2025-02-15 13:50:43,428 [ERROR] LogOutputStream:75 - [STDERR_REDIRECT] WARNING: Couldn't flush system prefs: java.util.prefs.BackingStoreException: Couldn't get file lock.
2025-02-15 13:50:43,428 [ERROR] LogOutputStream:75 - [STDERR_REDIRECT] 
2025-02-15 13:51:13,428 [ERROR] LogOutputStream:75 - [STDERR_REDIRECT] Feb 15, 2025 1:51:13 PM java.util.prefs.FileSystemPreferences checkLockFile0ErrorCode
2025-02-15 13:51:13,428 [ERROR] LogOutputStream:75 - [STDERR_REDIRECT] WARNING: Could not lock System prefs. Unix error code 2.
2025-02-15 13:51:13,428 [ERROR] LogOutputStream:75 - [STDERR_REDIRECT] 
2025-02-15 13:51:13,428 [ERROR] LogOutputStream:75 - [STDERR_REDIRECT] Feb 15, 2025 1:51:13 PM java.util.prefs.FileSystemPreferences syncWorld
2025-02-15 13:51:13,428 [ERROR] LogOutputStream:75 - [STDERR_REDIRECT] WARNING: Couldn't flush system prefs: java.util.prefs.BackingStoreException: Couldn't get file lock.
2025-02-15 13:51:13,429 [ERROR] LogOutputStream:75 - [STDERR_REDIRECT] 
2025-02-15 13:51:43,428 [ERROR] LogOutputStream:75 - [STDERR_REDIRECT] Feb 15, 2025 1:51:43 PM java.util.prefs.FileSystemPreferences checkLockFile0ErrorCode
2025-02-15 13:51:43,428 [ERROR] LogOutputStream:75 - [STDERR_REDIRECT] WARNING: Could not lock System prefs. Unix error code 2.
2025-02-15 13:51:43,428 [ERROR] LogOutputStream:75 - [STDERR_REDIRECT] 
2025-02-15 13:51:43,428 [ERROR] LogOutputStream:75 - [STDERR_REDIRECT] Feb 15, 2025 1:51:43 PM java.util.prefs.FileSystemPreferences syncWorld
2025-02-15 13:51:43,428 [ERROR] LogOutputStream:75 - [STDERR_REDIRECT] WARNING: Couldn't flush system prefs: java.util.prefs.BackingStoreException: Couldn't get file lock.
2025-02-15 13:51:43,428 [ERROR] LogOutputStream:75 - [STDERR_REDIRECT] 
2025-02-15 13:52:13,429 [ERROR] LogOutputStream:75 - [STDERR_REDIRECT] Feb 15, 2025 1:52:13 PM java.util.prefs.FileSystemPreferences checkLockFile0ErrorCode
2025-02-15 13:52:13,429 [ERROR] LogOutputStream:75 - [STDERR_REDIRECT] WARNING: Could not lock System prefs. Unix error code 2.
2025-02-15 13:52:13,429 [ERROR] LogOutputStream:75 - [STDERR_REDIRECT] 
2025-02-15 13:52:13,429 [ERROR] LogOutputStream:75 - [STDERR_REDIRECT] Feb 15, 2025 1:52:13 PM java.util.prefs.FileSystemPreferences syncWorld
2025-02-15 13:52:13,429 [ERROR] LogOutputStream:75 - [STDERR_REDIRECT] WARNING: Couldn't flush system prefs: java.util.prefs.BackingStoreException: Couldn't get file lock.
2025-02-15 13:52:13,429 [ERROR] LogOutputStream:75 - [STDERR_REDIRECT] 
2025-02-15 13:52:43,430 [ERROR] LogOutputStream:75 - [STDERR_REDIRECT] Feb 15, 2025 1:52:43 PM java.util.prefs.FileSystemPreferences checkLockFile0ErrorCode
2025-02-15 13:52:43,430 [ERROR] LogOutputStream:75 - [STDERR_REDIRECT] WARNING: Could not lock System prefs. Unix error code 2.
2025-02-15 13:52:43,430 [ERROR] LogOutputStream:75 - [STDERR_REDIRECT] 
2025-02-15 13:52:43,430 [ERROR] LogOutputStream:75 - [STDERR_REDIRECT] Feb 15, 2025 1:52:43 PM java.util.prefs.FileSystemPreferences syncWorld
2025-02-15 13:52:43,430 [ERROR] LogOutputStream:75 - [STDERR_REDIRECT] WARNING: Couldn't flush system prefs: java.util.prefs.BackingStoreException: Couldn't get file lock.
2025-02-15 13:52:43,430 [ERROR] LogOutputStream:75 - [STDERR_REDIRECT] 
2025-02-15 13:53:13,431 [ERROR] LogOutputStream:75 - [STDERR_REDIRECT] Feb 15, 2025 1:53:13 PM java.util.prefs.FileSystemPreferences checkLockFile0ErrorCode
2025-02-15 13:53:13,431 [ERROR] LogOutputStream:75 - [STDERR_REDIRECT] WARNING: Could not lock System prefs. Unix error code 2.
2025-02-15 13:53:13,431 [ERROR] LogOutputStream:75 - [STDERR_REDIRECT] 
2025-02-15 13:53:13,431 [ERROR] LogOutputStream:75 - [STDERR_REDIRECT] Feb 15, 2025 1:53:13 PM java.util.prefs.FileSystemPreferences syncWorld
2025-02-15 13:53:13,431 [ERROR] LogOutputStream:75 - [STDERR_REDIRECT] WARNING: Couldn't flush system prefs: java.util.prefs.BackingStoreException: Couldn't get file lock.
2025-02-15 13:53:13,431 [ERROR] LogOutputStream:75 - [STDERR_REDIRECT] 
2025-02-15 13:53:43,432 [ERROR] LogOutputStream:75 - [STDERR_REDIRECT] Feb 15, 2025 1:53:43 PM java.util.prefs.FileSystemPreferences checkLockFile0ErrorCode
2025-02-15 13:53:43,432 [ERROR] LogOutputStream:75 - [STDERR_REDIRECT] WARNING: Could not lock System prefs. Unix error code 2.
2025-02-15 13:53:43,432 [ERROR] LogOutputStream:75 - [STDERR_REDIRECT] 
2025-02-15 13:53:43,432 [ERROR] LogOutputStream:75 - [STDERR_REDIRECT] Feb 15, 2025 1:53:43 PM java.util.prefs.FileSystemPreferences syncWorld
2025-02-15 13:53:43,432 [ERROR] LogOutputStream:75 - [STDERR_REDIRECT] WARNING: Couldn't flush system prefs: java.util.prefs.BackingStoreException: Couldn't get file lock.
2025-02-15 13:53:43,432 [ERROR] LogOutputStream:75 - [STDERR_REDIRECT] 
2025-02-15 13:54:13,432 [ERROR] LogOutputStream:75 - [STDERR_REDIRECT] Feb 15, 2025 1:54:13 PM java.util.prefs.FileSystemPreferences checkLockFile0ErrorCode
2025-02-15 13:54:13,432 [ERROR] LogOutputStream:75 - [STDERR_REDIRECT] WARNING: Could not lock System prefs. Unix error code 2.
2025-02-15 13:54:13,432 [ERROR] LogOutputStream:75 - [STDERR_REDIRECT] 
2025-02-15 13:54:13,432 [ERROR] LogOutputStream:75 - [STDERR_REDIRECT] Feb 15, 2025 1:54:13 PM java.util.prefs.FileSystemPreferences syncWorld
2025-02-15 13:54:13,432 [ERROR] LogOutputStream:75 - [STDERR_REDIRECT] WARNING: Couldn't flush system prefs: java.util.prefs.BackingStoreException: Couldn't get file lock.
2025-02-15 13:54:13,432 [ERROR] LogOutputStream:75 - [STDERR_REDIRECT] 
2025-02-15 13:54:43,432 [ERROR] LogOutputStream:75 - [STDERR_REDIRECT] Feb 15, 2025 1:54:43 PM java.util.prefs.FileSystemPreferences checkLockFile0ErrorCode
2025-02-15 13:54:43,432 [ERROR] LogOutputStream:75 - [STDERR_REDIRECT] WARNING: Could not lock System prefs. Unix error code 2.
2025-02-15 13:54:43,432 [ERROR] LogOutputStream:75 - [STDERR_REDIRECT] 
2025-02-15 13:54:43,432 [ERROR] LogOutputStream:75 - [STDERR_REDIRECT] Feb 15, 2025 1:54:43 PM java.util.prefs.FileSystemPreferences syncWorld
2025-02-15 13:54:43,432 [ERROR] LogOutputStream:75 - [STDERR_REDIRECT] WARNING: Couldn't flush system prefs: java.util.prefs.BackingStoreException: Couldn't get file lock.
2025-02-15 13:54:43,432 [ERROR] LogOutputStream:75 - [STDERR_REDIRECT] 
2025-02-15 13:55:13,432 [ERROR] LogOutputStream:75 - [STDERR_REDIRECT] Feb 15, 2025 1:55:13 PM java.util.prefs.FileSystemPreferences checkLockFile0ErrorCode
2025-02-15 13:55:13,432 [ERROR] LogOutputStream:75 - [STDERR_REDIRECT] WARNING: Could not lock System prefs. Unix error code 2.
2025-02-15 13:55:13,432 [ERROR] LogOutputStream:75 - [STDERR_REDIRECT] 
2025-02-15 13:55:13,432 [ERROR] LogOutputStream:75 - [STDERR_REDIRECT] Feb 15, 2025 1:55:13 PM java.util.prefs.FileSystemPreferences syncWorld
2025-02-15 13:55:13,432 [ERROR] LogOutputStream:75 - [STDERR_REDIRECT] WARNING: Couldn't flush system prefs: java.util.prefs.BackingStoreException: Couldn't get file lock.
2025-02-15 13:55:13,432 [ERROR] LogOutputStream:75 - [STDERR_REDIRECT] 
2025-02-15 13:55:43,431 [ERROR] LogOutputStream:75 - [STDERR_REDIRECT] Feb 15, 2025 1:55:43 PM java.util.prefs.FileSystemPreferences checkLockFile0ErrorCode
2025-02-15 13:55:43,431 [ERROR] LogOutputStream:75 - [STDERR_REDIRECT] WARNING: Could not lock System prefs. Unix error code 2.
2025-02-15 13:55:43,432 [ERROR] LogOutputStream:75 - [STDERR_REDIRECT] 
2025-02-15 13:55:43,432 [ERROR] LogOutputStream:75 - [STDERR_REDIRECT] Feb 15, 2025 1:55:43 PM java.util.prefs.FileSystemPreferences syncWorld
2025-02-15 13:55:43,432 [ERROR] LogOutputStream:75 - [STDERR_REDIRECT] WARNING: Couldn't flush system prefs: java.util.prefs.BackingStoreException: Couldn't get file lock.
2025-02-15 13:55:43,432 [ERROR] LogOutputStream:75 - [STDERR_REDIRECT] 
2025-02-15 13:56:13,431 [ERROR] LogOutputStream:75 - [STDERR_REDIRECT] Feb 15, 2025 1:56:13 PM java.util.prefs.FileSystemPreferences checkLockFile0ErrorCode
2025-02-15 13:56:13,431 [ERROR] LogOutputStream:75 - [STDERR_REDIRECT] WARNING: Could not lock System prefs. Unix error code 2.
2025-02-15 13:56:13,431 [ERROR] LogOutputStream:75 - [STDERR_REDIRECT] 
2025-02-15 13:56:13,432 [ERROR] LogOutputStream:75 - [STDERR_REDIRECT] Feb 15, 2025 1:56:13 PM java.util.prefs.FileSystemPreferences syncWorld
2025-02-15 13:56:13,432 [ERROR] LogOutputStream:75 - [STDERR_REDIRECT] WARNING: Couldn't flush system prefs: java.util.prefs.BackingStoreException: Couldn't get file lock.
2025-02-15 13:56:13,432 [ERROR] LogOutputStream:75 - [STDERR_REDIRECT] 
2025-02-15 13:56:43,431 [ERROR] LogOutputStream:75 - [STDERR_REDIRECT] Feb 15, 2025 1:56:43 PM java.util.prefs.FileSystemPreferences checkLockFile0ErrorCode
2025-02-15 13:56:43,432 [ERROR] LogOutputStream:75 - [STDERR_REDIRECT] WARNING: Could not lock System prefs. Unix error code 2.
2025-02-15 13:56:43,432 [ERROR] LogOutputStream:75 - [STDERR_REDIRECT] 
2025-02-15 13:56:43,432 [ERROR] LogOutputStream:75 - [STDERR_REDIRECT] Feb 15, 2025 1:56:43 PM java.util.prefs.FileSystemPreferences syncWorld
2025-02-15 13:56:43,432 [ERROR] LogOutputStream:75 - [STDERR_REDIRECT] WARNING: Couldn't flush system prefs: java.util.prefs.BackingStoreException: Couldn't get file lock.
2025-02-15 13:56:43,432 [ERROR] LogOutputStream:75 - [STDERR_REDIRECT] 
2025-02-15 13:57:13,431 [ERROR] LogOutputStream:75 - [STDERR_REDIRECT] Feb 15, 2025 1:57:13 PM java.util.prefs.FileSystemPreferences checkLockFile0ErrorCode
2025-02-15 13:57:13,431 [ERROR] LogOutputStream:75 - [STDERR_REDIRECT] WARNING: Could not lock System prefs. Unix error code 2.
2025-02-15 13:57:13,431 [ERROR] LogOutputStream:75 - [STDERR_REDIRECT] 
2025-02-15 13:57:13,432 [ERROR] LogOutputStream:75 - [STDERR_REDIRECT] Feb 15, 2025 1:57:13 PM java.util.prefs.FileSystemPreferences syncWorld
2025-02-15 13:57:13,432 [ERROR] LogOutputStream:75 - [STDERR_REDIRECT] WARNING: Couldn't flush system prefs: java.util.prefs.BackingStoreException: Couldn't get file lock.
2025-02-15 13:57:13,432 [ERROR] LogOutputStream:75 - [STDERR_REDIRECT] 
2025-02-15 13:57:43,431 [ERROR] LogOutputStream:75 - [STDERR_REDIRECT] Feb 15, 2025 1:57:43 PM java.util.prefs.FileSystemPreferences checkLockFile0ErrorCode
2025-02-15 13:57:43,431 [ERROR] LogOutputStream:75 - [STDERR_REDIRECT] WARNING: Could not lock System prefs. Unix error code 2.
2025-02-15 13:57:43,432 [ERROR] LogOutputStream:75 - [STDERR_REDIRECT] 
2025-02-15 13:57:43,432 [ERROR] LogOutputStream:75 - [STDERR_REDIRECT] Feb 15, 2025 1:57:43 PM java.util.prefs.FileSystemPreferences syncWorld
2025-02-15 13:57:43,432 [ERROR] LogOutputStream:75 - [STDERR_REDIRECT] WARNING: Couldn't flush system prefs: java.util.prefs.BackingStoreException: Couldn't get file lock.
2025-02-15 13:57:43,432 [ERROR] LogOutputStream:75 - [STDERR_REDIRECT] 
2025-02-15 13:58:13,431 [ERROR] LogOutputStream:75 - [STDERR_REDIRECT] Feb 15, 2025 1:58:13 PM java.util.prefs.FileSystemPreferences checkLockFile0ErrorCode
2025-02-15 13:58:13,431 [ERROR] LogOutputStream:75 - [STDERR_REDIRECT] WARNING: Could not lock System prefs. Unix error code 2.
2025-02-15 13:58:13,431 [ERROR] LogOutputStream:75 - [STDERR_REDIRECT] 
2025-02-15 13:58:13,432 [ERROR] LogOutputStream:75 - [STDERR_REDIRECT] Feb 15, 2025 1:58:13 PM java.util.prefs.FileSystemPreferences syncWorld
2025-02-15 13:58:13,432 [ERROR] LogOutputStream:75 - [STDERR_REDIRECT] WARNING: Couldn't flush system prefs: java.util.prefs.BackingStoreException: Couldn't get file lock.
2025-02-15 13:58:13,432 [ERROR] LogOutputStream:75 - [STDERR_REDIRECT] 
2025-02-15 13:58:43,431 [ERROR] LogOutputStream:75 - [STDERR_REDIRECT] Feb 15, 2025 1:58:43 PM java.util.prefs.FileSystemPreferences checkLockFile0ErrorCode
2025-02-15 13:58:43,431 [ERROR] LogOutputStream:75 - [STDERR_REDIRECT] WARNING: Could not lock System prefs. Unix error code 2.
2025-02-15 13:58:43,431 [ERROR] LogOutputStream:75 - [STDERR_REDIRECT] 
2025-02-15 13:58:43,431 [ERROR] LogOutputStream:75 - [STDERR_REDIRECT] Feb 15, 2025 1:58:43 PM java.util.prefs.FileSystemPreferences syncWorld
2025-02-15 13:58:43,431 [ERROR] LogOutputStream:75 - [STDERR_REDIRECT] WARNING: Couldn't flush system prefs: java.util.prefs.BackingStoreException: Couldn't get file lock.
2025-02-15 13:58:43,431 [ERROR] LogOutputStream:75 - [STDERR_REDIRECT] 
2025-02-15 13:59:13,432 [ERROR] LogOutputStream:75 - [STDERR_REDIRECT] Feb 15, 2025 1:59:13 PM java.util.prefs.FileSystemPreferences checkLockFile0ErrorCode
2025-02-15 13:59:13,432 [ERROR] LogOutputStream:75 - [STDERR_REDIRECT] WARNING: Could not lock System prefs. Unix error code 2.
2025-02-15 13:59:13,432 [ERROR] LogOutputStream:75 - [STDERR_REDIRECT] 
2025-02-15 13:59:13,432 [ERROR] LogOutputStream:75 - [STDERR_REDIRECT] Feb 15, 2025 1:59:13 PM java.util.prefs.FileSystemPreferences syncWorld
2025-02-15 13:59:13,432 [ERROR] LogOutputStream:75 - [STDERR_REDIRECT] WARNING: Couldn't flush system prefs: java.util.prefs.BackingStoreException: Couldn't get file lock.
2025-02-15 13:59:13,432 [ERROR] LogOutputStream:75 - [STDERR_REDIRECT] 
2025-02-15 13:59:43,432 [ERROR] LogOutputStream:75 - [STDERR_REDIRECT] Feb 15, 2025 1:59:43 PM java.util.prefs.FileSystemPreferences checkLockFile0ErrorCode
2025-02-15 13:59:43,432 [ERROR] LogOutputStream:75 - [STDERR_REDIRECT] WARNING: Could not lock System prefs. Unix error code 2.
2025-02-15 13:59:43,432 [ERROR] LogOutputStream:75 - [STDERR_REDIRECT] 
2025-02-15 13:59:43,432 [ERROR] LogOutputStream:75 - [STDERR_REDIRECT] Feb 15, 2025 1:59:43 PM java.util.prefs.FileSystemPreferences syncWorld
2025-02-15 13:59:43,432 [ERROR] LogOutputStream:75 - [STDERR_REDIRECT] WARNING: Couldn't flush system prefs: java.util.prefs.BackingStoreException: Couldn't get file lock.
2025-02-15 13:59:43,432 [ERROR] LogOutputStream:75 - [STDERR_REDIRECT] 
2025-02-15 14:00:13,431 [ERROR] LogOutputStream:75 - [STDERR_REDIRECT] Feb 15, 2025 2:00:13 PM java.util.prefs.FileSystemPreferences checkLockFile0ErrorCode
2025-02-15 14:00:13,432 [ERROR] LogOutputStream:75 - [STDERR_REDIRECT] WARNING: Could not lock System prefs. Unix error code 2.
2025-02-15 14:00:13,432 [ERROR] LogOutputStream:75 - [STDERR_REDIRECT] 
2025-02-15 14:00:13,432 [ERROR] LogOutputStream:75 - [STDERR_REDIRECT] Feb 15, 2025 2:00:13 PM java.util.prefs.FileSystemPreferences syncWorld
2025-02-15 14:00:13,432 [ERROR] LogOutputStream:75 - [STDERR_REDIRECT] WARNING: Couldn't flush system prefs: java.util.prefs.BackingStoreException: Couldn't get file lock.
2025-02-15 14:00:13,432 [ERROR] LogOutputStream:75 - [STDERR_REDIRECT] 
2025-02-15 14:00:43,431 [ERROR] LogOutputStream:75 - [STDERR_REDIRECT] Feb 15, 2025 2:00:43 PM java.util.prefs.FileSystemPreferences checkLockFile0ErrorCode
2025-02-15 14:00:43,432 [ERROR] LogOutputStream:75 - [STDERR_REDIRECT] WARNING: Could not lock System prefs. Unix error code 2.
2025-02-15 14:00:43,432 [ERROR] LogOutputStream:75 - [STDERR_REDIRECT] 
2025-02-15 14:00:43,432 [ERROR] LogOutputStream:75 - [STDERR_REDIRECT] Feb 15, 2025 2:00:43 PM java.util.prefs.FileSystemPreferences syncWorld
2025-02-15 14:00:43,432 [ERROR] LogOutputStream:75 - [STDERR_REDIRECT] WARNING: Couldn't flush system prefs: java.util.prefs.BackingStoreException: Couldn't get file lock.
2025-02-15 14:00:43,432 [ERROR] LogOutputStream:75 - [STDERR_REDIRECT] 
2025-02-15 14:01:13,431 [ERROR] LogOutputStream:75 - [STDERR_REDIRECT] Feb 15, 2025 2:01:13 PM java.util.prefs.FileSystemPreferences checkLockFile0ErrorCode
2025-02-15 14:01:13,431 [ERROR] LogOutputStream:75 - [STDERR_REDIRECT] WARNING: Could not lock System prefs. Unix error code 2.
2025-02-15 14:01:13,432 [ERROR] LogOutputStream:75 - [STDERR_REDIRECT] 
2025-02-15 14:01:13,432 [ERROR] LogOutputStream:75 - [STDERR_REDIRECT] Feb 15, 2025 2:01:13 PM java.util.prefs.FileSystemPreferences syncWorld
2025-02-15 14:01:13,432 [ERROR] LogOutputStream:75 - [STDERR_REDIRECT] WARNING: Couldn't flush system prefs: java.util.prefs.BackingStoreException: Couldn't get file lock.
2025-02-15 14:01:13,432 [ERROR] LogOutputStream:75 - [STDERR_REDIRECT] 
2025-02-15 14:01:43,431 [ERROR] LogOutputStream:75 - [STDERR_REDIRECT] Feb 15, 2025 2:01:43 PM java.util.prefs.FileSystemPreferences checkLockFile0ErrorCode
2025-02-15 14:01:43,431 [ERROR] LogOutputStream:75 - [STDERR_REDIRECT] WARNING: Could not lock System prefs. Unix error code 2.
2025-02-15 14:01:43,438 [ERROR] LogOutputStream:75 - [STDERR_REDIRECT] 
2025-02-15 14:01:43,438 [ERROR] LogOutputStream:75 - [STDERR_REDIRECT] Feb 15, 2025 2:01:43 PM java.util.prefs.FileSystemPreferences syncWorld
2025-02-15 14:01:43,438 [ERROR] LogOutputStream:75 - [STDERR_REDIRECT] WARNING: Couldn't flush system prefs: java.util.prefs.BackingStoreException: Couldn't get file lock.
2025-02-15 14:01:43,438 [ERROR] LogOutputStream:75 - [STDERR_REDIRECT] 
2025-02-15 14:02:13,431 [ERROR] LogOutputStream:75 - [STDERR_REDIRECT] Feb 15, 2025 2:02:13 PM java.util.prefs.FileSystemPreferences checkLockFile0ErrorCode
2025-02-15 14:02:13,431 [ERROR] LogOutputStream:75 - [STDERR_REDIRECT] WARNING: Could not lock System prefs. Unix error code 2.
2025-02-15 14:02:13,431 [ERROR] LogOutputStream:75 - [STDERR_REDIRECT] 
2025-02-15 14:02:13,431 [ERROR] LogOutputStream:75 - [STDERR_REDIRECT] Feb 15, 2025 2:02:13 PM java.util.prefs.FileSystemPreferences syncWorld
2025-02-15 14:02:13,432 [ERROR] LogOutputStream:75 - [STDERR_REDIRECT] WARNING: Couldn't flush system prefs: java.util.prefs.BackingStoreException: Couldn't get file lock.
2025-02-15 14:02:13,432 [ERROR] LogOutputStream:75 - [STDERR_REDIRECT] 
2025-02-15 14:02:43,431 [ERROR] LogOutputStream:75 - [STDERR_REDIRECT] Feb 15, 2025 2:02:43 PM java.util.prefs.FileSystemPreferences checkLockFile0ErrorCode
2025-02-15 14:02:43,431 [ERROR] LogOutputStream:75 - [STDERR_REDIRECT] WARNING: Could not lock System prefs. Unix error code 2.
2025-02-15 14:02:43,431 [ERROR] LogOutputStream:75 - [STDERR_REDIRECT] 
2025-02-15 14:02:43,431 [ERROR] LogOutputStream:75 - [STDERR_REDIRECT] Feb 15, 2025 2:02:43 PM java.util.prefs.FileSystemPreferences syncWorld
2025-02-15 14:02:43,431 [ERROR] LogOutputStream:75 - [STDERR_REDIRECT] WARNING: Couldn't flush system prefs: java.util.prefs.BackingStoreException: Couldn't get file lock.
2025-02-15 14:02:43,431 [ERROR] LogOutputStream:75 - [STDERR_REDIRECT] 
2025-02-15 14:03:13,432 [ERROR] LogOutputStream:75 - [STDERR_REDIRECT] Feb 15, 2025 2:03:13 PM java.util.prefs.FileSystemPreferences checkLockFile0ErrorCode
2025-02-15 14:03:13,432 [ERROR] LogOutputStream:75 - [STDERR_REDIRECT] WARNING: Could not lock System prefs. Unix error code 2.
2025-02-15 14:03:13,432 [ERROR] LogOutputStream:75 - [STDERR_REDIRECT] 
2025-02-15 14:03:13,432 [ERROR] LogOutputStream:75 - [STDERR_REDIRECT] Feb 15, 2025 2:03:13 PM java.util.prefs.FileSystemPreferences syncWorld
2025-02-15 14:03:13,432 [ERROR] LogOutputStream:75 - [STDERR_REDIRECT] WARNING: Couldn't flush system prefs: java.util.prefs.BackingStoreException: Couldn't get file lock.
2025-02-15 14:03:13,432 [ERROR] LogOutputStream:75 - [STDERR_REDIRECT] 
2025-02-15 14:03:43,431 [ERROR] LogOutputStream:75 - [STDERR_REDIRECT] Feb 15, 2025 2:03:43 PM java.util.prefs.FileSystemPreferences checkLockFile0ErrorCode
2025-02-15 14:03:43,431 [ERROR] LogOutputStream:75 - [STDERR_REDIRECT] WARNING: Could not lock System prefs. Unix error code 2.
2025-02-15 14:03:43,431 [ERROR] LogOutputStream:75 - [STDERR_REDIRECT] 
2025-02-15 14:03:43,432 [ERROR] LogOutputStream:75 - [STDERR_REDIRECT] Feb 15, 2025 2:03:43 PM java.util.prefs.FileSystemPreferences syncWorld
2025-02-15 14:03:43,432 [ERROR] LogOutputStream:75 - [STDERR_REDIRECT] WARNING: Couldn't flush system prefs: java.util.prefs.BackingStoreException: Couldn't get file lock.
2025-02-15 14:03:43,432 [ERROR] LogOutputStream:75 - [STDERR_REDIRECT] 
2025-02-15 14:04:13,431 [ERROR] LogOutputStream:75 - [STDERR_REDIRECT] Feb 15, 2025 2:04:13 PM java.util.prefs.FileSystemPreferences checkLockFile0ErrorCode
2025-02-15 14:04:13,431 [ERROR] LogOutputStream:75 - [STDERR_REDIRECT] WARNING: Could not lock System prefs. Unix error code 2.
2025-02-15 14:04:13,431 [ERROR] LogOutputStream:75 - [STDERR_REDIRECT] 
2025-02-15 14:04:13,431 [ERROR] LogOutputStream:75 - [STDERR_REDIRECT] Feb 15, 2025 2:04:13 PM java.util.prefs.FileSystemPreferences syncWorld
2025-02-15 14:04:13,431 [ERROR] LogOutputStream:75 - [STDERR_REDIRECT] WARNING: Couldn't flush system prefs: java.util.prefs.BackingStoreException: Couldn't get file lock.
2025-02-15 14:04:13,431 [ERROR] LogOutputStream:75 - [STDERR_REDIRECT] 
2025-02-15 14:04:43,432 [ERROR] LogOutputStream:75 - [STDERR_REDIRECT] Feb 15, 2025 2:04:43 PM java.util.prefs.FileSystemPreferences checkLockFile0ErrorCode
2025-02-15 14:04:43,432 [ERROR] LogOutputStream:75 - [STDERR_REDIRECT] WARNING: Could not lock System prefs. Unix error code 2.
2025-02-15 14:04:43,432 [ERROR] LogOutputStream:75 - [STDERR_REDIRECT] 
2025-02-15 14:04:43,432 [ERROR] LogOutputStream:75 - [STDERR_REDIRECT] Feb 15, 2025 2:04:43 PM java.util.prefs.FileSystemPreferences syncWorld
2025-02-15 14:04:43,432 [ERROR] LogOutputStream:75 - [STDERR_REDIRECT] WARNING: Couldn't flush system prefs: java.util.prefs.BackingStoreException: Couldn't get file lock.
2025-02-15 14:04:43,432 [ERROR] LogOutputStream:75 - [STDERR_REDIRECT] 
2025-02-15 14:05:13,432 [ERROR] LogOutputStream:75 - [STDERR_REDIRECT] Feb 15, 2025 2:05:13 PM java.util.prefs.FileSystemPreferences checkLockFile0ErrorCode
2025-02-15 14:05:13,432 [ERROR] LogOutputStream:75 - [STDERR_REDIRECT] WARNING: Could not lock System prefs. Unix error code 2.
2025-02-15 14:05:13,432 [ERROR] LogOutputStream:75 - [STDERR_REDIRECT] 
2025-02-15 14:05:13,432 [ERROR] LogOutputStream:75 - [STDERR_REDIRECT] Feb 15, 2025 2:05:13 PM java.util.prefs.FileSystemPreferences syncWorld
2025-02-15 14:05:13,432 [ERROR] LogOutputStream:75 - [STDERR_REDIRECT] WARNING: Couldn't flush system prefs: java.util.prefs.BackingStoreException: Couldn't get file lock.
2025-02-15 14:05:13,432 [ERROR] LogOutputStream:75 - [STDERR_REDIRECT] 
2025-02-15 14:05:43,431 [ERROR] LogOutputStream:75 - [STDERR_REDIRECT] Feb 15, 2025 2:05:43 PM java.util.prefs.FileSystemPreferences checkLockFile0ErrorCode
2025-02-15 14:05:43,432 [ERROR] LogOutputStream:75 - [STDERR_REDIRECT] WARNING: Could not lock System prefs. Unix error code 2.
2025-02-15 14:05:43,432 [ERROR] LogOutputStream:75 - [STDERR_REDIRECT] 
2025-02-15 14:05:43,432 [ERROR] LogOutputStream:75 - [STDERR_REDIRECT] Feb 15, 2025 2:05:43 PM java.util.prefs.FileSystemPreferences syncWorld
2025-02-15 14:05:43,432 [ERROR] LogOutputStream:75 - [STDERR_REDIRECT] WARNING: Couldn't flush system prefs: java.util.prefs.BackingStoreException: Couldn't get file lock.
2025-02-15 14:05:43,432 [ERROR] LogOutputStream:75 - [STDERR_REDIRECT] 
2025-02-15 14:06:13,431 [ERROR] LogOutputStream:75 - [STDERR_REDIRECT] Feb 15, 2025 2:06:13 PM java.util.prefs.FileSystemPreferences checkLockFile0ErrorCode
2025-02-15 14:06:13,432 [ERROR] LogOutputStream:75 - [STDERR_REDIRECT] WARNING: Could not lock System prefs. Unix error code 2.
2025-02-15 14:06:13,432 [ERROR] LogOutputStream:75 - [STDERR_REDIRECT] 
2025-02-15 14:06:13,432 [ERROR] LogOutputStream:75 - [STDERR_REDIRECT] Feb 15, 2025 2:06:13 PM java.util.prefs.FileSystemPreferences syncWorld
2025-02-15 14:06:13,432 [ERROR] LogOutputStream:75 - [STDERR_REDIRECT] WARNING: Couldn't flush system prefs: java.util.prefs.BackingStoreException: Couldn't get file lock.
2025-02-15 14:06:13,432 [ERROR] LogOutputStream:75 - [STDERR_REDIRECT] 
2025-02-15 14:06:43,431 [ERROR] LogOutputStream:75 - [STDERR_REDIRECT] Feb 15, 2025 2:06:43 PM java.util.prefs.FileSystemPreferences checkLockFile0ErrorCode
2025-02-15 14:06:43,431 [ERROR] LogOutputStream:75 - [STDERR_REDIRECT] WARNING: Could not lock System prefs. Unix error code 2.
2025-02-15 14:06:43,432 [ERROR] LogOutputStream:75 - [STDERR_REDIRECT] 
2025-02-15 14:06:43,432 [ERROR] LogOutputStream:75 - [STDERR_REDIRECT] Feb 15, 2025 2:06:43 PM java.util.prefs.FileSystemPreferences syncWorld
2025-02-15 14:06:43,432 [ERROR] LogOutputStream:75 - [STDERR_REDIRECT] WARNING: Couldn't flush system prefs: java.util.prefs.BackingStoreException: Couldn't get file lock.
2025-02-15 14:06:43,432 [ERROR] LogOutputStream:75 - [STDERR_REDIRECT] 
2025-02-15 14:07:13,431 [ERROR] LogOutputStream:75 - [STDERR_REDIRECT] Feb 15, 2025 2:07:13 PM java.util.prefs.FileSystemPreferences checkLockFile0ErrorCode
2025-02-15 14:07:13,431 [ERROR] LogOutputStream:75 - [STDERR_REDIRECT] WARNING: Could not lock System prefs. Unix error code 2.
2025-02-15 14:07:13,431 [ERROR] LogOutputStream:75 - [STDERR_REDIRECT] 
2025-02-15 14:07:13,431 [ERROR] LogOutputStream:75 - [STDERR_REDIRECT] Feb 15, 2025 2:07:13 PM java.util.prefs.FileSystemPreferences syncWorld
2025-02-15 14:07:13,431 [ERROR] LogOutputStream:75 - [STDERR_REDIRECT] WARNING: Couldn't flush system prefs: java.util.prefs.BackingStoreException: Couldn't get file lock.
2025-02-15 14:07:13,432 [ERROR] LogOutputStream:75 - [STDERR_REDIRECT] 
2025-02-15 14:07:43,431 [ERROR] LogOutputStream:75 - [STDERR_REDIRECT] Feb 15, 2025 2:07:43 PM java.util.prefs.FileSystemPreferences checkLockFile0ErrorCode
2025-02-15 14:07:43,431 [ERROR] LogOutputStream:75 - [STDERR_REDIRECT] WARNING: Could not lock System prefs. Unix error code 2.
2025-02-15 14:07:43,431 [ERROR] LogOutputStream:75 - [STDERR_REDIRECT] 
2025-02-15 14:07:43,431 [ERROR] LogOutputStream:75 - [STDERR_REDIRECT] Feb 15, 2025 2:07:43 PM java.util.prefs.FileSystemPreferences syncWorld
2025-02-15 14:07:43,432 [ERROR] LogOutputStream:75 - [STDERR_REDIRECT] WARNING: Couldn't flush system prefs: java.util.prefs.BackingStoreException: Couldn't get file lock.
2025-02-15 14:07:43,432 [ERROR] LogOutputStream:75 - [STDERR_REDIRECT] 
2025-02-15 14:08:13,431 [ERROR] LogOutputStream:75 - [STDERR_REDIRECT] Feb 15, 2025 2:08:13 PM java.util.prefs.FileSystemPreferences checkLockFile0ErrorCode
2025-02-15 14:08:13,431 [ERROR] LogOutputStream:75 - [STDERR_REDIRECT] WARNING: Could not lock System prefs. Unix error code 2.
2025-02-15 14:08:13,431 [ERROR] LogOutputStream:75 - [STDERR_REDIRECT] 
2025-02-15 14:08:13,431 [ERROR] LogOutputStream:75 - [STDERR_REDIRECT] Feb 15, 2025 2:08:13 PM java.util.prefs.FileSystemPreferences syncWorld
2025-02-15 14:08:13,432 [ERROR] LogOutputStream:75 - [STDERR_REDIRECT] WARNING: Couldn't flush system prefs: java.util.prefs.BackingStoreException: Couldn't get file lock.
2025-02-15 14:08:13,432 [ERROR] LogOutputStream:75 - [STDERR_REDIRECT] 
2025-02-15 14:08:43,431 [ERROR] LogOutputStream:75 - [STDERR_REDIRECT] Feb 15, 2025 2:08:43 PM java.util.prefs.FileSystemPreferences checkLockFile0ErrorCode
2025-02-15 14:08:43,431 [ERROR] LogOutputStream:75 - [STDERR_REDIRECT] WARNING: Could not lock System prefs. Unix error code 2.
2025-02-15 14:08:43,431 [ERROR] LogOutputStream:75 - [STDERR_REDIRECT] 
2025-02-15 14:08:43,431 [ERROR] LogOutputStream:75 - [STDERR_REDIRECT] Feb 15, 2025 2:08:43 PM java.util.prefs.FileSystemPreferences syncWorld
2025-02-15 14:08:43,432 [ERROR] LogOutputStream:75 - [STDERR_REDIRECT] WARNING: Couldn't flush system prefs: java.util.prefs.BackingStoreException: Couldn't get file lock.
2025-02-15 14:08:43,432 [ERROR] LogOutputStream:75 - [STDERR_REDIRECT] 
2025-02-15 14:09:13,431 [ERROR] LogOutputStream:75 - [STDERR_REDIRECT] Feb 15, 2025 2:09:13 PM java.util.prefs.FileSystemPreferences checkLockFile0ErrorCode
2025-02-15 14:09:13,431 [ERROR] LogOutputStream:75 - [STDERR_REDIRECT] WARNING: Could not lock System prefs. Unix error code 2.
2025-02-15 14:09:13,431 [ERROR] LogOutputStream:75 - [STDERR_REDIRECT] 
2025-02-15 14:09:13,431 [ERROR] LogOutputStream:75 - [STDERR_REDIRECT] Feb 15, 2025 2:09:13 PM java.util.prefs.FileSystemPreferences syncWorld
2025-02-15 14:09:13,431 [ERROR] LogOutputStream:75 - [STDERR_REDIRECT] WARNING: Couldn't flush system prefs: java.util.prefs.BackingStoreException: Couldn't get file lock.
2025-02-15 14:09:13,431 [ERROR] LogOutputStream:75 - [STDERR_REDIRECT] 
2025-02-15 14:09:43,432 [ERROR] LogOutputStream:75 - [STDERR_REDIRECT] Feb 15, 2025 2:09:43 PM java.util.prefs.FileSystemPreferences checkLockFile0ErrorCode
2025-02-15 14:09:43,432 [ERROR] LogOutputStream:75 - [STDERR_REDIRECT] WARNING: Could not lock System prefs. Unix error code 2.
2025-02-15 14:09:43,432 [ERROR] LogOutputStream:75 - [STDERR_REDIRECT] 
2025-02-15 14:09:43,432 [ERROR] LogOutputStream:75 - [STDERR_REDIRECT] Feb 15, 2025 2:09:43 PM java.util.prefs.FileSystemPreferences syncWorld
2025-02-15 14:09:43,432 [ERROR] LogOutputStream:75 - [STDERR_REDIRECT] WARNING: Couldn't flush system prefs: java.util.prefs.BackingStoreException: Couldn't get file lock.
2025-02-15 14:09:43,432 [ERROR] LogOutputStream:75 - [STDERR_REDIRECT] 
2025-02-15 14:10:13,431 [ERROR] LogOutputStream:75 - [STDERR_REDIRECT] Feb 15, 2025 2:10:13 PM java.util.prefs.FileSystemPreferences checkLockFile0ErrorCode
2025-02-15 14:10:13,432 [ERROR] LogOutputStream:75 - [STDERR_REDIRECT] WARNING: Could not lock System prefs. Unix error code 2.
2025-02-15 14:10:13,432 [ERROR] LogOutputStream:75 - [STDERR_REDIRECT] 
2025-02-15 14:10:13,432 [ERROR] LogOutputStream:75 - [STDERR_REDIRECT] Feb 15, 2025 2:10:13 PM java.util.prefs.FileSystemPreferences syncWorld
2025-02-15 14:10:13,432 [ERROR] LogOutputStream:75 - [STDERR_REDIRECT] WARNING: Couldn't flush system prefs: java.util.prefs.BackingStoreException: Couldn't get file lock.
2025-02-15 14:10:13,432 [ERROR] LogOutputStream:75 - [STDERR_REDIRECT] 
2025-02-15 14:10:43,431 [ERROR] LogOutputStream:75 - [STDERR_REDIRECT] Feb 15, 2025 2:10:43 PM java.util.prefs.FileSystemPreferences checkLockFile0ErrorCode
2025-02-15 14:10:43,431 [ERROR] LogOutputStream:75 - [STDERR_REDIRECT] WARNING: Could not lock System prefs. Unix error code 2.
2025-02-15 14:10:43,431 [ERROR] LogOutputStream:75 - [STDERR_REDIRECT] 
2025-02-15 14:10:43,432 [ERROR] LogOutputStream:75 - [STDERR_REDIRECT] Feb 15, 2025 2:10:43 PM java.util.prefs.FileSystemPreferences syncWorld
2025-02-15 14:10:43,432 [ERROR] LogOutputStream:75 - [STDERR_REDIRECT] WARNING: Couldn't flush system prefs: java.util.prefs.BackingStoreException: Couldn't get file lock.
2025-02-15 14:10:43,432 [ERROR] LogOutputStream:75 - [STDERR_REDIRECT] 
2025-02-15 14:11:13,431 [ERROR] LogOutputStream:75 - [STDERR_REDIRECT] Feb 15, 2025 2:11:13 PM java.util.prefs.FileSystemPreferences checkLockFile0ErrorCode
2025-02-15 14:11:13,431 [ERROR] LogOutputStream:75 - [STDERR_REDIRECT] WARNING: Could not lock System prefs. Unix error code 2.
2025-02-15 14:11:13,431 [ERROR] LogOutputStream:75 - [STDERR_REDIRECT] 
2025-02-15 14:11:13,432 [ERROR] LogOutputStream:75 - [STDERR_REDIRECT] Feb 15, 2025 2:11:13 PM java.util.prefs.FileSystemPreferences syncWorld
2025-02-15 14:11:13,432 [ERROR] LogOutputStream:75 - [STDERR_REDIRECT] WARNING: Couldn't flush system prefs: java.util.prefs.BackingStoreException: Couldn't get file lock.
2025-02-15 14:11:13,432 [ERROR] LogOutputStream:75 - [STDERR_REDIRECT] 
2025-02-15 14:11:43,431 [ERROR] LogOutputStream:75 - [STDERR_REDIRECT] Feb 15, 2025 2:11:43 PM java.util.prefs.FileSystemPreferences checkLockFile0ErrorCode
2025-02-15 14:11:43,431 [ERROR] LogOutputStream:75 - [STDERR_REDIRECT] WARNING: Could not lock System prefs. Unix error code 2.
2025-02-15 14:11:43,431 [ERROR] LogOutputStream:75 - [STDERR_REDIRECT] 
2025-02-15 14:11:43,431 [ERROR] LogOutputStream:75 - [STDERR_REDIRECT] Feb 15, 2025 2:11:43 PM java.util.prefs.FileSystemPreferences syncWorld
2025-02-15 14:11:43,432 [ERROR] LogOutputStream:75 - [STDERR_REDIRECT] WARNING: Couldn't flush system prefs: java.util.prefs.BackingStoreException: Couldn't get file lock.
2025-02-15 14:11:43,432 [ERROR] LogOutputStream:75 - [STDERR_REDIRECT] 
2025-02-15 14:12:13,431 [ERROR] LogOutputStream:75 - [STDERR_REDIRECT] Feb 15, 2025 2:12:13 PM java.util.prefs.FileSystemPreferences checkLockFile0ErrorCode
2025-02-15 14:12:13,431 [ERROR] LogOutputStream:75 - [STDERR_REDIRECT] WARNING: Could not lock System prefs. Unix error code 2.
2025-02-15 14:12:13,431 [ERROR] LogOutputStream:75 - [STDERR_REDIRECT] 
2025-02-15 14:12:13,431 [ERROR] LogOutputStream:75 - [STDERR_REDIRECT] Feb 15, 2025 2:12:13 PM java.util.prefs.FileSystemPreferences syncWorld
2025-02-15 14:12:13,431 [ERROR] LogOutputStream:75 - [STDERR_REDIRECT] WARNING: Couldn't flush system prefs: java.util.prefs.BackingStoreException: Couldn't get file lock.
2025-02-15 14:12:13,431 [ERROR] LogOutputStream:75 - [STDERR_REDIRECT] 
2025-02-15 14:12:43,431 [ERROR] LogOutputStream:75 - [STDERR_REDIRECT] Feb 15, 2025 2:12:43 PM java.util.prefs.FileSystemPreferences checkLockFile0ErrorCode
2025-02-15 14:12:43,432 [ERROR] LogOutputStream:75 - [STDERR_REDIRECT] WARNING: Could not lock System prefs. Unix error code 2.
2025-02-15 14:12:43,432 [ERROR] LogOutputStream:75 - [STDERR_REDIRECT] 
2025-02-15 14:12:43,432 [ERROR] LogOutputStream:75 - [STDERR_REDIRECT] Feb 15, 2025 2:12:43 PM java.util.prefs.FileSystemPreferences syncWorld
2025-02-15 14:12:43,432 [ERROR] LogOutputStream:75 - [STDERR_REDIRECT] WARNING: Couldn't flush system prefs: java.util.prefs.BackingStoreException: Couldn't get file lock.
2025-02-15 14:12:43,432 [ERROR] LogOutputStream:75 - [STDERR_REDIRECT] 
2025-02-15 14:13:13,431 [ERROR] LogOutputStream:75 - [STDERR_REDIRECT] Feb 15, 2025 2:13:13 PM java.util.prefs.FileSystemPreferences checkLockFile0ErrorCode
2025-02-15 14:13:13,431 [ERROR] LogOutputStream:75 - [STDERR_REDIRECT] WARNING: Could not lock System prefs. Unix error code 2.
2025-02-15 14:13:13,431 [ERROR] LogOutputStream:75 - [STDERR_REDIRECT] 
2025-02-15 14:13:13,432 [ERROR] LogOutputStream:75 - [STDERR_REDIRECT] Feb 15, 2025 2:13:13 PM java.util.prefs.FileSystemPreferences syncWorld
2025-02-15 14:13:13,432 [ERROR] LogOutputStream:75 - [STDERR_REDIRECT] WARNING: Couldn't flush system prefs: java.util.prefs.BackingStoreException: Couldn't get file lock.
2025-02-15 14:13:13,432 [ERROR] LogOutputStream:75 - [STDERR_REDIRECT] 
2025-02-15 14:13:43,431 [ERROR] LogOutputStream:75 - [STDERR_REDIRECT] Feb 15, 2025 2:13:43 PM java.util.prefs.FileSystemPreferences checkLockFile0ErrorCode
2025-02-15 14:13:43,431 [ERROR] LogOutputStream:75 - [STDERR_REDIRECT] WARNING: Could not lock System prefs. Unix error code 2.
2025-02-15 14:13:43,431 [ERROR] LogOutputStream:75 - [STDERR_REDIRECT] 
2025-02-15 14:13:43,431 [ERROR] LogOutputStream:75 - [STDERR_REDIRECT] Feb 15, 2025 2:13:43 PM java.util.prefs.FileSystemPreferences syncWorld
2025-02-15 14:13:43,431 [ERROR] LogOutputStream:75 - [STDERR_REDIRECT] WARNING: Couldn't flush system prefs: java.util.prefs.BackingStoreException: Couldn't get file lock.
2025-02-15 14:13:43,432 [ERROR] LogOutputStream:75 - [STDERR_REDIRECT] 
2025-02-15 14:14:13,431 [ERROR] LogOutputStream:75 - [STDERR_REDIRECT] Feb 15, 2025 2:14:13 PM java.util.prefs.FileSystemPreferences checkLockFile0ErrorCode
2025-02-15 14:14:13,431 [ERROR] LogOutputStream:75 - [STDERR_REDIRECT] WARNING: Could not lock System prefs. Unix error code 2.
2025-02-15 14:14:13,431 [ERROR] LogOutputStream:75 - [STDERR_REDIRECT] 
2025-02-15 14:14:13,431 [ERROR] LogOutputStream:75 - [STDERR_REDIRECT] Feb 15, 2025 2:14:13 PM java.util.prefs.FileSystemPreferences syncWorld
2025-02-15 14:14:13,431 [ERROR] LogOutputStream:75 - [STDERR_REDIRECT] WARNING: Couldn't flush system prefs: java.util.prefs.BackingStoreException: Couldn't get file lock.
2025-02-15 14:14:13,431 [ERROR] LogOutputStream:75 - [STDERR_REDIRECT] 
2025-02-15 14:14:43,432 [ERROR] LogOutputStream:75 - [STDERR_REDIRECT] Feb 15, 2025 2:14:43 PM java.util.prefs.FileSystemPreferences checkLockFile0ErrorCode
2025-02-15 14:14:43,432 [ERROR] LogOutputStream:75 - [STDERR_REDIRECT] WARNING: Could not lock System prefs. Unix error code 2.
2025-02-15 14:14:43,432 [ERROR] LogOutputStream:75 - [STDERR_REDIRECT] 
2025-02-15 14:14:43,432 [ERROR] LogOutputStream:75 - [STDERR_REDIRECT] Feb 15, 2025 2:14:43 PM java.util.prefs.FileSystemPreferences syncWorld
2025-02-15 14:14:43,432 [ERROR] LogOutputStream:75 - [STDERR_REDIRECT] WARNING: Couldn't flush system prefs: java.util.prefs.BackingStoreException: Couldn't get file lock.
2025-02-15 14:14:43,432 [ERROR] LogOutputStream:75 - [STDERR_REDIRECT] 
2025-02-15 14:15:13,431 [ERROR] LogOutputStream:75 - [STDERR_REDIRECT] Feb 15, 2025 2:15:13 PM java.util.prefs.FileSystemPreferences checkLockFile0ErrorCode
2025-02-15 14:15:13,431 [ERROR] LogOutputStream:75 - [STDERR_REDIRECT] WARNING: Could not lock System prefs. Unix error code 2.
2025-02-15 14:15:13,431 [ERROR] LogOutputStream:75 - [STDERR_REDIRECT] 
2025-02-15 14:15:13,432 [ERROR] LogOutputStream:75 - [STDERR_REDIRECT] Feb 15, 2025 2:15:13 PM java.util.prefs.FileSystemPreferences syncWorld
2025-02-15 14:15:13,432 [ERROR] LogOutputStream:75 - [STDERR_REDIRECT] WARNING: Couldn't flush system prefs: java.util.prefs.BackingStoreException: Couldn't get file lock.
2025-02-15 14:15:13,432 [ERROR] LogOutputStream:75 - [STDERR_REDIRECT] 
2025-02-15 14:15:43,431 [ERROR] LogOutputStream:75 - [STDERR_REDIRECT] Feb 15, 2025 2:15:43 PM java.util.prefs.FileSystemPreferences checkLockFile0ErrorCode
2025-02-15 14:15:43,431 [ERROR] LogOutputStream:75 - [STDERR_REDIRECT] WARNING: Could not lock System prefs. Unix error code 2.
2025-02-15 14:15:43,431 [ERROR] LogOutputStream:75 - [STDERR_REDIRECT] 
2025-02-15 14:15:43,431 [ERROR] LogOutputStream:75 - [STDERR_REDIRECT] Feb 15, 2025 2:15:43 PM java.util.prefs.FileSystemPreferences syncWorld
2025-02-15 14:15:43,432 [ERROR] LogOutputStream:75 - [STDERR_REDIRECT] WARNING: Couldn't flush system prefs: java.util.prefs.BackingStoreException: Couldn't get file lock.
2025-02-15 14:15:43,432 [ERROR] LogOutputStream:75 - [STDERR_REDIRECT] 
2025-02-15 14:16:13,431 [ERROR] LogOutputStream:75 - [STDERR_REDIRECT] Feb 15, 2025 2:16:13 PM java.util.prefs.FileSystemPreferences checkLockFile0ErrorCode
2025-02-15 14:16:13,431 [ERROR] LogOutputStream:75 - [STDERR_REDIRECT] WARNING: Could not lock System prefs. Unix error code 2.
2025-02-15 14:16:13,431 [ERROR] LogOutputStream:75 - [STDERR_REDIRECT] 
2025-02-15 14:16:13,431 [ERROR] LogOutputStream:75 - [STDERR_REDIRECT] Feb 15, 2025 2:16:13 PM java.util.prefs.FileSystemPreferences syncWorld
2025-02-15 14:16:13,431 [ERROR] LogOutputStream:75 - [STDERR_REDIRECT] WARNING: Couldn't flush system prefs: java.util.prefs.BackingStoreException: Couldn't get file lock.
2025-02-15 14:16:13,431 [ERROR] LogOutputStream:75 - [STDERR_REDIRECT] 
2025-02-15 14:16:43,432 [ERROR] LogOutputStream:75 - [STDERR_REDIRECT] Feb 15, 2025 2:16:43 PM java.util.prefs.FileSystemPreferences checkLockFile0ErrorCode
2025-02-15 14:16:43,432 [ERROR] LogOutputStream:75 - [STDERR_REDIRECT] WARNING: Could not lock System prefs. Unix error code 2.
2025-02-15 14:16:43,432 [ERROR] LogOutputStream:75 - [STDERR_REDIRECT] 
2025-02-15 14:16:43,432 [ERROR] LogOutputStream:75 - [STDERR_REDIRECT] Feb 15, 2025 2:16:43 PM java.util.prefs.FileSystemPreferences syncWorld
2025-02-15 14:16:43,432 [ERROR] LogOutputStream:75 - [STDERR_REDIRECT] WARNING: Couldn't flush system prefs: java.util.prefs.BackingStoreException: Couldn't get file lock.
2025-02-15 14:16:43,432 [ERROR] LogOutputStream:75 - [STDERR_REDIRECT] 
2025-02-15 14:17:13,433 [ERROR] LogOutputStream:75 - [STDERR_REDIRECT] Feb 15, 2025 2:17:13 PM java.util.prefs.FileSystemPreferences checkLockFile0ErrorCode
2025-02-15 14:17:13,433 [ERROR] LogOutputStream:75 - [STDERR_REDIRECT] WARNING: Could not lock System prefs. Unix error code 2.
2025-02-15 14:17:13,433 [ERROR] LogOutputStream:75 - [STDERR_REDIRECT] 
2025-02-15 14:17:13,433 [ERROR] LogOutputStream:75 - [STDERR_REDIRECT] Feb 15, 2025 2:17:13 PM java.util.prefs.FileSystemPreferences syncWorld
2025-02-15 14:17:13,433 [ERROR] LogOutputStream:75 - [STDERR_REDIRECT] WARNING: Couldn't flush system prefs: java.util.prefs.BackingStoreException: Couldn't get file lock.
2025-02-15 14:17:13,433 [ERROR] LogOutputStream:75 - [STDERR_REDIRECT] 
2025-02-15 14:17:43,433 [ERROR] LogOutputStream:75 - [STDERR_REDIRECT] Feb 15, 2025 2:17:43 PM java.util.prefs.FileSystemPreferences checkLockFile0ErrorCode
2025-02-15 14:17:43,433 [ERROR] LogOutputStream:75 - [STDERR_REDIRECT] WARNING: Could not lock System prefs. Unix error code 2.
2025-02-15 14:17:43,433 [ERROR] LogOutputStream:75 - [STDERR_REDIRECT] 
2025-02-15 14:17:43,433 [ERROR] LogOutputStream:75 - [STDERR_REDIRECT] Feb 15, 2025 2:17:43 PM java.util.prefs.FileSystemPreferences syncWorld
2025-02-15 14:17:43,434 [ERROR] LogOutputStream:75 - [STDERR_REDIRECT] WARNING: Couldn't flush system prefs: java.util.prefs.BackingStoreException: Couldn't get file lock.
2025-02-15 14:17:43,434 [ERROR] LogOutputStream:75 - [STDERR_REDIRECT] 
2025-02-15 14:18:13,432 [ERROR] LogOutputStream:75 - [STDERR_REDIRECT] Feb 15, 2025 2:18:13 PM java.util.prefs.FileSystemPreferences checkLockFile0ErrorCode
2025-02-15 14:18:13,432 [ERROR] LogOutputStream:75 - [STDERR_REDIRECT] WARNING: Could not lock System prefs. Unix error code 2.
2025-02-15 14:18:13,432 [ERROR] LogOutputStream:75 - [STDERR_REDIRECT] 
2025-02-15 14:18:13,432 [ERROR] LogOutputStream:75 - [STDERR_REDIRECT] Feb 15, 2025 2:18:13 PM java.util.prefs.FileSystemPreferences syncWorld
2025-02-15 14:18:13,432 [ERROR] LogOutputStream:75 - [STDERR_REDIRECT] WARNING: Couldn't flush system prefs: java.util.prefs.BackingStoreException: Couldn't get file lock.
2025-02-15 14:18:13,432 [ERROR] LogOutputStream:75 - [STDERR_REDIRECT] 
2025-02-15 14:18:43,432 [ERROR] LogOutputStream:75 - [STDERR_REDIRECT] Feb 15, 2025 2:18:43 PM java.util.prefs.FileSystemPreferences checkLockFile0ErrorCode
2025-02-15 14:18:43,432 [ERROR] LogOutputStream:75 - [STDERR_REDIRECT] WARNING: Could not lock System prefs. Unix error code 2.
2025-02-15 14:18:43,432 [ERROR] LogOutputStream:75 - [STDERR_REDIRECT] 
2025-02-15 14:18:43,432 [ERROR] LogOutputStream:75 - [STDERR_REDIRECT] Feb 15, 2025 2:18:43 PM java.util.prefs.FileSystemPreferences syncWorld
2025-02-15 14:18:43,432 [ERROR] LogOutputStream:75 - [STDERR_REDIRECT] WARNING: Couldn't flush system prefs: java.util.prefs.BackingStoreException: Couldn't get file lock.
2025-02-15 14:18:43,432 [ERROR] LogOutputStream:75 - [STDERR_REDIRECT] 
2025-02-15 14:19:13,432 [ERROR] LogOutputStream:75 - [STDERR_REDIRECT] Feb 15, 2025 2:19:13 PM java.util.prefs.FileSystemPreferences checkLockFile0ErrorCode
2025-02-15 14:19:13,432 [ERROR] LogOutputStream:75 - [STDERR_REDIRECT] WARNING: Could not lock System prefs. Unix error code 2.
2025-02-15 14:19:13,432 [ERROR] LogOutputStream:75 - [STDERR_REDIRECT] 
2025-02-15 14:19:13,433 [ERROR] LogOutputStream:75 - [STDERR_REDIRECT] Feb 15, 2025 2:19:13 PM java.util.prefs.FileSystemPreferences syncWorld
2025-02-15 14:19:13,433 [ERROR] LogOutputStream:75 - [STDERR_REDIRECT] WARNING: Couldn't flush system prefs: java.util.prefs.BackingStoreException: Couldn't get file lock.
2025-02-15 14:19:13,433 [ERROR] LogOutputStream:75 - [STDERR_REDIRECT] 
2025-02-15 14:19:43,432 [ERROR] LogOutputStream:75 - [STDERR_REDIRECT] Feb 15, 2025 2:19:43 PM java.util.prefs.FileSystemPreferences checkLockFile0ErrorCode
2025-02-15 14:19:43,432 [ERROR] LogOutputStream:75 - [STDERR_REDIRECT] WARNING: Could not lock System prefs. Unix error code 2.
2025-02-15 14:19:43,432 [ERROR] LogOutputStream:75 - [STDERR_REDIRECT] 
2025-02-15 14:19:43,432 [ERROR] LogOutputStream:75 - [STDERR_REDIRECT] Feb 15, 2025 2:19:43 PM java.util.prefs.FileSystemPreferences syncWorld
2025-02-15 14:19:43,432 [ERROR] LogOutputStream:75 - [STDERR_REDIRECT] WARNING: Couldn't flush system prefs: java.util.prefs.BackingStoreException: Couldn't get file lock.
2025-02-15 14:19:43,433 [ERROR] LogOutputStream:75 - [STDERR_REDIRECT] 
2025-02-15 14:20:13,432 [ERROR] LogOutputStream:75 - [STDERR_REDIRECT] Feb 15, 2025 2:20:13 PM java.util.prefs.FileSystemPreferences checkLockFile0ErrorCode
2025-02-15 14:20:13,432 [ERROR] LogOutputStream:75 - [STDERR_REDIRECT] WARNING: Could not lock System prefs. Unix error code 2.
2025-02-15 14:20:13,432 [ERROR] LogOutputStream:75 - [STDERR_REDIRECT] 
2025-02-15 14:20:13,432 [ERROR] LogOutputStream:75 - [STDERR_REDIRECT] Feb 15, 2025 2:20:13 PM java.util.prefs.FileSystemPreferences syncWorld
2025-02-15 14:20:13,432 [ERROR] LogOutputStream:75 - [STDERR_REDIRECT] WARNING: Couldn't flush system prefs: java.util.prefs.BackingStoreException: Couldn't get file lock.
2025-02-15 14:20:13,432 [ERROR] LogOutputStream:75 - [STDERR_REDIRECT] 
2025-02-15 14:20:43,432 [ERROR] LogOutputStream:75 - [STDERR_REDIRECT] Feb 15, 2025 2:20:43 PM java.util.prefs.FileSystemPreferences checkLockFile0ErrorCode
2025-02-15 14:20:43,433 [ERROR] LogOutputStream:75 - [STDERR_REDIRECT] WARNING: Could not lock System prefs. Unix error code 2.
2025-02-15 14:20:43,433 [ERROR] LogOutputStream:75 - [STDERR_REDIRECT] 
2025-02-15 14:20:43,433 [ERROR] LogOutputStream:75 - [STDERR_REDIRECT] Feb 15, 2025 2:20:43 PM java.util.prefs.FileSystemPreferences syncWorld
2025-02-15 14:20:43,433 [ERROR] LogOutputStream:75 - [STDERR_REDIRECT] WARNING: Couldn't flush system prefs: java.util.prefs.BackingStoreException: Couldn't get file lock.
2025-02-15 14:20:43,433 [ERROR] LogOutputStream:75 - [STDERR_REDIRECT] 
2025-02-15 14:21:13,432 [ERROR] LogOutputStream:75 - [STDERR_REDIRECT] Feb 15, 2025 2:21:13 PM java.util.prefs.FileSystemPreferences checkLockFile0ErrorCode
2025-02-15 14:21:13,432 [ERROR] LogOutputStream:75 - [STDERR_REDIRECT] WARNING: Could not lock System prefs. Unix error code 2.
2025-02-15 14:21:13,432 [ERROR] LogOutputStream:75 - [STDERR_REDIRECT] 
2025-02-15 14:21:13,433 [ERROR] LogOutputStream:75 - [STDERR_REDIRECT] Feb 15, 2025 2:21:13 PM java.util.prefs.FileSystemPreferences syncWorld
2025-02-15 14:21:13,433 [ERROR] LogOutputStream:75 - [STDERR_REDIRECT] WARNING: Couldn't flush system prefs: java.util.prefs.BackingStoreException: Couldn't get file lock.
2025-02-15 14:21:13,433 [ERROR] LogOutputStream:75 - [STDERR_REDIRECT] 
2025-02-15 14:21:43,432 [ERROR] LogOutputStream:75 - [STDERR_REDIRECT] Feb 15, 2025 2:21:43 PM java.util.prefs.FileSystemPreferences checkLockFile0ErrorCode
2025-02-15 14:21:43,432 [ERROR] LogOutputStream:75 - [STDERR_REDIRECT] WARNING: Could not lock System prefs. Unix error code 2.
2025-02-15 14:21:43,432 [ERROR] LogOutputStream:75 - [STDERR_REDIRECT] 
2025-02-15 14:21:43,432 [ERROR] LogOutputStream:75 - [STDERR_REDIRECT] Feb 15, 2025 2:21:43 PM java.util.prefs.FileSystemPreferences syncWorld
2025-02-15 14:21:43,432 [ERROR] LogOutputStream:75 - [STDERR_REDIRECT] WARNING: Couldn't flush system prefs: java.util.prefs.BackingStoreException: Couldn't get file lock.
2025-02-15 14:21:43,432 [ERROR] LogOutputStream:75 - [STDERR_REDIRECT] 
2025-02-15 14:22:13,433 [ERROR] LogOutputStream:75 - [STDERR_REDIRECT] Feb 15, 2025 2:22:13 PM java.util.prefs.FileSystemPreferences checkLockFile0ErrorCode
2025-02-15 14:22:13,433 [ERROR] LogOutputStream:75 - [STDERR_REDIRECT] WARNING: Could not lock System prefs. Unix error code 2.
2025-02-15 14:22:13,433 [ERROR] LogOutputStream:75 - [STDERR_REDIRECT] 
2025-02-15 14:22:13,433 [ERROR] LogOutputStream:75 - [STDERR_REDIRECT] Feb 15, 2025 2:22:13 PM java.util.prefs.FileSystemPreferences syncWorld
2025-02-15 14:22:13,433 [ERROR] LogOutputStream:75 - [STDERR_REDIRECT] WARNING: Couldn't flush system prefs: java.util.prefs.BackingStoreException: Couldn't get file lock.
2025-02-15 14:22:13,433 [ERROR] LogOutputStream:75 - [STDERR_REDIRECT] 
2025-02-15 14:22:43,434 [ERROR] LogOutputStream:75 - [STDERR_REDIRECT] Feb 15, 2025 2:22:43 PM java.util.prefs.FileSystemPreferences checkLockFile0ErrorCode
2025-02-15 14:22:43,434 [ERROR] LogOutputStream:75 - [STDERR_REDIRECT] WARNING: Could not lock System prefs. Unix error code 2.
2025-02-15 14:22:43,434 [ERROR] LogOutputStream:75 - [STDERR_REDIRECT] 
2025-02-15 14:22:43,434 [ERROR] LogOutputStream:75 - [STDERR_REDIRECT] Feb 15, 2025 2:22:43 PM java.util.prefs.FileSystemPreferences syncWorld
2025-02-15 14:22:43,434 [ERROR] LogOutputStream:75 - [STDERR_REDIRECT] WARNING: Couldn't flush system prefs: java.util.prefs.BackingStoreException: Couldn't get file lock.
2025-02-15 14:22:43,434 [ERROR] LogOutputStream:75 - [STDERR_REDIRECT] 
2025-02-15 14:23:13,433 [ERROR] LogOutputStream:75 - [STDERR_REDIRECT] Feb 15, 2025 2:23:13 PM java.util.prefs.FileSystemPreferences checkLockFile0ErrorCode
2025-02-15 14:23:13,434 [ERROR] LogOutputStream:75 - [STDERR_REDIRECT] WARNING: Could not lock System prefs. Unix error code 2.
2025-02-15 14:23:13,434 [ERROR] LogOutputStream:75 - [STDERR_REDIRECT] 
2025-02-15 14:23:13,434 [ERROR] LogOutputStream:75 - [STDERR_REDIRECT] Feb 15, 2025 2:23:13 PM java.util.prefs.FileSystemPreferences syncWorld
2025-02-15 14:23:13,434 [ERROR] LogOutputStream:75 - [STDERR_REDIRECT] WARNING: Couldn't flush system prefs: java.util.prefs.BackingStoreException: Couldn't get file lock.
2025-02-15 14:23:13,434 [ERROR] LogOutputStream:75 - [STDERR_REDIRECT] 
2025-02-15 14:23:43,433 [ERROR] LogOutputStream:75 - [STDERR_REDIRECT] Feb 15, 2025 2:23:43 PM java.util.prefs.FileSystemPreferences checkLockFile0ErrorCode
2025-02-15 14:23:43,433 [ERROR] LogOutputStream:75 - [STDERR_REDIRECT] WARNING: Could not lock System prefs. Unix error code 2.
2025-02-15 14:23:43,433 [ERROR] LogOutputStream:75 - [STDERR_REDIRECT] 
2025-02-15 14:23:43,434 [ERROR] LogOutputStream:75 - [STDERR_REDIRECT] Feb 15, 2025 2:23:43 PM java.util.prefs.FileSystemPreferences syncWorld
2025-02-15 14:23:43,434 [ERROR] LogOutputStream:75 - [STDERR_REDIRECT] WARNING: Couldn't flush system prefs: java.util.prefs.BackingStoreException: Couldn't get file lock.
2025-02-15 14:23:43,434 [ERROR] LogOutputStream:75 - [STDERR_REDIRECT] 
2025-02-15 14:24:13,433 [ERROR] LogOutputStream:75 - [STDERR_REDIRECT] Feb 15, 2025 2:24:13 PM java.util.prefs.FileSystemPreferences checkLockFile0ErrorCode
2025-02-15 14:24:13,433 [ERROR] LogOutputStream:75 - [STDERR_REDIRECT] WARNING: Could not lock System prefs. Unix error code 2.
2025-02-15 14:24:13,433 [ERROR] LogOutputStream:75 - [STDERR_REDIRECT] 
2025-02-15 14:24:13,434 [ERROR] LogOutputStream:75 - [STDERR_REDIRECT] Feb 15, 2025 2:24:13 PM java.util.prefs.FileSystemPreferences syncWorld
2025-02-15 14:24:13,434 [ERROR] LogOutputStream:75 - [STDERR_REDIRECT] WARNING: Couldn't flush system prefs: java.util.prefs.BackingStoreException: Couldn't get file lock.
2025-02-15 14:24:13,434 [ERROR] LogOutputStream:75 - [STDERR_REDIRECT] 
2025-02-15 14:24:43,433 [ERROR] LogOutputStream:75 - [STDERR_REDIRECT] Feb 15, 2025 2:24:43 PM java.util.prefs.FileSystemPreferences checkLockFile0ErrorCode
2025-02-15 14:24:43,433 [ERROR] LogOutputStream:75 - [STDERR_REDIRECT] WARNING: Could not lock System prefs. Unix error code 2.
2025-02-15 14:24:43,433 [ERROR] LogOutputStream:75 - [STDERR_REDIRECT] 
2025-02-15 14:24:43,433 [ERROR] LogOutputStream:75 - [STDERR_REDIRECT] Feb 15, 2025 2:24:43 PM java.util.prefs.FileSystemPreferences syncWorld
2025-02-15 14:24:43,434 [ERROR] LogOutputStream:75 - [STDERR_REDIRECT] WARNING: Couldn't flush system prefs: java.util.prefs.BackingStoreException: Couldn't get file lock.
2025-02-15 14:24:43,434 [ERROR] LogOutputStream:75 - [STDERR_REDIRECT] 
2025-02-15 14:25:13,433 [ERROR] LogOutputStream:75 - [STDERR_REDIRECT] Feb 15, 2025 2:25:13 PM java.util.prefs.FileSystemPreferences checkLockFile0ErrorCode
2025-02-15 14:25:13,433 [ERROR] LogOutputStream:75 - [STDERR_REDIRECT] WARNING: Could not lock System prefs. Unix error code 2.
2025-02-15 14:25:13,433 [ERROR] LogOutputStream:75 - [STDERR_REDIRECT] 
2025-02-15 14:25:13,433 [ERROR] LogOutputStream:75 - [STDERR_REDIRECT] Feb 15, 2025 2:25:13 PM java.util.prefs.FileSystemPreferences syncWorld
2025-02-15 14:25:13,433 [ERROR] LogOutputStream:75 - [STDERR_REDIRECT] WARNING: Couldn't flush system prefs: java.util.prefs.BackingStoreException: Couldn't get file lock.
2025-02-15 14:25:13,433 [ERROR] LogOutputStream:75 - [STDERR_REDIRECT] 
2025-02-15 14:25:43,433 [ERROR] LogOutputStream:75 - [STDERR_REDIRECT] Feb 15, 2025 2:25:43 PM java.util.prefs.FileSystemPreferences checkLockFile0ErrorCode
2025-02-15 14:25:43,434 [ERROR] LogOutputStream:75 - [STDERR_REDIRECT] WARNING: Could not lock System prefs. Unix error code 2.
2025-02-15 14:25:43,434 [ERROR] LogOutputStream:75 - [STDERR_REDIRECT] 
2025-02-15 14:25:43,434 [ERROR] LogOutputStream:75 - [STDERR_REDIRECT] Feb 15, 2025 2:25:43 PM java.util.prefs.FileSystemPreferences syncWorld
2025-02-15 14:25:43,434 [ERROR] LogOutputStream:75 - [STDERR_REDIRECT] WARNING: Couldn't flush system prefs: java.util.prefs.BackingStoreException: Couldn't get file lock.
2025-02-15 14:25:43,434 [ERROR] LogOutputStream:75 - [STDERR_REDIRECT] 
2025-02-15 14:26:13,433 [ERROR] LogOutputStream:75 - [STDERR_REDIRECT] Feb 15, 2025 2:26:13 PM java.util.prefs.FileSystemPreferences checkLockFile0ErrorCode
2025-02-15 14:26:13,433 [ERROR] LogOutputStream:75 - [STDERR_REDIRECT] WARNING: Could not lock System prefs. Unix error code 2.
2025-02-15 14:26:13,433 [ERROR] LogOutputStream:75 - [STDERR_REDIRECT] 
2025-02-15 14:26:13,434 [ERROR] LogOutputStream:75 - [STDERR_REDIRECT] Feb 15, 2025 2:26:13 PM java.util.prefs.FileSystemPreferences syncWorld
2025-02-15 14:26:13,434 [ERROR] LogOutputStream:75 - [STDERR_REDIRECT] WARNING: Couldn't flush system prefs: java.util.prefs.BackingStoreException: Couldn't get file lock.
2025-02-15 14:26:13,434 [ERROR] LogOutputStream:75 - [STDERR_REDIRECT] 
2025-02-15 14:26:43,433 [ERROR] LogOutputStream:75 - [STDERR_REDIRECT] Feb 15, 2025 2:26:43 PM java.util.prefs.FileSystemPreferences checkLockFile0ErrorCode
2025-02-15 14:26:43,433 [ERROR] LogOutputStream:75 - [STDERR_REDIRECT] WARNING: Could not lock System prefs. Unix error code 2.
2025-02-15 14:26:43,433 [ERROR] LogOutputStream:75 - [STDERR_REDIRECT] 
2025-02-15 14:26:43,433 [ERROR] LogOutputStream:75 - [STDERR_REDIRECT] Feb 15, 2025 2:26:43 PM java.util.prefs.FileSystemPreferences syncWorld
2025-02-15 14:26:43,433 [ERROR] LogOutputStream:75 - [STDERR_REDIRECT] WARNING: Couldn't flush system prefs: java.util.prefs.BackingStoreException: Couldn't get file lock.
2025-02-15 14:26:43,434 [ERROR] LogOutputStream:75 - [STDERR_REDIRECT] 
2025-02-15 14:27:13,433 [ERROR] LogOutputStream:75 - [STDERR_REDIRECT] Feb 15, 2025 2:27:13 PM java.util.prefs.FileSystemPreferences checkLockFile0ErrorCode
2025-02-15 14:27:13,433 [ERROR] LogOutputStream:75 - [STDERR_REDIRECT] WARNING: Could not lock System prefs. Unix error code 2.
2025-02-15 14:27:13,433 [ERROR] LogOutputStream:75 - [STDERR_REDIRECT] 
2025-02-15 14:27:13,433 [ERROR] LogOutputStream:75 - [STDERR_REDIRECT] Feb 15, 2025 2:27:13 PM java.util.prefs.FileSystemPreferences syncWorld
2025-02-15 14:27:13,433 [ERROR] LogOutputStream:75 - [STDERR_REDIRECT] WARNING: Couldn't flush system prefs: java.util.prefs.BackingStoreException: Couldn't get file lock.
2025-02-15 14:27:13,433 [ERROR] LogOutputStream:75 - [STDERR_REDIRECT] 
2025-02-15 14:27:43,434 [ERROR] LogOutputStream:75 - [STDERR_REDIRECT] Feb 15, 2025 2:27:43 PM java.util.prefs.FileSystemPreferences checkLockFile0ErrorCode
2025-02-15 14:27:43,434 [ERROR] LogOutputStream:75 - [STDERR_REDIRECT] WARNING: Could not lock System prefs. Unix error code 2.
2025-02-15 14:27:43,434 [ERROR] LogOutputStream:75 - [STDERR_REDIRECT] 
2025-02-15 14:27:43,434 [ERROR] LogOutputStream:75 - [STDERR_REDIRECT] Feb 15, 2025 2:27:43 PM java.util.prefs.FileSystemPreferences syncWorld
2025-02-15 14:27:43,434 [ERROR] LogOutputStream:75 - [STDERR_REDIRECT] WARNING: Couldn't flush system prefs: java.util.prefs.BackingStoreException: Couldn't get file lock.
2025-02-15 14:27:43,434 [ERROR] LogOutputStream:75 - [STDERR_REDIRECT] 
2025-02-15 14:28:13,433 [ERROR] LogOutputStream:75 - [STDERR_REDIRECT] Feb 15, 2025 2:28:13 PM java.util.prefs.FileSystemPreferences checkLockFile0ErrorCode
2025-02-15 14:28:13,433 [ERROR] LogOutputStream:75 - [STDERR_REDIRECT] WARNING: Could not lock System prefs. Unix error code 2.
2025-02-15 14:28:13,433 [ERROR] LogOutputStream:75 - [STDERR_REDIRECT] 
2025-02-15 14:28:13,434 [ERROR] LogOutputStream:75 - [STDERR_REDIRECT] Feb 15, 2025 2:28:13 PM java.util.prefs.FileSystemPreferences syncWorld
2025-02-15 14:28:13,434 [ERROR] LogOutputStream:75 - [STDERR_REDIRECT] WARNING: Couldn't flush system prefs: java.util.prefs.BackingStoreException: Couldn't get file lock.
2025-02-15 14:28:13,434 [ERROR] LogOutputStream:75 - [STDERR_REDIRECT] 
2025-02-15 14:28:43,433 [ERROR] LogOutputStream:75 - [STDERR_REDIRECT] Feb 15, 2025 2:28:43 PM java.util.prefs.FileSystemPreferences checkLockFile0ErrorCode
2025-02-15 14:28:43,433 [ERROR] LogOutputStream:75 - [STDERR_REDIRECT] WARNING: Could not lock System prefs. Unix error code 2.
2025-02-15 14:28:43,433 [ERROR] LogOutputStream:75 - [STDERR_REDIRECT] 
2025-02-15 14:28:43,434 [ERROR] LogOutputStream:75 - [STDERR_REDIRECT] Feb 15, 2025 2:28:43 PM java.util.prefs.FileSystemPreferences syncWorld
2025-02-15 14:28:43,434 [ERROR] LogOutputStream:75 - [STDERR_REDIRECT] WARNING: Couldn't flush system prefs: java.util.prefs.BackingStoreException: Couldn't get file lock.
2025-02-15 14:28:43,434 [ERROR] LogOutputStream:75 - [STDERR_REDIRECT] 
2025-02-15 14:29:13,433 [ERROR] LogOutputStream:75 - [STDERR_REDIRECT] Feb 15, 2025 2:29:13 PM java.util.prefs.FileSystemPreferences checkLockFile0ErrorCode
2025-02-15 14:29:13,433 [ERROR] LogOutputStream:75 - [STDERR_REDIRECT] WARNING: Could not lock System prefs. Unix error code 2.
2025-02-15 14:29:13,433 [ERROR] LogOutputStream:75 - [STDERR_REDIRECT] 
2025-02-15 14:29:13,434 [ERROR] LogOutputStream:75 - [STDERR_REDIRECT] Feb 15, 2025 2:29:13 PM java.util.prefs.FileSystemPreferences syncWorld
2025-02-15 14:29:13,434 [ERROR] LogOutputStream:75 - [STDERR_REDIRECT] WARNING: Couldn't flush system prefs: java.util.prefs.BackingStoreException: Couldn't get file lock.
2025-02-15 14:29:13,434 [ERROR] LogOutputStream:75 - [STDERR_REDIRECT] 
2025-02-15 14:29:43,433 [ERROR] LogOutputStream:75 - [STDERR_REDIRECT] Feb 15, 2025 2:29:43 PM java.util.prefs.FileSystemPreferences checkLockFile0ErrorCode
2025-02-15 14:29:43,433 [ERROR] LogOutputStream:75 - [STDERR_REDIRECT] WARNING: Could not lock System prefs. Unix error code 2.
2025-02-15 14:29:43,433 [ERROR] LogOutputStream:75 - [STDERR_REDIRECT] 
2025-02-15 14:29:43,434 [ERROR] LogOutputStream:75 - [STDERR_REDIRECT] Feb 15, 2025 2:29:43 PM java.util.prefs.FileSystemPreferences syncWorld
2025-02-15 14:29:43,434 [ERROR] LogOutputStream:75 - [STDERR_REDIRECT] WARNING: Couldn't flush system prefs: java.util.prefs.BackingStoreException: Couldn't get file lock.
2025-02-15 14:29:43,434 [ERROR] LogOutputStream:75 - [STDERR_REDIRECT] 
2025-02-15 14:30:13,433 [ERROR] LogOutputStream:75 - [STDERR_REDIRECT] Feb 15, 2025 2:30:13 PM java.util.prefs.FileSystemPreferences checkLockFile0ErrorCode
2025-02-15 14:30:13,433 [ERROR] LogOutputStream:75 - [STDERR_REDIRECT] WARNING: Could not lock System prefs. Unix error code 2.
2025-02-15 14:30:13,433 [ERROR] LogOutputStream:75 - [STDERR_REDIRECT] 
2025-02-15 14:30:13,433 [ERROR] LogOutputStream:75 - [STDERR_REDIRECT] Feb 15, 2025 2:30:13 PM java.util.prefs.FileSystemPreferences syncWorld
2025-02-15 14:30:13,433 [ERROR] LogOutputStream:75 - [STDERR_REDIRECT] WARNING: Couldn't flush system prefs: java.util.prefs.BackingStoreException: Couldn't get file lock.
2025-02-15 14:30:13,433 [ERROR] LogOutputStream:75 - [STDERR_REDIRECT] 
2025-02-15 14:30:43,433 [ERROR] LogOutputStream:75 - [STDERR_REDIRECT] Feb 15, 2025 2:30:43 PM java.util.prefs.FileSystemPreferences checkLockFile0ErrorCode
2025-02-15 14:30:43,434 [ERROR] LogOutputStream:75 - [STDERR_REDIRECT] WARNING: Could not lock System prefs. Unix error code 2.
2025-02-15 14:30:43,434 [ERROR] LogOutputStream:75 - [STDERR_REDIRECT] 
2025-02-15 14:30:43,434 [ERROR] LogOutputStream:75 - [STDERR_REDIRECT] Feb 15, 2025 2:30:43 PM java.util.prefs.FileSystemPreferences syncWorld
2025-02-15 14:30:43,434 [ERROR] LogOutputStream:75 - [STDERR_REDIRECT] WARNING: Couldn't flush system prefs: java.util.prefs.BackingStoreException: Couldn't get file lock.
2025-02-15 14:30:43,434 [ERROR] LogOutputStream:75 - [STDERR_REDIRECT] 
2025-02-15 14:31:13,434 [ERROR] LogOutputStream:75 - [STDERR_REDIRECT] Feb 15, 2025 2:31:13 PM java.util.prefs.FileSystemPreferences checkLockFile0ErrorCode
2025-02-15 14:31:13,434 [ERROR] LogOutputStream:75 - [STDERR_REDIRECT] WARNING: Could not lock System prefs. Unix error code 2.
2025-02-15 14:31:13,434 [ERROR] LogOutputStream:75 - [STDERR_REDIRECT] 
2025-02-15 14:31:13,435 [ERROR] LogOutputStream:75 - [STDERR_REDIRECT] Feb 15, 2025 2:31:13 PM java.util.prefs.FileSystemPreferences syncWorld
2025-02-15 14:31:13,435 [ERROR] LogOutputStream:75 - [STDERR_REDIRECT] WARNING: Couldn't flush system prefs: java.util.prefs.BackingStoreException: Couldn't get file lock.
2025-02-15 14:31:13,435 [ERROR] LogOutputStream:75 - [STDERR_REDIRECT] 
2025-02-15 14:31:43,434 [ERROR] LogOutputStream:75 - [STDERR_REDIRECT] Feb 15, 2025 2:31:43 PM java.util.prefs.FileSystemPreferences checkLockFile0ErrorCode
2025-02-15 14:31:43,434 [ERROR] LogOutputStream:75 - [STDERR_REDIRECT] WARNING: Could not lock System prefs. Unix error code 2.
2025-02-15 14:31:43,434 [ERROR] LogOutputStream:75 - [STDERR_REDIRECT] 
2025-02-15 14:31:43,434 [ERROR] LogOutputStream:75 - [STDERR_REDIRECT] Feb 15, 2025 2:31:43 PM java.util.prefs.FileSystemPreferences syncWorld
2025-02-15 14:31:43,434 [ERROR] LogOutputStream:75 - [STDERR_REDIRECT] WARNING: Couldn't flush system prefs: java.util.prefs.BackingStoreException: Couldn't get file lock.
2025-02-15 14:31:43,434 [ERROR] LogOutputStream:75 - [STDERR_REDIRECT] 
2025-02-15 14:32:16,333 [INFO] Activator:176 - 


2025-02-15 14:32:16,335 [INFO] Activator:177 - !SESSION log4j initialized
2025-02-15 14:32:17,686 [INFO] ApplicationProperties:184 - Using Application install path: /opt/st/stm32cubeide_1.17.0/plugins/com.st.stm32cube.common.mx_6.13.0.202411220809
2025-02-15 14:32:17,695 [INFO] DbMcusXml:78 - Set database path to: /opt/st/stm32cubeide_1.17.0/plugins/com.st.stm32cube.common.mx_6.13.0.202411220809//db//mcu/
2025-02-15 14:32:17,696 [INFO] ApiDb:274 - Set plugin database path to: /opt/st/stm32cubeide_1.17.0/plugins/com.st.stm32cube.common.mx_6.13.0.202411220809//db//plugins/boardmanager/
2025-02-15 14:32:17,696 [WARN] ApiDb:259 - Overriding images path with different value:  => /opt/st/stm32cubeide_1.17.0/plugins/com.st.stm32cube.common.mx_6.13.0.202411220809//db//plugins/mcufinder/images/
2025-02-15 14:32:17,698 [INFO] ApiDb:250 - Set database path to: /home/kemish/.stmcufinder/plugins/mcufinder//mcu/
2025-02-15 14:32:17,698 [INFO] DbMcusAds:125 - Set database path to: /home/kemish/.stmcufinder/plugins/mcufinder//mcu/
2025-02-15 14:32:17,734 [INFO] CrossReferenceDbSqlite:203 - Set database path to: /home/kemish/.stmcufinder/plugins/mcufinder//mcu/cs/
2025-02-15 14:32:17,802 [INFO] RulesReader:64 - Compatibility file has been processed (297 Rules)
2025-02-15 14:32:17,838 [INFO] DbMcusXml:78 - Set database path to: /opt/st/stm32cubeide_1.17.0/plugins/com.st.stm32cube.common.mx_6.13.0.202411220809//db//mcu/
2025-02-15 14:32:17,838 [INFO] ApiDb:274 - Set plugin database path to: /opt/st/stm32cubeide_1.17.0/plugins/com.st.stm32cube.common.mx_6.13.0.202411220809//db//plugins/boardmanager/
2025-02-15 14:32:17,839 [INFO] ApiDb:261 - Set plugin images path to: /opt/st/stm32cubeide_1.17.0/plugins/com.st.stm32cube.common.mx_6.13.0.202411220809//db//plugins/mcufinder/images/
2025-02-15 14:32:17,839 [WARN] DbFile:41 - Overriding database path with different value: /home/kemish/.stmcufinder/plugins/mcufinder/ => /home/kemish/.stmcufinder/plugins/mcufinder
2025-02-15 14:32:17,839 [INFO] ApiDb:250 - Set database path to: /home/kemish/.stmcufinder/plugins/mcufinder//mcu/
2025-02-15 14:32:17,839 [WARN] DbFile:41 - Overriding database path with different value: /home/kemish/.stmcufinder/plugins/mcufinder/ => /home/kemish/.stmcufinder/plugins/mcufinder
2025-02-15 14:32:17,839 [INFO] DbMcusAds:125 - Set database path to: /home/kemish/.stmcufinder/plugins/mcufinder//mcu/
2025-02-15 14:32:17,839 [WARN] DbFile:41 - Overriding database path with different value: /home/kemish/.stmcufinder/plugins/mcufinder/ => /home/kemish/.stmcufinder/plugins/mcufinder
2025-02-15 14:32:17,839 [WARN] DbFile:41 - Overriding database path with different value: /home/kemish/.stmcufinder/plugins/mcufinder/ => /home/kemish/.stmcufinder/plugins/mcufinder
2025-02-15 14:32:17,839 [INFO] CrossReferenceDbSqlite:203 - Set database path to: /home/kemish/.stmcufinder/plugins/mcufinder//mcu/cs/
2025-02-15 14:32:17,872 [INFO] MainPanel:272 - HeapMemory: 268435456
2025-02-15 14:32:17,932 [INFO] DbMcusXml:78 - Set database path to: /opt/st/stm32cubeide_1.17.0/plugins/com.st.stm32cube.common.mx_6.13.0.202411220809//db//mcu/
2025-02-15 14:32:17,932 [INFO] ApiDb:274 - Set plugin database path to: /opt/st/stm32cubeide_1.17.0/plugins/com.st.stm32cube.common.mx_6.13.0.202411220809//db//plugins/boardmanager/
2025-02-15 14:32:17,932 [INFO] ApiDb:261 - Set plugin images path to: /opt/st/stm32cubeide_1.17.0/plugins/com.st.stm32cube.common.mx_6.13.0.202411220809//db//plugins/mcufinder/images/
2025-02-15 14:32:17,933 [WARN] DbFile:41 - Overriding database path with different value: /home/kemish/.stmcufinder/plugins/mcufinder/ => /home/kemish/.stmcufinder/plugins/mcufinder
2025-02-15 14:32:17,933 [INFO] ApiDb:250 - Set database path to: /home/kemish/.stmcufinder/plugins/mcufinder//mcu/
2025-02-15 14:32:17,933 [WARN] DbFile:41 - Overriding database path with different value: /home/kemish/.stmcufinder/plugins/mcufinder/ => /home/kemish/.stmcufinder/plugins/mcufinder
2025-02-15 14:32:17,933 [INFO] DbMcusAds:125 - Set database path to: /home/kemish/.stmcufinder/plugins/mcufinder//mcu/
2025-02-15 14:32:17,933 [WARN] DbFile:41 - Overriding database path with different value: /home/kemish/.stmcufinder/plugins/mcufinder/ => /home/kemish/.stmcufinder/plugins/mcufinder
2025-02-15 14:32:17,933 [WARN] DbFile:41 - Overriding database path with different value: /home/kemish/.stmcufinder/plugins/mcufinder/ => /home/kemish/.stmcufinder/plugins/mcufinder
2025-02-15 14:32:17,933 [INFO] CrossReferenceDbSqlite:203 - Set database path to: /home/kemish/.stmcufinder/plugins/mcufinder//mcu/cs/
2025-02-15 14:32:17,941 [INFO] ApplicationProperties:184 - Using Application install path: /opt/st/stm32cubeide_1.17.0/plugins/com.st.stm32cube.common.mx_6.13.0.202411220809
2025-02-15 14:32:17,942 [INFO] PluginManage:196 - Search for loadable plugins [exclusion list=, ]
2025-02-15 14:32:17,942 [INFO] PluginManage:310 - Check plugin analytics
2025-02-15 14:32:18,104 [INFO] AnalyticsPlugin:253 - Accepted Software Licenses: 
2025-02-15 14:32:18,104 [INFO] AnalyticsPlugin:255 - Accepted CMSIS Pack Licenses: 
2025-02-15 14:32:18,104 [INFO] AnalyticsPlugin:257 - Accepted Firmware Licenses: 
2025-02-15 14:32:18,106 [INFO] PluginManage:359 - Loaded plugin analytics (category:tool,tabindex:-1)
2025-02-15 14:32:18,106 [INFO] PluginManage:310 - Check plugin cadmodel
2025-02-15 14:32:18,108 [INFO] CADModel:105 - Init CAD model plugin
2025-02-15 14:32:18,108 [INFO] PluginManage:359 - Loaded plugin cadmodel (category:power,tabindex:5)
2025-02-15 14:32:18,108 [INFO] PluginManage:310 - Check plugin clock
2025-02-15 14:32:18,113 [INFO] PluginManage:359 - Loaded plugin clock (category:base,tabindex:2)
2025-02-15 14:32:18,113 [INFO] PluginManage:310 - Check plugin ddr
2025-02-15 14:32:18,115 [INFO] PluginManage:359 - Loaded plugin ddr (category:tool,tabindex:6)
2025-02-15 14:32:18,115 [INFO] PluginManage:310 - Check plugin filemanager
2025-02-15 14:32:18,214 [INFO] PluginManage:359 - Loaded plugin filemanager (category:base,tabindex:10)
2025-02-15 14:32:18,215 [INFO] PluginManage:310 - Check plugin ipmanager
2025-02-15 14:32:18,219 [INFO] PluginManage:359 - Loaded plugin ipmanager (category:base,tabindex:5)
2025-02-15 14:32:18,219 [INFO] PluginManage:310 - Check plugin lpbam
2025-02-15 14:32:18,225 [INFO] PluginManage:359 - Loaded plugin lpbam (category:base,tabindex:0)
2025-02-15 14:32:18,225 [INFO] PluginManage:310 - Check plugin memorymap
2025-02-15 14:32:18,232 [INFO] PluginManage:359 - Loaded plugin memorymap (category:base,tabindex:4)
2025-02-15 14:32:18,232 [INFO] PluginManage:310 - Check plugin pinoutandconfiguration
2025-02-15 14:32:18,237 [INFO] PluginManage:359 - Loaded plugin pinoutandconfiguration (category:base,tabindex:1)
2025-02-15 14:32:18,238 [INFO] PluginManage:310 - Check plugin pinoutconfig
2025-02-15 14:32:18,294 [WARN] SupportedApi:132 - Cannot load RTOS API schema: s4s-elt-must-match.1: The content of 'definitions' must match (annotation?, (simpleType | complexType)?, (unique | key | keyref)*)). A problem was found starting at: attribute.
2025-02-15 14:32:18,381 [INFO] PluginManage:359 - Loaded plugin pinoutconfig (category:base,tabindex:0)
2025-02-15 14:32:18,381 [INFO] PluginManage:310 - Check plugin power
2025-02-15 14:32:18,386 [INFO] PluginManage:359 - Loaded plugin power (category:power,tabindex:4)
2025-02-15 14:32:18,387 [INFO] PluginManage:310 - Check plugin projectmanager
2025-02-15 14:32:18,397 [INFO] PluginManage:359 - Loaded plugin projectmanager (category:projectmanager,tabindex:4)
2025-02-15 14:32:18,397 [INFO] PluginManage:310 - Check plugin rif
2025-02-15 14:32:18,401 [INFO] PluginManage:359 - Loaded plugin rif (category:base,tabindex:3)
2025-02-15 14:32:18,402 [INFO] PluginManage:310 - Check plugin thirdparty
2025-02-15 14:32:18,485 [INFO] PluginManage:359 - Loaded plugin thirdparty (category:base,tabindex:-1)
2025-02-15 14:32:18,485 [WARN] IntegrityCheckThread:84 - waiting for thirdparty lock release [integrity check]
2025-02-15 14:32:18,485 [INFO] PluginManage:310 - Check plugin tools
2025-02-15 14:32:18,485 [INFO] IntegrityCheckThread:86 - entering critical section [integrity check]
2025-02-15 14:32:18,486 [INFO] ThirdPartyUpdaterWithRetryManager:70 - Updater plugin not ready yet. [1/15]
2025-02-15 14:32:18,487 [INFO] PluginManage:359 - Loaded plugin tools (category:base,tabindex:7)
2025-02-15 14:32:18,487 [INFO] PluginManage:310 - Check plugin tutovideos
2025-02-15 14:32:18,589 [INFO] PluginManage:359 - Loaded plugin tutovideos (category:base,tabindex:-1)
2025-02-15 14:32:18,590 [INFO] PluginManage:310 - Check plugin updater
2025-02-15 14:32:18,603 [INFO] PluginManage:359 - Loaded plugin updater (category:base,tabindex:12)
2025-02-15 14:32:18,603 [INFO] PluginManage:310 - Check plugin userauth
2025-02-15 14:32:18,605 [INFO] UserAuth:118 - Init User Auth plugin
2025-02-15 14:32:18,606 [INFO] PluginManage:359 - Loaded plugin userauth (category:base,tabindex:14)
2025-02-15 14:32:18,606 [INFO] PluginManage:283 - PluginManage : Loaded plugins [18]
2025-02-15 14:32:18,742 [INFO] PinOutPanel:1589 - setPackage(No Configuration,No Configuration)
2025-02-15 14:32:18,783 [INFO] CADModel:165 - CPN selected for project level
2025-02-15 14:32:18,783 [INFO] CADModel:114 - Register for checkConnection events
2025-02-15 14:32:18,789 [INFO] IPUIPlugin:80 - create IPUIPlugin
2025-02-15 14:32:18,789 [INFO] PluginManager:220 - loadIPPluginJar : add aes
2025-02-15 14:32:18,790 [INFO] IPUIPlugin:80 - create IPUIPlugin
2025-02-15 14:32:18,790 [INFO] PluginManager:220 - loadIPPluginJar : add tim
2025-02-15 14:32:18,793 [INFO] IPUIPlugin:80 - create IPUIPlugin
2025-02-15 14:32:18,794 [INFO] PluginManager:220 - loadIPPluginJar : add linkedlist
2025-02-15 14:32:18,795 [INFO] IPUIPlugin:80 - create IPUIPlugin
2025-02-15 14:32:18,795 [INFO] PluginManager:220 - loadIPPluginJar : add openamp
2025-02-15 14:32:18,798 [INFO] IPUIPlugin:80 - create IPUIPlugin
2025-02-15 14:32:18,799 [INFO] PluginManager:220 - loadIPPluginJar : add plateformsettings
2025-02-15 14:32:18,802 [INFO] IPUIPlugin:80 - create IPUIPlugin
2025-02-15 14:32:18,803 [INFO] PluginManager:220 - loadIPPluginJar : add mdma
2025-02-15 14:32:18,804 [INFO] IPUIPlugin:80 - create IPUIPlugin
2025-02-15 14:32:18,804 [INFO] PluginManager:220 - loadIPPluginJar : add spi
2025-02-15 14:32:18,806 [INFO] IPUIPlugin:80 - create IPUIPlugin
2025-02-15 14:32:18,806 [INFO] PluginManager:220 - loadIPPluginJar : add freertos
2025-02-15 14:32:18,808 [INFO] IPUIPlugin:80 - create IPUIPlugin
2025-02-15 14:32:18,808 [INFO] PluginManager:220 - loadIPPluginJar : add ipddr
2025-02-15 14:32:18,809 [INFO] IPUIPlugin:80 - create IPUIPlugin
2025-02-15 14:32:18,809 [INFO] PluginManager:220 - loadIPPluginJar : add sai
2025-02-15 14:32:18,810 [INFO] IPUIPlugin:80 - create IPUIPlugin
2025-02-15 14:32:18,811 [INFO] PluginManager:220 - loadIPPluginJar : add can
2025-02-15 14:32:18,811 [INFO] IPUIPlugin:80 - create IPUIPlugin
2025-02-15 14:32:18,811 [INFO] PluginManager:220 - loadIPPluginJar : add genericplugin
2025-02-15 14:32:18,812 [INFO] IPUIPlugin:80 - create IPUIPlugin
2025-02-15 14:32:18,813 [INFO] PluginManager:220 - loadIPPluginJar : add i3c
2025-02-15 14:32:18,813 [INFO] IPUIPlugin:80 - create IPUIPlugin
2025-02-15 14:32:18,814 [INFO] PluginManager:220 - loadIPPluginJar : add hash
2025-02-15 14:32:18,814 [INFO] IPUIPlugin:80 - create IPUIPlugin
2025-02-15 14:32:18,814 [INFO] PluginManager:220 - loadIPPluginJar : add ltdc
2025-02-15 14:32:18,815 [INFO] IPUIPlugin:80 - create IPUIPlugin
2025-02-15 14:32:18,816 [INFO] PluginManager:220 - loadIPPluginJar : add radio
2025-02-15 14:32:18,816 [INFO] IPUIPlugin:80 - create IPUIPlugin
2025-02-15 14:32:18,816 [INFO] PluginManager:220 - loadIPPluginJar : add ucpd
2025-02-15 14:32:18,817 [INFO] IPUIPlugin:80 - create IPUIPlugin
2025-02-15 14:32:18,817 [INFO] PluginManager:220 - loadIPPluginJar : add tracer_emb
2025-02-15 14:32:18,818 [INFO] IPUIPlugin:80 - create IPUIPlugin
2025-02-15 14:32:18,818 [INFO] PluginManager:220 - loadIPPluginJar : add cryp
2025-02-15 14:32:18,819 [INFO] IPUIPlugin:80 - create IPUIPlugin
2025-02-15 14:32:18,819 [INFO] PluginManager:220 - loadIPPluginJar : add ts
2025-02-15 14:32:18,820 [INFO] IPUIPlugin:80 - create IPUIPlugin
2025-02-15 14:32:18,820 [INFO] PluginManager:220 - loadIPPluginJar : add comp
2025-02-15 14:32:18,821 [INFO] IPUIPlugin:80 - create IPUIPlugin
2025-02-15 14:32:18,821 [INFO] PluginManager:220 - loadIPPluginJar : add dma3
2025-02-15 14:32:18,822 [INFO] IPUIPlugin:80 - create IPUIPlugin
2025-02-15 14:32:18,822 [INFO] PluginManager:220 - loadIPPluginJar : add touchsensing
2025-02-15 14:32:18,823 [INFO] IPUIPlugin:80 - create IPUIPlugin
2025-02-15 14:32:18,823 [INFO] PluginManager:220 - loadIPPluginJar : add lorawan
2025-02-15 14:32:18,825 [INFO] IPUIPlugin:80 - create IPUIPlugin
2025-02-15 14:32:18,825 [INFO] PluginManager:220 - loadIPPluginJar : add ddr_ctrl_phy
2025-02-15 14:32:18,826 [INFO] IPUIPlugin:80 - create IPUIPlugin
2025-02-15 14:32:18,826 [INFO] PluginManager:220 - loadIPPluginJar : add extmemmanager
2025-02-15 14:32:18,828 [INFO] IPUIPlugin:80 - create IPUIPlugin
2025-02-15 14:32:18,828 [INFO] PluginManager:220 - loadIPPluginJar : add resmgrutility
2025-02-15 14:32:18,829 [INFO] IPUIPlugin:80 - create IPUIPlugin
2025-02-15 14:32:18,829 [INFO] PluginManager:220 - loadIPPluginJar : add quadspi
2025-02-15 14:32:18,830 [INFO] IPUIPlugin:80 - create IPUIPlugin
2025-02-15 14:32:18,830 [INFO] PluginManager:220 - loadIPPluginJar : add usart
2025-02-15 14:32:18,832 [INFO] IPUIPlugin:80 - create IPUIPlugin
2025-02-15 14:32:18,832 [INFO] PluginManager:220 - loadIPPluginJar : add nvic
2025-02-15 14:32:18,834 [INFO] IPUIPlugin:80 - create IPUIPlugin
2025-02-15 14:32:18,834 [INFO] PluginManager:220 - loadIPPluginJar : add gic
2025-02-15 14:32:18,836 [INFO] IPUIPlugin:80 - create IPUIPlugin
2025-02-15 14:32:18,836 [INFO] PluginManager:220 - loadIPPluginJar : add i2s
2025-02-15 14:32:18,838 [INFO] IPUIPlugin:80 - create IPUIPlugin
2025-02-15 14:32:18,838 [INFO] PluginManager:220 - loadIPPluginJar : add gpio
2025-02-15 14:32:18,839 [INFO] IPUIPlugin:80 - create IPUIPlugin
2025-02-15 14:32:18,839 [INFO] PluginManager:220 - loadIPPluginJar : add pdm2pcm
2025-02-15 14:32:18,841 [INFO] IPUIPlugin:80 - create IPUIPlugin
2025-02-15 14:32:18,841 [INFO] PluginManager:220 - loadIPPluginJar : add usbx
2025-02-15 14:32:18,843 [INFO] IPUIPlugin:80 - create IPUIPlugin
2025-02-15 14:32:18,843 [INFO] PluginManager:220 - loadIPPluginJar : add fmc
2025-02-15 14:32:18,844 [INFO] IPUIPlugin:80 - create IPUIPlugin
2025-02-15 14:32:18,844 [INFO] PluginManager:220 - loadIPPluginJar : add i2c
2025-02-15 14:32:18,847 [INFO] IPUIPlugin:80 - create IPUIPlugin
2025-02-15 14:32:18,847 [INFO] PluginManager:220 - loadIPPluginJar : add adc
2025-02-15 14:32:18,848 [INFO] IPUIPlugin:80 - create IPUIPlugin
2025-02-15 14:32:18,848 [INFO] PluginManager:220 - loadIPPluginJar : add dfsdm
2025-02-15 14:32:18,851 [INFO] IPUIPlugin:80 - create IPUIPlugin
2025-02-15 14:32:18,852 [INFO] PluginManager:220 - loadIPPluginJar : add dma
2025-02-15 14:32:18,853 [INFO] IPUIPlugin:80 - create IPUIPlugin
2025-02-15 14:32:18,853 [INFO] PluginManager:220 - loadIPPluginJar : add opamp
2025-02-15 14:32:18,854 [INFO] IPUIPlugin:80 - create IPUIPlugin
2025-02-15 14:32:18,854 [INFO] PluginManager:220 - loadIPPluginJar : add tsc
2025-02-15 14:32:18,857 [INFO] IPUIPlugin:80 - create IPUIPlugin
2025-02-15 14:32:18,857 [INFO] PluginManager:220 - loadIPPluginJar : add stm32_wpan
2025-02-15 14:32:18,858 [INFO] IPUIPlugin:80 - create IPUIPlugin
2025-02-15 14:32:18,858 [INFO] PluginManager:220 - loadIPPluginJar : add gfxmmu
2025-02-15 14:32:18,858 [INFO] IPUIPlugin:80 - create IPUIPlugin
2025-02-15 14:32:18,859 [INFO] PluginManager:220 - loadIPPluginJar : add fatfs
2025-02-15 14:32:18,860 [INFO] IPUIPlugin:80 - create IPUIPlugin
2025-02-15 14:32:18,860 [INFO] PluginManager:220 - loadIPPluginJar : add gtzc
2025-02-15 14:32:18,952 [FATAL] Updater:351 - Updater called before beeing initialized
2025-02-15 14:32:18,967 [INFO] RulesReader:64 - Compatibility file has been processed (297 Rules)
2025-02-15 14:32:18,974 [INFO] RulesReader:64 - Compatibility file has been processed (297 Rules)
2025-02-15 14:32:18,978 [INFO] CADModel:165 - CPN selected for project level
2025-02-15 14:32:18,978 [INFO] CADModel:114 - Register for checkConnection events
2025-02-15 14:32:18,978 [FATAL] Updater:351 - Updater called before beeing initialized
2025-02-15 14:32:18,978 [ERROR] CADModel:125 - Updater not yet initialized, retry later 
2025-02-15 14:32:19,050 [FATAL] Updater:351 - Updater called before beeing initialized
2025-02-15 14:32:19,051 [INFO] CADModel:165 - CPN selected for project level
2025-02-15 14:32:19,051 [INFO] CADModel:114 - Register for checkConnection events
2025-02-15 14:32:19,051 [FATAL] Updater:351 - Updater called before beeing initialized
2025-02-15 14:32:19,051 [ERROR] CADModel:125 - Updater not yet initialized, retry later 
2025-02-15 14:32:19,053 [FATAL] Updater:351 - Updater called before beeing initialized
2025-02-15 14:32:19,101 [FATAL] Updater:351 - Updater called before beeing initialized
2025-02-15 14:32:19,104 [INFO] DbMcusAds:53 - JSON generation date=Tue Dec 17 17:01:15 CET 2024 (1734451275111)
2025-02-15 14:32:19,104 [FATAL] Updater:351 - Updater called before beeing initialized
2025-02-15 14:32:19,125 [WARN] DetailPanel:346 - Failed to get advertising image, set to default
2025-02-15 14:32:19,314 [FATAL] Updater:351 - Updater called before beeing initialized
2025-02-15 14:32:19,314 [FATAL] Updater:351 - Updater called before beeing initialized
2025-02-15 14:32:19,315 [FATAL] Updater:351 - Updater called before beeing initialized
2025-02-15 14:32:19,315 [WARN] DetailPanel:346 - Failed to get advertising image, set to default
2025-02-15 14:32:19,315 [FATAL] Updater:351 - Updater called before beeing initialized
2025-02-15 14:32:19,337 [ERROR] Updater:1198 - MainUpdater not yet initialized. External WinMGr cannot be set.
2025-02-15 14:32:19,338 [INFO] Updater:1134 - Updater Version found : 6.13.0
2025-02-15 14:32:19,347 [INFO] ApplicationProperties:184 - Using Application install path: /opt/st/stm32cubeide_1.17.0/plugins/com.st.stm32cube.common.mx_6.13.0.202411220809
2025-02-15 14:32:19,355 [ERROR] LogOutputStream:75 - [STDERR_REDIRECT] Feb 15, 2025 2:32:19 PM java.util.prefs.FileSystemPreferences$2 run
2025-02-15 14:32:19,356 [ERROR] LogOutputStream:75 - [STDERR_REDIRECT] WARNING: Could not create system preferences directory. System preferences are unusable.
2025-02-15 14:32:19,356 [ERROR] LogOutputStream:75 - [STDERR_REDIRECT] 
2025-02-15 14:32:19,549 [INFO] MainUpdater:2872 - connection check result : 10
2025-02-15 14:32:19,549 [INFO] MainUpdater:289 - Updater Check For Update Now.
2025-02-15 14:32:19,549 [INFO] MicroXplorer:498 - Change Database Version : DB.6.0.130
2025-02-15 14:32:19,696 [INFO] CheckServerUpdateThread:120 - End of CheckServer Thread
2025-02-15 14:32:19,757 [INFO] MainUpdater:2872 - connection check result : 10
2025-02-15 14:32:19,757 [INFO] MainUpdater:2872 - connection check result : 10
2025-02-15 14:32:21,551 [WARN] PackLoader:240 - Cannot read IP mode file for STMicroelectronics.FP-SNS-MOTENVWB1.1.4.0
2025-02-15 14:32:21,556 [WARN] PackLoader:240 - Cannot read IP mode file for STMicroelectronics.FP-ATR-ASTRA1.2.0.1
2025-02-15 14:32:21,560 [WARN] PackLoader:240 - Cannot read IP mode file for STMicroelectronics.X-CUBE-SMBUS.2.1.0
2025-02-15 14:32:21,565 [WARN] PackLoader:240 - Cannot read IP mode file for STMicroelectronics.X-CUBE-WB05N.1.1.0
2025-02-15 14:32:21,586 [WARN] PackLoader:240 - Cannot read IP mode file for STMicroelectronics.X-CUBE-AZRTOS-F7.1.1.0
2025-02-15 14:32:21,591 [WARN] PackLoader:240 - Cannot read IP mode file for STMicroelectronics.FP-SNS-FLIGHT1.5.0.2
2025-02-15 14:32:21,608 [WARN] PackLoader:240 - Cannot read IP mode file for Infineon.AIROC-Wi-Fi-Bluetooth-STM32.1.7.0
2025-02-15 14:32:21,616 [WARN] PackLoader:240 - Cannot read IP mode file for STMicroelectronics.X-CUBE-DISPLAY.3.0.0
2025-02-15 14:32:21,622 [WARN] PackLoader:240 - Cannot read IP mode file for STMicroelectronics.X-CUBE-BLE1.7.0.0
2025-02-15 14:32:21,632 [WARN] PackLoader:240 - Cannot read IP mode file for STMicroelectronics.X-CUBE-NFC10.1.0.0
2025-02-15 14:32:21,644 [WARN] PackLoader:240 - Cannot read IP mode file for STMicroelectronics.X-CUBE-BLEMGR.4.0.0
2025-02-15 14:32:21,652 [WARN] PackLoader:240 - Cannot read IP mode file for emotas.I-CUBE-CANOPEN.1.3.0
2025-02-15 14:32:21,655 [WARN] PackLoader:240 - Cannot read IP mode file for STMicroelectronics.X-CUBE-AI.10.0.0
2025-02-15 14:32:21,658 [WARN] PackLoader:240 - Cannot read IP mode file for STMicroelectronics.FP-SNS-SMARTAG2.1.2.0
2025-02-15 14:32:21,694 [WARN] PackLoader:240 - Cannot read IP mode file for STMicroelectronics.X-CUBE-MEMS1.11.1.0
2025-02-15 14:32:21,786 [INFO] LogOutputStream:77 - [STDOUT_REDIRECT] 1 : Invalid condition id : UX_CORESTACK_Condition cause : null
2025-02-15 14:32:21,786 [INFO] LogOutputStream:77 - [STDOUT_REDIRECT] 1 : Invalid condition id : UX_CORESTACK_Condition cause : null
2025-02-15 14:32:21,786 [INFO] LogOutputStream:77 - [STDOUT_REDIRECT] 1 : Invalid condition id : UX_CORESTACK_Condition cause : null
2025-02-15 14:32:21,787 [INFO] LogOutputStream:77 - [STDOUT_REDIRECT] 1 : Invalid condition id : UX_CORESTACK_Condition cause : null
2025-02-15 14:32:21,787 [INFO] LogOutputStream:77 - [STDOUT_REDIRECT] 1 : Invalid condition id : UX_CORESTACK_Condition cause : null
2025-02-15 14:32:21,789 [WARN] PackLoader:240 - Cannot read IP mode file for STMicroelectronics.X-CUBE-AZRTOS-WL.2.0.0
2025-02-15 14:32:21,792 [WARN] PackLoader:240 - Cannot read IP mode file for STMicroelectronics.FP-SNS-MOTENV1.5.0.0
2025-02-15 14:32:21,795 [WARN] PackLoader:240 - Cannot read IP mode file for wolfSSL.I-CUBE-wolfMQTT.1.19.0
2025-02-15 14:32:21,798 [WARN] PackLoader:240 - Cannot read IP mode file for WES.I-CUBE-Cesium.1.3.0
2025-02-15 14:32:21,800 [WARN] PackLoader:240 - Cannot read IP mode file for STMicroelectronics.X-CUBE-BLE2.3.3.0
2025-02-15 14:32:21,803 [WARN] PackLoader:240 - Cannot read IP mode file for STMicroelectronics.X-CUBE-NFC9.1.0.0
2025-02-15 14:32:21,815 [WARN] PackLoader:240 - Cannot read IP mode file for STMicroelectronics.X-CUBE-AZRTOS-G0.1.1.0
2025-02-15 14:32:21,819 [WARN] PackLoader:240 - Cannot read IP mode file for STMicroelectronics.X-CUBE-SAFEA1.1.2.2
2025-02-15 14:32:21,823 [WARN] PackLoader:240 - Cannot read IP mode file for STMicroelectronics.X-CUBE-NFC4.3.0.0
2025-02-15 14:32:21,833 [WARN] PackLoader:240 - Cannot read IP mode file for EmbeddedOffice.I-CUBE-FS-RTOS.1.0.1
2025-02-15 14:32:21,836 [WARN] PackLoader:240 - Cannot read IP mode file for STMicroelectronics.X-CUBE-TCPP.4.2.0
2025-02-15 14:32:21,839 [WARN] PackLoader:240 - Cannot read IP mode file for RealThread.X-CUBE-RT-Thread_Nano.4.1.1
2025-02-15 14:32:21,841 [WARN] PackLoader:240 - Cannot read IP mode file for STMicroelectronics.FP-ATR-SIGFOX1.3.2.0
2025-02-15 14:32:21,843 [WARN] ConditionMgr:438 - getConditionDescription Invalid condition id : Cortex-A Device cause : null
2025-02-15 14:32:21,851 [WARN] ConditionMgr:1044 - genDependencies : Invalid condition id : Cortex-A Device cause : null
2025-02-15 14:32:21,851 [WARN] ConditionMgr:1044 - genDependencies : Invalid condition id : Cortex-A Device cause : null
2025-02-15 14:32:21,851 [WARN] ConditionMgr:1044 - genDependencies : Invalid condition id : Cortex-A Device cause : null
2025-02-15 14:32:21,854 [WARN] PackLoader:240 - Cannot read IP mode file for STMicroelectronics.X-CUBE-EEPRMA1.5.1.0
2025-02-15 14:32:21,857 [WARN] PackLoader:240 - Cannot read IP mode file for wolfSSL.I-CUBE-wolfSSL.5.7.4
2025-02-15 14:32:21,860 [WARN] PackLoader:240 - Cannot read IP mode file for ITTIA_DB.I-CUBE-ITTIADB.8.9.0
2025-02-15 14:32:21,879 [WARN] PackLoader:240 - Cannot read IP mode file for SEGGER.I-CUBE-embOS.1.3.1
2025-02-15 14:32:21,904 [WARN] PackLoader:240 - Cannot read IP mode file for STMicroelectronics.X-CUBE-ALGOBUILD.1.4.0
2025-02-15 14:32:21,906 [WARN] PackLoader:240 - Cannot read IP mode file for STMicroelectronics.X-CUBE-AI.9.1.0
2025-02-15 14:32:21,914 [WARN] PackLoader:240 - Cannot read IP mode file for STMicroelectronics.X-CUBE-AZRTOS-F4.1.1.0
2025-02-15 14:32:21,917 [WARN] PackLoader:240 - Cannot read IP mode file for STMicroelectronics.X-CUBE-ISPU.2.1.0
2025-02-15 14:32:21,926 [WARN] PackLoader:240 - Cannot read IP mode file for STMicroelectronics.X-CUBE-AZRTOS-L5.2.0.0
2025-02-15 14:32:21,931 [WARN] PackLoader:240 - Cannot read IP mode file for STMicroelectronics.X-CUBE-NFC6.3.1.0
2025-02-15 14:32:21,934 [WARN] PackLoader:240 - Cannot read IP mode file for STMicroelectronics.X-CUBE-DPower.1.2.0
2025-02-15 14:32:21,937 [WARN] PackLoader:240 - Cannot read IP mode file for STMicroelectronics.X-CUBE-FREERTOS.1.3.0
2025-02-15 14:32:21,939 [WARN] PackLoader:240 - Cannot read IP mode file for STMicroelectronics.X-CUBE-NFC7.1.0.1
2025-02-15 14:32:21,949 [WARN] ConditionMgr:438 - getConditionDescription Invalid condition id : LAN8742 Phy interface Condition cause : null
2025-02-15 14:32:21,949 [WARN] PackLoader:240 - Cannot read IP mode file for STMicroelectronics.X-CUBE-AZRTOS-L4.2.0.0
2025-02-15 14:32:21,950 [WARN] ConditionMgr:1044 - genDependencies : Invalid condition id : LAN8742 Phy interface Condition cause : null
2025-02-15 14:32:21,950 [WARN] ConditionMgr:1044 - genDependencies : Invalid condition id : LAN8742 Phy interface Condition cause : null
2025-02-15 14:32:21,950 [WARN] ConditionMgr:1044 - genDependencies : Invalid condition id : LAN8742 Phy interface Condition cause : null
2025-02-15 14:32:21,954 [WARN] PackLoader:240 - Cannot read IP mode file for STMicroelectronics.X-CUBE-SFXS2LP1.4.0.0
2025-02-15 14:32:21,965 [WARN] PackLoader:240 - Cannot read IP mode file for STMicroelectronics.X-CUBE-AZRTOS-H7.3.3.0
2025-02-15 14:32:21,973 [WARN] ConditionMgr:438 - getConditionDescription Invalid condition id : UX DEVICE CLASS RTOS Condition cause : null
2025-02-15 14:32:21,974 [WARN] ConditionMgr:438 - getConditionDescription Invalid condition id : UX DEVICE CLASS RTOS Condition cause : null
2025-02-15 14:32:21,975 [WARN] PackLoader:240 - Cannot read IP mode file for STMicroelectronics.X-CUBE-AZRTOS-WB.2.0.0
2025-02-15 14:32:21,975 [WARN] ConditionMgr:1044 - genDependencies : Invalid condition id : UX DEVICE CLASS RTOS Condition cause : null
2025-02-15 14:32:21,975 [WARN] ConditionMgr:1044 - genDependencies : Invalid condition id : UX DEVICE CLASS RTOS Condition cause : null
2025-02-15 14:32:21,975 [WARN] ConditionMgr:1044 - genDependencies : Invalid condition id : UX DEVICE CLASS RTOS Condition cause : null
2025-02-15 14:32:21,976 [WARN] ConditionMgr:1044 - genDependencies : Invalid condition id : UX DEVICE CLASS RTOS Condition cause : null
2025-02-15 14:32:21,976 [WARN] ConditionMgr:1044 - genDependencies : Invalid condition id : UX DEVICE CLASS RTOS Condition cause : null
2025-02-15 14:32:21,978 [WARN] PackLoader:240 - Cannot read IP mode file for STMicroelectronics.X-CUBE-GNSS1.7.0.1
2025-02-15 14:32:21,983 [WARN] PackLoader:240 - Cannot read IP mode file for STMicroelectronics.FP-SNS-STBOX1.2.0.0
2025-02-15 14:32:21,990 [WARN] PackLoader:240 - Cannot read IP mode file for STMicroelectronics.X-CUBE-SUBG2.5.0.0
2025-02-15 14:32:21,994 [WARN] PackLoader:240 - Cannot read IP mode file for Cesanta.I-CUBE-Mongoose.7.13.0
2025-02-15 14:32:22,006 [WARN] PackLoader:240 - Cannot read IP mode file for STMicroelectronics.X-CUBE-AZRTOS-G4.2.0.0
2025-02-15 14:32:22,022 [WARN] PackLoader:240 - Cannot read IP mode file for STMicroelectronics.X-CUBE-IPS.3.1.0
2025-02-15 14:32:22,031 [WARN] PackLoader:240 - Cannot read IP mode file for STMicroelectronics.X-CUBE-ALS.1.0.2
2025-02-15 14:32:22,034 [WARN] PackLoader:240 - Cannot read IP mode file for STMicroelectronics.X-CUBE-TOUCHGFX.4.24.2
2025-02-15 14:32:22,036 [WARN] PackLoader:240 - Cannot read IP mode file for wolfSSL.I-CUBE-wolfTPM.3.4.0
2025-02-15 14:32:22,047 [WARN] PackLoader:240 - Cannot read IP mode file for portGmbH.I-Cube-SoM-uGOAL.1.1.0
2025-02-15 14:32:22,063 [WARN] PackLoader:240 - Cannot read IP mode file for STMicroelectronics.X-CUBE-AZRTOS-H7RS.1.0.0
2025-02-15 14:32:22,071 [WARN] PackLoader:240 - Cannot read IP mode file for STMicroelectronics.X-CUBE-TOF1.3.4.2
2025-02-15 14:32:22,077 [WARN] PackLoader:240 - Cannot read IP mode file for wolfSSL.I-CUBE-wolfSSH.1.4.17
2025-02-15 14:32:22,078 [INFO] ThirdParty:978 - Integrity check success = true
2025-02-15 14:32:22,078 [INFO] IntegrityCheckThread:100 - exiting critical section [integrity check]
2025-02-15 14:32:22,078 [INFO] IntegrityCheckThread:103 - End integrity checks thread
2025-02-15 14:32:49,374 [ERROR] LogOutputStream:75 - [STDERR_REDIRECT] Feb 15, 2025 2:32:49 PM java.util.prefs.FileSystemPreferences checkLockFile0ErrorCode
2025-02-15 14:32:49,374 [ERROR] LogOutputStream:75 - [STDERR_REDIRECT] WARNING: Could not lock System prefs. Unix error code 2.
2025-02-15 14:32:49,374 [ERROR] LogOutputStream:75 - [STDERR_REDIRECT] 
2025-02-15 14:32:49,375 [ERROR] LogOutputStream:75 - [STDERR_REDIRECT] Feb 15, 2025 2:32:49 PM java.util.prefs.FileSystemPreferences syncWorld
2025-02-15 14:32:49,375 [ERROR] LogOutputStream:75 - [STDERR_REDIRECT] WARNING: Couldn't flush system prefs: java.util.prefs.BackingStoreException: Couldn't get file lock.
2025-02-15 14:32:49,375 [ERROR] LogOutputStream:75 - [STDERR_REDIRECT] 
2025-02-15 14:33:19,366 [ERROR] LogOutputStream:75 - [STDERR_REDIRECT] Feb 15, 2025 2:33:19 PM java.util.prefs.FileSystemPreferences checkLockFile0ErrorCode
2025-02-15 14:33:19,366 [ERROR] LogOutputStream:75 - [STDERR_REDIRECT] WARNING: Could not lock System prefs. Unix error code 2.
2025-02-15 14:33:19,366 [ERROR] LogOutputStream:75 - [STDERR_REDIRECT] 
2025-02-15 14:33:19,367 [ERROR] LogOutputStream:75 - [STDERR_REDIRECT] Feb 15, 2025 2:33:19 PM java.util.prefs.FileSystemPreferences syncWorld
2025-02-15 14:33:19,367 [ERROR] LogOutputStream:75 - [STDERR_REDIRECT] WARNING: Couldn't flush system prefs: java.util.prefs.BackingStoreException: Couldn't get file lock.
2025-02-15 14:33:19,367 [ERROR] LogOutputStream:75 - [STDERR_REDIRECT] 
2025-02-15 14:33:49,367 [ERROR] LogOutputStream:75 - [STDERR_REDIRECT] Feb 15, 2025 2:33:49 PM java.util.prefs.FileSystemPreferences checkLockFile0ErrorCode
2025-02-15 14:33:49,367 [ERROR] LogOutputStream:75 - [STDERR_REDIRECT] WARNING: Could not lock System prefs. Unix error code 2.
2025-02-15 14:33:49,367 [ERROR] LogOutputStream:75 - [STDERR_REDIRECT] 
2025-02-15 14:33:49,367 [ERROR] LogOutputStream:75 - [STDERR_REDIRECT] Feb 15, 2025 2:33:49 PM java.util.prefs.FileSystemPreferences syncWorld
2025-02-15 14:33:49,367 [ERROR] LogOutputStream:75 - [STDERR_REDIRECT] WARNING: Couldn't flush system prefs: java.util.prefs.BackingStoreException: Couldn't get file lock.
2025-02-15 14:33:49,367 [ERROR] LogOutputStream:75 - [STDERR_REDIRECT] 
2025-02-15 14:34:19,367 [ERROR] LogOutputStream:75 - [STDERR_REDIRECT] Feb 15, 2025 2:34:19 PM java.util.prefs.FileSystemPreferences checkLockFile0ErrorCode
2025-02-15 14:34:19,367 [ERROR] LogOutputStream:75 - [STDERR_REDIRECT] WARNING: Could not lock System prefs. Unix error code 2.
2025-02-15 14:34:19,367 [ERROR] LogOutputStream:75 - [STDERR_REDIRECT] 
2025-02-15 14:34:19,367 [ERROR] LogOutputStream:75 - [STDERR_REDIRECT] Feb 15, 2025 2:34:19 PM java.util.prefs.FileSystemPreferences syncWorld
2025-02-15 14:34:19,367 [ERROR] LogOutputStream:75 - [STDERR_REDIRECT] WARNING: Couldn't flush system prefs: java.util.prefs.BackingStoreException: Couldn't get file lock.
2025-02-15 14:34:19,367 [ERROR] LogOutputStream:75 - [STDERR_REDIRECT] 
2025-02-15 14:34:49,367 [ERROR] LogOutputStream:75 - [STDERR_REDIRECT] Feb 15, 2025 2:34:49 PM java.util.prefs.FileSystemPreferences checkLockFile0ErrorCode
2025-02-15 14:34:49,367 [ERROR] LogOutputStream:75 - [STDERR_REDIRECT] WARNING: Could not lock System prefs. Unix error code 2.
2025-02-15 14:34:49,367 [ERROR] LogOutputStream:75 - [STDERR_REDIRECT] 
2025-02-15 14:34:49,367 [ERROR] LogOutputStream:75 - [STDERR_REDIRECT] Feb 15, 2025 2:34:49 PM java.util.prefs.FileSystemPreferences syncWorld
2025-02-15 14:34:49,367 [ERROR] LogOutputStream:75 - [STDERR_REDIRECT] WARNING: Couldn't flush system prefs: java.util.prefs.BackingStoreException: Couldn't get file lock.
2025-02-15 14:34:49,368 [ERROR] LogOutputStream:75 - [STDERR_REDIRECT] 
2025-02-15 14:35:19,367 [ERROR] LogOutputStream:75 - [STDERR_REDIRECT] Feb 15, 2025 2:35:19 PM java.util.prefs.FileSystemPreferences checkLockFile0ErrorCode
2025-02-15 14:35:19,367 [ERROR] LogOutputStream:75 - [STDERR_REDIRECT] WARNING: Could not lock System prefs. Unix error code 2.
2025-02-15 14:35:19,367 [ERROR] LogOutputStream:75 - [STDERR_REDIRECT] 
2025-02-15 14:35:19,368 [ERROR] LogOutputStream:75 - [STDERR_REDIRECT] Feb 15, 2025 2:35:19 PM java.util.prefs.FileSystemPreferences syncWorld
2025-02-15 14:35:19,368 [ERROR] LogOutputStream:75 - [STDERR_REDIRECT] WARNING: Couldn't flush system prefs: java.util.prefs.BackingStoreException: Couldn't get file lock.
2025-02-15 14:35:19,368 [ERROR] LogOutputStream:75 - [STDERR_REDIRECT] 
2025-02-15 14:35:49,368 [ERROR] LogOutputStream:75 - [STDERR_REDIRECT] Feb 15, 2025 2:35:49 PM java.util.prefs.FileSystemPreferences checkLockFile0ErrorCode
2025-02-15 14:35:49,368 [ERROR] LogOutputStream:75 - [STDERR_REDIRECT] WARNING: Could not lock System prefs. Unix error code 2.
2025-02-15 14:35:49,368 [ERROR] LogOutputStream:75 - [STDERR_REDIRECT] 
2025-02-15 14:35:49,368 [ERROR] LogOutputStream:75 - [STDERR_REDIRECT] Feb 15, 2025 2:35:49 PM java.util.prefs.FileSystemPreferences syncWorld
2025-02-15 14:35:49,368 [ERROR] LogOutputStream:75 - [STDERR_REDIRECT] WARNING: Couldn't flush system prefs: java.util.prefs.BackingStoreException: Couldn't get file lock.
2025-02-15 14:35:49,368 [ERROR] LogOutputStream:75 - [STDERR_REDIRECT] 
2025-02-15 14:36:19,368 [ERROR] LogOutputStream:75 - [STDERR_REDIRECT] Feb 15, 2025 2:36:19 PM java.util.prefs.FileSystemPreferences checkLockFile0ErrorCode
2025-02-15 14:36:19,368 [ERROR] LogOutputStream:75 - [STDERR_REDIRECT] WARNING: Could not lock System prefs. Unix error code 2.
2025-02-15 14:36:19,368 [ERROR] LogOutputStream:75 - [STDERR_REDIRECT] 
2025-02-15 14:36:19,368 [ERROR] LogOutputStream:75 - [STDERR_REDIRECT] Feb 15, 2025 2:36:19 PM java.util.prefs.FileSystemPreferences syncWorld
2025-02-15 14:36:19,368 [ERROR] LogOutputStream:75 - [STDERR_REDIRECT] WARNING: Couldn't flush system prefs: java.util.prefs.BackingStoreException: Couldn't get file lock.
2025-02-15 14:36:19,368 [ERROR] LogOutputStream:75 - [STDERR_REDIRECT] 
2025-02-15 14:36:49,368 [ERROR] LogOutputStream:75 - [STDERR_REDIRECT] Feb 15, 2025 2:36:49 PM java.util.prefs.FileSystemPreferences checkLockFile0ErrorCode
2025-02-15 14:36:49,368 [ERROR] LogOutputStream:75 - [STDERR_REDIRECT] WARNING: Could not lock System prefs. Unix error code 2.
2025-02-15 14:36:49,368 [ERROR] LogOutputStream:75 - [STDERR_REDIRECT] 
2025-02-15 14:36:49,369 [ERROR] LogOutputStream:75 - [STDERR_REDIRECT] Feb 15, 2025 2:36:49 PM java.util.prefs.FileSystemPreferences syncWorld
2025-02-15 14:36:49,369 [ERROR] LogOutputStream:75 - [STDERR_REDIRECT] WARNING: Couldn't flush system prefs: java.util.prefs.BackingStoreException: Couldn't get file lock.
2025-02-15 14:36:49,369 [ERROR] LogOutputStream:75 - [STDERR_REDIRECT] 
2025-02-15 14:37:19,368 [ERROR] LogOutputStream:75 - [STDERR_REDIRECT] Feb 15, 2025 2:37:19 PM java.util.prefs.FileSystemPreferences checkLockFile0ErrorCode
2025-02-15 14:37:19,368 [ERROR] LogOutputStream:75 - [STDERR_REDIRECT] WARNING: Could not lock System prefs. Unix error code 2.
2025-02-15 14:37:19,368 [ERROR] LogOutputStream:75 - [STDERR_REDIRECT] 
2025-02-15 14:37:19,369 [ERROR] LogOutputStream:75 - [STDERR_REDIRECT] Feb 15, 2025 2:37:19 PM java.util.prefs.FileSystemPreferences syncWorld
2025-02-15 14:37:19,369 [ERROR] LogOutputStream:75 - [STDERR_REDIRECT] WARNING: Couldn't flush system prefs: java.util.prefs.BackingStoreException: Couldn't get file lock.
2025-02-15 14:37:19,369 [ERROR] LogOutputStream:75 - [STDERR_REDIRECT] 
2025-02-15 14:37:49,368 [ERROR] LogOutputStream:75 - [STDERR_REDIRECT] Feb 15, 2025 2:37:49 PM java.util.prefs.FileSystemPreferences checkLockFile0ErrorCode
2025-02-15 14:37:49,369 [ERROR] LogOutputStream:75 - [STDERR_REDIRECT] WARNING: Could not lock System prefs. Unix error code 2.
2025-02-15 14:37:49,369 [ERROR] LogOutputStream:75 - [STDERR_REDIRECT] 
2025-02-15 14:37:49,369 [ERROR] LogOutputStream:75 - [STDERR_REDIRECT] Feb 15, 2025 2:37:49 PM java.util.prefs.FileSystemPreferences syncWorld
2025-02-15 14:37:49,369 [ERROR] LogOutputStream:75 - [STDERR_REDIRECT] WARNING: Couldn't flush system prefs: java.util.prefs.BackingStoreException: Couldn't get file lock.
2025-02-15 14:37:49,369 [ERROR] LogOutputStream:75 - [STDERR_REDIRECT] 
2025-02-15 14:38:19,369 [ERROR] LogOutputStream:75 - [STDERR_REDIRECT] Feb 15, 2025 2:38:19 PM java.util.prefs.FileSystemPreferences checkLockFile0ErrorCode
2025-02-15 14:38:19,369 [ERROR] LogOutputStream:75 - [STDERR_REDIRECT] WARNING: Could not lock System prefs. Unix error code 2.
2025-02-15 14:38:19,369 [ERROR] LogOutputStream:75 - [STDERR_REDIRECT] 
2025-02-15 14:38:19,369 [ERROR] LogOutputStream:75 - [STDERR_REDIRECT] Feb 15, 2025 2:38:19 PM java.util.prefs.FileSystemPreferences syncWorld
2025-02-15 14:38:19,369 [ERROR] LogOutputStream:75 - [STDERR_REDIRECT] WARNING: Couldn't flush system prefs: java.util.prefs.BackingStoreException: Couldn't get file lock.
2025-02-15 14:38:19,369 [ERROR] LogOutputStream:75 - [STDERR_REDIRECT] 
2025-02-15 14:38:49,368 [ERROR] LogOutputStream:75 - [STDERR_REDIRECT] Feb 15, 2025 2:38:49 PM java.util.prefs.FileSystemPreferences checkLockFile0ErrorCode
2025-02-15 14:38:49,369 [ERROR] LogOutputStream:75 - [STDERR_REDIRECT] WARNING: Could not lock System prefs. Unix error code 2.
2025-02-15 14:38:49,369 [ERROR] LogOutputStream:75 - [STDERR_REDIRECT] 
2025-02-15 14:38:49,369 [ERROR] LogOutputStream:75 - [STDERR_REDIRECT] Feb 15, 2025 2:38:49 PM java.util.prefs.FileSystemPreferences syncWorld
2025-02-15 14:38:49,369 [ERROR] LogOutputStream:75 - [STDERR_REDIRECT] WARNING: Couldn't flush system prefs: java.util.prefs.BackingStoreException: Couldn't get file lock.
2025-02-15 14:38:49,369 [ERROR] LogOutputStream:75 - [STDERR_REDIRECT] 
2025-02-15 14:39:19,369 [ERROR] LogOutputStream:75 - [STDERR_REDIRECT] Feb 15, 2025 2:39:19 PM java.util.prefs.FileSystemPreferences checkLockFile0ErrorCode
2025-02-15 14:39:19,369 [ERROR] LogOutputStream:75 - [STDERR_REDIRECT] WARNING: Could not lock System prefs. Unix error code 2.
2025-02-15 14:39:19,369 [ERROR] LogOutputStream:75 - [STDERR_REDIRECT] 
2025-02-15 14:39:19,369 [ERROR] LogOutputStream:75 - [STDERR_REDIRECT] Feb 15, 2025 2:39:19 PM java.util.prefs.FileSystemPreferences syncWorld
2025-02-15 14:39:19,369 [ERROR] LogOutputStream:75 - [STDERR_REDIRECT] WARNING: Couldn't flush system prefs: java.util.prefs.BackingStoreException: Couldn't get file lock.
2025-02-15 14:39:19,369 [ERROR] LogOutputStream:75 - [STDERR_REDIRECT] 
2025-02-15 14:39:49,369 [ERROR] LogOutputStream:75 - [STDERR_REDIRECT] Feb 15, 2025 2:39:49 PM java.util.prefs.FileSystemPreferences checkLockFile0ErrorCode
2025-02-15 14:39:49,369 [ERROR] LogOutputStream:75 - [STDERR_REDIRECT] WARNING: Could not lock System prefs. Unix error code 2.
2025-02-15 14:39:49,369 [ERROR] LogOutputStream:75 - [STDERR_REDIRECT] 
2025-02-15 14:39:49,370 [ERROR] LogOutputStream:75 - [STDERR_REDIRECT] Feb 15, 2025 2:39:49 PM java.util.prefs.FileSystemPreferences syncWorld
2025-02-15 14:39:49,370 [ERROR] LogOutputStream:75 - [STDERR_REDIRECT] WARNING: Couldn't flush system prefs: java.util.prefs.BackingStoreException: Couldn't get file lock.
2025-02-15 14:39:49,370 [ERROR] LogOutputStream:75 - [STDERR_REDIRECT] 
2025-02-15 14:40:19,369 [ERROR] LogOutputStream:75 - [STDERR_REDIRECT] Feb 15, 2025 2:40:19 PM java.util.prefs.FileSystemPreferences checkLockFile0ErrorCode
2025-02-15 14:40:19,369 [ERROR] LogOutputStream:75 - [STDERR_REDIRECT] WARNING: Could not lock System prefs. Unix error code 2.
2025-02-15 14:40:19,369 [ERROR] LogOutputStream:75 - [STDERR_REDIRECT] 
2025-02-15 14:40:19,370 [ERROR] LogOutputStream:75 - [STDERR_REDIRECT] Feb 15, 2025 2:40:19 PM java.util.prefs.FileSystemPreferences syncWorld
2025-02-15 14:40:19,370 [ERROR] LogOutputStream:75 - [STDERR_REDIRECT] WARNING: Couldn't flush system prefs: java.util.prefs.BackingStoreException: Couldn't get file lock.
2025-02-15 14:40:19,370 [ERROR] LogOutputStream:75 - [STDERR_REDIRECT] 
2025-02-15 14:40:49,369 [ERROR] LogOutputStream:75 - [STDERR_REDIRECT] Feb 15, 2025 2:40:49 PM java.util.prefs.FileSystemPreferences checkLockFile0ErrorCode
2025-02-15 14:40:49,369 [ERROR] LogOutputStream:75 - [STDERR_REDIRECT] WARNING: Could not lock System prefs. Unix error code 2.
2025-02-15 14:40:49,369 [ERROR] LogOutputStream:75 - [STDERR_REDIRECT] 
2025-02-15 14:40:49,370 [ERROR] LogOutputStream:75 - [STDERR_REDIRECT] Feb 15, 2025 2:40:49 PM java.util.prefs.FileSystemPreferences syncWorld
2025-02-15 14:40:49,370 [ERROR] LogOutputStream:75 - [STDERR_REDIRECT] WARNING: Couldn't flush system prefs: java.util.prefs.BackingStoreException: Couldn't get file lock.
2025-02-15 14:40:49,370 [ERROR] LogOutputStream:75 - [STDERR_REDIRECT] 
2025-02-15 14:41:19,369 [ERROR] LogOutputStream:75 - [STDERR_REDIRECT] Feb 15, 2025 2:41:19 PM java.util.prefs.FileSystemPreferences checkLockFile0ErrorCode
2025-02-15 14:41:19,369 [ERROR] LogOutputStream:75 - [STDERR_REDIRECT] WARNING: Could not lock System prefs. Unix error code 2.
2025-02-15 14:41:19,369 [ERROR] LogOutputStream:75 - [STDERR_REDIRECT] 
2025-02-15 14:41:19,370 [ERROR] LogOutputStream:75 - [STDERR_REDIRECT] Feb 15, 2025 2:41:19 PM java.util.prefs.FileSystemPreferences syncWorld
2025-02-15 14:41:19,370 [ERROR] LogOutputStream:75 - [STDERR_REDIRECT] WARNING: Couldn't flush system prefs: java.util.prefs.BackingStoreException: Couldn't get file lock.
2025-02-15 14:41:19,370 [ERROR] LogOutputStream:75 - [STDERR_REDIRECT] 
2025-02-15 14:41:49,369 [ERROR] LogOutputStream:75 - [STDERR_REDIRECT] Feb 15, 2025 2:41:49 PM java.util.prefs.FileSystemPreferences checkLockFile0ErrorCode
2025-02-15 14:41:49,369 [ERROR] LogOutputStream:75 - [STDERR_REDIRECT] WARNING: Could not lock System prefs. Unix error code 2.
2025-02-15 14:41:49,370 [ERROR] LogOutputStream:75 - [STDERR_REDIRECT] 
2025-02-15 14:41:49,370 [ERROR] LogOutputStream:75 - [STDERR_REDIRECT] Feb 15, 2025 2:41:49 PM java.util.prefs.FileSystemPreferences syncWorld
2025-02-15 14:41:49,370 [ERROR] LogOutputStream:75 - [STDERR_REDIRECT] WARNING: Couldn't flush system prefs: java.util.prefs.BackingStoreException: Couldn't get file lock.
2025-02-15 14:41:49,370 [ERROR] LogOutputStream:75 - [STDERR_REDIRECT] 
2025-02-15 14:42:19,369 [ERROR] LogOutputStream:75 - [STDERR_REDIRECT] Feb 15, 2025 2:42:19 PM java.util.prefs.FileSystemPreferences checkLockFile0ErrorCode
2025-02-15 14:42:19,370 [ERROR] LogOutputStream:75 - [STDERR_REDIRECT] WARNING: Could not lock System prefs. Unix error code 2.
2025-02-15 14:42:19,370 [ERROR] LogOutputStream:75 - [STDERR_REDIRECT] 
2025-02-15 14:42:19,370 [ERROR] LogOutputStream:75 - [STDERR_REDIRECT] Feb 15, 2025 2:42:19 PM java.util.prefs.FileSystemPreferences syncWorld
2025-02-15 14:42:19,370 [ERROR] LogOutputStream:75 - [STDERR_REDIRECT] WARNING: Couldn't flush system prefs: java.util.prefs.BackingStoreException: Couldn't get file lock.
2025-02-15 14:42:19,370 [ERROR] LogOutputStream:75 - [STDERR_REDIRECT] 
2025-02-15 14:42:49,370 [ERROR] LogOutputStream:75 - [STDERR_REDIRECT] Feb 15, 2025 2:42:49 PM java.util.prefs.FileSystemPreferences checkLockFile0ErrorCode
2025-02-15 14:42:49,370 [ERROR] LogOutputStream:75 - [STDERR_REDIRECT] WARNING: Could not lock System prefs. Unix error code 2.
2025-02-15 14:42:49,370 [ERROR] LogOutputStream:75 - [STDERR_REDIRECT] 
2025-02-15 14:42:49,371 [ERROR] LogOutputStream:75 - [STDERR_REDIRECT] Feb 15, 2025 2:42:49 PM java.util.prefs.FileSystemPreferences syncWorld
2025-02-15 14:42:49,371 [ERROR] LogOutputStream:75 - [STDERR_REDIRECT] WARNING: Couldn't flush system prefs: java.util.prefs.BackingStoreException: Couldn't get file lock.
2025-02-15 14:42:49,371 [ERROR] LogOutputStream:75 - [STDERR_REDIRECT] 
2025-02-15 14:43:19,370 [ERROR] LogOutputStream:75 - [STDERR_REDIRECT] Feb 15, 2025 2:43:19 PM java.util.prefs.FileSystemPreferences checkLockFile0ErrorCode
2025-02-15 14:43:19,371 [ERROR] LogOutputStream:75 - [STDERR_REDIRECT] WARNING: Could not lock System prefs. Unix error code 2.
2025-02-15 14:43:19,371 [ERROR] LogOutputStream:75 - [STDERR_REDIRECT] 
2025-02-15 14:43:19,371 [ERROR] LogOutputStream:75 - [STDERR_REDIRECT] Feb 15, 2025 2:43:19 PM java.util.prefs.FileSystemPreferences syncWorld
2025-02-15 14:43:19,371 [ERROR] LogOutputStream:75 - [STDERR_REDIRECT] WARNING: Couldn't flush system prefs: java.util.prefs.BackingStoreException: Couldn't get file lock.
2025-02-15 14:43:19,371 [ERROR] LogOutputStream:75 - [STDERR_REDIRECT] 
2025-02-15 14:43:49,370 [ERROR] LogOutputStream:75 - [STDERR_REDIRECT] Feb 15, 2025 2:43:49 PM java.util.prefs.FileSystemPreferences checkLockFile0ErrorCode
2025-02-15 14:43:49,370 [ERROR] LogOutputStream:75 - [STDERR_REDIRECT] WARNING: Could not lock System prefs. Unix error code 2.
2025-02-15 14:43:49,377 [ERROR] LogOutputStream:75 - [STDERR_REDIRECT] 
2025-02-15 14:43:49,377 [ERROR] LogOutputStream:75 - [STDERR_REDIRECT] Feb 15, 2025 2:43:49 PM java.util.prefs.FileSystemPreferences syncWorld
2025-02-15 14:43:49,377 [ERROR] LogOutputStream:75 - [STDERR_REDIRECT] WARNING: Couldn't flush system prefs: java.util.prefs.BackingStoreException: Couldn't get file lock.
2025-02-15 14:43:49,377 [ERROR] LogOutputStream:75 - [STDERR_REDIRECT] 
2025-02-15 14:44:19,371 [ERROR] LogOutputStream:75 - [STDERR_REDIRECT] Feb 15, 2025 2:44:19 PM java.util.prefs.FileSystemPreferences checkLockFile0ErrorCode
2025-02-15 14:44:19,371 [ERROR] LogOutputStream:75 - [STDERR_REDIRECT] WARNING: Could not lock System prefs. Unix error code 2.
2025-02-15 14:44:19,371 [ERROR] LogOutputStream:75 - [STDERR_REDIRECT] 
2025-02-15 14:44:19,371 [ERROR] LogOutputStream:75 - [STDERR_REDIRECT] Feb 15, 2025 2:44:19 PM java.util.prefs.FileSystemPreferences syncWorld
2025-02-15 14:44:19,371 [ERROR] LogOutputStream:75 - [STDERR_REDIRECT] WARNING: Couldn't flush system prefs: java.util.prefs.BackingStoreException: Couldn't get file lock.
2025-02-15 14:44:19,371 [ERROR] LogOutputStream:75 - [STDERR_REDIRECT] 
2025-02-15 14:44:49,371 [ERROR] LogOutputStream:75 - [STDERR_REDIRECT] Feb 15, 2025 2:44:49 PM java.util.prefs.FileSystemPreferences checkLockFile0ErrorCode
2025-02-15 14:44:49,371 [ERROR] LogOutputStream:75 - [STDERR_REDIRECT] WARNING: Could not lock System prefs. Unix error code 2.
2025-02-15 14:44:49,371 [ERROR] LogOutputStream:75 - [STDERR_REDIRECT] 
2025-02-15 14:44:49,371 [ERROR] LogOutputStream:75 - [STDERR_REDIRECT] Feb 15, 2025 2:44:49 PM java.util.prefs.FileSystemPreferences syncWorld
2025-02-15 14:44:49,371 [ERROR] LogOutputStream:75 - [STDERR_REDIRECT] WARNING: Couldn't flush system prefs: java.util.prefs.BackingStoreException: Couldn't get file lock.
2025-02-15 14:44:49,371 [ERROR] LogOutputStream:75 - [STDERR_REDIRECT] 
2025-02-15 14:45:19,371 [ERROR] LogOutputStream:75 - [STDERR_REDIRECT] Feb 15, 2025 2:45:19 PM java.util.prefs.FileSystemPreferences checkLockFile0ErrorCode
2025-02-15 14:45:19,371 [ERROR] LogOutputStream:75 - [STDERR_REDIRECT] WARNING: Could not lock System prefs. Unix error code 2.
2025-02-15 14:45:19,371 [ERROR] LogOutputStream:75 - [STDERR_REDIRECT] 
2025-02-15 14:45:19,371 [ERROR] LogOutputStream:75 - [STDERR_REDIRECT] Feb 15, 2025 2:45:19 PM java.util.prefs.FileSystemPreferences syncWorld
2025-02-15 14:45:19,371 [ERROR] LogOutputStream:75 - [STDERR_REDIRECT] WARNING: Couldn't flush system prefs: java.util.prefs.BackingStoreException: Couldn't get file lock.
2025-02-15 14:45:19,371 [ERROR] LogOutputStream:75 - [STDERR_REDIRECT] 
2025-02-15 14:45:49,371 [ERROR] LogOutputStream:75 - [STDERR_REDIRECT] Feb 15, 2025 2:45:49 PM java.util.prefs.FileSystemPreferences checkLockFile0ErrorCode
2025-02-15 14:45:49,371 [ERROR] LogOutputStream:75 - [STDERR_REDIRECT] WARNING: Could not lock System prefs. Unix error code 2.
2025-02-15 14:45:49,371 [ERROR] LogOutputStream:75 - [STDERR_REDIRECT] 
2025-02-15 14:45:49,371 [ERROR] LogOutputStream:75 - [STDERR_REDIRECT] Feb 15, 2025 2:45:49 PM java.util.prefs.FileSystemPreferences syncWorld
2025-02-15 14:45:49,371 [ERROR] LogOutputStream:75 - [STDERR_REDIRECT] WARNING: Couldn't flush system prefs: java.util.prefs.BackingStoreException: Couldn't get file lock.
2025-02-15 14:45:49,371 [ERROR] LogOutputStream:75 - [STDERR_REDIRECT] 
2025-02-15 14:46:19,371 [ERROR] LogOutputStream:75 - [STDERR_REDIRECT] Feb 15, 2025 2:46:19 PM java.util.prefs.FileSystemPreferences checkLockFile0ErrorCode
2025-02-15 14:46:19,371 [ERROR] LogOutputStream:75 - [STDERR_REDIRECT] WARNING: Could not lock System prefs. Unix error code 2.
2025-02-15 14:46:19,371 [ERROR] LogOutputStream:75 - [STDERR_REDIRECT] 
2025-02-15 14:46:19,371 [ERROR] LogOutputStream:75 - [STDERR_REDIRECT] Feb 15, 2025 2:46:19 PM java.util.prefs.FileSystemPreferences syncWorld
2025-02-15 14:46:19,371 [ERROR] LogOutputStream:75 - [STDERR_REDIRECT] WARNING: Couldn't flush system prefs: java.util.prefs.BackingStoreException: Couldn't get file lock.
2025-02-15 14:46:19,371 [ERROR] LogOutputStream:75 - [STDERR_REDIRECT] 
2025-02-15 14:46:49,371 [ERROR] LogOutputStream:75 - [STDERR_REDIRECT] Feb 15, 2025 2:46:49 PM java.util.prefs.FileSystemPreferences checkLockFile0ErrorCode
2025-02-15 14:46:49,371 [ERROR] LogOutputStream:75 - [STDERR_REDIRECT] WARNING: Could not lock System prefs. Unix error code 2.
2025-02-15 14:46:49,371 [ERROR] LogOutputStream:75 - [STDERR_REDIRECT] 
2025-02-15 14:46:49,371 [ERROR] LogOutputStream:75 - [STDERR_REDIRECT] Feb 15, 2025 2:46:49 PM java.util.prefs.FileSystemPreferences syncWorld
2025-02-15 14:46:49,371 [ERROR] LogOutputStream:75 - [STDERR_REDIRECT] WARNING: Couldn't flush system prefs: java.util.prefs.BackingStoreException: Couldn't get file lock.
2025-02-15 14:46:49,371 [ERROR] LogOutputStream:75 - [STDERR_REDIRECT] 
2025-02-15 14:47:19,371 [ERROR] LogOutputStream:75 - [STDERR_REDIRECT] Feb 15, 2025 2:47:19 PM java.util.prefs.FileSystemPreferences checkLockFile0ErrorCode
2025-02-15 14:47:19,371 [ERROR] LogOutputStream:75 - [STDERR_REDIRECT] WARNING: Could not lock System prefs. Unix error code 2.
2025-02-15 14:47:19,371 [ERROR] LogOutputStream:75 - [STDERR_REDIRECT] 
2025-02-15 14:47:19,371 [ERROR] LogOutputStream:75 - [STDERR_REDIRECT] Feb 15, 2025 2:47:19 PM java.util.prefs.FileSystemPreferences syncWorld
2025-02-15 14:47:19,371 [ERROR] LogOutputStream:75 - [STDERR_REDIRECT] WARNING: Couldn't flush system prefs: java.util.prefs.BackingStoreException: Couldn't get file lock.
2025-02-15 14:47:19,371 [ERROR] LogOutputStream:75 - [STDERR_REDIRECT] 
2025-02-15 14:47:49,371 [ERROR] LogOutputStream:75 - [STDERR_REDIRECT] Feb 15, 2025 2:47:49 PM java.util.prefs.FileSystemPreferences checkLockFile0ErrorCode
2025-02-15 14:47:49,371 [ERROR] LogOutputStream:75 - [STDERR_REDIRECT] WARNING: Could not lock System prefs. Unix error code 2.
2025-02-15 14:47:49,371 [ERROR] LogOutputStream:75 - [STDERR_REDIRECT] 
2025-02-15 14:47:49,371 [ERROR] LogOutputStream:75 - [STDERR_REDIRECT] Feb 15, 2025 2:47:49 PM java.util.prefs.FileSystemPreferences syncWorld
2025-02-15 14:47:49,371 [ERROR] LogOutputStream:75 - [STDERR_REDIRECT] WARNING: Couldn't flush system prefs: java.util.prefs.BackingStoreException: Couldn't get file lock.
2025-02-15 14:47:49,371 [ERROR] LogOutputStream:75 - [STDERR_REDIRECT] 
2025-02-15 14:48:19,372 [ERROR] LogOutputStream:75 - [STDERR_REDIRECT] Feb 15, 2025 2:48:19 PM java.util.prefs.FileSystemPreferences checkLockFile0ErrorCode
2025-02-15 14:48:19,372 [ERROR] LogOutputStream:75 - [STDERR_REDIRECT] WARNING: Could not lock System prefs. Unix error code 2.
2025-02-15 14:48:19,378 [ERROR] LogOutputStream:75 - [STDERR_REDIRECT] 
2025-02-15 14:48:19,379 [ERROR] LogOutputStream:75 - [STDERR_REDIRECT] Feb 15, 2025 2:48:19 PM java.util.prefs.FileSystemPreferences syncWorld
2025-02-15 14:48:19,379 [ERROR] LogOutputStream:75 - [STDERR_REDIRECT] WARNING: Couldn't flush system prefs: java.util.prefs.BackingStoreException: Couldn't get file lock.
2025-02-15 14:48:19,379 [ERROR] LogOutputStream:75 - [STDERR_REDIRECT] 
2025-02-15 14:48:49,372 [ERROR] LogOutputStream:75 - [STDERR_REDIRECT] Feb 15, 2025 2:48:49 PM java.util.prefs.FileSystemPreferences checkLockFile0ErrorCode
2025-02-15 14:48:49,372 [ERROR] LogOutputStream:75 - [STDERR_REDIRECT] WARNING: Could not lock System prefs. Unix error code 2.
2025-02-15 14:48:49,372 [ERROR] LogOutputStream:75 - [STDERR_REDIRECT] 
2025-02-15 14:48:49,373 [ERROR] LogOutputStream:75 - [STDERR_REDIRECT] Feb 15, 2025 2:48:49 PM java.util.prefs.FileSystemPreferences syncWorld
2025-02-15 14:48:49,373 [ERROR] LogOutputStream:75 - [STDERR_REDIRECT] WARNING: Couldn't flush system prefs: java.util.prefs.BackingStoreException: Couldn't get file lock.
2025-02-15 14:48:49,373 [ERROR] LogOutputStream:75 - [STDERR_REDIRECT] 
2025-02-15 14:49:19,372 [ERROR] LogOutputStream:75 - [STDERR_REDIRECT] Feb 15, 2025 2:49:19 PM java.util.prefs.FileSystemPreferences checkLockFile0ErrorCode
2025-02-15 14:49:19,372 [ERROR] LogOutputStream:75 - [STDERR_REDIRECT] WARNING: Could not lock System prefs. Unix error code 2.
2025-02-15 14:49:19,372 [ERROR] LogOutputStream:75 - [STDERR_REDIRECT] 
2025-02-15 14:49:19,372 [ERROR] LogOutputStream:75 - [STDERR_REDIRECT] Feb 15, 2025 2:49:19 PM java.util.prefs.FileSystemPreferences syncWorld
2025-02-15 14:49:19,373 [ERROR] LogOutputStream:75 - [STDERR_REDIRECT] WARNING: Couldn't flush system prefs: java.util.prefs.BackingStoreException: Couldn't get file lock.
2025-02-15 14:49:19,373 [ERROR] LogOutputStream:75 - [STDERR_REDIRECT] 
2025-02-15 14:49:49,372 [ERROR] LogOutputStream:75 - [STDERR_REDIRECT] Feb 15, 2025 2:49:49 PM java.util.prefs.FileSystemPreferences checkLockFile0ErrorCode
2025-02-15 14:49:49,373 [ERROR] LogOutputStream:75 - [STDERR_REDIRECT] WARNING: Could not lock System prefs. Unix error code 2.
2025-02-15 14:49:49,373 [ERROR] LogOutputStream:75 - [STDERR_REDIRECT] 
2025-02-15 14:49:49,373 [ERROR] LogOutputStream:75 - [STDERR_REDIRECT] Feb 15, 2025 2:49:49 PM java.util.prefs.FileSystemPreferences syncWorld
2025-02-15 14:49:49,373 [ERROR] LogOutputStream:75 - [STDERR_REDIRECT] WARNING: Couldn't flush system prefs: java.util.prefs.BackingStoreException: Couldn't get file lock.
2025-02-15 14:49:49,373 [ERROR] LogOutputStream:75 - [STDERR_REDIRECT] 
2025-02-15 14:50:19,373 [ERROR] LogOutputStream:75 - [STDERR_REDIRECT] Feb 15, 2025 2:50:19 PM java.util.prefs.FileSystemPreferences checkLockFile0ErrorCode
2025-02-15 14:50:19,373 [ERROR] LogOutputStream:75 - [STDERR_REDIRECT] WARNING: Could not lock System prefs. Unix error code 2.
2025-02-15 14:50:19,373 [ERROR] LogOutputStream:75 - [STDERR_REDIRECT] 
2025-02-15 14:50:19,373 [ERROR] LogOutputStream:75 - [STDERR_REDIRECT] Feb 15, 2025 2:50:19 PM java.util.prefs.FileSystemPreferences syncWorld
2025-02-15 14:50:19,373 [ERROR] LogOutputStream:75 - [STDERR_REDIRECT] WARNING: Couldn't flush system prefs: java.util.prefs.BackingStoreException: Couldn't get file lock.
2025-02-15 14:50:19,373 [ERROR] LogOutputStream:75 - [STDERR_REDIRECT] 
2025-02-15 14:50:49,372 [ERROR] LogOutputStream:75 - [STDERR_REDIRECT] Feb 15, 2025 2:50:49 PM java.util.prefs.FileSystemPreferences checkLockFile0ErrorCode
2025-02-15 14:50:49,373 [ERROR] LogOutputStream:75 - [STDERR_REDIRECT] WARNING: Could not lock System prefs. Unix error code 2.
2025-02-15 14:50:49,379 [ERROR] LogOutputStream:75 - [STDERR_REDIRECT] 
2025-02-15 14:50:49,379 [ERROR] LogOutputStream:75 - [STDERR_REDIRECT] Feb 15, 2025 2:50:49 PM java.util.prefs.FileSystemPreferences syncWorld
2025-02-15 14:50:49,379 [ERROR] LogOutputStream:75 - [STDERR_REDIRECT] WARNING: Couldn't flush system prefs: java.util.prefs.BackingStoreException: Couldn't get file lock.
2025-02-15 14:50:49,379 [ERROR] LogOutputStream:75 - [STDERR_REDIRECT] 
2025-02-15 14:51:19,373 [ERROR] LogOutputStream:75 - [STDERR_REDIRECT] Feb 15, 2025 2:51:19 PM java.util.prefs.FileSystemPreferences checkLockFile0ErrorCode
2025-02-15 14:51:19,373 [ERROR] LogOutputStream:75 - [STDERR_REDIRECT] WARNING: Could not lock System prefs. Unix error code 2.
2025-02-15 14:51:19,379 [ERROR] LogOutputStream:75 - [STDERR_REDIRECT] 
2025-02-15 14:51:19,379 [ERROR] LogOutputStream:75 - [STDERR_REDIRECT] Feb 15, 2025 2:51:19 PM java.util.prefs.FileSystemPreferences syncWorld
2025-02-15 14:51:19,379 [ERROR] LogOutputStream:75 - [STDERR_REDIRECT] WARNING: Couldn't flush system prefs: java.util.prefs.BackingStoreException: Couldn't get file lock.
2025-02-15 14:51:19,379 [ERROR] LogOutputStream:75 - [STDERR_REDIRECT] 
2025-02-15 14:51:49,373 [ERROR] LogOutputStream:75 - [STDERR_REDIRECT] Feb 15, 2025 2:51:49 PM java.util.prefs.FileSystemPreferences checkLockFile0ErrorCode
2025-02-15 14:51:49,373 [ERROR] LogOutputStream:75 - [STDERR_REDIRECT] WARNING: Could not lock System prefs. Unix error code 2.
2025-02-15 14:51:49,373 [ERROR] LogOutputStream:75 - [STDERR_REDIRECT] 
2025-02-15 14:51:49,373 [ERROR] LogOutputStream:75 - [STDERR_REDIRECT] Feb 15, 2025 2:51:49 PM java.util.prefs.FileSystemPreferences syncWorld
2025-02-15 14:51:49,373 [ERROR] LogOutputStream:75 - [STDERR_REDIRECT] WARNING: Couldn't flush system prefs: java.util.prefs.BackingStoreException: Couldn't get file lock.
2025-02-15 14:51:49,373 [ERROR] LogOutputStream:75 - [STDERR_REDIRECT] 
2025-02-15 14:52:19,374 [ERROR] LogOutputStream:75 - [STDERR_REDIRECT] Feb 15, 2025 2:52:19 PM java.util.prefs.FileSystemPreferences checkLockFile0ErrorCode
2025-02-15 14:52:19,374 [ERROR] LogOutputStream:75 - [STDERR_REDIRECT] WARNING: Could not lock System prefs. Unix error code 2.
2025-02-15 14:52:19,374 [ERROR] LogOutputStream:75 - [STDERR_REDIRECT] 
2025-02-15 14:52:19,374 [ERROR] LogOutputStream:75 - [STDERR_REDIRECT] Feb 15, 2025 2:52:19 PM java.util.prefs.FileSystemPreferences syncWorld
2025-02-15 14:52:19,374 [ERROR] LogOutputStream:75 - [STDERR_REDIRECT] WARNING: Couldn't flush system prefs: java.util.prefs.BackingStoreException: Couldn't get file lock.
2025-02-15 14:52:19,374 [ERROR] LogOutputStream:75 - [STDERR_REDIRECT] 
2025-02-15 14:52:49,375 [ERROR] LogOutputStream:75 - [STDERR_REDIRECT] Feb 15, 2025 2:52:49 PM java.util.prefs.FileSystemPreferences checkLockFile0ErrorCode
2025-02-15 14:52:49,375 [ERROR] LogOutputStream:75 - [STDERR_REDIRECT] WARNING: Could not lock System prefs. Unix error code 2.
2025-02-15 14:52:49,375 [ERROR] LogOutputStream:75 - [STDERR_REDIRECT] 
2025-02-15 14:52:49,375 [ERROR] LogOutputStream:75 - [STDERR_REDIRECT] Feb 15, 2025 2:52:49 PM java.util.prefs.FileSystemPreferences syncWorld
2025-02-15 14:52:49,375 [ERROR] LogOutputStream:75 - [STDERR_REDIRECT] WARNING: Couldn't flush system prefs: java.util.prefs.BackingStoreException: Couldn't get file lock.
2025-02-15 14:52:49,375 [ERROR] LogOutputStream:75 - [STDERR_REDIRECT] 
2025-02-15 14:53:19,375 [ERROR] LogOutputStream:75 - [STDERR_REDIRECT] Feb 15, 2025 2:53:19 PM java.util.prefs.FileSystemPreferences checkLockFile0ErrorCode
2025-02-15 14:53:19,375 [ERROR] LogOutputStream:75 - [STDERR_REDIRECT] WARNING: Could not lock System prefs. Unix error code 2.
2025-02-15 14:53:19,375 [ERROR] LogOutputStream:75 - [STDERR_REDIRECT] 
2025-02-15 14:53:19,375 [ERROR] LogOutputStream:75 - [STDERR_REDIRECT] Feb 15, 2025 2:53:19 PM java.util.prefs.FileSystemPreferences syncWorld
2025-02-15 14:53:19,375 [ERROR] LogOutputStream:75 - [STDERR_REDIRECT] WARNING: Couldn't flush system prefs: java.util.prefs.BackingStoreException: Couldn't get file lock.
2025-02-15 14:53:19,375 [ERROR] LogOutputStream:75 - [STDERR_REDIRECT] 
2025-02-15 14:53:49,375 [ERROR] LogOutputStream:75 - [STDERR_REDIRECT] Feb 15, 2025 2:53:49 PM java.util.prefs.FileSystemPreferences checkLockFile0ErrorCode
2025-02-15 14:53:49,375 [ERROR] LogOutputStream:75 - [STDERR_REDIRECT] WARNING: Could not lock System prefs. Unix error code 2.
2025-02-15 14:53:49,375 [ERROR] LogOutputStream:75 - [STDERR_REDIRECT] 
2025-02-15 14:53:49,375 [ERROR] LogOutputStream:75 - [STDERR_REDIRECT] Feb 15, 2025 2:53:49 PM java.util.prefs.FileSystemPreferences syncWorld
2025-02-15 14:53:49,375 [ERROR] LogOutputStream:75 - [STDERR_REDIRECT] WARNING: Couldn't flush system prefs: java.util.prefs.BackingStoreException: Couldn't get file lock.
2025-02-15 14:53:49,375 [ERROR] LogOutputStream:75 - [STDERR_REDIRECT] 
2025-02-15 14:54:19,375 [ERROR] LogOutputStream:75 - [STDERR_REDIRECT] Feb 15, 2025 2:54:19 PM java.util.prefs.FileSystemPreferences checkLockFile0ErrorCode
2025-02-15 14:54:19,375 [ERROR] LogOutputStream:75 - [STDERR_REDIRECT] WARNING: Could not lock System prefs. Unix error code 2.
2025-02-15 14:54:19,375 [ERROR] LogOutputStream:75 - [STDERR_REDIRECT] 
2025-02-15 14:54:19,375 [ERROR] LogOutputStream:75 - [STDERR_REDIRECT] Feb 15, 2025 2:54:19 PM java.util.prefs.FileSystemPreferences syncWorld
2025-02-15 14:54:19,375 [ERROR] LogOutputStream:75 - [STDERR_REDIRECT] WARNING: Couldn't flush system prefs: java.util.prefs.BackingStoreException: Couldn't get file lock.
2025-02-15 14:54:19,375 [ERROR] LogOutputStream:75 - [STDERR_REDIRECT] 
2025-02-15 14:54:49,374 [ERROR] LogOutputStream:75 - [STDERR_REDIRECT] Feb 15, 2025 2:54:49 PM java.util.prefs.FileSystemPreferences checkLockFile0ErrorCode
2025-02-15 14:54:49,374 [ERROR] LogOutputStream:75 - [STDERR_REDIRECT] WARNING: Could not lock System prefs. Unix error code 2.
2025-02-15 14:54:49,374 [ERROR] LogOutputStream:75 - [STDERR_REDIRECT] 
2025-02-15 14:54:49,375 [ERROR] LogOutputStream:75 - [STDERR_REDIRECT] Feb 15, 2025 2:54:49 PM java.util.prefs.FileSystemPreferences syncWorld
2025-02-15 14:54:49,375 [ERROR] LogOutputStream:75 - [STDERR_REDIRECT] WARNING: Couldn't flush system prefs: java.util.prefs.BackingStoreException: Couldn't get file lock.
2025-02-15 14:54:49,375 [ERROR] LogOutputStream:75 - [STDERR_REDIRECT] 
2025-02-15 14:55:19,374 [ERROR] LogOutputStream:75 - [STDERR_REDIRECT] Feb 15, 2025 2:55:19 PM java.util.prefs.FileSystemPreferences checkLockFile0ErrorCode
2025-02-15 14:55:19,374 [ERROR] LogOutputStream:75 - [STDERR_REDIRECT] WARNING: Could not lock System prefs. Unix error code 2.
2025-02-15 14:55:19,374 [ERROR] LogOutputStream:75 - [STDERR_REDIRECT] 
2025-02-15 14:55:19,374 [ERROR] LogOutputStream:75 - [STDERR_REDIRECT] Feb 15, 2025 2:55:19 PM java.util.prefs.FileSystemPreferences syncWorld
2025-02-15 14:55:19,374 [ERROR] LogOutputStream:75 - [STDERR_REDIRECT] WARNING: Couldn't flush system prefs: java.util.prefs.BackingStoreException: Couldn't get file lock.
2025-02-15 14:55:19,374 [ERROR] LogOutputStream:75 - [STDERR_REDIRECT] 
2025-02-15 14:55:49,375 [ERROR] LogOutputStream:75 - [STDERR_REDIRECT] Feb 15, 2025 2:55:49 PM java.util.prefs.FileSystemPreferences checkLockFile0ErrorCode
2025-02-15 14:55:49,375 [ERROR] LogOutputStream:75 - [STDERR_REDIRECT] WARNING: Could not lock System prefs. Unix error code 2.
2025-02-15 14:55:49,381 [ERROR] LogOutputStream:75 - [STDERR_REDIRECT] 
2025-02-15 14:55:49,381 [ERROR] LogOutputStream:75 - [STDERR_REDIRECT] Feb 15, 2025 2:55:49 PM java.util.prefs.FileSystemPreferences syncWorld
2025-02-15 14:55:49,382 [ERROR] LogOutputStream:75 - [STDERR_REDIRECT] WARNING: Couldn't flush system prefs: java.util.prefs.BackingStoreException: Couldn't get file lock.
2025-02-15 14:55:49,382 [ERROR] LogOutputStream:75 - [STDERR_REDIRECT] 
2025-02-15 14:56:19,375 [ERROR] LogOutputStream:75 - [STDERR_REDIRECT] Feb 15, 2025 2:56:19 PM java.util.prefs.FileSystemPreferences checkLockFile0ErrorCode
2025-02-15 14:56:19,375 [ERROR] LogOutputStream:75 - [STDERR_REDIRECT] WARNING: Could not lock System prefs. Unix error code 2.
2025-02-15 14:56:19,375 [ERROR] LogOutputStream:75 - [STDERR_REDIRECT] 
2025-02-15 14:56:19,375 [ERROR] LogOutputStream:75 - [STDERR_REDIRECT] Feb 15, 2025 2:56:19 PM java.util.prefs.FileSystemPreferences syncWorld
2025-02-15 14:56:19,376 [ERROR] LogOutputStream:75 - [STDERR_REDIRECT] WARNING: Couldn't flush system prefs: java.util.prefs.BackingStoreException: Couldn't get file lock.
2025-02-15 14:56:19,376 [ERROR] LogOutputStream:75 - [STDERR_REDIRECT] 
2025-02-15 14:56:49,375 [ERROR] LogOutputStream:75 - [STDERR_REDIRECT] Feb 15, 2025 2:56:49 PM java.util.prefs.FileSystemPreferences checkLockFile0ErrorCode
2025-02-15 14:56:49,375 [ERROR] LogOutputStream:75 - [STDERR_REDIRECT] WARNING: Could not lock System prefs. Unix error code 2.
2025-02-15 14:56:49,375 [ERROR] LogOutputStream:75 - [STDERR_REDIRECT] 
2025-02-15 14:56:49,375 [ERROR] LogOutputStream:75 - [STDERR_REDIRECT] Feb 15, 2025 2:56:49 PM java.util.prefs.FileSystemPreferences syncWorld
2025-02-15 14:56:49,375 [ERROR] LogOutputStream:75 - [STDERR_REDIRECT] WARNING: Couldn't flush system prefs: java.util.prefs.BackingStoreException: Couldn't get file lock.
2025-02-15 14:56:49,375 [ERROR] LogOutputStream:75 - [STDERR_REDIRECT] 
2025-02-15 14:57:19,375 [ERROR] LogOutputStream:75 - [STDERR_REDIRECT] Feb 15, 2025 2:57:19 PM java.util.prefs.FileSystemPreferences checkLockFile0ErrorCode
2025-02-15 14:57:19,375 [ERROR] LogOutputStream:75 - [STDERR_REDIRECT] WARNING: Could not lock System prefs. Unix error code 2.
2025-02-15 14:57:19,375 [ERROR] LogOutputStream:75 - [STDERR_REDIRECT] 
2025-02-15 14:57:19,375 [ERROR] LogOutputStream:75 - [STDERR_REDIRECT] Feb 15, 2025 2:57:19 PM java.util.prefs.FileSystemPreferences syncWorld
2025-02-15 14:57:19,375 [ERROR] LogOutputStream:75 - [STDERR_REDIRECT] WARNING: Couldn't flush system prefs: java.util.prefs.BackingStoreException: Couldn't get file lock.
2025-02-15 14:57:19,375 [ERROR] LogOutputStream:75 - [STDERR_REDIRECT] 
2025-02-15 14:57:49,376 [ERROR] LogOutputStream:75 - [STDERR_REDIRECT] Feb 15, 2025 2:57:49 PM java.util.prefs.FileSystemPreferences checkLockFile0ErrorCode
2025-02-15 14:57:49,376 [ERROR] LogOutputStream:75 - [STDERR_REDIRECT] WARNING: Could not lock System prefs. Unix error code 2.
2025-02-15 14:57:49,376 [ERROR] LogOutputStream:75 - [STDERR_REDIRECT] 
2025-02-15 14:57:49,376 [ERROR] LogOutputStream:75 - [STDERR_REDIRECT] Feb 15, 2025 2:57:49 PM java.util.prefs.FileSystemPreferences syncWorld
2025-02-15 14:57:49,376 [ERROR] LogOutputStream:75 - [STDERR_REDIRECT] WARNING: Couldn't flush system prefs: java.util.prefs.BackingStoreException: Couldn't get file lock.
2025-02-15 14:57:49,376 [ERROR] LogOutputStream:75 - [STDERR_REDIRECT] 
2025-02-15 14:58:19,377 [ERROR] LogOutputStream:75 - [STDERR_REDIRECT] Feb 15, 2025 2:58:19 PM java.util.prefs.FileSystemPreferences checkLockFile0ErrorCode
2025-02-15 14:58:19,377 [ERROR] LogOutputStream:75 - [STDERR_REDIRECT] WARNING: Could not lock System prefs. Unix error code 2.
2025-02-15 14:58:19,377 [ERROR] LogOutputStream:75 - [STDERR_REDIRECT] 
2025-02-15 14:58:19,377 [ERROR] LogOutputStream:75 - [STDERR_REDIRECT] Feb 15, 2025 2:58:19 PM java.util.prefs.FileSystemPreferences syncWorld
2025-02-15 14:58:19,377 [ERROR] LogOutputStream:75 - [STDERR_REDIRECT] WARNING: Couldn't flush system prefs: java.util.prefs.BackingStoreException: Couldn't get file lock.
2025-02-15 14:58:19,377 [ERROR] LogOutputStream:75 - [STDERR_REDIRECT] 
2025-02-15 14:58:49,378 [ERROR] LogOutputStream:75 - [STDERR_REDIRECT] Feb 15, 2025 2:58:49 PM java.util.prefs.FileSystemPreferences checkLockFile0ErrorCode
2025-02-15 14:58:49,378 [ERROR] LogOutputStream:75 - [STDERR_REDIRECT] WARNING: Could not lock System prefs. Unix error code 2.
2025-02-15 14:58:49,378 [ERROR] LogOutputStream:75 - [STDERR_REDIRECT] 
2025-02-15 14:58:49,378 [ERROR] LogOutputStream:75 - [STDERR_REDIRECT] Feb 15, 2025 2:58:49 PM java.util.prefs.FileSystemPreferences syncWorld
2025-02-15 14:58:49,378 [ERROR] LogOutputStream:75 - [STDERR_REDIRECT] WARNING: Couldn't flush system prefs: java.util.prefs.BackingStoreException: Couldn't get file lock.
2025-02-15 14:58:49,378 [ERROR] LogOutputStream:75 - [STDERR_REDIRECT] 
2025-02-15 14:59:19,378 [ERROR] LogOutputStream:75 - [STDERR_REDIRECT] Feb 15, 2025 2:59:19 PM java.util.prefs.FileSystemPreferences checkLockFile0ErrorCode
2025-02-15 14:59:19,378 [ERROR] LogOutputStream:75 - [STDERR_REDIRECT] WARNING: Could not lock System prefs. Unix error code 2.
2025-02-15 14:59:19,378 [ERROR] LogOutputStream:75 - [STDERR_REDIRECT] 
2025-02-15 14:59:19,378 [ERROR] LogOutputStream:75 - [STDERR_REDIRECT] Feb 15, 2025 2:59:19 PM java.util.prefs.FileSystemPreferences syncWorld
2025-02-15 14:59:19,378 [ERROR] LogOutputStream:75 - [STDERR_REDIRECT] WARNING: Couldn't flush system prefs: java.util.prefs.BackingStoreException: Couldn't get file lock.
2025-02-15 14:59:19,378 [ERROR] LogOutputStream:75 - [STDERR_REDIRECT] 
2025-02-15 14:59:49,378 [ERROR] LogOutputStream:75 - [STDERR_REDIRECT] Feb 15, 2025 2:59:49 PM java.util.prefs.FileSystemPreferences checkLockFile0ErrorCode
2025-02-15 14:59:49,378 [ERROR] LogOutputStream:75 - [STDERR_REDIRECT] WARNING: Could not lock System prefs. Unix error code 2.
2025-02-15 14:59:49,378 [ERROR] LogOutputStream:75 - [STDERR_REDIRECT] 
2025-02-15 14:59:49,378 [ERROR] LogOutputStream:75 - [STDERR_REDIRECT] Feb 15, 2025 2:59:49 PM java.util.prefs.FileSystemPreferences syncWorld
2025-02-15 14:59:49,378 [ERROR] LogOutputStream:75 - [STDERR_REDIRECT] WARNING: Couldn't flush system prefs: java.util.prefs.BackingStoreException: Couldn't get file lock.
2025-02-15 14:59:49,378 [ERROR] LogOutputStream:75 - [STDERR_REDIRECT] 
2025-02-15 15:00:19,378 [ERROR] LogOutputStream:75 - [STDERR_REDIRECT] Feb 15, 2025 3:00:19 PM java.util.prefs.FileSystemPreferences checkLockFile0ErrorCode
2025-02-15 15:00:19,378 [ERROR] LogOutputStream:75 - [STDERR_REDIRECT] WARNING: Could not lock System prefs. Unix error code 2.
2025-02-15 15:00:19,378 [ERROR] LogOutputStream:75 - [STDERR_REDIRECT] 
2025-02-15 15:00:19,378 [ERROR] LogOutputStream:75 - [STDERR_REDIRECT] Feb 15, 2025 3:00:19 PM java.util.prefs.FileSystemPreferences syncWorld
2025-02-15 15:00:19,378 [ERROR] LogOutputStream:75 - [STDERR_REDIRECT] WARNING: Couldn't flush system prefs: java.util.prefs.BackingStoreException: Couldn't get file lock.
2025-02-15 15:00:19,378 [ERROR] LogOutputStream:75 - [STDERR_REDIRECT] 
2025-02-15 15:00:49,379 [ERROR] LogOutputStream:75 - [STDERR_REDIRECT] Feb 15, 2025 3:00:49 PM java.util.prefs.FileSystemPreferences checkLockFile0ErrorCode
2025-02-15 15:00:49,379 [ERROR] LogOutputStream:75 - [STDERR_REDIRECT] WARNING: Could not lock System prefs. Unix error code 2.
2025-02-15 15:00:49,379 [ERROR] LogOutputStream:75 - [STDERR_REDIRECT] 
2025-02-15 15:00:49,379 [ERROR] LogOutputStream:75 - [STDERR_REDIRECT] Feb 15, 2025 3:00:49 PM java.util.prefs.FileSystemPreferences syncWorld
2025-02-15 15:00:49,379 [ERROR] LogOutputStream:75 - [STDERR_REDIRECT] WARNING: Couldn't flush system prefs: java.util.prefs.BackingStoreException: Couldn't get file lock.
2025-02-15 15:00:49,379 [ERROR] LogOutputStream:75 - [STDERR_REDIRECT] 
2025-02-15 15:01:19,379 [ERROR] LogOutputStream:75 - [STDERR_REDIRECT] Feb 15, 2025 3:01:19 PM java.util.prefs.FileSystemPreferences checkLockFile0ErrorCode
2025-02-15 15:01:19,380 [ERROR] LogOutputStream:75 - [STDERR_REDIRECT] WARNING: Could not lock System prefs. Unix error code 2.
2025-02-15 15:01:19,380 [ERROR] LogOutputStream:75 - [STDERR_REDIRECT] 
2025-02-15 15:01:19,380 [ERROR] LogOutputStream:75 - [STDERR_REDIRECT] Feb 15, 2025 3:01:19 PM java.util.prefs.FileSystemPreferences syncWorld
2025-02-15 15:01:19,380 [ERROR] LogOutputStream:75 - [STDERR_REDIRECT] WARNING: Couldn't flush system prefs: java.util.prefs.BackingStoreException: Couldn't get file lock.
2025-02-15 15:01:19,380 [ERROR] LogOutputStream:75 - [STDERR_REDIRECT] 
2025-02-15 15:01:49,380 [ERROR] LogOutputStream:75 - [STDERR_REDIRECT] Feb 15, 2025 3:01:49 PM java.util.prefs.FileSystemPreferences checkLockFile0ErrorCode
2025-02-15 15:01:49,380 [ERROR] LogOutputStream:75 - [STDERR_REDIRECT] WARNING: Could not lock System prefs. Unix error code 2.
2025-02-15 15:01:49,380 [ERROR] LogOutputStream:75 - [STDERR_REDIRECT] 
2025-02-15 15:01:49,380 [ERROR] LogOutputStream:75 - [STDERR_REDIRECT] Feb 15, 2025 3:01:49 PM java.util.prefs.FileSystemPreferences syncWorld
2025-02-15 15:01:49,380 [ERROR] LogOutputStream:75 - [STDERR_REDIRECT] WARNING: Couldn't flush system prefs: java.util.prefs.BackingStoreException: Couldn't get file lock.
2025-02-15 15:01:49,380 [ERROR] LogOutputStream:75 - [STDERR_REDIRECT] 
2025-02-15 15:02:19,379 [ERROR] LogOutputStream:75 - [STDERR_REDIRECT] Feb 15, 2025 3:02:19 PM java.util.prefs.FileSystemPreferences checkLockFile0ErrorCode
2025-02-15 15:02:19,379 [ERROR] LogOutputStream:75 - [STDERR_REDIRECT] WARNING: Could not lock System prefs. Unix error code 2.
2025-02-15 15:02:19,379 [ERROR] LogOutputStream:75 - [STDERR_REDIRECT] 
2025-02-15 15:02:19,380 [ERROR] LogOutputStream:75 - [STDERR_REDIRECT] Feb 15, 2025 3:02:19 PM java.util.prefs.FileSystemPreferences syncWorld
2025-02-15 15:02:19,380 [ERROR] LogOutputStream:75 - [STDERR_REDIRECT] WARNING: Couldn't flush system prefs: java.util.prefs.BackingStoreException: Couldn't get file lock.
2025-02-15 15:02:19,380 [ERROR] LogOutputStream:75 - [STDERR_REDIRECT] 
2025-02-15 15:02:49,379 [ERROR] LogOutputStream:75 - [STDERR_REDIRECT] Feb 15, 2025 3:02:49 PM java.util.prefs.FileSystemPreferences checkLockFile0ErrorCode
2025-02-15 15:02:49,379 [ERROR] LogOutputStream:75 - [STDERR_REDIRECT] WARNING: Could not lock System prefs. Unix error code 2.
2025-02-15 15:02:49,379 [ERROR] LogOutputStream:75 - [STDERR_REDIRECT] 
2025-02-15 15:02:49,379 [ERROR] LogOutputStream:75 - [STDERR_REDIRECT] Feb 15, 2025 3:02:49 PM java.util.prefs.FileSystemPreferences syncWorld
2025-02-15 15:02:49,380 [ERROR] LogOutputStream:75 - [STDERR_REDIRECT] WARNING: Couldn't flush system prefs: java.util.prefs.BackingStoreException: Couldn't get file lock.
2025-02-15 15:02:49,380 [ERROR] LogOutputStream:75 - [STDERR_REDIRECT] 
2025-02-15 15:03:19,379 [ERROR] LogOutputStream:75 - [STDERR_REDIRECT] Feb 15, 2025 3:03:19 PM java.util.prefs.FileSystemPreferences checkLockFile0ErrorCode
2025-02-15 15:03:19,379 [ERROR] LogOutputStream:75 - [STDERR_REDIRECT] WARNING: Could not lock System prefs. Unix error code 2.
2025-02-15 15:03:19,379 [ERROR] LogOutputStream:75 - [STDERR_REDIRECT] 
2025-02-15 15:03:19,379 [ERROR] LogOutputStream:75 - [STDERR_REDIRECT] Feb 15, 2025 3:03:19 PM java.util.prefs.FileSystemPreferences syncWorld
2025-02-15 15:03:19,379 [ERROR] LogOutputStream:75 - [STDERR_REDIRECT] WARNING: Couldn't flush system prefs: java.util.prefs.BackingStoreException: Couldn't get file lock.
2025-02-15 15:03:19,379 [ERROR] LogOutputStream:75 - [STDERR_REDIRECT] 
2025-02-15 15:03:49,380 [ERROR] LogOutputStream:75 - [STDERR_REDIRECT] Feb 15, 2025 3:03:49 PM java.util.prefs.FileSystemPreferences checkLockFile0ErrorCode
2025-02-15 15:03:49,380 [ERROR] LogOutputStream:75 - [STDERR_REDIRECT] WARNING: Could not lock System prefs. Unix error code 2.
2025-02-15 15:03:49,380 [ERROR] LogOutputStream:75 - [STDERR_REDIRECT] 
2025-02-15 15:03:49,380 [ERROR] LogOutputStream:75 - [STDERR_REDIRECT] Feb 15, 2025 3:03:49 PM java.util.prefs.FileSystemPreferences syncWorld
2025-02-15 15:03:49,380 [ERROR] LogOutputStream:75 - [STDERR_REDIRECT] WARNING: Couldn't flush system prefs: java.util.prefs.BackingStoreException: Couldn't get file lock.
2025-02-15 15:03:49,380 [ERROR] LogOutputStream:75 - [STDERR_REDIRECT] 
2025-02-15 15:04:19,380 [ERROR] LogOutputStream:75 - [STDERR_REDIRECT] Feb 15, 2025 3:04:19 PM java.util.prefs.FileSystemPreferences checkLockFile0ErrorCode
2025-02-15 15:04:19,380 [ERROR] LogOutputStream:75 - [STDERR_REDIRECT] WARNING: Could not lock System prefs. Unix error code 2.
2025-02-15 15:04:19,380 [ERROR] LogOutputStream:75 - [STDERR_REDIRECT] 
2025-02-15 15:04:19,380 [ERROR] LogOutputStream:75 - [STDERR_REDIRECT] Feb 15, 2025 3:04:19 PM java.util.prefs.FileSystemPreferences syncWorld
2025-02-15 15:04:19,380 [ERROR] LogOutputStream:75 - [STDERR_REDIRECT] WARNING: Couldn't flush system prefs: java.util.prefs.BackingStoreException: Couldn't get file lock.
2025-02-15 15:04:19,380 [ERROR] LogOutputStream:75 - [STDERR_REDIRECT] 
2025-02-15 15:04:49,380 [ERROR] LogOutputStream:75 - [STDERR_REDIRECT] Feb 15, 2025 3:04:49 PM java.util.prefs.FileSystemPreferences checkLockFile0ErrorCode
2025-02-15 15:04:49,380 [ERROR] LogOutputStream:75 - [STDERR_REDIRECT] WARNING: Could not lock System prefs. Unix error code 2.
2025-02-15 15:04:49,380 [ERROR] LogOutputStream:75 - [STDERR_REDIRECT] 
2025-02-15 15:04:49,381 [ERROR] LogOutputStream:75 - [STDERR_REDIRECT] Feb 15, 2025 3:04:49 PM java.util.prefs.FileSystemPreferences syncWorld
2025-02-15 15:04:49,381 [ERROR] LogOutputStream:75 - [STDERR_REDIRECT] WARNING: Couldn't flush system prefs: java.util.prefs.BackingStoreException: Couldn't get file lock.
2025-02-15 15:04:49,381 [ERROR] LogOutputStream:75 - [STDERR_REDIRECT] 
2025-02-15 15:05:19,380 [ERROR] LogOutputStream:75 - [STDERR_REDIRECT] Feb 15, 2025 3:05:19 PM java.util.prefs.FileSystemPreferences checkLockFile0ErrorCode
2025-02-15 15:05:19,380 [ERROR] LogOutputStream:75 - [STDERR_REDIRECT] WARNING: Could not lock System prefs. Unix error code 2.
2025-02-15 15:05:19,380 [ERROR] LogOutputStream:75 - [STDERR_REDIRECT] 
2025-02-15 15:05:19,380 [ERROR] LogOutputStream:75 - [STDERR_REDIRECT] Feb 15, 2025 3:05:19 PM java.util.prefs.FileSystemPreferences syncWorld
2025-02-15 15:05:19,380 [ERROR] LogOutputStream:75 - [STDERR_REDIRECT] WARNING: Couldn't flush system prefs: java.util.prefs.BackingStoreException: Couldn't get file lock.
2025-02-15 15:05:19,381 [ERROR] LogOutputStream:75 - [STDERR_REDIRECT] 
2025-02-15 15:05:49,380 [ERROR] LogOutputStream:75 - [STDERR_REDIRECT] Feb 15, 2025 3:05:49 PM java.util.prefs.FileSystemPreferences checkLockFile0ErrorCode
2025-02-15 15:05:49,380 [ERROR] LogOutputStream:75 - [STDERR_REDIRECT] WARNING: Could not lock System prefs. Unix error code 2.
2025-02-15 15:05:49,380 [ERROR] LogOutputStream:75 - [STDERR_REDIRECT] 
2025-02-15 15:05:49,380 [ERROR] LogOutputStream:75 - [STDERR_REDIRECT] Feb 15, 2025 3:05:49 PM java.util.prefs.FileSystemPreferences syncWorld
2025-02-15 15:05:49,380 [ERROR] LogOutputStream:75 - [STDERR_REDIRECT] WARNING: Couldn't flush system prefs: java.util.prefs.BackingStoreException: Couldn't get file lock.
2025-02-15 15:05:49,381 [ERROR] LogOutputStream:75 - [STDERR_REDIRECT] 
2025-02-15 15:06:19,380 [ERROR] LogOutputStream:75 - [STDERR_REDIRECT] Feb 15, 2025 3:06:19 PM java.util.prefs.FileSystemPreferences checkLockFile0ErrorCode
2025-02-15 15:06:19,380 [ERROR] LogOutputStream:75 - [STDERR_REDIRECT] WARNING: Could not lock System prefs. Unix error code 2.
2025-02-15 15:06:19,386 [ERROR] LogOutputStream:75 - [STDERR_REDIRECT] 
2025-02-15 15:06:19,387 [ERROR] LogOutputStream:75 - [STDERR_REDIRECT] Feb 15, 2025 3:06:19 PM java.util.prefs.FileSystemPreferences syncWorld
2025-02-15 15:06:19,387 [ERROR] LogOutputStream:75 - [STDERR_REDIRECT] WARNING: Couldn't flush system prefs: java.util.prefs.BackingStoreException: Couldn't get file lock.
2025-02-15 15:06:19,387 [ERROR] LogOutputStream:75 - [STDERR_REDIRECT] 
2025-02-15 15:06:49,380 [ERROR] LogOutputStream:75 - [STDERR_REDIRECT] Feb 15, 2025 3:06:49 PM java.util.prefs.FileSystemPreferences checkLockFile0ErrorCode
2025-02-15 15:06:49,380 [ERROR] LogOutputStream:75 - [STDERR_REDIRECT] WARNING: Could not lock System prefs. Unix error code 2.
2025-02-15 15:06:49,380 [ERROR] LogOutputStream:75 - [STDERR_REDIRECT] 
2025-02-15 15:06:49,381 [ERROR] LogOutputStream:75 - [STDERR_REDIRECT] Feb 15, 2025 3:06:49 PM java.util.prefs.FileSystemPreferences syncWorld
2025-02-15 15:06:49,381 [ERROR] LogOutputStream:75 - [STDERR_REDIRECT] WARNING: Couldn't flush system prefs: java.util.prefs.BackingStoreException: Couldn't get file lock.
2025-02-15 15:06:49,381 [ERROR] LogOutputStream:75 - [STDERR_REDIRECT] 
2025-02-15 15:07:19,380 [ERROR] LogOutputStream:75 - [STDERR_REDIRECT] Feb 15, 2025 3:07:19 PM java.util.prefs.FileSystemPreferences checkLockFile0ErrorCode
2025-02-15 15:07:19,380 [ERROR] LogOutputStream:75 - [STDERR_REDIRECT] WARNING: Could not lock System prefs. Unix error code 2.
2025-02-15 15:07:19,380 [ERROR] LogOutputStream:75 - [STDERR_REDIRECT] 
2025-02-15 15:07:19,381 [ERROR] LogOutputStream:75 - [STDERR_REDIRECT] Feb 15, 2025 3:07:19 PM java.util.prefs.FileSystemPreferences syncWorld
2025-02-15 15:07:19,381 [ERROR] LogOutputStream:75 - [STDERR_REDIRECT] WARNING: Couldn't flush system prefs: java.util.prefs.BackingStoreException: Couldn't get file lock.
2025-02-15 15:07:19,381 [ERROR] LogOutputStream:75 - [STDERR_REDIRECT] 
2025-02-15 15:07:49,380 [ERROR] LogOutputStream:75 - [STDERR_REDIRECT] Feb 15, 2025 3:07:49 PM java.util.prefs.FileSystemPreferences checkLockFile0ErrorCode
2025-02-15 15:07:49,380 [ERROR] LogOutputStream:75 - [STDERR_REDIRECT] WARNING: Could not lock System prefs. Unix error code 2.
2025-02-15 15:07:49,380 [ERROR] LogOutputStream:75 - [STDERR_REDIRECT] 
2025-02-15 15:07:49,381 [ERROR] LogOutputStream:75 - [STDERR_REDIRECT] Feb 15, 2025 3:07:49 PM java.util.prefs.FileSystemPreferences syncWorld
2025-02-15 15:07:49,381 [ERROR] LogOutputStream:75 - [STDERR_REDIRECT] WARNING: Couldn't flush system prefs: java.util.prefs.BackingStoreException: Couldn't get file lock.
2025-02-15 15:07:49,381 [ERROR] LogOutputStream:75 - [STDERR_REDIRECT] 
2025-02-15 15:08:19,380 [ERROR] LogOutputStream:75 - [STDERR_REDIRECT] Feb 15, 2025 3:08:19 PM java.util.prefs.FileSystemPreferences checkLockFile0ErrorCode
2025-02-15 15:08:19,380 [ERROR] LogOutputStream:75 - [STDERR_REDIRECT] WARNING: Could not lock System prefs. Unix error code 2.
2025-02-15 15:08:19,380 [ERROR] LogOutputStream:75 - [STDERR_REDIRECT] 
2025-02-15 15:08:19,381 [ERROR] LogOutputStream:75 - [STDERR_REDIRECT] Feb 15, 2025 3:08:19 PM java.util.prefs.FileSystemPreferences syncWorld
2025-02-15 15:08:19,381 [ERROR] LogOutputStream:75 - [STDERR_REDIRECT] WARNING: Couldn't flush system prefs: java.util.prefs.BackingStoreException: Couldn't get file lock.
2025-02-15 15:08:19,381 [ERROR] LogOutputStream:75 - [STDERR_REDIRECT] 
2025-02-15 15:08:49,380 [ERROR] LogOutputStream:75 - [STDERR_REDIRECT] Feb 15, 2025 3:08:49 PM java.util.prefs.FileSystemPreferences checkLockFile0ErrorCode
2025-02-15 15:08:49,380 [ERROR] LogOutputStream:75 - [STDERR_REDIRECT] WARNING: Could not lock System prefs. Unix error code 2.
2025-02-15 15:08:49,380 [ERROR] LogOutputStream:75 - [STDERR_REDIRECT] 
2025-02-15 15:08:49,380 [ERROR] LogOutputStream:75 - [STDERR_REDIRECT] Feb 15, 2025 3:08:49 PM java.util.prefs.FileSystemPreferences syncWorld
2025-02-15 15:08:49,380 [ERROR] LogOutputStream:75 - [STDERR_REDIRECT] WARNING: Couldn't flush system prefs: java.util.prefs.BackingStoreException: Couldn't get file lock.
2025-02-15 15:08:49,381 [ERROR] LogOutputStream:75 - [STDERR_REDIRECT] 
2025-02-15 15:09:19,380 [ERROR] LogOutputStream:75 - [STDERR_REDIRECT] Feb 15, 2025 3:09:19 PM java.util.prefs.FileSystemPreferences checkLockFile0ErrorCode
2025-02-15 15:09:19,380 [ERROR] LogOutputStream:75 - [STDERR_REDIRECT] WARNING: Could not lock System prefs. Unix error code 2.
2025-02-15 15:09:19,380 [ERROR] LogOutputStream:75 - [STDERR_REDIRECT] 
2025-02-15 15:09:19,380 [ERROR] LogOutputStream:75 - [STDERR_REDIRECT] Feb 15, 2025 3:09:19 PM java.util.prefs.FileSystemPreferences syncWorld
2025-02-15 15:09:19,380 [ERROR] LogOutputStream:75 - [STDERR_REDIRECT] WARNING: Couldn't flush system prefs: java.util.prefs.BackingStoreException: Couldn't get file lock.
2025-02-15 15:09:19,380 [ERROR] LogOutputStream:75 - [STDERR_REDIRECT] 
2025-02-15 15:09:49,381 [ERROR] LogOutputStream:75 - [STDERR_REDIRECT] Feb 15, 2025 3:09:49 PM java.util.prefs.FileSystemPreferences checkLockFile0ErrorCode
2025-02-15 15:09:49,381 [ERROR] LogOutputStream:75 - [STDERR_REDIRECT] WARNING: Could not lock System prefs. Unix error code 2.
2025-02-15 15:09:49,381 [ERROR] LogOutputStream:75 - [STDERR_REDIRECT] 
2025-02-15 15:09:49,381 [ERROR] LogOutputStream:75 - [STDERR_REDIRECT] Feb 15, 2025 3:09:49 PM java.util.prefs.FileSystemPreferences syncWorld
2025-02-15 15:09:49,381 [ERROR] LogOutputStream:75 - [STDERR_REDIRECT] WARNING: Couldn't flush system prefs: java.util.prefs.BackingStoreException: Couldn't get file lock.
2025-02-15 15:09:49,381 [ERROR] LogOutputStream:75 - [STDERR_REDIRECT] 
2025-02-15 15:10:19,382 [ERROR] LogOutputStream:75 - [STDERR_REDIRECT] Feb 15, 2025 3:10:19 PM java.util.prefs.FileSystemPreferences checkLockFile0ErrorCode
2025-02-15 15:10:19,382 [ERROR] LogOutputStream:75 - [STDERR_REDIRECT] WARNING: Could not lock System prefs. Unix error code 2.
2025-02-15 15:10:19,382 [ERROR] LogOutputStream:75 - [STDERR_REDIRECT] 
2025-02-15 15:10:19,382 [ERROR] LogOutputStream:75 - [STDERR_REDIRECT] Feb 15, 2025 3:10:19 PM java.util.prefs.FileSystemPreferences syncWorld
2025-02-15 15:10:19,382 [ERROR] LogOutputStream:75 - [STDERR_REDIRECT] WARNING: Couldn't flush system prefs: java.util.prefs.BackingStoreException: Couldn't get file lock.
2025-02-15 15:10:19,382 [ERROR] LogOutputStream:75 - [STDERR_REDIRECT] 
2025-02-15 15:10:49,381 [ERROR] LogOutputStream:75 - [STDERR_REDIRECT] Feb 15, 2025 3:10:49 PM java.util.prefs.FileSystemPreferences checkLockFile0ErrorCode
2025-02-15 15:10:49,382 [ERROR] LogOutputStream:75 - [STDERR_REDIRECT] WARNING: Could not lock System prefs. Unix error code 2.
2025-02-15 15:10:49,382 [ERROR] LogOutputStream:75 - [STDERR_REDIRECT] 
2025-02-15 15:10:49,382 [ERROR] LogOutputStream:75 - [STDERR_REDIRECT] Feb 15, 2025 3:10:49 PM java.util.prefs.FileSystemPreferences syncWorld
2025-02-15 15:10:49,382 [ERROR] LogOutputStream:75 - [STDERR_REDIRECT] WARNING: Couldn't flush system prefs: java.util.prefs.BackingStoreException: Couldn't get file lock.
2025-02-15 15:10:49,382 [ERROR] LogOutputStream:75 - [STDERR_REDIRECT] 
2025-02-15 15:11:19,381 [ERROR] LogOutputStream:75 - [STDERR_REDIRECT] Feb 15, 2025 3:11:19 PM java.util.prefs.FileSystemPreferences checkLockFile0ErrorCode
2025-02-15 15:11:19,381 [ERROR] LogOutputStream:75 - [STDERR_REDIRECT] WARNING: Could not lock System prefs. Unix error code 2.
2025-02-15 15:11:19,381 [ERROR] LogOutputStream:75 - [STDERR_REDIRECT] 
2025-02-15 15:11:19,382 [ERROR] LogOutputStream:75 - [STDERR_REDIRECT] Feb 15, 2025 3:11:19 PM java.util.prefs.FileSystemPreferences syncWorld
2025-02-15 15:11:19,382 [ERROR] LogOutputStream:75 - [STDERR_REDIRECT] WARNING: Couldn't flush system prefs: java.util.prefs.BackingStoreException: Couldn't get file lock.
2025-02-15 15:11:19,382 [ERROR] LogOutputStream:75 - [STDERR_REDIRECT] 
2025-02-15 15:11:49,381 [ERROR] LogOutputStream:75 - [STDERR_REDIRECT] Feb 15, 2025 3:11:49 PM java.util.prefs.FileSystemPreferences checkLockFile0ErrorCode
2025-02-15 15:11:49,381 [ERROR] LogOutputStream:75 - [STDERR_REDIRECT] WARNING: Could not lock System prefs. Unix error code 2.
2025-02-15 15:11:49,382 [ERROR] LogOutputStream:75 - [STDERR_REDIRECT] 
2025-02-15 15:11:49,382 [ERROR] LogOutputStream:75 - [STDERR_REDIRECT] Feb 15, 2025 3:11:49 PM java.util.prefs.FileSystemPreferences syncWorld
2025-02-15 15:11:49,382 [ERROR] LogOutputStream:75 - [STDERR_REDIRECT] WARNING: Couldn't flush system prefs: java.util.prefs.BackingStoreException: Couldn't get file lock.
2025-02-15 15:11:49,382 [ERROR] LogOutputStream:75 - [STDERR_REDIRECT] 
2025-02-15 15:12:19,381 [ERROR] LogOutputStream:75 - [STDERR_REDIRECT] Feb 15, 2025 3:12:19 PM java.util.prefs.FileSystemPreferences checkLockFile0ErrorCode
2025-02-15 15:12:19,381 [ERROR] LogOutputStream:75 - [STDERR_REDIRECT] WARNING: Could not lock System prefs. Unix error code 2.
2025-02-15 15:12:19,381 [ERROR] LogOutputStream:75 - [STDERR_REDIRECT] 
2025-02-15 15:12:19,381 [ERROR] LogOutputStream:75 - [STDERR_REDIRECT] Feb 15, 2025 3:12:19 PM java.util.prefs.FileSystemPreferences syncWorld
2025-02-15 15:12:19,382 [ERROR] LogOutputStream:75 - [STDERR_REDIRECT] WARNING: Couldn't flush system prefs: java.util.prefs.BackingStoreException: Couldn't get file lock.
2025-02-15 15:12:19,382 [ERROR] LogOutputStream:75 - [STDERR_REDIRECT] 
2025-02-15 15:12:49,381 [ERROR] LogOutputStream:75 - [STDERR_REDIRECT] Feb 15, 2025 3:12:49 PM java.util.prefs.FileSystemPreferences checkLockFile0ErrorCode
2025-02-15 15:12:49,381 [ERROR] LogOutputStream:75 - [STDERR_REDIRECT] WARNING: Could not lock System prefs. Unix error code 2.
2025-02-15 15:12:49,381 [ERROR] LogOutputStream:75 - [STDERR_REDIRECT] 
2025-02-15 15:12:49,381 [ERROR] LogOutputStream:75 - [STDERR_REDIRECT] Feb 15, 2025 3:12:49 PM java.util.prefs.FileSystemPreferences syncWorld
2025-02-15 15:12:49,382 [ERROR] LogOutputStream:75 - [STDERR_REDIRECT] WARNING: Couldn't flush system prefs: java.util.prefs.BackingStoreException: Couldn't get file lock.
2025-02-15 15:12:49,382 [ERROR] LogOutputStream:75 - [STDERR_REDIRECT] 
2025-02-15 15:13:19,381 [ERROR] LogOutputStream:75 - [STDERR_REDIRECT] Feb 15, 2025 3:13:19 PM java.util.prefs.FileSystemPreferences checkLockFile0ErrorCode
2025-02-15 15:13:19,381 [ERROR] LogOutputStream:75 - [STDERR_REDIRECT] WARNING: Could not lock System prefs. Unix error code 2.
2025-02-15 15:13:19,381 [ERROR] LogOutputStream:75 - [STDERR_REDIRECT] 
2025-02-15 15:13:19,382 [ERROR] LogOutputStream:75 - [STDERR_REDIRECT] Feb 15, 2025 3:13:19 PM java.util.prefs.FileSystemPreferences syncWorld
2025-02-15 15:13:19,382 [ERROR] LogOutputStream:75 - [STDERR_REDIRECT] WARNING: Couldn't flush system prefs: java.util.prefs.BackingStoreException: Couldn't get file lock.
2025-02-15 15:13:19,382 [ERROR] LogOutputStream:75 - [STDERR_REDIRECT] 
2025-02-15 15:13:49,381 [ERROR] LogOutputStream:75 - [STDERR_REDIRECT] Feb 15, 2025 3:13:49 PM java.util.prefs.FileSystemPreferences checkLockFile0ErrorCode
2025-02-15 15:13:49,381 [ERROR] LogOutputStream:75 - [STDERR_REDIRECT] WARNING: Could not lock System prefs. Unix error code 2.
2025-02-15 15:13:49,381 [ERROR] LogOutputStream:75 - [STDERR_REDIRECT] 
2025-02-15 15:13:49,382 [ERROR] LogOutputStream:75 - [STDERR_REDIRECT] Feb 15, 2025 3:13:49 PM java.util.prefs.FileSystemPreferences syncWorld
2025-02-15 15:13:49,382 [ERROR] LogOutputStream:75 - [STDERR_REDIRECT] WARNING: Couldn't flush system prefs: java.util.prefs.BackingStoreException: Couldn't get file lock.
2025-02-15 15:13:49,382 [ERROR] LogOutputStream:75 - [STDERR_REDIRECT] 
2025-02-15 15:14:19,381 [ERROR] LogOutputStream:75 - [STDERR_REDIRECT] Feb 15, 2025 3:14:19 PM java.util.prefs.FileSystemPreferences checkLockFile0ErrorCode
2025-02-15 15:14:19,381 [ERROR] LogOutputStream:75 - [STDERR_REDIRECT] WARNING: Could not lock System prefs. Unix error code 2.
2025-02-15 15:14:19,381 [ERROR] LogOutputStream:75 - [STDERR_REDIRECT] 
2025-02-15 15:14:19,382 [ERROR] LogOutputStream:75 - [STDERR_REDIRECT] Feb 15, 2025 3:14:19 PM java.util.prefs.FileSystemPreferences syncWorld
2025-02-15 15:14:19,382 [ERROR] LogOutputStream:75 - [STDERR_REDIRECT] WARNING: Couldn't flush system prefs: java.util.prefs.BackingStoreException: Couldn't get file lock.
2025-02-15 15:14:19,382 [ERROR] LogOutputStream:75 - [STDERR_REDIRECT] 
2025-02-15 15:14:49,382 [ERROR] LogOutputStream:75 - [STDERR_REDIRECT] Feb 15, 2025 3:14:49 PM java.util.prefs.FileSystemPreferences checkLockFile0ErrorCode
2025-02-15 15:14:49,382 [ERROR] LogOutputStream:75 - [STDERR_REDIRECT] WARNING: Could not lock System prefs. Unix error code 2.
2025-02-15 15:14:49,382 [ERROR] LogOutputStream:75 - [STDERR_REDIRECT] 
2025-02-15 15:14:49,382 [ERROR] LogOutputStream:75 - [STDERR_REDIRECT] Feb 15, 2025 3:14:49 PM java.util.prefs.FileSystemPreferences syncWorld
2025-02-15 15:14:49,382 [ERROR] LogOutputStream:75 - [STDERR_REDIRECT] WARNING: Couldn't flush system prefs: java.util.prefs.BackingStoreException: Couldn't get file lock.
2025-02-15 15:14:49,382 [ERROR] LogOutputStream:75 - [STDERR_REDIRECT] 
2025-02-15 15:15:19,381 [ERROR] LogOutputStream:75 - [STDERR_REDIRECT] Feb 15, 2025 3:15:19 PM java.util.prefs.FileSystemPreferences checkLockFile0ErrorCode
2025-02-15 15:15:19,382 [ERROR] LogOutputStream:75 - [STDERR_REDIRECT] WARNING: Could not lock System prefs. Unix error code 2.
2025-02-15 15:15:19,382 [ERROR] LogOutputStream:75 - [STDERR_REDIRECT] 
2025-02-15 15:15:19,382 [ERROR] LogOutputStream:75 - [STDERR_REDIRECT] Feb 15, 2025 3:15:19 PM java.util.prefs.FileSystemPreferences syncWorld
2025-02-15 15:15:19,382 [ERROR] LogOutputStream:75 - [STDERR_REDIRECT] WARNING: Couldn't flush system prefs: java.util.prefs.BackingStoreException: Couldn't get file lock.
2025-02-15 15:15:19,382 [ERROR] LogOutputStream:75 - [STDERR_REDIRECT] 
2025-02-15 15:15:49,381 [ERROR] LogOutputStream:75 - [STDERR_REDIRECT] Feb 15, 2025 3:15:49 PM java.util.prefs.FileSystemPreferences checkLockFile0ErrorCode
2025-02-15 15:15:49,381 [ERROR] LogOutputStream:75 - [STDERR_REDIRECT] WARNING: Could not lock System prefs. Unix error code 2.
2025-02-15 15:15:49,381 [ERROR] LogOutputStream:75 - [STDERR_REDIRECT] 
2025-02-15 15:15:49,382 [ERROR] LogOutputStream:75 - [STDERR_REDIRECT] Feb 15, 2025 3:15:49 PM java.util.prefs.FileSystemPreferences syncWorld
2025-02-15 15:15:49,382 [ERROR] LogOutputStream:75 - [STDERR_REDIRECT] WARNING: Couldn't flush system prefs: java.util.prefs.BackingStoreException: Couldn't get file lock.
2025-02-15 15:15:49,382 [ERROR] LogOutputStream:75 - [STDERR_REDIRECT] 
2025-02-15 15:16:19,381 [ERROR] LogOutputStream:75 - [STDERR_REDIRECT] Feb 15, 2025 3:16:19 PM java.util.prefs.FileSystemPreferences checkLockFile0ErrorCode
2025-02-15 15:16:19,381 [ERROR] LogOutputStream:75 - [STDERR_REDIRECT] WARNING: Could not lock System prefs. Unix error code 2.
2025-02-15 15:16:19,381 [ERROR] LogOutputStream:75 - [STDERR_REDIRECT] 
2025-02-15 15:16:19,382 [ERROR] LogOutputStream:75 - [STDERR_REDIRECT] Feb 15, 2025 3:16:19 PM java.util.prefs.FileSystemPreferences syncWorld
2025-02-15 15:16:19,382 [ERROR] LogOutputStream:75 - [STDERR_REDIRECT] WARNING: Couldn't flush system prefs: java.util.prefs.BackingStoreException: Couldn't get file lock.
2025-02-15 15:16:19,382 [ERROR] LogOutputStream:75 - [STDERR_REDIRECT] 
2025-02-15 15:16:49,381 [ERROR] LogOutputStream:75 - [STDERR_REDIRECT] Feb 15, 2025 3:16:49 PM java.util.prefs.FileSystemPreferences checkLockFile0ErrorCode
2025-02-15 15:16:49,381 [ERROR] LogOutputStream:75 - [STDERR_REDIRECT] WARNING: Could not lock System prefs. Unix error code 2.
2025-02-15 15:16:49,381 [ERROR] LogOutputStream:75 - [STDERR_REDIRECT] 
2025-02-15 15:16:49,382 [ERROR] LogOutputStream:75 - [STDERR_REDIRECT] Feb 15, 2025 3:16:49 PM java.util.prefs.FileSystemPreferences syncWorld
2025-02-15 15:16:49,382 [ERROR] LogOutputStream:75 - [STDERR_REDIRECT] WARNING: Couldn't flush system prefs: java.util.prefs.BackingStoreException: Couldn't get file lock.
2025-02-15 15:16:49,382 [ERROR] LogOutputStream:75 - [STDERR_REDIRECT] 
2025-02-15 15:17:19,381 [ERROR] LogOutputStream:75 - [STDERR_REDIRECT] Feb 15, 2025 3:17:19 PM java.util.prefs.FileSystemPreferences checkLockFile0ErrorCode
2025-02-15 15:17:19,381 [ERROR] LogOutputStream:75 - [STDERR_REDIRECT] WARNING: Could not lock System prefs. Unix error code 2.
2025-02-15 15:17:19,381 [ERROR] LogOutputStream:75 - [STDERR_REDIRECT] 
2025-02-15 15:17:19,381 [ERROR] LogOutputStream:75 - [STDERR_REDIRECT] Feb 15, 2025 3:17:19 PM java.util.prefs.FileSystemPreferences syncWorld
2025-02-15 15:17:19,381 [ERROR] LogOutputStream:75 - [STDERR_REDIRECT] WARNING: Couldn't flush system prefs: java.util.prefs.BackingStoreException: Couldn't get file lock.
2025-02-15 15:17:19,381 [ERROR] LogOutputStream:75 - [STDERR_REDIRECT] 
2025-02-15 15:17:49,382 [ERROR] LogOutputStream:75 - [STDERR_REDIRECT] Feb 15, 2025 3:17:49 PM java.util.prefs.FileSystemPreferences checkLockFile0ErrorCode
2025-02-15 15:17:49,382 [ERROR] LogOutputStream:75 - [STDERR_REDIRECT] WARNING: Could not lock System prefs. Unix error code 2.
2025-02-15 15:17:49,382 [ERROR] LogOutputStream:75 - [STDERR_REDIRECT] 
2025-02-15 15:17:49,382 [ERROR] LogOutputStream:75 - [STDERR_REDIRECT] Feb 15, 2025 3:17:49 PM java.util.prefs.FileSystemPreferences syncWorld
2025-02-15 15:17:49,382 [ERROR] LogOutputStream:75 - [STDERR_REDIRECT] WARNING: Couldn't flush system prefs: java.util.prefs.BackingStoreException: Couldn't get file lock.
2025-02-15 15:17:49,382 [ERROR] LogOutputStream:75 - [STDERR_REDIRECT] 
2025-02-15 15:18:19,381 [ERROR] LogOutputStream:75 - [STDERR_REDIRECT] Feb 15, 2025 3:18:19 PM java.util.prefs.FileSystemPreferences checkLockFile0ErrorCode
2025-02-15 15:18:19,381 [ERROR] LogOutputStream:75 - [STDERR_REDIRECT] WARNING: Could not lock System prefs. Unix error code 2.
2025-02-15 15:18:19,381 [ERROR] LogOutputStream:75 - [STDERR_REDIRECT] 
2025-02-15 15:18:19,382 [ERROR] LogOutputStream:75 - [STDERR_REDIRECT] Feb 15, 2025 3:18:19 PM java.util.prefs.FileSystemPreferences syncWorld
2025-02-15 15:18:19,382 [ERROR] LogOutputStream:75 - [STDERR_REDIRECT] WARNING: Couldn't flush system prefs: java.util.prefs.BackingStoreException: Couldn't get file lock.
2025-02-15 15:18:19,382 [ERROR] LogOutputStream:75 - [STDERR_REDIRECT] 
2025-02-15 15:18:49,381 [ERROR] LogOutputStream:75 - [STDERR_REDIRECT] Feb 15, 2025 3:18:49 PM java.util.prefs.FileSystemPreferences checkLockFile0ErrorCode
2025-02-15 15:18:49,381 [ERROR] LogOutputStream:75 - [STDERR_REDIRECT] WARNING: Could not lock System prefs. Unix error code 2.
2025-02-15 15:18:49,381 [ERROR] LogOutputStream:75 - [STDERR_REDIRECT] 
2025-02-15 15:18:49,381 [ERROR] LogOutputStream:75 - [STDERR_REDIRECT] Feb 15, 2025 3:18:49 PM java.util.prefs.FileSystemPreferences syncWorld
2025-02-15 15:18:49,381 [ERROR] LogOutputStream:75 - [STDERR_REDIRECT] WARNING: Couldn't flush system prefs: java.util.prefs.BackingStoreException: Couldn't get file lock.
2025-02-15 15:18:49,381 [ERROR] LogOutputStream:75 - [STDERR_REDIRECT] 
2025-02-15 15:19:19,382 [ERROR] LogOutputStream:75 - [STDERR_REDIRECT] Feb 15, 2025 3:19:19 PM java.util.prefs.FileSystemPreferences checkLockFile0ErrorCode
2025-02-15 15:19:19,382 [ERROR] LogOutputStream:75 - [STDERR_REDIRECT] WARNING: Could not lock System prefs. Unix error code 2.
2025-02-15 15:19:19,382 [ERROR] LogOutputStream:75 - [STDERR_REDIRECT] 
2025-02-15 15:19:19,382 [ERROR] LogOutputStream:75 - [STDERR_REDIRECT] Feb 15, 2025 3:19:19 PM java.util.prefs.FileSystemPreferences syncWorld
2025-02-15 15:19:19,382 [ERROR] LogOutputStream:75 - [STDERR_REDIRECT] WARNING: Couldn't flush system prefs: java.util.prefs.BackingStoreException: Couldn't get file lock.
2025-02-15 15:19:19,382 [ERROR] LogOutputStream:75 - [STDERR_REDIRECT] 
2025-02-15 15:19:49,383 [ERROR] LogOutputStream:75 - [STDERR_REDIRECT] Feb 15, 2025 3:19:49 PM java.util.prefs.FileSystemPreferences checkLockFile0ErrorCode
2025-02-15 15:19:49,383 [ERROR] LogOutputStream:75 - [STDERR_REDIRECT] WARNING: Could not lock System prefs. Unix error code 2.
2025-02-15 15:19:49,383 [ERROR] LogOutputStream:75 - [STDERR_REDIRECT] 
2025-02-15 15:19:49,383 [ERROR] LogOutputStream:75 - [STDERR_REDIRECT] Feb 15, 2025 3:19:49 PM java.util.prefs.FileSystemPreferences syncWorld
2025-02-15 15:19:49,383 [ERROR] LogOutputStream:75 - [STDERR_REDIRECT] WARNING: Couldn't flush system prefs: java.util.prefs.BackingStoreException: Couldn't get file lock.
2025-02-15 15:19:49,383 [ERROR] LogOutputStream:75 - [STDERR_REDIRECT] 
2025-02-15 15:20:19,383 [ERROR] LogOutputStream:75 - [STDERR_REDIRECT] Feb 15, 2025 3:20:19 PM java.util.prefs.FileSystemPreferences checkLockFile0ErrorCode
2025-02-15 15:20:19,383 [ERROR] LogOutputStream:75 - [STDERR_REDIRECT] WARNING: Could not lock System prefs. Unix error code 2.
2025-02-15 15:20:19,383 [ERROR] LogOutputStream:75 - [STDERR_REDIRECT] 
2025-02-15 15:20:19,383 [ERROR] LogOutputStream:75 - [STDERR_REDIRECT] Feb 15, 2025 3:20:19 PM java.util.prefs.FileSystemPreferences syncWorld
2025-02-15 15:20:19,383 [ERROR] LogOutputStream:75 - [STDERR_REDIRECT] WARNING: Couldn't flush system prefs: java.util.prefs.BackingStoreException: Couldn't get file lock.
2025-02-15 15:20:19,383 [ERROR] LogOutputStream:75 - [STDERR_REDIRECT] 
2025-02-15 15:20:49,383 [ERROR] LogOutputStream:75 - [STDERR_REDIRECT] Feb 15, 2025 3:20:49 PM java.util.prefs.FileSystemPreferences checkLockFile0ErrorCode
2025-02-15 15:20:49,383 [ERROR] LogOutputStream:75 - [STDERR_REDIRECT] WARNING: Could not lock System prefs. Unix error code 2.
2025-02-15 15:20:49,383 [ERROR] LogOutputStream:75 - [STDERR_REDIRECT] 
2025-02-15 15:20:49,383 [ERROR] LogOutputStream:75 - [STDERR_REDIRECT] Feb 15, 2025 3:20:49 PM java.util.prefs.FileSystemPreferences syncWorld
2025-02-15 15:20:49,383 [ERROR] LogOutputStream:75 - [STDERR_REDIRECT] WARNING: Couldn't flush system prefs: java.util.prefs.BackingStoreException: Couldn't get file lock.
2025-02-15 15:20:49,383 [ERROR] LogOutputStream:75 - [STDERR_REDIRECT] 
2025-02-15 15:21:19,382 [ERROR] LogOutputStream:75 - [STDERR_REDIRECT] Feb 15, 2025 3:21:19 PM java.util.prefs.FileSystemPreferences checkLockFile0ErrorCode
2025-02-15 15:21:19,382 [ERROR] LogOutputStream:75 - [STDERR_REDIRECT] WARNING: Could not lock System prefs. Unix error code 2.
2025-02-15 15:21:19,383 [ERROR] LogOutputStream:75 - [STDERR_REDIRECT] 
2025-02-15 15:21:19,383 [ERROR] LogOutputStream:75 - [STDERR_REDIRECT] Feb 15, 2025 3:21:19 PM java.util.prefs.FileSystemPreferences syncWorld
2025-02-15 15:21:19,383 [ERROR] LogOutputStream:75 - [STDERR_REDIRECT] WARNING: Couldn't flush system prefs: java.util.prefs.BackingStoreException: Couldn't get file lock.
2025-02-15 15:21:19,383 [ERROR] LogOutputStream:75 - [STDERR_REDIRECT] 
2025-02-15 15:21:49,382 [ERROR] LogOutputStream:75 - [STDERR_REDIRECT] Feb 15, 2025 3:21:49 PM java.util.prefs.FileSystemPreferences checkLockFile0ErrorCode
2025-02-15 15:21:49,382 [ERROR] LogOutputStream:75 - [STDERR_REDIRECT] WARNING: Could not lock System prefs. Unix error code 2.
2025-02-15 15:21:49,382 [ERROR] LogOutputStream:75 - [STDERR_REDIRECT] 
2025-02-15 15:21:49,383 [ERROR] LogOutputStream:75 - [STDERR_REDIRECT] Feb 15, 2025 3:21:49 PM java.util.prefs.FileSystemPreferences syncWorld
2025-02-15 15:21:49,383 [ERROR] LogOutputStream:75 - [STDERR_REDIRECT] WARNING: Couldn't flush system prefs: java.util.prefs.BackingStoreException: Couldn't get file lock.
2025-02-15 15:21:49,383 [ERROR] LogOutputStream:75 - [STDERR_REDIRECT] 
2025-02-15 15:22:19,382 [ERROR] LogOutputStream:75 - [STDERR_REDIRECT] Feb 15, 2025 3:22:19 PM java.util.prefs.FileSystemPreferences checkLockFile0ErrorCode
2025-02-15 15:22:19,382 [ERROR] LogOutputStream:75 - [STDERR_REDIRECT] WARNING: Could not lock System prefs. Unix error code 2.
2025-02-15 15:22:19,382 [ERROR] LogOutputStream:75 - [STDERR_REDIRECT] 
2025-02-15 15:22:19,382 [ERROR] LogOutputStream:75 - [STDERR_REDIRECT] Feb 15, 2025 3:22:19 PM java.util.prefs.FileSystemPreferences syncWorld
2025-02-15 15:22:19,382 [ERROR] LogOutputStream:75 - [STDERR_REDIRECT] WARNING: Couldn't flush system prefs: java.util.prefs.BackingStoreException: Couldn't get file lock.
2025-02-15 15:22:19,382 [ERROR] LogOutputStream:75 - [STDERR_REDIRECT] 
2025-02-15 15:22:49,383 [ERROR] LogOutputStream:75 - [STDERR_REDIRECT] Feb 15, 2025 3:22:49 PM java.util.prefs.FileSystemPreferences checkLockFile0ErrorCode
2025-02-15 15:22:49,383 [ERROR] LogOutputStream:75 - [STDERR_REDIRECT] WARNING: Could not lock System prefs. Unix error code 2.
2025-02-15 15:22:49,390 [ERROR] LogOutputStream:75 - [STDERR_REDIRECT] 
2025-02-15 15:22:49,390 [ERROR] LogOutputStream:75 - [STDERR_REDIRECT] Feb 15, 2025 3:22:49 PM java.util.prefs.FileSystemPreferences syncWorld
2025-02-15 15:22:49,390 [ERROR] LogOutputStream:75 - [STDERR_REDIRECT] WARNING: Couldn't flush system prefs: java.util.prefs.BackingStoreException: Couldn't get file lock.
2025-02-15 15:22:49,390 [ERROR] LogOutputStream:75 - [STDERR_REDIRECT] 
2025-02-15 15:23:19,384 [ERROR] LogOutputStream:75 - [STDERR_REDIRECT] Feb 15, 2025 3:23:19 PM java.util.prefs.FileSystemPreferences checkLockFile0ErrorCode
2025-02-15 15:23:19,384 [ERROR] LogOutputStream:75 - [STDERR_REDIRECT] WARNING: Could not lock System prefs. Unix error code 2.
2025-02-15 15:23:19,384 [ERROR] LogOutputStream:75 - [STDERR_REDIRECT] 
2025-02-15 15:23:19,384 [ERROR] LogOutputStream:75 - [STDERR_REDIRECT] Feb 15, 2025 3:23:19 PM java.util.prefs.FileSystemPreferences syncWorld
2025-02-15 15:23:19,384 [ERROR] LogOutputStream:75 - [STDERR_REDIRECT] WARNING: Couldn't flush system prefs: java.util.prefs.BackingStoreException: Couldn't get file lock.
2025-02-15 15:23:19,384 [ERROR] LogOutputStream:75 - [STDERR_REDIRECT] 
2025-02-15 15:23:49,383 [ERROR] LogOutputStream:75 - [STDERR_REDIRECT] Feb 15, 2025 3:23:49 PM java.util.prefs.FileSystemPreferences checkLockFile0ErrorCode
2025-02-15 15:23:49,384 [ERROR] LogOutputStream:75 - [STDERR_REDIRECT] WARNING: Could not lock System prefs. Unix error code 2.
2025-02-15 15:23:49,384 [ERROR] LogOutputStream:75 - [STDERR_REDIRECT] 
2025-02-15 15:23:49,384 [ERROR] LogOutputStream:75 - [STDERR_REDIRECT] Feb 15, 2025 3:23:49 PM java.util.prefs.FileSystemPreferences syncWorld
2025-02-15 15:23:49,384 [ERROR] LogOutputStream:75 - [STDERR_REDIRECT] WARNING: Couldn't flush system prefs: java.util.prefs.BackingStoreException: Couldn't get file lock.
2025-02-15 15:23:49,384 [ERROR] LogOutputStream:75 - [STDERR_REDIRECT] 
2025-02-15 15:24:19,383 [ERROR] LogOutputStream:75 - [STDERR_REDIRECT] Feb 15, 2025 3:24:19 PM java.util.prefs.FileSystemPreferences checkLockFile0ErrorCode
2025-02-15 15:24:19,383 [ERROR] LogOutputStream:75 - [STDERR_REDIRECT] WARNING: Could not lock System prefs. Unix error code 2.
2025-02-15 15:24:19,383 [ERROR] LogOutputStream:75 - [STDERR_REDIRECT] 
2025-02-15 15:24:19,384 [ERROR] LogOutputStream:75 - [STDERR_REDIRECT] Feb 15, 2025 3:24:19 PM java.util.prefs.FileSystemPreferences syncWorld
2025-02-15 15:24:19,384 [ERROR] LogOutputStream:75 - [STDERR_REDIRECT] WARNING: Couldn't flush system prefs: java.util.prefs.BackingStoreException: Couldn't get file lock.
2025-02-15 15:24:19,384 [ERROR] LogOutputStream:75 - [STDERR_REDIRECT] 
2025-02-15 15:24:49,383 [ERROR] LogOutputStream:75 - [STDERR_REDIRECT] Feb 15, 2025 3:24:49 PM java.util.prefs.FileSystemPreferences checkLockFile0ErrorCode
2025-02-15 15:24:49,383 [ERROR] LogOutputStream:75 - [STDERR_REDIRECT] WARNING: Could not lock System prefs. Unix error code 2.
2025-02-15 15:24:49,383 [ERROR] LogOutputStream:75 - [STDERR_REDIRECT] 
2025-02-15 15:24:49,383 [ERROR] LogOutputStream:75 - [STDERR_REDIRECT] Feb 15, 2025 3:24:49 PM java.util.prefs.FileSystemPreferences syncWorld
2025-02-15 15:24:49,383 [ERROR] LogOutputStream:75 - [STDERR_REDIRECT] WARNING: Couldn't flush system prefs: java.util.prefs.BackingStoreException: Couldn't get file lock.
2025-02-15 15:24:49,384 [ERROR] LogOutputStream:75 - [STDERR_REDIRECT] 
2025-02-15 15:25:19,383 [ERROR] LogOutputStream:75 - [STDERR_REDIRECT] Feb 15, 2025 3:25:19 PM java.util.prefs.FileSystemPreferences checkLockFile0ErrorCode
2025-02-15 15:25:19,383 [ERROR] LogOutputStream:75 - [STDERR_REDIRECT] WARNING: Could not lock System prefs. Unix error code 2.
2025-02-15 15:25:19,383 [ERROR] LogOutputStream:75 - [STDERR_REDIRECT] 
2025-02-15 15:25:19,384 [ERROR] LogOutputStream:75 - [STDERR_REDIRECT] Feb 15, 2025 3:25:19 PM java.util.prefs.FileSystemPreferences syncWorld
2025-02-15 15:25:19,384 [ERROR] LogOutputStream:75 - [STDERR_REDIRECT] WARNING: Couldn't flush system prefs: java.util.prefs.BackingStoreException: Couldn't get file lock.
2025-02-15 15:25:19,384 [ERROR] LogOutputStream:75 - [STDERR_REDIRECT] 
2025-02-15 15:25:49,383 [ERROR] LogOutputStream:75 - [STDERR_REDIRECT] Feb 15, 2025 3:25:49 PM java.util.prefs.FileSystemPreferences checkLockFile0ErrorCode
2025-02-15 15:25:49,383 [ERROR] LogOutputStream:75 - [STDERR_REDIRECT] WARNING: Could not lock System prefs. Unix error code 2.
2025-02-15 15:25:49,383 [ERROR] LogOutputStream:75 - [STDERR_REDIRECT] 
2025-02-15 15:25:49,383 [ERROR] LogOutputStream:75 - [STDERR_REDIRECT] Feb 15, 2025 3:25:49 PM java.util.prefs.FileSystemPreferences syncWorld
2025-02-15 15:25:49,383 [ERROR] LogOutputStream:75 - [STDERR_REDIRECT] WARNING: Couldn't flush system prefs: java.util.prefs.BackingStoreException: Couldn't get file lock.
2025-02-15 15:25:49,384 [ERROR] LogOutputStream:75 - [STDERR_REDIRECT] 
2025-02-15 15:26:19,383 [ERROR] LogOutputStream:75 - [STDERR_REDIRECT] Feb 15, 2025 3:26:19 PM java.util.prefs.FileSystemPreferences checkLockFile0ErrorCode
2025-02-15 15:26:19,383 [ERROR] LogOutputStream:75 - [STDERR_REDIRECT] WARNING: Could not lock System prefs. Unix error code 2.
2025-02-15 15:26:19,383 [ERROR] LogOutputStream:75 - [STDERR_REDIRECT] 
2025-02-15 15:26:19,383 [ERROR] LogOutputStream:75 - [STDERR_REDIRECT] Feb 15, 2025 3:26:19 PM java.util.prefs.FileSystemPreferences syncWorld
2025-02-15 15:26:19,383 [ERROR] LogOutputStream:75 - [STDERR_REDIRECT] WARNING: Couldn't flush system prefs: java.util.prefs.BackingStoreException: Couldn't get file lock.
2025-02-15 15:26:19,383 [ERROR] LogOutputStream:75 - [STDERR_REDIRECT] 
2025-02-15 15:26:49,384 [ERROR] LogOutputStream:75 - [STDERR_REDIRECT] Feb 15, 2025 3:26:49 PM java.util.prefs.FileSystemPreferences checkLockFile0ErrorCode
2025-02-15 15:26:49,384 [ERROR] LogOutputStream:75 - [STDERR_REDIRECT] WARNING: Could not lock System prefs. Unix error code 2.
2025-02-15 15:26:49,384 [ERROR] LogOutputStream:75 - [STDERR_REDIRECT] 
2025-02-15 15:26:49,384 [ERROR] LogOutputStream:75 - [STDERR_REDIRECT] Feb 15, 2025 3:26:49 PM java.util.prefs.FileSystemPreferences syncWorld
2025-02-15 15:26:49,384 [ERROR] LogOutputStream:75 - [STDERR_REDIRECT] WARNING: Couldn't flush system prefs: java.util.prefs.BackingStoreException: Couldn't get file lock.
2025-02-15 15:26:49,384 [ERROR] LogOutputStream:75 - [STDERR_REDIRECT] 
2025-02-15 15:27:19,385 [ERROR] LogOutputStream:75 - [STDERR_REDIRECT] Feb 15, 2025 3:27:19 PM java.util.prefs.FileSystemPreferences checkLockFile0ErrorCode
2025-02-15 15:27:19,385 [ERROR] LogOutputStream:75 - [STDERR_REDIRECT] WARNING: Could not lock System prefs. Unix error code 2.
2025-02-15 15:27:19,385 [ERROR] LogOutputStream:75 - [STDERR_REDIRECT] 
2025-02-15 15:27:19,385 [ERROR] LogOutputStream:75 - [STDERR_REDIRECT] Feb 15, 2025 3:27:19 PM java.util.prefs.FileSystemPreferences syncWorld
2025-02-15 15:27:19,385 [ERROR] LogOutputStream:75 - [STDERR_REDIRECT] WARNING: Couldn't flush system prefs: java.util.prefs.BackingStoreException: Couldn't get file lock.
2025-02-15 15:27:19,385 [ERROR] LogOutputStream:75 - [STDERR_REDIRECT] 
2025-02-15 15:27:49,384 [ERROR] LogOutputStream:75 - [STDERR_REDIRECT] Feb 15, 2025 3:27:49 PM java.util.prefs.FileSystemPreferences checkLockFile0ErrorCode
2025-02-15 15:27:49,385 [ERROR] LogOutputStream:75 - [STDERR_REDIRECT] WARNING: Could not lock System prefs. Unix error code 2.
2025-02-15 15:27:49,391 [ERROR] LogOutputStream:75 - [STDERR_REDIRECT] 
2025-02-15 15:27:49,391 [ERROR] LogOutputStream:75 - [STDERR_REDIRECT] Feb 15, 2025 3:27:49 PM java.util.prefs.FileSystemPreferences syncWorld
2025-02-15 15:27:49,391 [ERROR] LogOutputStream:75 - [STDERR_REDIRECT] WARNING: Couldn't flush system prefs: java.util.prefs.BackingStoreException: Couldn't get file lock.
2025-02-15 15:27:49,391 [ERROR] LogOutputStream:75 - [STDERR_REDIRECT] 
2025-02-15 15:28:19,385 [ERROR] LogOutputStream:75 - [STDERR_REDIRECT] Feb 15, 2025 3:28:19 PM java.util.prefs.FileSystemPreferences checkLockFile0ErrorCode
2025-02-15 15:28:19,385 [ERROR] LogOutputStream:75 - [STDERR_REDIRECT] WARNING: Could not lock System prefs. Unix error code 2.
2025-02-15 15:28:19,385 [ERROR] LogOutputStream:75 - [STDERR_REDIRECT] 
2025-02-15 15:28:19,385 [ERROR] LogOutputStream:75 - [STDERR_REDIRECT] Feb 15, 2025 3:28:19 PM java.util.prefs.FileSystemPreferences syncWorld
2025-02-15 15:28:19,385 [ERROR] LogOutputStream:75 - [STDERR_REDIRECT] WARNING: Couldn't flush system prefs: java.util.prefs.BackingStoreException: Couldn't get file lock.
2025-02-15 15:28:19,385 [ERROR] LogOutputStream:75 - [STDERR_REDIRECT] 
2025-02-15 15:28:49,384 [ERROR] LogOutputStream:75 - [STDERR_REDIRECT] Feb 15, 2025 3:28:49 PM java.util.prefs.FileSystemPreferences checkLockFile0ErrorCode
2025-02-15 15:28:49,384 [ERROR] LogOutputStream:75 - [STDERR_REDIRECT] WARNING: Could not lock System prefs. Unix error code 2.
2025-02-15 15:28:49,384 [ERROR] LogOutputStream:75 - [STDERR_REDIRECT] 
2025-02-15 15:28:49,385 [ERROR] LogOutputStream:75 - [STDERR_REDIRECT] Feb 15, 2025 3:28:49 PM java.util.prefs.FileSystemPreferences syncWorld
2025-02-15 15:28:49,385 [ERROR] LogOutputStream:75 - [STDERR_REDIRECT] WARNING: Couldn't flush system prefs: java.util.prefs.BackingStoreException: Couldn't get file lock.
2025-02-15 15:28:49,385 [ERROR] LogOutputStream:75 - [STDERR_REDIRECT] 
2025-02-15 15:29:19,384 [ERROR] LogOutputStream:75 - [STDERR_REDIRECT] Feb 15, 2025 3:29:19 PM java.util.prefs.FileSystemPreferences checkLockFile0ErrorCode
2025-02-15 15:29:19,384 [ERROR] LogOutputStream:75 - [STDERR_REDIRECT] WARNING: Could not lock System prefs. Unix error code 2.
2025-02-15 15:29:19,384 [ERROR] LogOutputStream:75 - [STDERR_REDIRECT] 
2025-02-15 15:29:19,385 [ERROR] LogOutputStream:75 - [STDERR_REDIRECT] Feb 15, 2025 3:29:19 PM java.util.prefs.FileSystemPreferences syncWorld
2025-02-15 15:29:19,385 [ERROR] LogOutputStream:75 - [STDERR_REDIRECT] WARNING: Couldn't flush system prefs: java.util.prefs.BackingStoreException: Couldn't get file lock.
2025-02-15 15:29:19,385 [ERROR] LogOutputStream:75 - [STDERR_REDIRECT] 
2025-02-15 15:29:49,384 [ERROR] LogOutputStream:75 - [STDERR_REDIRECT] Feb 15, 2025 3:29:49 PM java.util.prefs.FileSystemPreferences checkLockFile0ErrorCode
2025-02-15 15:29:49,384 [ERROR] LogOutputStream:75 - [STDERR_REDIRECT] WARNING: Could not lock System prefs. Unix error code 2.
2025-02-15 15:29:49,384 [ERROR] LogOutputStream:75 - [STDERR_REDIRECT] 
2025-02-15 15:29:49,385 [ERROR] LogOutputStream:75 - [STDERR_REDIRECT] Feb 15, 2025 3:29:49 PM java.util.prefs.FileSystemPreferences syncWorld
2025-02-15 15:29:49,385 [ERROR] LogOutputStream:75 - [STDERR_REDIRECT] WARNING: Couldn't flush system prefs: java.util.prefs.BackingStoreException: Couldn't get file lock.
2025-02-15 15:29:49,385 [ERROR] LogOutputStream:75 - [STDERR_REDIRECT] 
2025-02-15 15:30:19,384 [ERROR] LogOutputStream:75 - [STDERR_REDIRECT] Feb 15, 2025 3:30:19 PM java.util.prefs.FileSystemPreferences checkLockFile0ErrorCode
2025-02-15 15:30:19,384 [ERROR] LogOutputStream:75 - [STDERR_REDIRECT] WARNING: Could not lock System prefs. Unix error code 2.
2025-02-15 15:30:19,384 [ERROR] LogOutputStream:75 - [STDERR_REDIRECT] 
2025-02-15 15:30:19,384 [ERROR] LogOutputStream:75 - [STDERR_REDIRECT] Feb 15, 2025 3:30:19 PM java.util.prefs.FileSystemPreferences syncWorld
2025-02-15 15:30:19,384 [ERROR] LogOutputStream:75 - [STDERR_REDIRECT] WARNING: Couldn't flush system prefs: java.util.prefs.BackingStoreException: Couldn't get file lock.
2025-02-15 15:30:19,385 [ERROR] LogOutputStream:75 - [STDERR_REDIRECT] 
2025-02-15 15:30:49,384 [ERROR] LogOutputStream:75 - [STDERR_REDIRECT] Feb 15, 2025 3:30:49 PM java.util.prefs.FileSystemPreferences checkLockFile0ErrorCode
2025-02-15 15:30:49,384 [ERROR] LogOutputStream:75 - [STDERR_REDIRECT] WARNING: Could not lock System prefs. Unix error code 2.
2025-02-15 15:30:49,384 [ERROR] LogOutputStream:75 - [STDERR_REDIRECT] 
2025-02-15 15:30:49,384 [ERROR] LogOutputStream:75 - [STDERR_REDIRECT] Feb 15, 2025 3:30:49 PM java.util.prefs.FileSystemPreferences syncWorld
2025-02-15 15:30:49,384 [ERROR] LogOutputStream:75 - [STDERR_REDIRECT] WARNING: Couldn't flush system prefs: java.util.prefs.BackingStoreException: Couldn't get file lock.
2025-02-15 15:30:49,384 [ERROR] LogOutputStream:75 - [STDERR_REDIRECT] 
2025-02-15 15:31:19,385 [ERROR] LogOutputStream:75 - [STDERR_REDIRECT] Feb 15, 2025 3:31:19 PM java.util.prefs.FileSystemPreferences checkLockFile0ErrorCode
2025-02-15 15:31:19,385 [ERROR] LogOutputStream:75 - [STDERR_REDIRECT] WARNING: Could not lock System prefs. Unix error code 2.
2025-02-15 15:31:19,385 [ERROR] LogOutputStream:75 - [STDERR_REDIRECT] 
2025-02-15 15:31:19,385 [ERROR] LogOutputStream:75 - [STDERR_REDIRECT] Feb 15, 2025 3:31:19 PM java.util.prefs.FileSystemPreferences syncWorld
2025-02-15 15:31:19,385 [ERROR] LogOutputStream:75 - [STDERR_REDIRECT] WARNING: Couldn't flush system prefs: java.util.prefs.BackingStoreException: Couldn't get file lock.
2025-02-15 15:31:19,385 [ERROR] LogOutputStream:75 - [STDERR_REDIRECT] 
2025-02-15 15:31:49,386 [ERROR] LogOutputStream:75 - [STDERR_REDIRECT] Feb 15, 2025 3:31:49 PM java.util.prefs.FileSystemPreferences checkLockFile0ErrorCode
2025-02-15 15:31:49,386 [ERROR] LogOutputStream:75 - [STDERR_REDIRECT] WARNING: Could not lock System prefs. Unix error code 2.
2025-02-15 15:31:49,386 [ERROR] LogOutputStream:75 - [STDERR_REDIRECT] 
2025-02-15 15:31:49,386 [ERROR] LogOutputStream:75 - [STDERR_REDIRECT] Feb 15, 2025 3:31:49 PM java.util.prefs.FileSystemPreferences syncWorld
2025-02-15 15:31:49,386 [ERROR] LogOutputStream:75 - [STDERR_REDIRECT] WARNING: Couldn't flush system prefs: java.util.prefs.BackingStoreException: Couldn't get file lock.
2025-02-15 15:31:49,386 [ERROR] LogOutputStream:75 - [STDERR_REDIRECT] 
2025-02-15 15:32:19,385 [ERROR] LogOutputStream:75 - [STDERR_REDIRECT] Feb 15, 2025 3:32:19 PM java.util.prefs.FileSystemPreferences checkLockFile0ErrorCode
2025-02-15 15:32:19,386 [ERROR] LogOutputStream:75 - [STDERR_REDIRECT] WARNING: Could not lock System prefs. Unix error code 2.
2025-02-15 15:32:19,386 [ERROR] LogOutputStream:75 - [STDERR_REDIRECT] 
2025-02-15 15:32:19,386 [ERROR] LogOutputStream:75 - [STDERR_REDIRECT] Feb 15, 2025 3:32:19 PM java.util.prefs.FileSystemPreferences syncWorld
2025-02-15 15:32:19,386 [ERROR] LogOutputStream:75 - [STDERR_REDIRECT] WARNING: Couldn't flush system prefs: java.util.prefs.BackingStoreException: Couldn't get file lock.
2025-02-15 15:32:19,386 [ERROR] LogOutputStream:75 - [STDERR_REDIRECT] 
2025-02-15 15:32:49,385 [ERROR] LogOutputStream:75 - [STDERR_REDIRECT] Feb 15, 2025 3:32:49 PM java.util.prefs.FileSystemPreferences checkLockFile0ErrorCode
2025-02-15 15:32:49,385 [ERROR] LogOutputStream:75 - [STDERR_REDIRECT] WARNING: Could not lock System prefs. Unix error code 2.
2025-02-15 15:32:49,385 [ERROR] LogOutputStream:75 - [STDERR_REDIRECT] 
2025-02-15 15:32:49,385 [ERROR] LogOutputStream:75 - [STDERR_REDIRECT] Feb 15, 2025 3:32:49 PM java.util.prefs.FileSystemPreferences syncWorld
2025-02-15 15:32:49,386 [ERROR] LogOutputStream:75 - [STDERR_REDIRECT] WARNING: Couldn't flush system prefs: java.util.prefs.BackingStoreException: Couldn't get file lock.
2025-02-15 15:32:49,386 [ERROR] LogOutputStream:75 - [STDERR_REDIRECT] 
2025-02-15 15:33:19,385 [ERROR] LogOutputStream:75 - [STDERR_REDIRECT] Feb 15, 2025 3:33:19 PM java.util.prefs.FileSystemPreferences checkLockFile0ErrorCode
2025-02-15 15:33:19,385 [ERROR] LogOutputStream:75 - [STDERR_REDIRECT] WARNING: Could not lock System prefs. Unix error code 2.
2025-02-15 15:33:19,385 [ERROR] LogOutputStream:75 - [STDERR_REDIRECT] 
2025-02-15 15:33:19,385 [ERROR] LogOutputStream:75 - [STDERR_REDIRECT] Feb 15, 2025 3:33:19 PM java.util.prefs.FileSystemPreferences syncWorld
2025-02-15 15:33:19,385 [ERROR] LogOutputStream:75 - [STDERR_REDIRECT] WARNING: Couldn't flush system prefs: java.util.prefs.BackingStoreException: Couldn't get file lock.
2025-02-15 15:33:19,385 [ERROR] LogOutputStream:75 - [STDERR_REDIRECT] 
2025-02-15 15:33:49,386 [ERROR] LogOutputStream:75 - [STDERR_REDIRECT] Feb 15, 2025 3:33:49 PM java.util.prefs.FileSystemPreferences checkLockFile0ErrorCode
2025-02-15 15:33:49,386 [ERROR] LogOutputStream:75 - [STDERR_REDIRECT] WARNING: Could not lock System prefs. Unix error code 2.
2025-02-15 15:33:49,386 [ERROR] LogOutputStream:75 - [STDERR_REDIRECT] 
2025-02-15 15:33:49,386 [ERROR] LogOutputStream:75 - [STDERR_REDIRECT] Feb 15, 2025 3:33:49 PM java.util.prefs.FileSystemPreferences syncWorld
2025-02-15 15:33:49,386 [ERROR] LogOutputStream:75 - [STDERR_REDIRECT] WARNING: Couldn't flush system prefs: java.util.prefs.BackingStoreException: Couldn't get file lock.
2025-02-15 15:33:49,386 [ERROR] LogOutputStream:75 - [STDERR_REDIRECT] 
2025-02-15 15:34:19,387 [ERROR] LogOutputStream:75 - [STDERR_REDIRECT] Feb 15, 2025 3:34:19 PM java.util.prefs.FileSystemPreferences checkLockFile0ErrorCode
2025-02-15 15:34:19,387 [ERROR] LogOutputStream:75 - [STDERR_REDIRECT] WARNING: Could not lock System prefs. Unix error code 2.
2025-02-15 15:34:19,387 [ERROR] LogOutputStream:75 - [STDERR_REDIRECT] 
2025-02-15 15:34:19,387 [ERROR] LogOutputStream:75 - [STDERR_REDIRECT] Feb 15, 2025 3:34:19 PM java.util.prefs.FileSystemPreferences syncWorld
2025-02-15 15:34:19,387 [ERROR] LogOutputStream:75 - [STDERR_REDIRECT] WARNING: Couldn't flush system prefs: java.util.prefs.BackingStoreException: Couldn't get file lock.
2025-02-15 15:34:19,387 [ERROR] LogOutputStream:75 - [STDERR_REDIRECT] 
2025-02-15 15:34:49,386 [ERROR] LogOutputStream:75 - [STDERR_REDIRECT] Feb 15, 2025 3:34:49 PM java.util.prefs.FileSystemPreferences checkLockFile0ErrorCode
2025-02-15 15:34:49,387 [ERROR] LogOutputStream:75 - [STDERR_REDIRECT] WARNING: Could not lock System prefs. Unix error code 2.
2025-02-15 15:34:49,387 [ERROR] LogOutputStream:75 - [STDERR_REDIRECT] 
2025-02-15 15:34:49,387 [ERROR] LogOutputStream:75 - [STDERR_REDIRECT] Feb 15, 2025 3:34:49 PM java.util.prefs.FileSystemPreferences syncWorld
2025-02-15 15:34:49,387 [ERROR] LogOutputStream:75 - [STDERR_REDIRECT] WARNING: Couldn't flush system prefs: java.util.prefs.BackingStoreException: Couldn't get file lock.
2025-02-15 15:34:49,387 [ERROR] LogOutputStream:75 - [STDERR_REDIRECT] 
2025-02-15 15:35:19,386 [ERROR] LogOutputStream:75 - [STDERR_REDIRECT] Feb 15, 2025 3:35:19 PM java.util.prefs.FileSystemPreferences checkLockFile0ErrorCode
2025-02-15 15:35:19,386 [ERROR] LogOutputStream:75 - [STDERR_REDIRECT] WARNING: Could not lock System prefs. Unix error code 2.
2025-02-15 15:35:19,386 [ERROR] LogOutputStream:75 - [STDERR_REDIRECT] 
2025-02-15 15:35:19,387 [ERROR] LogOutputStream:75 - [STDERR_REDIRECT] Feb 15, 2025 3:35:19 PM java.util.prefs.FileSystemPreferences syncWorld
2025-02-15 15:35:19,387 [ERROR] LogOutputStream:75 - [STDERR_REDIRECT] WARNING: Couldn't flush system prefs: java.util.prefs.BackingStoreException: Couldn't get file lock.
2025-02-15 15:35:19,387 [ERROR] LogOutputStream:75 - [STDERR_REDIRECT] 
2025-02-15 15:35:49,386 [ERROR] LogOutputStream:75 - [STDERR_REDIRECT] Feb 15, 2025 3:35:49 PM java.util.prefs.FileSystemPreferences checkLockFile0ErrorCode
2025-02-15 15:35:49,386 [ERROR] LogOutputStream:75 - [STDERR_REDIRECT] WARNING: Could not lock System prefs. Unix error code 2.
2025-02-15 15:35:49,387 [ERROR] LogOutputStream:75 - [STDERR_REDIRECT] 
2025-02-15 15:35:49,387 [ERROR] LogOutputStream:75 - [STDERR_REDIRECT] Feb 15, 2025 3:35:49 PM java.util.prefs.FileSystemPreferences syncWorld
2025-02-15 15:35:49,387 [ERROR] LogOutputStream:75 - [STDERR_REDIRECT] WARNING: Couldn't flush system prefs: java.util.prefs.BackingStoreException: Couldn't get file lock.
2025-02-15 15:35:49,387 [ERROR] LogOutputStream:75 - [STDERR_REDIRECT] 
2025-02-15 15:36:19,387 [ERROR] LogOutputStream:75 - [STDERR_REDIRECT] Feb 15, 2025 3:36:19 PM java.util.prefs.FileSystemPreferences checkLockFile0ErrorCode
2025-02-15 15:36:19,387 [ERROR] LogOutputStream:75 - [STDERR_REDIRECT] WARNING: Could not lock System prefs. Unix error code 2.
2025-02-15 15:36:19,387 [ERROR] LogOutputStream:75 - [STDERR_REDIRECT] 
2025-02-15 15:36:19,387 [ERROR] LogOutputStream:75 - [STDERR_REDIRECT] Feb 15, 2025 3:36:19 PM java.util.prefs.FileSystemPreferences syncWorld
2025-02-15 15:36:19,387 [ERROR] LogOutputStream:75 - [STDERR_REDIRECT] WARNING: Couldn't flush system prefs: java.util.prefs.BackingStoreException: Couldn't get file lock.
2025-02-15 15:36:19,387 [ERROR] LogOutputStream:75 - [STDERR_REDIRECT] 
2025-02-15 15:36:49,387 [ERROR] LogOutputStream:75 - [STDERR_REDIRECT] Feb 15, 2025 3:36:49 PM java.util.prefs.FileSystemPreferences checkLockFile0ErrorCode
2025-02-15 15:36:49,387 [ERROR] LogOutputStream:75 - [STDERR_REDIRECT] WARNING: Could not lock System prefs. Unix error code 2.
2025-02-15 15:36:49,387 [ERROR] LogOutputStream:75 - [STDERR_REDIRECT] 
2025-02-15 15:36:49,387 [ERROR] LogOutputStream:75 - [STDERR_REDIRECT] Feb 15, 2025 3:36:49 PM java.util.prefs.FileSystemPreferences syncWorld
2025-02-15 15:36:49,387 [ERROR] LogOutputStream:75 - [STDERR_REDIRECT] WARNING: Couldn't flush system prefs: java.util.prefs.BackingStoreException: Couldn't get file lock.
2025-02-15 15:36:49,387 [ERROR] LogOutputStream:75 - [STDERR_REDIRECT] 
2025-02-15 15:37:19,388 [ERROR] LogOutputStream:75 - [STDERR_REDIRECT] Feb 15, 2025 3:37:19 PM java.util.prefs.FileSystemPreferences checkLockFile0ErrorCode
2025-02-15 15:37:19,388 [ERROR] LogOutputStream:75 - [STDERR_REDIRECT] WARNING: Could not lock System prefs. Unix error code 2.
2025-02-15 15:37:19,388 [ERROR] LogOutputStream:75 - [STDERR_REDIRECT] 
2025-02-15 15:37:19,388 [ERROR] LogOutputStream:75 - [STDERR_REDIRECT] Feb 15, 2025 3:37:19 PM java.util.prefs.FileSystemPreferences syncWorld
2025-02-15 15:37:19,388 [ERROR] LogOutputStream:75 - [STDERR_REDIRECT] WARNING: Couldn't flush system prefs: java.util.prefs.BackingStoreException: Couldn't get file lock.
2025-02-15 15:37:19,388 [ERROR] LogOutputStream:75 - [STDERR_REDIRECT] 
2025-02-15 15:37:49,387 [ERROR] LogOutputStream:75 - [STDERR_REDIRECT] Feb 15, 2025 3:37:49 PM java.util.prefs.FileSystemPreferences checkLockFile0ErrorCode
2025-02-15 15:37:49,387 [ERROR] LogOutputStream:75 - [STDERR_REDIRECT] WARNING: Could not lock System prefs. Unix error code 2.
2025-02-15 15:37:49,387 [ERROR] LogOutputStream:75 - [STDERR_REDIRECT] 
2025-02-15 15:37:49,388 [ERROR] LogOutputStream:75 - [STDERR_REDIRECT] Feb 15, 2025 3:37:49 PM java.util.prefs.FileSystemPreferences syncWorld
2025-02-15 15:37:49,388 [ERROR] LogOutputStream:75 - [STDERR_REDIRECT] WARNING: Couldn't flush system prefs: java.util.prefs.BackingStoreException: Couldn't get file lock.
2025-02-15 15:37:49,388 [ERROR] LogOutputStream:75 - [STDERR_REDIRECT] 
2025-02-15 15:38:19,387 [ERROR] LogOutputStream:75 - [STDERR_REDIRECT] Feb 15, 2025 3:38:19 PM java.util.prefs.FileSystemPreferences checkLockFile0ErrorCode
2025-02-15 15:38:19,387 [ERROR] LogOutputStream:75 - [STDERR_REDIRECT] WARNING: Could not lock System prefs. Unix error code 2.
2025-02-15 15:38:19,387 [ERROR] LogOutputStream:75 - [STDERR_REDIRECT] 
2025-02-15 15:38:19,387 [ERROR] LogOutputStream:75 - [STDERR_REDIRECT] Feb 15, 2025 3:38:19 PM java.util.prefs.FileSystemPreferences syncWorld
2025-02-15 15:38:19,387 [ERROR] LogOutputStream:75 - [STDERR_REDIRECT] WARNING: Couldn't flush system prefs: java.util.prefs.BackingStoreException: Couldn't get file lock.
2025-02-15 15:38:19,387 [ERROR] LogOutputStream:75 - [STDERR_REDIRECT] 
2025-02-15 15:38:49,388 [ERROR] LogOutputStream:75 - [STDERR_REDIRECT] Feb 15, 2025 3:38:49 PM java.util.prefs.FileSystemPreferences checkLockFile0ErrorCode
2025-02-15 15:38:49,388 [ERROR] LogOutputStream:75 - [STDERR_REDIRECT] WARNING: Could not lock System prefs. Unix error code 2.
2025-02-15 15:38:49,388 [ERROR] LogOutputStream:75 - [STDERR_REDIRECT] 
2025-02-15 15:38:49,388 [ERROR] LogOutputStream:75 - [STDERR_REDIRECT] Feb 15, 2025 3:38:49 PM java.util.prefs.FileSystemPreferences syncWorld
2025-02-15 15:38:49,388 [ERROR] LogOutputStream:75 - [STDERR_REDIRECT] WARNING: Couldn't flush system prefs: java.util.prefs.BackingStoreException: Couldn't get file lock.
2025-02-15 15:38:49,388 [ERROR] LogOutputStream:75 - [STDERR_REDIRECT] 
2025-02-15 15:39:19,387 [ERROR] LogOutputStream:75 - [STDERR_REDIRECT] Feb 15, 2025 3:39:19 PM java.util.prefs.FileSystemPreferences checkLockFile0ErrorCode
2025-02-15 15:39:19,388 [ERROR] LogOutputStream:75 - [STDERR_REDIRECT] WARNING: Could not lock System prefs. Unix error code 2.
2025-02-15 15:39:19,388 [ERROR] LogOutputStream:75 - [STDERR_REDIRECT] 
2025-02-15 15:39:19,388 [ERROR] LogOutputStream:75 - [STDERR_REDIRECT] Feb 15, 2025 3:39:19 PM java.util.prefs.FileSystemPreferences syncWorld
2025-02-15 15:39:19,388 [ERROR] LogOutputStream:75 - [STDERR_REDIRECT] WARNING: Couldn't flush system prefs: java.util.prefs.BackingStoreException: Couldn't get file lock.
2025-02-15 15:39:19,388 [ERROR] LogOutputStream:75 - [STDERR_REDIRECT] 
2025-02-15 15:39:49,387 [ERROR] LogOutputStream:75 - [STDERR_REDIRECT] Feb 15, 2025 3:39:49 PM java.util.prefs.FileSystemPreferences checkLockFile0ErrorCode
2025-02-15 15:39:49,387 [ERROR] LogOutputStream:75 - [STDERR_REDIRECT] WARNING: Could not lock System prefs. Unix error code 2.
2025-02-15 15:39:49,387 [ERROR] LogOutputStream:75 - [STDERR_REDIRECT] 
2025-02-15 15:39:49,387 [ERROR] LogOutputStream:75 - [STDERR_REDIRECT] Feb 15, 2025 3:39:49 PM java.util.prefs.FileSystemPreferences syncWorld
2025-02-15 15:39:49,388 [ERROR] LogOutputStream:75 - [STDERR_REDIRECT] WARNING: Couldn't flush system prefs: java.util.prefs.BackingStoreException: Couldn't get file lock.
2025-02-15 15:39:49,388 [ERROR] LogOutputStream:75 - [STDERR_REDIRECT] 
2025-02-15 15:40:19,387 [ERROR] LogOutputStream:75 - [STDERR_REDIRECT] Feb 15, 2025 3:40:19 PM java.util.prefs.FileSystemPreferences checkLockFile0ErrorCode
2025-02-15 15:40:19,387 [ERROR] LogOutputStream:75 - [STDERR_REDIRECT] WARNING: Could not lock System prefs. Unix error code 2.
2025-02-15 15:40:19,387 [ERROR] LogOutputStream:75 - [STDERR_REDIRECT] 
2025-02-15 15:40:19,387 [ERROR] LogOutputStream:75 - [STDERR_REDIRECT] Feb 15, 2025 3:40:19 PM java.util.prefs.FileSystemPreferences syncWorld
2025-02-15 15:40:19,387 [ERROR] LogOutputStream:75 - [STDERR_REDIRECT] WARNING: Couldn't flush system prefs: java.util.prefs.BackingStoreException: Couldn't get file lock.
2025-02-15 15:40:19,387 [ERROR] LogOutputStream:75 - [STDERR_REDIRECT] 
2025-02-15 15:40:49,388 [ERROR] LogOutputStream:75 - [STDERR_REDIRECT] Feb 15, 2025 3:40:49 PM java.util.prefs.FileSystemPreferences checkLockFile0ErrorCode
2025-02-15 15:40:49,388 [ERROR] LogOutputStream:75 - [STDERR_REDIRECT] WARNING: Could not lock System prefs. Unix error code 2.
2025-02-15 15:40:49,388 [ERROR] LogOutputStream:75 - [STDERR_REDIRECT] 
2025-02-15 15:40:49,388 [ERROR] LogOutputStream:75 - [STDERR_REDIRECT] Feb 15, 2025 3:40:49 PM java.util.prefs.FileSystemPreferences syncWorld
2025-02-15 15:40:49,388 [ERROR] LogOutputStream:75 - [STDERR_REDIRECT] WARNING: Couldn't flush system prefs: java.util.prefs.BackingStoreException: Couldn't get file lock.
2025-02-15 15:40:49,388 [ERROR] LogOutputStream:75 - [STDERR_REDIRECT] 
2025-02-15 15:41:19,387 [ERROR] LogOutputStream:75 - [STDERR_REDIRECT] Feb 15, 2025 3:41:19 PM java.util.prefs.FileSystemPreferences checkLockFile0ErrorCode
2025-02-15 15:41:19,387 [ERROR] LogOutputStream:75 - [STDERR_REDIRECT] WARNING: Could not lock System prefs. Unix error code 2.
2025-02-15 15:41:19,387 [ERROR] LogOutputStream:75 - [STDERR_REDIRECT] 
2025-02-15 15:41:19,388 [ERROR] LogOutputStream:75 - [STDERR_REDIRECT] Feb 15, 2025 3:41:19 PM java.util.prefs.FileSystemPreferences syncWorld
2025-02-15 15:41:19,388 [ERROR] LogOutputStream:75 - [STDERR_REDIRECT] WARNING: Couldn't flush system prefs: java.util.prefs.BackingStoreException: Couldn't get file lock.
2025-02-15 15:41:19,388 [ERROR] LogOutputStream:75 - [STDERR_REDIRECT] 
2025-02-15 15:41:49,387 [ERROR] LogOutputStream:75 - [STDERR_REDIRECT] Feb 15, 2025 3:41:49 PM java.util.prefs.FileSystemPreferences checkLockFile0ErrorCode
2025-02-15 15:41:49,387 [ERROR] LogOutputStream:75 - [STDERR_REDIRECT] WARNING: Could not lock System prefs. Unix error code 2.
2025-02-15 15:41:49,393 [ERROR] LogOutputStream:75 - [STDERR_REDIRECT] 
2025-02-15 15:41:49,394 [ERROR] LogOutputStream:75 - [STDERR_REDIRECT] Feb 15, 2025 3:41:49 PM java.util.prefs.FileSystemPreferences syncWorld
2025-02-15 15:41:49,394 [ERROR] LogOutputStream:75 - [STDERR_REDIRECT] WARNING: Couldn't flush system prefs: java.util.prefs.BackingStoreException: Couldn't get file lock.
2025-02-15 15:41:49,394 [ERROR] LogOutputStream:75 - [STDERR_REDIRECT] 
2025-02-15 15:42:19,387 [ERROR] LogOutputStream:75 - [STDERR_REDIRECT] Feb 15, 2025 3:42:19 PM java.util.prefs.FileSystemPreferences checkLockFile0ErrorCode
2025-02-15 15:42:19,387 [ERROR] LogOutputStream:75 - [STDERR_REDIRECT] WARNING: Could not lock System prefs. Unix error code 2.
2025-02-15 15:42:19,387 [ERROR] LogOutputStream:75 - [STDERR_REDIRECT] 
2025-02-15 15:42:19,387 [ERROR] LogOutputStream:75 - [STDERR_REDIRECT] Feb 15, 2025 3:42:19 PM java.util.prefs.FileSystemPreferences syncWorld
2025-02-15 15:42:19,387 [ERROR] LogOutputStream:75 - [STDERR_REDIRECT] WARNING: Couldn't flush system prefs: java.util.prefs.BackingStoreException: Couldn't get file lock.
2025-02-15 15:42:19,387 [ERROR] LogOutputStream:75 - [STDERR_REDIRECT] 
2025-02-15 15:42:49,388 [ERROR] LogOutputStream:75 - [STDERR_REDIRECT] Feb 15, 2025 3:42:49 PM java.util.prefs.FileSystemPreferences checkLockFile0ErrorCode
2025-02-15 15:42:49,388 [ERROR] LogOutputStream:75 - [STDERR_REDIRECT] WARNING: Could not lock System prefs. Unix error code 2.
2025-02-15 15:42:49,388 [ERROR] LogOutputStream:75 - [STDERR_REDIRECT] 
2025-02-15 15:42:49,388 [ERROR] LogOutputStream:75 - [STDERR_REDIRECT] Feb 15, 2025 3:42:49 PM java.util.prefs.FileSystemPreferences syncWorld
2025-02-15 15:42:49,388 [ERROR] LogOutputStream:75 - [STDERR_REDIRECT] WARNING: Couldn't flush system prefs: java.util.prefs.BackingStoreException: Couldn't get file lock.
2025-02-15 15:42:49,388 [ERROR] LogOutputStream:75 - [STDERR_REDIRECT] 
2025-02-15 15:43:19,389 [ERROR] LogOutputStream:75 - [STDERR_REDIRECT] Feb 15, 2025 3:43:19 PM java.util.prefs.FileSystemPreferences checkLockFile0ErrorCode
2025-02-15 15:43:19,389 [ERROR] LogOutputStream:75 - [STDERR_REDIRECT] WARNING: Could not lock System prefs. Unix error code 2.
2025-02-15 15:43:19,389 [ERROR] LogOutputStream:75 - [STDERR_REDIRECT] 
2025-02-15 15:43:19,389 [ERROR] LogOutputStream:75 - [STDERR_REDIRECT] Feb 15, 2025 3:43:19 PM java.util.prefs.FileSystemPreferences syncWorld
2025-02-15 15:43:19,389 [ERROR] LogOutputStream:75 - [STDERR_REDIRECT] WARNING: Couldn't flush system prefs: java.util.prefs.BackingStoreException: Couldn't get file lock.
2025-02-15 15:43:19,389 [ERROR] LogOutputStream:75 - [STDERR_REDIRECT] 
2025-02-15 15:43:49,389 [ERROR] LogOutputStream:75 - [STDERR_REDIRECT] Feb 15, 2025 3:43:49 PM java.util.prefs.FileSystemPreferences checkLockFile0ErrorCode
2025-02-15 15:43:49,389 [ERROR] LogOutputStream:75 - [STDERR_REDIRECT] WARNING: Could not lock System prefs. Unix error code 2.
2025-02-15 15:43:49,389 [ERROR] LogOutputStream:75 - [STDERR_REDIRECT] 
2025-02-15 15:43:49,389 [ERROR] LogOutputStream:75 - [STDERR_REDIRECT] Feb 15, 2025 3:43:49 PM java.util.prefs.FileSystemPreferences syncWorld
2025-02-15 15:43:49,389 [ERROR] LogOutputStream:75 - [STDERR_REDIRECT] WARNING: Couldn't flush system prefs: java.util.prefs.BackingStoreException: Couldn't get file lock.
2025-02-15 15:43:49,389 [ERROR] LogOutputStream:75 - [STDERR_REDIRECT] 
2025-02-15 15:44:19,389 [ERROR] LogOutputStream:75 - [STDERR_REDIRECT] Feb 15, 2025 3:44:19 PM java.util.prefs.FileSystemPreferences checkLockFile0ErrorCode
2025-02-15 15:44:19,389 [ERROR] LogOutputStream:75 - [STDERR_REDIRECT] WARNING: Could not lock System prefs. Unix error code 2.
2025-02-15 15:44:19,389 [ERROR] LogOutputStream:75 - [STDERR_REDIRECT] 
2025-02-15 15:44:19,389 [ERROR] LogOutputStream:75 - [STDERR_REDIRECT] Feb 15, 2025 3:44:19 PM java.util.prefs.FileSystemPreferences syncWorld
2025-02-15 15:44:19,389 [ERROR] LogOutputStream:75 - [STDERR_REDIRECT] WARNING: Couldn't flush system prefs: java.util.prefs.BackingStoreException: Couldn't get file lock.
2025-02-15 15:44:19,389 [ERROR] LogOutputStream:75 - [STDERR_REDIRECT] 
2025-02-15 15:44:49,388 [ERROR] LogOutputStream:75 - [STDERR_REDIRECT] Feb 15, 2025 3:44:49 PM java.util.prefs.FileSystemPreferences checkLockFile0ErrorCode
2025-02-15 15:44:49,388 [ERROR] LogOutputStream:75 - [STDERR_REDIRECT] WARNING: Could not lock System prefs. Unix error code 2.
2025-02-15 15:44:49,389 [ERROR] LogOutputStream:75 - [STDERR_REDIRECT] 
2025-02-15 15:44:49,389 [ERROR] LogOutputStream:75 - [STDERR_REDIRECT] Feb 15, 2025 3:44:49 PM java.util.prefs.FileSystemPreferences syncWorld
2025-02-15 15:44:49,389 [ERROR] LogOutputStream:75 - [STDERR_REDIRECT] WARNING: Couldn't flush system prefs: java.util.prefs.BackingStoreException: Couldn't get file lock.
2025-02-15 15:44:49,389 [ERROR] LogOutputStream:75 - [STDERR_REDIRECT] 
2025-02-15 15:45:19,388 [ERROR] LogOutputStream:75 - [STDERR_REDIRECT] Feb 15, 2025 3:45:19 PM java.util.prefs.FileSystemPreferences checkLockFile0ErrorCode
2025-02-15 15:45:19,388 [ERROR] LogOutputStream:75 - [STDERR_REDIRECT] WARNING: Could not lock System prefs. Unix error code 2.
2025-02-15 15:45:19,388 [ERROR] LogOutputStream:75 - [STDERR_REDIRECT] 
2025-02-15 15:45:19,388 [ERROR] LogOutputStream:75 - [STDERR_REDIRECT] Feb 15, 2025 3:45:19 PM java.util.prefs.FileSystemPreferences syncWorld
2025-02-15 15:45:19,388 [ERROR] LogOutputStream:75 - [STDERR_REDIRECT] WARNING: Couldn't flush system prefs: java.util.prefs.BackingStoreException: Couldn't get file lock.
2025-02-15 15:45:19,388 [ERROR] LogOutputStream:75 - [STDERR_REDIRECT] 
2025-02-15 15:45:49,389 [ERROR] LogOutputStream:75 - [STDERR_REDIRECT] Feb 15, 2025 3:45:49 PM java.util.prefs.FileSystemPreferences checkLockFile0ErrorCode
2025-02-15 15:45:49,389 [ERROR] LogOutputStream:75 - [STDERR_REDIRECT] WARNING: Could not lock System prefs. Unix error code 2.
2025-02-15 15:45:49,389 [ERROR] LogOutputStream:75 - [STDERR_REDIRECT] 
2025-02-15 15:45:49,389 [ERROR] LogOutputStream:75 - [STDERR_REDIRECT] Feb 15, 2025 3:45:49 PM java.util.prefs.FileSystemPreferences syncWorld
2025-02-15 15:45:49,389 [ERROR] LogOutputStream:75 - [STDERR_REDIRECT] WARNING: Couldn't flush system prefs: java.util.prefs.BackingStoreException: Couldn't get file lock.
2025-02-15 15:45:49,389 [ERROR] LogOutputStream:75 - [STDERR_REDIRECT] 
2025-02-15 15:46:19,390 [ERROR] LogOutputStream:75 - [STDERR_REDIRECT] Feb 15, 2025 3:46:19 PM java.util.prefs.FileSystemPreferences checkLockFile0ErrorCode
2025-02-15 15:46:19,390 [ERROR] LogOutputStream:75 - [STDERR_REDIRECT] WARNING: Could not lock System prefs. Unix error code 2.
2025-02-15 15:46:19,390 [ERROR] LogOutputStream:75 - [STDERR_REDIRECT] 
2025-02-15 15:46:19,390 [ERROR] LogOutputStream:75 - [STDERR_REDIRECT] Feb 15, 2025 3:46:19 PM java.util.prefs.FileSystemPreferences syncWorld
2025-02-15 15:46:19,390 [ERROR] LogOutputStream:75 - [STDERR_REDIRECT] WARNING: Couldn't flush system prefs: java.util.prefs.BackingStoreException: Couldn't get file lock.
2025-02-15 15:46:19,390 [ERROR] LogOutputStream:75 - [STDERR_REDIRECT] 
2025-02-15 15:46:49,389 [ERROR] LogOutputStream:75 - [STDERR_REDIRECT] Feb 15, 2025 3:46:49 PM java.util.prefs.FileSystemPreferences checkLockFile0ErrorCode
2025-02-15 15:46:49,389 [ERROR] LogOutputStream:75 - [STDERR_REDIRECT] WARNING: Could not lock System prefs. Unix error code 2.
2025-02-15 15:46:49,390 [ERROR] LogOutputStream:75 - [STDERR_REDIRECT] 
2025-02-15 15:46:49,390 [ERROR] LogOutputStream:75 - [STDERR_REDIRECT] Feb 15, 2025 3:46:49 PM java.util.prefs.FileSystemPreferences syncWorld
2025-02-15 15:46:49,390 [ERROR] LogOutputStream:75 - [STDERR_REDIRECT] WARNING: Couldn't flush system prefs: java.util.prefs.BackingStoreException: Couldn't get file lock.
2025-02-15 15:46:49,390 [ERROR] LogOutputStream:75 - [STDERR_REDIRECT] 
2025-02-15 15:47:19,389 [ERROR] LogOutputStream:75 - [STDERR_REDIRECT] Feb 15, 2025 3:47:19 PM java.util.prefs.FileSystemPreferences checkLockFile0ErrorCode
2025-02-15 15:47:19,389 [ERROR] LogOutputStream:75 - [STDERR_REDIRECT] WARNING: Could not lock System prefs. Unix error code 2.
2025-02-15 15:47:19,389 [ERROR] LogOutputStream:75 - [STDERR_REDIRECT] 
2025-02-15 15:47:19,390 [ERROR] LogOutputStream:75 - [STDERR_REDIRECT] Feb 15, 2025 3:47:19 PM java.util.prefs.FileSystemPreferences syncWorld
2025-02-15 15:47:19,390 [ERROR] LogOutputStream:75 - [STDERR_REDIRECT] WARNING: Couldn't flush system prefs: java.util.prefs.BackingStoreException: Couldn't get file lock.
2025-02-15 15:47:19,390 [ERROR] LogOutputStream:75 - [STDERR_REDIRECT] 
2025-02-15 15:47:49,389 [ERROR] LogOutputStream:75 - [STDERR_REDIRECT] Feb 15, 2025 3:47:49 PM java.util.prefs.FileSystemPreferences checkLockFile0ErrorCode
2025-02-15 15:47:49,389 [ERROR] LogOutputStream:75 - [STDERR_REDIRECT] WARNING: Could not lock System prefs. Unix error code 2.
2025-02-15 15:47:49,389 [ERROR] LogOutputStream:75 - [STDERR_REDIRECT] 
2025-02-15 15:47:49,389 [ERROR] LogOutputStream:75 - [STDERR_REDIRECT] Feb 15, 2025 3:47:49 PM java.util.prefs.FileSystemPreferences syncWorld
2025-02-15 15:47:49,389 [ERROR] LogOutputStream:75 - [STDERR_REDIRECT] WARNING: Couldn't flush system prefs: java.util.prefs.BackingStoreException: Couldn't get file lock.
2025-02-15 15:47:49,389 [ERROR] LogOutputStream:75 - [STDERR_REDIRECT] 
2025-02-15 15:48:19,390 [ERROR] LogOutputStream:75 - [STDERR_REDIRECT] Feb 15, 2025 3:48:19 PM java.util.prefs.FileSystemPreferences checkLockFile0ErrorCode
2025-02-15 15:48:19,390 [ERROR] LogOutputStream:75 - [STDERR_REDIRECT] WARNING: Could not lock System prefs. Unix error code 2.
2025-02-15 15:48:19,390 [ERROR] LogOutputStream:75 - [STDERR_REDIRECT] 
2025-02-15 15:48:19,390 [ERROR] LogOutputStream:75 - [STDERR_REDIRECT] Feb 15, 2025 3:48:19 PM java.util.prefs.FileSystemPreferences syncWorld
2025-02-15 15:48:19,390 [ERROR] LogOutputStream:75 - [STDERR_REDIRECT] WARNING: Couldn't flush system prefs: java.util.prefs.BackingStoreException: Couldn't get file lock.
2025-02-15 15:48:19,390 [ERROR] LogOutputStream:75 - [STDERR_REDIRECT] 
2025-02-15 15:48:49,389 [ERROR] LogOutputStream:75 - [STDERR_REDIRECT] Feb 15, 2025 3:48:49 PM java.util.prefs.FileSystemPreferences checkLockFile0ErrorCode
2025-02-15 15:48:49,389 [ERROR] LogOutputStream:75 - [STDERR_REDIRECT] WARNING: Could not lock System prefs. Unix error code 2.
2025-02-15 15:48:49,389 [ERROR] LogOutputStream:75 - [STDERR_REDIRECT] 
2025-02-15 15:48:49,390 [ERROR] LogOutputStream:75 - [STDERR_REDIRECT] Feb 15, 2025 3:48:49 PM java.util.prefs.FileSystemPreferences syncWorld
2025-02-15 15:48:49,390 [ERROR] LogOutputStream:75 - [STDERR_REDIRECT] WARNING: Couldn't flush system prefs: java.util.prefs.BackingStoreException: Couldn't get file lock.
2025-02-15 15:48:49,390 [ERROR] LogOutputStream:75 - [STDERR_REDIRECT] 
2025-02-15 15:49:19,389 [ERROR] LogOutputStream:75 - [STDERR_REDIRECT] Feb 15, 2025 3:49:19 PM java.util.prefs.FileSystemPreferences checkLockFile0ErrorCode
2025-02-15 15:49:19,389 [ERROR] LogOutputStream:75 - [STDERR_REDIRECT] WARNING: Could not lock System prefs. Unix error code 2.
2025-02-15 15:49:19,389 [ERROR] LogOutputStream:75 - [STDERR_REDIRECT] 
2025-02-15 15:49:19,389 [ERROR] LogOutputStream:75 - [STDERR_REDIRECT] Feb 15, 2025 3:49:19 PM java.util.prefs.FileSystemPreferences syncWorld
2025-02-15 15:49:19,389 [ERROR] LogOutputStream:75 - [STDERR_REDIRECT] WARNING: Couldn't flush system prefs: java.util.prefs.BackingStoreException: Couldn't get file lock.
2025-02-15 15:49:19,390 [ERROR] LogOutputStream:75 - [STDERR_REDIRECT] 
2025-02-15 15:49:49,389 [ERROR] LogOutputStream:75 - [STDERR_REDIRECT] Feb 15, 2025 3:49:49 PM java.util.prefs.FileSystemPreferences checkLockFile0ErrorCode
2025-02-15 15:49:49,389 [ERROR] LogOutputStream:75 - [STDERR_REDIRECT] WARNING: Could not lock System prefs. Unix error code 2.
2025-02-15 15:49:49,389 [ERROR] LogOutputStream:75 - [STDERR_REDIRECT] 
2025-02-15 15:49:49,389 [ERROR] LogOutputStream:75 - [STDERR_REDIRECT] Feb 15, 2025 3:49:49 PM java.util.prefs.FileSystemPreferences syncWorld
2025-02-15 15:49:49,389 [ERROR] LogOutputStream:75 - [STDERR_REDIRECT] WARNING: Couldn't flush system prefs: java.util.prefs.BackingStoreException: Couldn't get file lock.
2025-02-15 15:49:49,389 [ERROR] LogOutputStream:75 - [STDERR_REDIRECT] 
2025-02-15 15:50:19,390 [ERROR] LogOutputStream:75 - [STDERR_REDIRECT] Feb 15, 2025 3:50:19 PM java.util.prefs.FileSystemPreferences checkLockFile0ErrorCode
2025-02-15 15:50:19,390 [ERROR] LogOutputStream:75 - [STDERR_REDIRECT] WARNING: Could not lock System prefs. Unix error code 2.
2025-02-15 15:50:19,390 [ERROR] LogOutputStream:75 - [STDERR_REDIRECT] 
2025-02-15 15:50:19,390 [ERROR] LogOutputStream:75 - [STDERR_REDIRECT] Feb 15, 2025 3:50:19 PM java.util.prefs.FileSystemPreferences syncWorld
2025-02-15 15:50:19,390 [ERROR] LogOutputStream:75 - [STDERR_REDIRECT] WARNING: Couldn't flush system prefs: java.util.prefs.BackingStoreException: Couldn't get file lock.
2025-02-15 15:50:19,390 [ERROR] LogOutputStream:75 - [STDERR_REDIRECT] 
2025-02-15 15:50:49,390 [ERROR] LogOutputStream:75 - [STDERR_REDIRECT] Feb 15, 2025 3:50:49 PM java.util.prefs.FileSystemPreferences checkLockFile0ErrorCode
2025-02-15 15:50:49,391 [ERROR] LogOutputStream:75 - [STDERR_REDIRECT] WARNING: Could not lock System prefs. Unix error code 2.
2025-02-15 15:50:49,391 [ERROR] LogOutputStream:75 - [STDERR_REDIRECT] 
2025-02-15 15:50:49,391 [ERROR] LogOutputStream:75 - [STDERR_REDIRECT] Feb 15, 2025 3:50:49 PM java.util.prefs.FileSystemPreferences syncWorld
2025-02-15 15:50:49,391 [ERROR] LogOutputStream:75 - [STDERR_REDIRECT] WARNING: Couldn't flush system prefs: java.util.prefs.BackingStoreException: Couldn't get file lock.
2025-02-15 15:50:49,391 [ERROR] LogOutputStream:75 - [STDERR_REDIRECT] 
2025-02-15 15:51:19,390 [ERROR] LogOutputStream:75 - [STDERR_REDIRECT] Feb 15, 2025 3:51:19 PM java.util.prefs.FileSystemPreferences checkLockFile0ErrorCode
2025-02-15 15:51:19,390 [ERROR] LogOutputStream:75 - [STDERR_REDIRECT] WARNING: Could not lock System prefs. Unix error code 2.
2025-02-15 15:51:19,390 [ERROR] LogOutputStream:75 - [STDERR_REDIRECT] 
2025-02-15 15:51:19,390 [ERROR] LogOutputStream:75 - [STDERR_REDIRECT] Feb 15, 2025 3:51:19 PM java.util.prefs.FileSystemPreferences syncWorld
2025-02-15 15:51:19,390 [ERROR] LogOutputStream:75 - [STDERR_REDIRECT] WARNING: Couldn't flush system prefs: java.util.prefs.BackingStoreException: Couldn't get file lock.
2025-02-15 15:51:19,391 [ERROR] LogOutputStream:75 - [STDERR_REDIRECT] 
2025-02-15 15:51:49,390 [ERROR] LogOutputStream:75 - [STDERR_REDIRECT] Feb 15, 2025 3:51:49 PM java.util.prefs.FileSystemPreferences checkLockFile0ErrorCode
2025-02-15 15:51:49,390 [ERROR] LogOutputStream:75 - [STDERR_REDIRECT] WARNING: Could not lock System prefs. Unix error code 2.
2025-02-15 15:51:49,390 [ERROR] LogOutputStream:75 - [STDERR_REDIRECT] 
2025-02-15 15:51:49,390 [ERROR] LogOutputStream:75 - [STDERR_REDIRECT] Feb 15, 2025 3:51:49 PM java.util.prefs.FileSystemPreferences syncWorld
2025-02-15 15:51:49,390 [ERROR] LogOutputStream:75 - [STDERR_REDIRECT] WARNING: Couldn't flush system prefs: java.util.prefs.BackingStoreException: Couldn't get file lock.
2025-02-15 15:51:49,390 [ERROR] LogOutputStream:75 - [STDERR_REDIRECT] 
2025-02-15 15:52:19,390 [ERROR] LogOutputStream:75 - [STDERR_REDIRECT] Feb 15, 2025 3:52:19 PM java.util.prefs.FileSystemPreferences checkLockFile0ErrorCode
2025-02-15 15:52:19,391 [ERROR] LogOutputStream:75 - [STDERR_REDIRECT] WARNING: Could not lock System prefs. Unix error code 2.
2025-02-15 15:52:19,391 [ERROR] LogOutputStream:75 - [STDERR_REDIRECT] 
2025-02-15 15:52:19,391 [ERROR] LogOutputStream:75 - [STDERR_REDIRECT] Feb 15, 2025 3:52:19 PM java.util.prefs.FileSystemPreferences syncWorld
2025-02-15 15:52:19,391 [ERROR] LogOutputStream:75 - [STDERR_REDIRECT] WARNING: Couldn't flush system prefs: java.util.prefs.BackingStoreException: Couldn't get file lock.
2025-02-15 15:52:19,391 [ERROR] LogOutputStream:75 - [STDERR_REDIRECT] 
2025-02-15 15:52:49,390 [ERROR] LogOutputStream:75 - [STDERR_REDIRECT] Feb 15, 2025 3:52:49 PM java.util.prefs.FileSystemPreferences checkLockFile0ErrorCode
2025-02-15 15:52:49,390 [ERROR] LogOutputStream:75 - [STDERR_REDIRECT] WARNING: Could not lock System prefs. Unix error code 2.
2025-02-15 15:52:49,390 [ERROR] LogOutputStream:75 - [STDERR_REDIRECT] 
2025-02-15 15:52:49,390 [ERROR] LogOutputStream:75 - [STDERR_REDIRECT] Feb 15, 2025 3:52:49 PM java.util.prefs.FileSystemPreferences syncWorld
2025-02-15 15:52:49,390 [ERROR] LogOutputStream:75 - [STDERR_REDIRECT] WARNING: Couldn't flush system prefs: java.util.prefs.BackingStoreException: Couldn't get file lock.
2025-02-15 15:52:49,391 [ERROR] LogOutputStream:75 - [STDERR_REDIRECT] 
2025-02-15 15:53:19,390 [ERROR] LogOutputStream:75 - [STDERR_REDIRECT] Feb 15, 2025 3:53:19 PM java.util.prefs.FileSystemPreferences checkLockFile0ErrorCode
2025-02-15 15:53:19,390 [ERROR] LogOutputStream:75 - [STDERR_REDIRECT] WARNING: Could not lock System prefs. Unix error code 2.
2025-02-15 15:53:19,390 [ERROR] LogOutputStream:75 - [STDERR_REDIRECT] 
2025-02-15 15:53:19,390 [ERROR] LogOutputStream:75 - [STDERR_REDIRECT] Feb 15, 2025 3:53:19 PM java.util.prefs.FileSystemPreferences syncWorld
2025-02-15 15:53:19,390 [ERROR] LogOutputStream:75 - [STDERR_REDIRECT] WARNING: Couldn't flush system prefs: java.util.prefs.BackingStoreException: Couldn't get file lock.
2025-02-15 15:53:19,390 [ERROR] LogOutputStream:75 - [STDERR_REDIRECT] 
2025-02-15 15:53:49,391 [ERROR] LogOutputStream:75 - [STDERR_REDIRECT] Feb 15, 2025 3:53:49 PM java.util.prefs.FileSystemPreferences checkLockFile0ErrorCode
2025-02-15 15:53:49,391 [ERROR] LogOutputStream:75 - [STDERR_REDIRECT] WARNING: Could not lock System prefs. Unix error code 2.
2025-02-15 15:53:49,391 [ERROR] LogOutputStream:75 - [STDERR_REDIRECT] 
2025-02-15 15:53:49,391 [ERROR] LogOutputStream:75 - [STDERR_REDIRECT] Feb 15, 2025 3:53:49 PM java.util.prefs.FileSystemPreferences syncWorld
2025-02-15 15:53:49,391 [ERROR] LogOutputStream:75 - [STDERR_REDIRECT] WARNING: Couldn't flush system prefs: java.util.prefs.BackingStoreException: Couldn't get file lock.
2025-02-15 15:53:49,391 [ERROR] LogOutputStream:75 - [STDERR_REDIRECT] 
2025-02-15 15:54:19,390 [ERROR] LogOutputStream:75 - [STDERR_REDIRECT] Feb 15, 2025 3:54:19 PM java.util.prefs.FileSystemPreferences checkLockFile0ErrorCode
2025-02-15 15:54:19,390 [ERROR] LogOutputStream:75 - [STDERR_REDIRECT] WARNING: Could not lock System prefs. Unix error code 2.
2025-02-15 15:54:19,390 [ERROR] LogOutputStream:75 - [STDERR_REDIRECT] 
2025-02-15 15:54:19,391 [ERROR] LogOutputStream:75 - [STDERR_REDIRECT] Feb 15, 2025 3:54:19 PM java.util.prefs.FileSystemPreferences syncWorld
2025-02-15 15:54:19,391 [ERROR] LogOutputStream:75 - [STDERR_REDIRECT] WARNING: Couldn't flush system prefs: java.util.prefs.BackingStoreException: Couldn't get file lock.
2025-02-15 15:54:19,391 [ERROR] LogOutputStream:75 - [STDERR_REDIRECT] 
2025-02-15 15:54:49,390 [ERROR] LogOutputStream:75 - [STDERR_REDIRECT] Feb 15, 2025 3:54:49 PM java.util.prefs.FileSystemPreferences checkLockFile0ErrorCode
2025-02-15 15:54:49,390 [ERROR] LogOutputStream:75 - [STDERR_REDIRECT] WARNING: Could not lock System prefs. Unix error code 2.
2025-02-15 15:54:49,390 [ERROR] LogOutputStream:75 - [STDERR_REDIRECT] 
2025-02-15 15:54:49,390 [ERROR] LogOutputStream:75 - [STDERR_REDIRECT] Feb 15, 2025 3:54:49 PM java.util.prefs.FileSystemPreferences syncWorld
2025-02-15 15:54:49,390 [ERROR] LogOutputStream:75 - [STDERR_REDIRECT] WARNING: Couldn't flush system prefs: java.util.prefs.BackingStoreException: Couldn't get file lock.
2025-02-15 15:54:49,390 [ERROR] LogOutputStream:75 - [STDERR_REDIRECT] 
2025-02-15 15:55:19,391 [ERROR] LogOutputStream:75 - [STDERR_REDIRECT] Feb 15, 2025 3:55:19 PM java.util.prefs.FileSystemPreferences checkLockFile0ErrorCode
2025-02-15 15:55:19,391 [ERROR] LogOutputStream:75 - [STDERR_REDIRECT] WARNING: Could not lock System prefs. Unix error code 2.
2025-02-15 15:55:19,391 [ERROR] LogOutputStream:75 - [STDERR_REDIRECT] 
2025-02-15 15:55:19,391 [ERROR] LogOutputStream:75 - [STDERR_REDIRECT] Feb 15, 2025 3:55:19 PM java.util.prefs.FileSystemPreferences syncWorld
2025-02-15 15:55:19,391 [ERROR] LogOutputStream:75 - [STDERR_REDIRECT] WARNING: Couldn't flush system prefs: java.util.prefs.BackingStoreException: Couldn't get file lock.
2025-02-15 15:55:19,391 [ERROR] LogOutputStream:75 - [STDERR_REDIRECT] 
2025-02-15 15:55:49,390 [ERROR] LogOutputStream:75 - [STDERR_REDIRECT] Feb 15, 2025 3:55:49 PM java.util.prefs.FileSystemPreferences checkLockFile0ErrorCode
2025-02-15 15:55:49,390 [ERROR] LogOutputStream:75 - [STDERR_REDIRECT] WARNING: Could not lock System prefs. Unix error code 2.
2025-02-15 15:55:49,390 [ERROR] LogOutputStream:75 - [STDERR_REDIRECT] 
2025-02-15 15:55:49,390 [ERROR] LogOutputStream:75 - [STDERR_REDIRECT] Feb 15, 2025 3:55:49 PM java.util.prefs.FileSystemPreferences syncWorld
2025-02-15 15:55:49,390 [ERROR] LogOutputStream:75 - [STDERR_REDIRECT] WARNING: Couldn't flush system prefs: java.util.prefs.BackingStoreException: Couldn't get file lock.
2025-02-15 15:55:49,390 [ERROR] LogOutputStream:75 - [STDERR_REDIRECT] 
2025-02-15 15:56:19,390 [ERROR] LogOutputStream:75 - [STDERR_REDIRECT] Feb 15, 2025 3:56:19 PM java.util.prefs.FileSystemPreferences checkLockFile0ErrorCode
2025-02-15 15:56:19,390 [ERROR] LogOutputStream:75 - [STDERR_REDIRECT] WARNING: Could not lock System prefs. Unix error code 2.
2025-02-15 15:56:19,390 [ERROR] LogOutputStream:75 - [STDERR_REDIRECT] 
2025-02-15 15:56:19,390 [ERROR] LogOutputStream:75 - [STDERR_REDIRECT] Feb 15, 2025 3:56:19 PM java.util.prefs.FileSystemPreferences syncWorld
2025-02-15 15:56:19,390 [ERROR] LogOutputStream:75 - [STDERR_REDIRECT] WARNING: Couldn't flush system prefs: java.util.prefs.BackingStoreException: Couldn't get file lock.
2025-02-15 15:56:19,390 [ERROR] LogOutputStream:75 - [STDERR_REDIRECT] 
2025-02-15 15:56:49,391 [ERROR] LogOutputStream:75 - [STDERR_REDIRECT] Feb 15, 2025 3:56:49 PM java.util.prefs.FileSystemPreferences checkLockFile0ErrorCode
2025-02-15 15:56:49,391 [ERROR] LogOutputStream:75 - [STDERR_REDIRECT] WARNING: Could not lock System prefs. Unix error code 2.
2025-02-15 15:56:49,391 [ERROR] LogOutputStream:75 - [STDERR_REDIRECT] 
2025-02-15 15:56:49,391 [ERROR] LogOutputStream:75 - [STDERR_REDIRECT] Feb 15, 2025 3:56:49 PM java.util.prefs.FileSystemPreferences syncWorld
2025-02-15 15:56:49,391 [ERROR] LogOutputStream:75 - [STDERR_REDIRECT] WARNING: Couldn't flush system prefs: java.util.prefs.BackingStoreException: Couldn't get file lock.
2025-02-15 15:56:49,391 [ERROR] LogOutputStream:75 - [STDERR_REDIRECT] 
2025-02-15 15:57:19,390 [ERROR] LogOutputStream:75 - [STDERR_REDIRECT] Feb 15, 2025 3:57:19 PM java.util.prefs.FileSystemPreferences checkLockFile0ErrorCode
2025-02-15 15:57:19,391 [ERROR] LogOutputStream:75 - [STDERR_REDIRECT] WARNING: Could not lock System prefs. Unix error code 2.
2025-02-15 15:57:19,391 [ERROR] LogOutputStream:75 - [STDERR_REDIRECT] 
2025-02-15 15:57:19,391 [ERROR] LogOutputStream:75 - [STDERR_REDIRECT] Feb 15, 2025 3:57:19 PM java.util.prefs.FileSystemPreferences syncWorld
2025-02-15 15:57:19,391 [ERROR] LogOutputStream:75 - [STDERR_REDIRECT] WARNING: Couldn't flush system prefs: java.util.prefs.BackingStoreException: Couldn't get file lock.
2025-02-15 15:57:19,391 [ERROR] LogOutputStream:75 - [STDERR_REDIRECT] 
2025-02-15 15:57:49,390 [ERROR] LogOutputStream:75 - [STDERR_REDIRECT] Feb 15, 2025 3:57:49 PM java.util.prefs.FileSystemPreferences checkLockFile0ErrorCode
2025-02-15 15:57:49,390 [ERROR] LogOutputStream:75 - [STDERR_REDIRECT] WARNING: Could not lock System prefs. Unix error code 2.
2025-02-15 15:57:49,390 [ERROR] LogOutputStream:75 - [STDERR_REDIRECT] 
2025-02-15 15:57:49,390 [ERROR] LogOutputStream:75 - [STDERR_REDIRECT] Feb 15, 2025 3:57:49 PM java.util.prefs.FileSystemPreferences syncWorld
2025-02-15 15:57:49,390 [ERROR] LogOutputStream:75 - [STDERR_REDIRECT] WARNING: Couldn't flush system prefs: java.util.prefs.BackingStoreException: Couldn't get file lock.
2025-02-15 15:57:49,390 [ERROR] LogOutputStream:75 - [STDERR_REDIRECT] 
2025-02-15 15:58:19,391 [ERROR] LogOutputStream:75 - [STDERR_REDIRECT] Feb 15, 2025 3:58:19 PM java.util.prefs.FileSystemPreferences checkLockFile0ErrorCode
2025-02-15 15:58:19,391 [ERROR] LogOutputStream:75 - [STDERR_REDIRECT] WARNING: Could not lock System prefs. Unix error code 2.
2025-02-15 15:58:19,391 [ERROR] LogOutputStream:75 - [STDERR_REDIRECT] 
2025-02-15 15:58:19,391 [ERROR] LogOutputStream:75 - [STDERR_REDIRECT] Feb 15, 2025 3:58:19 PM java.util.prefs.FileSystemPreferences syncWorld
2025-02-15 15:58:19,391 [ERROR] LogOutputStream:75 - [STDERR_REDIRECT] WARNING: Couldn't flush system prefs: java.util.prefs.BackingStoreException: Couldn't get file lock.
2025-02-15 15:58:19,391 [ERROR] LogOutputStream:75 - [STDERR_REDIRECT] 
2025-02-15 15:58:49,392 [ERROR] LogOutputStream:75 - [STDERR_REDIRECT] Feb 15, 2025 3:58:49 PM java.util.prefs.FileSystemPreferences checkLockFile0ErrorCode
2025-02-15 15:58:49,392 [ERROR] LogOutputStream:75 - [STDERR_REDIRECT] WARNING: Could not lock System prefs. Unix error code 2.
2025-02-15 15:58:49,392 [ERROR] LogOutputStream:75 - [STDERR_REDIRECT] 
2025-02-15 15:58:49,392 [ERROR] LogOutputStream:75 - [STDERR_REDIRECT] Feb 15, 2025 3:58:49 PM java.util.prefs.FileSystemPreferences syncWorld
2025-02-15 15:58:49,392 [ERROR] LogOutputStream:75 - [STDERR_REDIRECT] WARNING: Couldn't flush system prefs: java.util.prefs.BackingStoreException: Couldn't get file lock.
2025-02-15 15:58:49,392 [ERROR] LogOutputStream:75 - [STDERR_REDIRECT] 
2025-02-15 15:59:19,391 [ERROR] LogOutputStream:75 - [STDERR_REDIRECT] Feb 15, 2025 3:59:19 PM java.util.prefs.FileSystemPreferences checkLockFile0ErrorCode
2025-02-15 15:59:19,391 [ERROR] LogOutputStream:75 - [STDERR_REDIRECT] WARNING: Could not lock System prefs. Unix error code 2.
2025-02-15 15:59:19,391 [ERROR] LogOutputStream:75 - [STDERR_REDIRECT] 
2025-02-15 15:59:19,391 [ERROR] LogOutputStream:75 - [STDERR_REDIRECT] Feb 15, 2025 3:59:19 PM java.util.prefs.FileSystemPreferences syncWorld
2025-02-15 15:59:19,392 [ERROR] LogOutputStream:75 - [STDERR_REDIRECT] WARNING: Couldn't flush system prefs: java.util.prefs.BackingStoreException: Couldn't get file lock.
2025-02-15 15:59:19,392 [ERROR] LogOutputStream:75 - [STDERR_REDIRECT] 
2025-02-15 15:59:49,391 [ERROR] LogOutputStream:75 - [STDERR_REDIRECT] Feb 15, 2025 3:59:49 PM java.util.prefs.FileSystemPreferences checkLockFile0ErrorCode
2025-02-15 15:59:49,391 [ERROR] LogOutputStream:75 - [STDERR_REDIRECT] WARNING: Could not lock System prefs. Unix error code 2.
2025-02-15 15:59:49,391 [ERROR] LogOutputStream:75 - [STDERR_REDIRECT] 
2025-02-15 15:59:49,391 [ERROR] LogOutputStream:75 - [STDERR_REDIRECT] Feb 15, 2025 3:59:49 PM java.util.prefs.FileSystemPreferences syncWorld
2025-02-15 15:59:49,391 [ERROR] LogOutputStream:75 - [STDERR_REDIRECT] WARNING: Couldn't flush system prefs: java.util.prefs.BackingStoreException: Couldn't get file lock.
2025-02-15 15:59:49,392 [ERROR] LogOutputStream:75 - [STDERR_REDIRECT] 
2025-02-15 16:00:19,391 [ERROR] LogOutputStream:75 - [STDERR_REDIRECT] Feb 15, 2025 4:00:19 PM java.util.prefs.FileSystemPreferences checkLockFile0ErrorCode
2025-02-15 16:00:19,391 [ERROR] LogOutputStream:75 - [STDERR_REDIRECT] WARNING: Could not lock System prefs. Unix error code 2.
2025-02-15 16:00:19,391 [ERROR] LogOutputStream:75 - [STDERR_REDIRECT] 
2025-02-15 16:00:19,391 [ERROR] LogOutputStream:75 - [STDERR_REDIRECT] Feb 15, 2025 4:00:19 PM java.util.prefs.FileSystemPreferences syncWorld
2025-02-15 16:00:19,391 [ERROR] LogOutputStream:75 - [STDERR_REDIRECT] WARNING: Couldn't flush system prefs: java.util.prefs.BackingStoreException: Couldn't get file lock.
2025-02-15 16:00:19,391 [ERROR] LogOutputStream:75 - [STDERR_REDIRECT] 
2025-02-15 16:00:49,392 [ERROR] LogOutputStream:75 - [STDERR_REDIRECT] Feb 15, 2025 4:00:49 PM java.util.prefs.FileSystemPreferences checkLockFile0ErrorCode
2025-02-15 16:00:49,392 [ERROR] LogOutputStream:75 - [STDERR_REDIRECT] WARNING: Could not lock System prefs. Unix error code 2.
2025-02-15 16:00:49,392 [ERROR] LogOutputStream:75 - [STDERR_REDIRECT] 
2025-02-15 16:00:49,392 [ERROR] LogOutputStream:75 - [STDERR_REDIRECT] Feb 15, 2025 4:00:49 PM java.util.prefs.FileSystemPreferences syncWorld
2025-02-15 16:00:49,392 [ERROR] LogOutputStream:75 - [STDERR_REDIRECT] WARNING: Couldn't flush system prefs: java.util.prefs.BackingStoreException: Couldn't get file lock.
2025-02-15 16:00:49,392 [ERROR] LogOutputStream:75 - [STDERR_REDIRECT] 
2025-02-15 16:01:19,391 [ERROR] LogOutputStream:75 - [STDERR_REDIRECT] Feb 15, 2025 4:01:19 PM java.util.prefs.FileSystemPreferences checkLockFile0ErrorCode
2025-02-15 16:01:19,391 [ERROR] LogOutputStream:75 - [STDERR_REDIRECT] WARNING: Could not lock System prefs. Unix error code 2.
2025-02-15 16:01:19,391 [ERROR] LogOutputStream:75 - [STDERR_REDIRECT] 
2025-02-15 16:01:19,391 [ERROR] LogOutputStream:75 - [STDERR_REDIRECT] Feb 15, 2025 4:01:19 PM java.util.prefs.FileSystemPreferences syncWorld
2025-02-15 16:01:19,392 [ERROR] LogOutputStream:75 - [STDERR_REDIRECT] WARNING: Couldn't flush system prefs: java.util.prefs.BackingStoreException: Couldn't get file lock.
2025-02-15 16:01:19,392 [ERROR] LogOutputStream:75 - [STDERR_REDIRECT] 
2025-02-15 16:01:49,391 [ERROR] LogOutputStream:75 - [STDERR_REDIRECT] Feb 15, 2025 4:01:49 PM java.util.prefs.FileSystemPreferences checkLockFile0ErrorCode
2025-02-15 16:01:49,391 [ERROR] LogOutputStream:75 - [STDERR_REDIRECT] WARNING: Could not lock System prefs. Unix error code 2.
2025-02-15 16:01:49,397 [ERROR] LogOutputStream:75 - [STDERR_REDIRECT] 
2025-02-15 16:01:49,397 [ERROR] LogOutputStream:75 - [STDERR_REDIRECT] Feb 15, 2025 4:01:49 PM java.util.prefs.FileSystemPreferences syncWorld
2025-02-15 16:01:49,397 [ERROR] LogOutputStream:75 - [STDERR_REDIRECT] WARNING: Couldn't flush system prefs: java.util.prefs.BackingStoreException: Couldn't get file lock.
2025-02-15 16:01:49,397 [ERROR] LogOutputStream:75 - [STDERR_REDIRECT] 
2025-02-15 16:02:19,392 [ERROR] LogOutputStream:75 - [STDERR_REDIRECT] Feb 15, 2025 4:02:19 PM java.util.prefs.FileSystemPreferences checkLockFile0ErrorCode
2025-02-15 16:02:19,392 [ERROR] LogOutputStream:75 - [STDERR_REDIRECT] WARNING: Could not lock System prefs. Unix error code 2.
2025-02-15 16:02:19,392 [ERROR] LogOutputStream:75 - [STDERR_REDIRECT] 
2025-02-15 16:02:19,392 [ERROR] LogOutputStream:75 - [STDERR_REDIRECT] Feb 15, 2025 4:02:19 PM java.util.prefs.FileSystemPreferences syncWorld
2025-02-15 16:02:19,392 [ERROR] LogOutputStream:75 - [STDERR_REDIRECT] WARNING: Couldn't flush system prefs: java.util.prefs.BackingStoreException: Couldn't get file lock.
2025-02-15 16:02:19,392 [ERROR] LogOutputStream:75 - [STDERR_REDIRECT] 
2025-02-15 16:02:49,392 [ERROR] LogOutputStream:75 - [STDERR_REDIRECT] Feb 15, 2025 4:02:49 PM java.util.prefs.FileSystemPreferences checkLockFile0ErrorCode
2025-02-15 16:02:49,392 [ERROR] LogOutputStream:75 - [STDERR_REDIRECT] WARNING: Could not lock System prefs. Unix error code 2.
2025-02-15 16:02:49,392 [ERROR] LogOutputStream:75 - [STDERR_REDIRECT] 
2025-02-15 16:02:49,393 [ERROR] LogOutputStream:75 - [STDERR_REDIRECT] Feb 15, 2025 4:02:49 PM java.util.prefs.FileSystemPreferences syncWorld
2025-02-15 16:02:49,393 [ERROR] LogOutputStream:75 - [STDERR_REDIRECT] WARNING: Couldn't flush system prefs: java.util.prefs.BackingStoreException: Couldn't get file lock.
2025-02-15 16:02:49,393 [ERROR] LogOutputStream:75 - [STDERR_REDIRECT] 
2025-02-15 16:03:19,392 [ERROR] LogOutputStream:75 - [STDERR_REDIRECT] Feb 15, 2025 4:03:19 PM java.util.prefs.FileSystemPreferences checkLockFile0ErrorCode
2025-02-15 16:03:19,392 [ERROR] LogOutputStream:75 - [STDERR_REDIRECT] WARNING: Could not lock System prefs. Unix error code 2.
2025-02-15 16:03:19,392 [ERROR] LogOutputStream:75 - [STDERR_REDIRECT] 
2025-02-15 16:03:19,392 [ERROR] LogOutputStream:75 - [STDERR_REDIRECT] Feb 15, 2025 4:03:19 PM java.util.prefs.FileSystemPreferences syncWorld
2025-02-15 16:03:19,392 [ERROR] LogOutputStream:75 - [STDERR_REDIRECT] WARNING: Couldn't flush system prefs: java.util.prefs.BackingStoreException: Couldn't get file lock.
2025-02-15 16:03:19,392 [ERROR] LogOutputStream:75 - [STDERR_REDIRECT] 
2025-02-15 16:03:49,393 [ERROR] LogOutputStream:75 - [STDERR_REDIRECT] Feb 15, 2025 4:03:49 PM java.util.prefs.FileSystemPreferences checkLockFile0ErrorCode
2025-02-15 16:03:49,393 [ERROR] LogOutputStream:75 - [STDERR_REDIRECT] WARNING: Could not lock System prefs. Unix error code 2.
2025-02-15 16:03:49,393 [ERROR] LogOutputStream:75 - [STDERR_REDIRECT] 
2025-02-15 16:03:49,393 [ERROR] LogOutputStream:75 - [STDERR_REDIRECT] Feb 15, 2025 4:03:49 PM java.util.prefs.FileSystemPreferences syncWorld
2025-02-15 16:03:49,393 [ERROR] LogOutputStream:75 - [STDERR_REDIRECT] WARNING: Couldn't flush system prefs: java.util.prefs.BackingStoreException: Couldn't get file lock.
2025-02-15 16:03:49,393 [ERROR] LogOutputStream:75 - [STDERR_REDIRECT] 
2025-02-15 16:05:42,527 [INFO] Activator:176 - 


2025-02-15 16:05:42,528 [INFO] Activator:177 - !SESSION log4j initialized
2025-02-15 16:05:43,926 [INFO] ApplicationProperties:184 - Using Application install path: /opt/st/stm32cubeide_1.17.0/plugins/com.st.stm32cube.common.mx_6.13.0.202411220809
2025-02-15 16:05:43,935 [INFO] DbMcusXml:78 - Set database path to: /opt/st/stm32cubeide_1.17.0/plugins/com.st.stm32cube.common.mx_6.13.0.202411220809//db//mcu/
2025-02-15 16:05:43,935 [INFO] ApiDb:274 - Set plugin database path to: /opt/st/stm32cubeide_1.17.0/plugins/com.st.stm32cube.common.mx_6.13.0.202411220809//db//plugins/boardmanager/
2025-02-15 16:05:43,936 [WARN] ApiDb:259 - Overriding images path with different value:  => /opt/st/stm32cubeide_1.17.0/plugins/com.st.stm32cube.common.mx_6.13.0.202411220809//db//plugins/mcufinder/images/
2025-02-15 16:05:43,937 [INFO] ApiDb:250 - Set database path to: /home/kemish/.stmcufinder/plugins/mcufinder//mcu/
2025-02-15 16:05:43,938 [INFO] DbMcusAds:125 - Set database path to: /home/kemish/.stmcufinder/plugins/mcufinder//mcu/
2025-02-15 16:05:44,036 [INFO] CrossReferenceDbSqlite:203 - Set database path to: /home/kemish/.stmcufinder/plugins/mcufinder//mcu/cs/
2025-02-15 16:05:44,104 [INFO] RulesReader:64 - Compatibility file has been processed (297 Rules)
2025-02-15 16:05:44,141 [INFO] DbMcusXml:78 - Set database path to: /opt/st/stm32cubeide_1.17.0/plugins/com.st.stm32cube.common.mx_6.13.0.202411220809//db//mcu/
2025-02-15 16:05:44,141 [INFO] ApiDb:274 - Set plugin database path to: /opt/st/stm32cubeide_1.17.0/plugins/com.st.stm32cube.common.mx_6.13.0.202411220809//db//plugins/boardmanager/
2025-02-15 16:05:44,141 [INFO] ApiDb:261 - Set plugin images path to: /opt/st/stm32cubeide_1.17.0/plugins/com.st.stm32cube.common.mx_6.13.0.202411220809//db//plugins/mcufinder/images/
2025-02-15 16:05:44,141 [WARN] DbFile:41 - Overriding database path with different value: /home/kemish/.stmcufinder/plugins/mcufinder/ => /home/kemish/.stmcufinder/plugins/mcufinder
2025-02-15 16:05:44,141 [INFO] ApiDb:250 - Set database path to: /home/kemish/.stmcufinder/plugins/mcufinder//mcu/
2025-02-15 16:05:44,141 [WARN] DbFile:41 - Overriding database path with different value: /home/kemish/.stmcufinder/plugins/mcufinder/ => /home/kemish/.stmcufinder/plugins/mcufinder
2025-02-15 16:05:44,141 [INFO] DbMcusAds:125 - Set database path to: /home/kemish/.stmcufinder/plugins/mcufinder//mcu/
2025-02-15 16:05:44,142 [WARN] DbFile:41 - Overriding database path with different value: /home/kemish/.stmcufinder/plugins/mcufinder/ => /home/kemish/.stmcufinder/plugins/mcufinder
2025-02-15 16:05:44,142 [WARN] DbFile:41 - Overriding database path with different value: /home/kemish/.stmcufinder/plugins/mcufinder/ => /home/kemish/.stmcufinder/plugins/mcufinder
2025-02-15 16:05:44,142 [INFO] CrossReferenceDbSqlite:203 - Set database path to: /home/kemish/.stmcufinder/plugins/mcufinder//mcu/cs/
2025-02-15 16:05:44,176 [INFO] MainPanel:272 - HeapMemory: 268435456
2025-02-15 16:05:44,250 [INFO] DbMcusXml:78 - Set database path to: /opt/st/stm32cubeide_1.17.0/plugins/com.st.stm32cube.common.mx_6.13.0.202411220809//db//mcu/
2025-02-15 16:05:44,250 [INFO] ApiDb:274 - Set plugin database path to: /opt/st/stm32cubeide_1.17.0/plugins/com.st.stm32cube.common.mx_6.13.0.202411220809//db//plugins/boardmanager/
2025-02-15 16:05:44,250 [INFO] ApiDb:261 - Set plugin images path to: /opt/st/stm32cubeide_1.17.0/plugins/com.st.stm32cube.common.mx_6.13.0.202411220809//db//plugins/mcufinder/images/
2025-02-15 16:05:44,250 [WARN] DbFile:41 - Overriding database path with different value: /home/kemish/.stmcufinder/plugins/mcufinder/ => /home/kemish/.stmcufinder/plugins/mcufinder
2025-02-15 16:05:44,251 [INFO] ApiDb:250 - Set database path to: /home/kemish/.stmcufinder/plugins/mcufinder//mcu/
2025-02-15 16:05:44,251 [WARN] DbFile:41 - Overriding database path with different value: /home/kemish/.stmcufinder/plugins/mcufinder/ => /home/kemish/.stmcufinder/plugins/mcufinder
2025-02-15 16:05:44,251 [INFO] DbMcusAds:125 - Set database path to: /home/kemish/.stmcufinder/plugins/mcufinder//mcu/
2025-02-15 16:05:44,251 [WARN] DbFile:41 - Overriding database path with different value: /home/kemish/.stmcufinder/plugins/mcufinder/ => /home/kemish/.stmcufinder/plugins/mcufinder
2025-02-15 16:05:44,251 [WARN] DbFile:41 - Overriding database path with different value: /home/kemish/.stmcufinder/plugins/mcufinder/ => /home/kemish/.stmcufinder/plugins/mcufinder
2025-02-15 16:05:44,251 [INFO] CrossReferenceDbSqlite:203 - Set database path to: /home/kemish/.stmcufinder/plugins/mcufinder//mcu/cs/
2025-02-15 16:05:44,260 [INFO] ApplicationProperties:184 - Using Application install path: /opt/st/stm32cubeide_1.17.0/plugins/com.st.stm32cube.common.mx_6.13.0.202411220809
2025-02-15 16:05:44,261 [INFO] PluginManage:196 - Search for loadable plugins [exclusion list=, ]
2025-02-15 16:05:44,262 [INFO] PluginManage:310 - Check plugin analytics
2025-02-15 16:05:44,440 [INFO] AnalyticsPlugin:253 - Accepted Software Licenses: 
2025-02-15 16:05:44,440 [INFO] AnalyticsPlugin:255 - Accepted CMSIS Pack Licenses: 
2025-02-15 16:05:44,440 [INFO] AnalyticsPlugin:257 - Accepted Firmware Licenses: 
2025-02-15 16:05:44,442 [INFO] PluginManage:359 - Loaded plugin analytics (category:tool,tabindex:-1)
2025-02-15 16:05:44,442 [INFO] PluginManage:310 - Check plugin cadmodel
2025-02-15 16:05:44,445 [INFO] CADModel:105 - Init CAD model plugin
2025-02-15 16:05:44,445 [INFO] PluginManage:359 - Loaded plugin cadmodel (category:power,tabindex:5)
2025-02-15 16:05:44,445 [INFO] PluginManage:310 - Check plugin clock
2025-02-15 16:05:44,458 [INFO] PluginManage:359 - Loaded plugin clock (category:base,tabindex:2)
2025-02-15 16:05:44,458 [INFO] PluginManage:310 - Check plugin ddr
2025-02-15 16:05:44,460 [INFO] PluginManage:359 - Loaded plugin ddr (category:tool,tabindex:6)
2025-02-15 16:05:44,460 [INFO] PluginManage:310 - Check plugin filemanager
2025-02-15 16:05:44,559 [INFO] PluginManage:359 - Loaded plugin filemanager (category:base,tabindex:10)
2025-02-15 16:05:44,560 [INFO] PluginManage:310 - Check plugin ipmanager
2025-02-15 16:05:44,564 [INFO] PluginManage:359 - Loaded plugin ipmanager (category:base,tabindex:5)
2025-02-15 16:05:44,564 [INFO] PluginManage:310 - Check plugin lpbam
2025-02-15 16:05:44,569 [INFO] PluginManage:359 - Loaded plugin lpbam (category:base,tabindex:0)
2025-02-15 16:05:44,569 [INFO] PluginManage:310 - Check plugin memorymap
2025-02-15 16:05:44,576 [INFO] PluginManage:359 - Loaded plugin memorymap (category:base,tabindex:4)
2025-02-15 16:05:44,576 [INFO] PluginManage:310 - Check plugin pinoutandconfiguration
2025-02-15 16:05:44,580 [INFO] PluginManage:359 - Loaded plugin pinoutandconfiguration (category:base,tabindex:1)
2025-02-15 16:05:44,581 [INFO] PluginManage:310 - Check plugin pinoutconfig
2025-02-15 16:05:44,635 [WARN] SupportedApi:132 - Cannot load RTOS API schema: s4s-elt-must-match.1: The content of 'definitions' must match (annotation?, (simpleType | complexType)?, (unique | key | keyref)*)). A problem was found starting at: attribute.
2025-02-15 16:05:44,719 [INFO] PluginManage:359 - Loaded plugin pinoutconfig (category:base,tabindex:0)
2025-02-15 16:05:44,719 [INFO] PluginManage:310 - Check plugin power
2025-02-15 16:05:44,725 [INFO] PluginManage:359 - Loaded plugin power (category:power,tabindex:4)
2025-02-15 16:05:44,726 [INFO] PluginManage:310 - Check plugin projectmanager
2025-02-15 16:05:44,738 [INFO] PluginManage:359 - Loaded plugin projectmanager (category:projectmanager,tabindex:4)
2025-02-15 16:05:44,738 [INFO] PluginManage:310 - Check plugin rif
2025-02-15 16:05:44,742 [INFO] PluginManage:359 - Loaded plugin rif (category:base,tabindex:3)
2025-02-15 16:05:44,742 [INFO] PluginManage:310 - Check plugin thirdparty
2025-02-15 16:05:44,813 [INFO] PluginManage:359 - Loaded plugin thirdparty (category:base,tabindex:-1)
2025-02-15 16:05:44,813 [WARN] IntegrityCheckThread:84 - waiting for thirdparty lock release [integrity check]
2025-02-15 16:05:44,813 [INFO] IntegrityCheckThread:86 - entering critical section [integrity check]
2025-02-15 16:05:44,813 [INFO] PluginManage:310 - Check plugin tools
2025-02-15 16:05:44,814 [INFO] ThirdPartyUpdaterWithRetryManager:70 - Updater plugin not ready yet. [1/15]
2025-02-15 16:05:44,815 [INFO] PluginManage:359 - Loaded plugin tools (category:base,tabindex:7)
2025-02-15 16:05:44,815 [INFO] PluginManage:310 - Check plugin tutovideos
2025-02-15 16:05:44,920 [INFO] PluginManage:359 - Loaded plugin tutovideos (category:base,tabindex:-1)
2025-02-15 16:05:44,920 [INFO] PluginManage:310 - Check plugin updater
2025-02-15 16:05:44,934 [INFO] PluginManage:359 - Loaded plugin updater (category:base,tabindex:12)
2025-02-15 16:05:44,934 [INFO] PluginManage:310 - Check plugin userauth
2025-02-15 16:05:44,936 [INFO] UserAuth:118 - Init User Auth plugin
2025-02-15 16:05:44,936 [INFO] PluginManage:359 - Loaded plugin userauth (category:base,tabindex:14)
2025-02-15 16:05:44,937 [INFO] PluginManage:283 - PluginManage : Loaded plugins [18]
2025-02-15 16:05:45,078 [INFO] PinOutPanel:1589 - setPackage(No Configuration,No Configuration)
2025-02-15 16:05:45,122 [INFO] CADModel:165 - CPN selected for project level
2025-02-15 16:05:45,122 [INFO] CADModel:114 - Register for checkConnection events
2025-02-15 16:05:45,129 [INFO] IPUIPlugin:80 - create IPUIPlugin
2025-02-15 16:05:45,130 [INFO] PluginManager:220 - loadIPPluginJar : add aes
2025-02-15 16:05:45,131 [INFO] IPUIPlugin:80 - create IPUIPlugin
2025-02-15 16:05:45,131 [INFO] PluginManager:220 - loadIPPluginJar : add tim
2025-02-15 16:05:45,134 [INFO] IPUIPlugin:80 - create IPUIPlugin
2025-02-15 16:05:45,134 [INFO] PluginManager:220 - loadIPPluginJar : add linkedlist
2025-02-15 16:05:45,136 [INFO] IPUIPlugin:80 - create IPUIPlugin
2025-02-15 16:05:45,136 [INFO] PluginManager:220 - loadIPPluginJar : add openamp
2025-02-15 16:05:45,139 [INFO] IPUIPlugin:80 - create IPUIPlugin
2025-02-15 16:05:45,141 [INFO] PluginManager:220 - loadIPPluginJar : add plateformsettings
2025-02-15 16:05:45,144 [INFO] IPUIPlugin:80 - create IPUIPlugin
2025-02-15 16:05:45,144 [INFO] PluginManager:220 - loadIPPluginJar : add mdma
2025-02-15 16:05:45,145 [INFO] IPUIPlugin:80 - create IPUIPlugin
2025-02-15 16:05:45,145 [INFO] PluginManager:220 - loadIPPluginJar : add spi
2025-02-15 16:05:45,148 [INFO] IPUIPlugin:80 - create IPUIPlugin
2025-02-15 16:05:45,148 [INFO] PluginManager:220 - loadIPPluginJar : add freertos
2025-02-15 16:05:45,149 [INFO] IPUIPlugin:80 - create IPUIPlugin
2025-02-15 16:05:45,149 [INFO] PluginManager:220 - loadIPPluginJar : add ipddr
2025-02-15 16:05:45,151 [INFO] IPUIPlugin:80 - create IPUIPlugin
2025-02-15 16:05:45,151 [INFO] PluginManager:220 - loadIPPluginJar : add sai
2025-02-15 16:05:45,152 [INFO] IPUIPlugin:80 - create IPUIPlugin
2025-02-15 16:05:45,152 [INFO] PluginManager:220 - loadIPPluginJar : add can
2025-02-15 16:05:45,152 [INFO] IPUIPlugin:80 - create IPUIPlugin
2025-02-15 16:05:45,153 [INFO] PluginManager:220 - loadIPPluginJar : add genericplugin
2025-02-15 16:05:45,154 [INFO] IPUIPlugin:80 - create IPUIPlugin
2025-02-15 16:05:45,154 [INFO] PluginManager:220 - loadIPPluginJar : add i3c
2025-02-15 16:05:45,155 [INFO] IPUIPlugin:80 - create IPUIPlugin
2025-02-15 16:05:45,155 [INFO] PluginManager:220 - loadIPPluginJar : add hash
2025-02-15 16:05:45,155 [INFO] IPUIPlugin:80 - create IPUIPlugin
2025-02-15 16:05:45,155 [INFO] PluginManager:220 - loadIPPluginJar : add ltdc
2025-02-15 16:05:45,156 [INFO] IPUIPlugin:80 - create IPUIPlugin
2025-02-15 16:05:45,157 [INFO] PluginManager:220 - loadIPPluginJar : add radio
2025-02-15 16:05:45,158 [INFO] IPUIPlugin:80 - create IPUIPlugin
2025-02-15 16:05:45,158 [INFO] PluginManager:220 - loadIPPluginJar : add ucpd
2025-02-15 16:05:45,159 [INFO] IPUIPlugin:80 - create IPUIPlugin
2025-02-15 16:05:45,159 [INFO] PluginManager:220 - loadIPPluginJar : add tracer_emb
2025-02-15 16:05:45,160 [INFO] IPUIPlugin:80 - create IPUIPlugin
2025-02-15 16:05:45,160 [INFO] PluginManager:220 - loadIPPluginJar : add cryp
2025-02-15 16:05:45,160 [INFO] IPUIPlugin:80 - create IPUIPlugin
2025-02-15 16:05:45,160 [INFO] PluginManager:220 - loadIPPluginJar : add ts
2025-02-15 16:05:45,161 [INFO] IPUIPlugin:80 - create IPUIPlugin
2025-02-15 16:05:45,161 [INFO] PluginManager:220 - loadIPPluginJar : add comp
2025-02-15 16:05:45,162 [INFO] IPUIPlugin:80 - create IPUIPlugin
2025-02-15 16:05:45,162 [INFO] PluginManager:220 - loadIPPluginJar : add dma3
2025-02-15 16:05:45,163 [INFO] IPUIPlugin:80 - create IPUIPlugin
2025-02-15 16:05:45,164 [INFO] PluginManager:220 - loadIPPluginJar : add touchsensing
2025-02-15 16:05:45,165 [INFO] IPUIPlugin:80 - create IPUIPlugin
2025-02-15 16:05:45,165 [INFO] PluginManager:220 - loadIPPluginJar : add lorawan
2025-02-15 16:05:45,166 [INFO] IPUIPlugin:80 - create IPUIPlugin
2025-02-15 16:05:45,166 [INFO] PluginManager:220 - loadIPPluginJar : add ddr_ctrl_phy
2025-02-15 16:05:45,167 [INFO] IPUIPlugin:80 - create IPUIPlugin
2025-02-15 16:05:45,168 [INFO] PluginManager:220 - loadIPPluginJar : add extmemmanager
2025-02-15 16:05:45,170 [INFO] IPUIPlugin:80 - create IPUIPlugin
2025-02-15 16:05:45,170 [INFO] PluginManager:220 - loadIPPluginJar : add resmgrutility
2025-02-15 16:05:45,171 [INFO] IPUIPlugin:80 - create IPUIPlugin
2025-02-15 16:05:45,171 [INFO] PluginManager:220 - loadIPPluginJar : add quadspi
2025-02-15 16:05:45,172 [INFO] IPUIPlugin:80 - create IPUIPlugin
2025-02-15 16:05:45,172 [INFO] PluginManager:220 - loadIPPluginJar : add usart
2025-02-15 16:05:45,174 [INFO] IPUIPlugin:80 - create IPUIPlugin
2025-02-15 16:05:45,174 [INFO] PluginManager:220 - loadIPPluginJar : add nvic
2025-02-15 16:05:45,176 [INFO] IPUIPlugin:80 - create IPUIPlugin
2025-02-15 16:05:45,177 [INFO] PluginManager:220 - loadIPPluginJar : add gic
2025-02-15 16:05:45,178 [INFO] IPUIPlugin:80 - create IPUIPlugin
2025-02-15 16:05:45,178 [INFO] PluginManager:220 - loadIPPluginJar : add i2s
2025-02-15 16:05:45,180 [INFO] IPUIPlugin:80 - create IPUIPlugin
2025-02-15 16:05:45,180 [INFO] PluginManager:220 - loadIPPluginJar : add gpio
2025-02-15 16:05:45,181 [INFO] IPUIPlugin:80 - create IPUIPlugin
2025-02-15 16:05:45,181 [INFO] PluginManager:220 - loadIPPluginJar : add pdm2pcm
2025-02-15 16:05:45,183 [INFO] IPUIPlugin:80 - create IPUIPlugin
2025-02-15 16:05:45,183 [INFO] PluginManager:220 - loadIPPluginJar : add usbx
2025-02-15 16:05:45,186 [INFO] IPUIPlugin:80 - create IPUIPlugin
2025-02-15 16:05:45,186 [INFO] PluginManager:220 - loadIPPluginJar : add fmc
2025-02-15 16:05:45,188 [INFO] IPUIPlugin:80 - create IPUIPlugin
2025-02-15 16:05:45,188 [INFO] PluginManager:220 - loadIPPluginJar : add i2c
2025-02-15 16:05:45,191 [INFO] IPUIPlugin:80 - create IPUIPlugin
2025-02-15 16:05:45,191 [INFO] PluginManager:220 - loadIPPluginJar : add adc
2025-02-15 16:05:45,193 [INFO] IPUIPlugin:80 - create IPUIPlugin
2025-02-15 16:05:45,193 [INFO] PluginManager:220 - loadIPPluginJar : add dfsdm
2025-02-15 16:05:45,196 [INFO] IPUIPlugin:80 - create IPUIPlugin
2025-02-15 16:05:45,196 [INFO] PluginManager:220 - loadIPPluginJar : add dma
2025-02-15 16:05:45,197 [INFO] IPUIPlugin:80 - create IPUIPlugin
2025-02-15 16:05:45,197 [INFO] PluginManager:220 - loadIPPluginJar : add opamp
2025-02-15 16:05:45,198 [INFO] IPUIPlugin:80 - create IPUIPlugin
2025-02-15 16:05:45,198 [INFO] PluginManager:220 - loadIPPluginJar : add tsc
2025-02-15 16:05:45,201 [INFO] IPUIPlugin:80 - create IPUIPlugin
2025-02-15 16:05:45,201 [INFO] PluginManager:220 - loadIPPluginJar : add stm32_wpan
2025-02-15 16:05:45,202 [INFO] IPUIPlugin:80 - create IPUIPlugin
2025-02-15 16:05:45,202 [INFO] PluginManager:220 - loadIPPluginJar : add gfxmmu
2025-02-15 16:05:45,203 [INFO] IPUIPlugin:80 - create IPUIPlugin
2025-02-15 16:05:45,203 [INFO] PluginManager:220 - loadIPPluginJar : add fatfs
2025-02-15 16:05:45,204 [INFO] IPUIPlugin:80 - create IPUIPlugin
2025-02-15 16:05:45,204 [INFO] PluginManager:220 - loadIPPluginJar : add gtzc
2025-02-15 16:05:45,296 [FATAL] Updater:351 - Updater called before beeing initialized
2025-02-15 16:05:45,311 [INFO] RulesReader:64 - Compatibility file has been processed (297 Rules)
2025-02-15 16:05:45,318 [INFO] RulesReader:64 - Compatibility file has been processed (297 Rules)
2025-02-15 16:05:45,323 [INFO] CADModel:165 - CPN selected for project level
2025-02-15 16:05:45,323 [INFO] CADModel:114 - Register for checkConnection events
2025-02-15 16:05:45,323 [FATAL] Updater:351 - Updater called before beeing initialized
2025-02-15 16:05:45,323 [ERROR] CADModel:125 - Updater not yet initialized, retry later 
2025-02-15 16:05:45,388 [FATAL] Updater:351 - Updater called before beeing initialized
2025-02-15 16:05:45,389 [INFO] CADModel:165 - CPN selected for project level
2025-02-15 16:05:45,389 [INFO] CADModel:114 - Register for checkConnection events
2025-02-15 16:05:45,389 [FATAL] Updater:351 - Updater called before beeing initialized
2025-02-15 16:05:45,389 [ERROR] CADModel:125 - Updater not yet initialized, retry later 
2025-02-15 16:05:45,391 [FATAL] Updater:351 - Updater called before beeing initialized
2025-02-15 16:05:45,437 [FATAL] Updater:351 - Updater called before beeing initialized
2025-02-15 16:05:45,440 [INFO] DbMcusAds:53 - JSON generation date=Tue Dec 17 17:01:15 CET 2024 (1734451275111)
2025-02-15 16:05:45,440 [FATAL] Updater:351 - Updater called before beeing initialized
2025-02-15 16:05:45,461 [WARN] DetailPanel:346 - Failed to get advertising image, set to default
2025-02-15 16:05:45,648 [FATAL] Updater:351 - Updater called before beeing initialized
2025-02-15 16:05:45,649 [FATAL] Updater:351 - Updater called before beeing initialized
2025-02-15 16:05:45,649 [FATAL] Updater:351 - Updater called before beeing initialized
2025-02-15 16:05:45,649 [WARN] DetailPanel:346 - Failed to get advertising image, set to default
2025-02-15 16:05:45,650 [FATAL] Updater:351 - Updater called before beeing initialized
2025-02-15 16:05:45,671 [ERROR] Updater:1198 - MainUpdater not yet initialized. External WinMGr cannot be set.
2025-02-15 16:05:45,672 [INFO] Updater:1134 - Updater Version found : 6.13.0
2025-02-15 16:05:45,681 [INFO] ApplicationProperties:184 - Using Application install path: /opt/st/stm32cubeide_1.17.0/plugins/com.st.stm32cube.common.mx_6.13.0.202411220809
2025-02-15 16:05:45,690 [ERROR] LogOutputStream:75 - [STDERR_REDIRECT] Feb 15, 2025 4:05:45 PM java.util.prefs.FileSystemPreferences$2 run
2025-02-15 16:05:45,690 [ERROR] LogOutputStream:75 - [STDERR_REDIRECT] WARNING: Could not create system preferences directory. System preferences are unusable.
2025-02-15 16:05:45,690 [ERROR] LogOutputStream:75 - [STDERR_REDIRECT] 
2025-02-15 16:05:45,980 [INFO] MainUpdater:2872 - connection check result : 10
2025-02-15 16:05:45,980 [INFO] MainUpdater:289 - Updater Check For Update Now.
2025-02-15 16:05:45,980 [INFO] MicroXplorer:498 - Change Database Version : DB.6.0.130
2025-02-15 16:05:46,129 [INFO] CheckServerUpdateThread:120 - End of CheckServer Thread
2025-02-15 16:05:46,188 [INFO] MainUpdater:2872 - connection check result : 10
2025-02-15 16:05:46,189 [INFO] MainUpdater:2872 - connection check result : 10
2025-02-15 16:05:47,887 [WARN] PackLoader:240 - Cannot read IP mode file for STMicroelectronics.FP-SNS-MOTENVWB1.1.4.0
2025-02-15 16:05:47,893 [WARN] PackLoader:240 - Cannot read IP mode file for STMicroelectronics.FP-ATR-ASTRA1.2.0.1
2025-02-15 16:05:47,899 [WARN] PackLoader:240 - Cannot read IP mode file for STMicroelectronics.X-CUBE-SMBUS.2.1.0
2025-02-15 16:05:47,905 [WARN] PackLoader:240 - Cannot read IP mode file for STMicroelectronics.X-CUBE-WB05N.1.1.0
2025-02-15 16:05:47,932 [WARN] PackLoader:240 - Cannot read IP mode file for STMicroelectronics.X-CUBE-AZRTOS-F7.1.1.0
2025-02-15 16:05:47,941 [WARN] PackLoader:240 - Cannot read IP mode file for STMicroelectronics.FP-SNS-FLIGHT1.5.0.2
2025-02-15 16:05:47,965 [WARN] PackLoader:240 - Cannot read IP mode file for Infineon.AIROC-Wi-Fi-Bluetooth-STM32.1.7.0
2025-02-15 16:05:47,979 [WARN] PackLoader:240 - Cannot read IP mode file for STMicroelectronics.X-CUBE-DISPLAY.3.0.0
2025-02-15 16:05:47,988 [WARN] PackLoader:240 - Cannot read IP mode file for STMicroelectronics.X-CUBE-BLE1.7.0.0
2025-02-15 16:05:47,997 [WARN] PackLoader:240 - Cannot read IP mode file for STMicroelectronics.X-CUBE-NFC10.1.0.0
2025-02-15 16:05:48,006 [WARN] PackLoader:240 - Cannot read IP mode file for STMicroelectronics.X-CUBE-BLEMGR.4.0.0
2025-02-15 16:05:48,013 [WARN] PackLoader:240 - Cannot read IP mode file for emotas.I-CUBE-CANOPEN.1.3.0
2025-02-15 16:05:48,015 [WARN] PackLoader:240 - Cannot read IP mode file for STMicroelectronics.X-CUBE-AI.10.0.0
2025-02-15 16:05:48,017 [WARN] PackLoader:240 - Cannot read IP mode file for STMicroelectronics.FP-SNS-SMARTAG2.1.2.0
2025-02-15 16:05:48,057 [WARN] PackLoader:240 - Cannot read IP mode file for STMicroelectronics.X-CUBE-MEMS1.11.1.0
2025-02-15 16:05:48,162 [INFO] LogOutputStream:77 - [STDOUT_REDIRECT] 1 : Invalid condition id : UX_CORESTACK_Condition cause : null
2025-02-15 16:05:48,162 [INFO] LogOutputStream:77 - [STDOUT_REDIRECT] 1 : Invalid condition id : UX_CORESTACK_Condition cause : null
2025-02-15 16:05:48,162 [INFO] LogOutputStream:77 - [STDOUT_REDIRECT] 1 : Invalid condition id : UX_CORESTACK_Condition cause : null
2025-02-15 16:05:48,163 [INFO] LogOutputStream:77 - [STDOUT_REDIRECT] 1 : Invalid condition id : UX_CORESTACK_Condition cause : null
2025-02-15 16:05:48,163 [INFO] LogOutputStream:77 - [STDOUT_REDIRECT] 1 : Invalid condition id : UX_CORESTACK_Condition cause : null
2025-02-15 16:05:48,165 [WARN] PackLoader:240 - Cannot read IP mode file for STMicroelectronics.X-CUBE-AZRTOS-WL.2.0.0
2025-02-15 16:05:48,168 [WARN] PackLoader:240 - Cannot read IP mode file for STMicroelectronics.FP-SNS-MOTENV1.5.0.0
2025-02-15 16:05:48,171 [WARN] PackLoader:240 - Cannot read IP mode file for wolfSSL.I-CUBE-wolfMQTT.1.19.0
2025-02-15 16:05:48,175 [WARN] PackLoader:240 - Cannot read IP mode file for WES.I-CUBE-Cesium.1.3.0
2025-02-15 16:05:48,177 [WARN] PackLoader:240 - Cannot read IP mode file for STMicroelectronics.X-CUBE-BLE2.3.3.0
2025-02-15 16:05:48,181 [WARN] PackLoader:240 - Cannot read IP mode file for STMicroelectronics.X-CUBE-NFC9.1.0.0
2025-02-15 16:05:48,190 [WARN] PackLoader:240 - Cannot read IP mode file for STMicroelectronics.X-CUBE-AZRTOS-G0.1.1.0
2025-02-15 16:05:48,195 [WARN] PackLoader:240 - Cannot read IP mode file for STMicroelectronics.X-CUBE-SAFEA1.1.2.2
2025-02-15 16:05:48,199 [WARN] PackLoader:240 - Cannot read IP mode file for STMicroelectronics.X-CUBE-NFC4.3.0.0
2025-02-15 16:05:48,210 [WARN] PackLoader:240 - Cannot read IP mode file for EmbeddedOffice.I-CUBE-FS-RTOS.1.0.1
2025-02-15 16:05:48,213 [WARN] PackLoader:240 - Cannot read IP mode file for STMicroelectronics.X-CUBE-TCPP.4.2.0
2025-02-15 16:05:48,216 [WARN] PackLoader:240 - Cannot read IP mode file for RealThread.X-CUBE-RT-Thread_Nano.4.1.1
2025-02-15 16:05:48,218 [WARN] PackLoader:240 - Cannot read IP mode file for STMicroelectronics.FP-ATR-SIGFOX1.3.2.0
2025-02-15 16:05:48,220 [WARN] ConditionMgr:438 - getConditionDescription Invalid condition id : Cortex-A Device cause : null
2025-02-15 16:05:48,228 [WARN] ConditionMgr:1044 - genDependencies : Invalid condition id : Cortex-A Device cause : null
2025-02-15 16:05:48,228 [WARN] ConditionMgr:1044 - genDependencies : Invalid condition id : Cortex-A Device cause : null
2025-02-15 16:05:48,228 [WARN] ConditionMgr:1044 - genDependencies : Invalid condition id : Cortex-A Device cause : null
2025-02-15 16:05:48,233 [WARN] PackLoader:240 - Cannot read IP mode file for STMicroelectronics.X-CUBE-EEPRMA1.5.1.0
2025-02-15 16:05:48,235 [WARN] PackLoader:240 - Cannot read IP mode file for wolfSSL.I-CUBE-wolfSSL.5.7.4
2025-02-15 16:05:48,238 [WARN] PackLoader:240 - Cannot read IP mode file for ITTIA_DB.I-CUBE-ITTIADB.8.9.0
2025-02-15 16:05:48,257 [WARN] PackLoader:240 - Cannot read IP mode file for SEGGER.I-CUBE-embOS.1.3.1
2025-02-15 16:05:48,283 [WARN] PackLoader:240 - Cannot read IP mode file for STMicroelectronics.X-CUBE-ALGOBUILD.1.4.0
2025-02-15 16:05:48,286 [WARN] PackLoader:240 - Cannot read IP mode file for STMicroelectronics.X-CUBE-AI.9.1.0
2025-02-15 16:05:48,294 [WARN] PackLoader:240 - Cannot read IP mode file for STMicroelectronics.X-CUBE-AZRTOS-F4.1.1.0
2025-02-15 16:05:48,297 [WARN] PackLoader:240 - Cannot read IP mode file for STMicroelectronics.X-CUBE-ISPU.2.1.0
2025-02-15 16:05:48,309 [WARN] PackLoader:240 - Cannot read IP mode file for STMicroelectronics.X-CUBE-AZRTOS-L5.2.0.0
2025-02-15 16:05:48,316 [WARN] PackLoader:240 - Cannot read IP mode file for STMicroelectronics.X-CUBE-NFC6.3.1.0
2025-02-15 16:05:48,320 [WARN] PackLoader:240 - Cannot read IP mode file for STMicroelectronics.X-CUBE-DPower.1.2.0
2025-02-15 16:05:48,323 [WARN] PackLoader:240 - Cannot read IP mode file for STMicroelectronics.X-CUBE-FREERTOS.1.3.0
2025-02-15 16:05:48,325 [WARN] PackLoader:240 - Cannot read IP mode file for STMicroelectronics.X-CUBE-NFC7.1.0.1
2025-02-15 16:05:48,335 [WARN] ConditionMgr:438 - getConditionDescription Invalid condition id : LAN8742 Phy interface Condition cause : null
2025-02-15 16:05:48,336 [WARN] PackLoader:240 - Cannot read IP mode file for STMicroelectronics.X-CUBE-AZRTOS-L4.2.0.0
2025-02-15 16:05:48,336 [WARN] ConditionMgr:1044 - genDependencies : Invalid condition id : LAN8742 Phy interface Condition cause : null
2025-02-15 16:05:48,337 [WARN] ConditionMgr:1044 - genDependencies : Invalid condition id : LAN8742 Phy interface Condition cause : null
2025-02-15 16:05:48,337 [WARN] ConditionMgr:1044 - genDependencies : Invalid condition id : LAN8742 Phy interface Condition cause : null
2025-02-15 16:05:48,341 [WARN] PackLoader:240 - Cannot read IP mode file for STMicroelectronics.X-CUBE-SFXS2LP1.4.0.0
2025-02-15 16:05:48,353 [WARN] PackLoader:240 - Cannot read IP mode file for STMicroelectronics.X-CUBE-AZRTOS-H7.3.3.0
2025-02-15 16:05:48,360 [WARN] ConditionMgr:438 - getConditionDescription Invalid condition id : UX DEVICE CLASS RTOS Condition cause : null
2025-02-15 16:05:48,361 [WARN] ConditionMgr:438 - getConditionDescription Invalid condition id : UX DEVICE CLASS RTOS Condition cause : null
2025-02-15 16:05:48,362 [WARN] PackLoader:240 - Cannot read IP mode file for STMicroelectronics.X-CUBE-AZRTOS-WB.2.0.0
2025-02-15 16:05:48,362 [WARN] ConditionMgr:1044 - genDependencies : Invalid condition id : UX DEVICE CLASS RTOS Condition cause : null
2025-02-15 16:05:48,362 [WARN] ConditionMgr:1044 - genDependencies : Invalid condition id : UX DEVICE CLASS RTOS Condition cause : null
2025-02-15 16:05:48,363 [WARN] ConditionMgr:1044 - genDependencies : Invalid condition id : UX DEVICE CLASS RTOS Condition cause : null
2025-02-15 16:05:48,363 [WARN] ConditionMgr:1044 - genDependencies : Invalid condition id : UX DEVICE CLASS RTOS Condition cause : null
2025-02-15 16:05:48,363 [WARN] ConditionMgr:1044 - genDependencies : Invalid condition id : UX DEVICE CLASS RTOS Condition cause : null
2025-02-15 16:05:48,366 [WARN] PackLoader:240 - Cannot read IP mode file for STMicroelectronics.X-CUBE-GNSS1.7.0.1
2025-02-15 16:05:48,370 [WARN] PackLoader:240 - Cannot read IP mode file for STMicroelectronics.FP-SNS-STBOX1.2.0.0
2025-02-15 16:05:48,377 [WARN] PackLoader:240 - Cannot read IP mode file for STMicroelectronics.X-CUBE-SUBG2.5.0.0
2025-02-15 16:05:48,381 [WARN] PackLoader:240 - Cannot read IP mode file for Cesanta.I-CUBE-Mongoose.7.13.0
2025-02-15 16:05:48,393 [WARN] PackLoader:240 - Cannot read IP mode file for STMicroelectronics.X-CUBE-AZRTOS-G4.2.0.0
2025-02-15 16:05:48,403 [WARN] PackLoader:240 - Cannot read IP mode file for STMicroelectronics.X-CUBE-IPS.3.1.0
2025-02-15 16:05:48,409 [WARN] PackLoader:240 - Cannot read IP mode file for STMicroelectronics.X-CUBE-ALS.1.0.2
2025-02-15 16:05:48,412 [WARN] PackLoader:240 - Cannot read IP mode file for STMicroelectronics.X-CUBE-TOUCHGFX.4.24.2
2025-02-15 16:05:48,413 [WARN] PackLoader:240 - Cannot read IP mode file for wolfSSL.I-CUBE-wolfTPM.3.4.0
2025-02-15 16:05:48,415 [WARN] PackLoader:240 - Cannot read IP mode file for portGmbH.I-Cube-SoM-uGOAL.1.1.0
2025-02-15 16:05:48,433 [WARN] PackLoader:240 - Cannot read IP mode file for STMicroelectronics.X-CUBE-AZRTOS-H7RS.1.0.0
2025-02-15 16:05:48,441 [WARN] PackLoader:240 - Cannot read IP mode file for STMicroelectronics.X-CUBE-TOF1.3.4.2
2025-02-15 16:05:48,448 [WARN] PackLoader:240 - Cannot read IP mode file for wolfSSL.I-CUBE-wolfSSH.1.4.17
2025-02-15 16:05:48,448 [INFO] ThirdParty:978 - Integrity check success = true
2025-02-15 16:05:48,448 [INFO] IntegrityCheckThread:100 - exiting critical section [integrity check]
2025-02-15 16:05:48,448 [INFO] IntegrityCheckThread:103 - End integrity checks thread
2025-02-15 16:06:15,675 [ERROR] LogOutputStream:75 - [STDERR_REDIRECT] Feb 15, 2025 4:06:15 PM java.util.prefs.FileSystemPreferences checkLockFile0ErrorCode
2025-02-15 16:06:15,676 [ERROR] LogOutputStream:75 - [STDERR_REDIRECT] WARNING: Could not lock System prefs. Unix error code 2.
2025-02-15 16:06:15,676 [ERROR] LogOutputStream:75 - [STDERR_REDIRECT] 
2025-02-15 16:06:15,676 [ERROR] LogOutputStream:75 - [STDERR_REDIRECT] Feb 15, 2025 4:06:15 PM java.util.prefs.FileSystemPreferences syncWorld
2025-02-15 16:06:15,676 [ERROR] LogOutputStream:75 - [STDERR_REDIRECT] WARNING: Couldn't flush system prefs: java.util.prefs.BackingStoreException: Couldn't get file lock.
2025-02-15 16:06:15,676 [ERROR] LogOutputStream:75 - [STDERR_REDIRECT] 
2025-02-15 16:06:45,670 [ERROR] LogOutputStream:75 - [STDERR_REDIRECT] Feb 15, 2025 4:06:45 PM java.util.prefs.FileSystemPreferences checkLockFile0ErrorCode
2025-02-15 16:06:45,670 [ERROR] LogOutputStream:75 - [STDERR_REDIRECT] WARNING: Could not lock System prefs. Unix error code 2.
2025-02-15 16:06:45,670 [ERROR] LogOutputStream:75 - [STDERR_REDIRECT] 
2025-02-15 16:06:45,670 [ERROR] LogOutputStream:75 - [STDERR_REDIRECT] Feb 15, 2025 4:06:45 PM java.util.prefs.FileSystemPreferences syncWorld
2025-02-15 16:06:45,670 [ERROR] LogOutputStream:75 - [STDERR_REDIRECT] WARNING: Couldn't flush system prefs: java.util.prefs.BackingStoreException: Couldn't get file lock.
2025-02-15 16:06:45,670 [ERROR] LogOutputStream:75 - [STDERR_REDIRECT] 
2025-02-15 16:07:15,670 [ERROR] LogOutputStream:75 - [STDERR_REDIRECT] Feb 15, 2025 4:07:15 PM java.util.prefs.FileSystemPreferences checkLockFile0ErrorCode
2025-02-15 16:07:15,670 [ERROR] LogOutputStream:75 - [STDERR_REDIRECT] WARNING: Could not lock System prefs. Unix error code 2.
2025-02-15 16:07:15,670 [ERROR] LogOutputStream:75 - [STDERR_REDIRECT] 
2025-02-15 16:07:15,670 [ERROR] LogOutputStream:75 - [STDERR_REDIRECT] Feb 15, 2025 4:07:15 PM java.util.prefs.FileSystemPreferences syncWorld
2025-02-15 16:07:15,670 [ERROR] LogOutputStream:75 - [STDERR_REDIRECT] WARNING: Couldn't flush system prefs: java.util.prefs.BackingStoreException: Couldn't get file lock.
2025-02-15 16:07:15,671 [ERROR] LogOutputStream:75 - [STDERR_REDIRECT] 
2025-02-15 16:07:45,670 [ERROR] LogOutputStream:75 - [STDERR_REDIRECT] Feb 15, 2025 4:07:45 PM java.util.prefs.FileSystemPreferences checkLockFile0ErrorCode
2025-02-15 16:07:45,670 [ERROR] LogOutputStream:75 - [STDERR_REDIRECT] WARNING: Could not lock System prefs. Unix error code 2.
2025-02-15 16:07:45,670 [ERROR] LogOutputStream:75 - [STDERR_REDIRECT] 
2025-02-15 16:07:45,671 [ERROR] LogOutputStream:75 - [STDERR_REDIRECT] Feb 15, 2025 4:07:45 PM java.util.prefs.FileSystemPreferences syncWorld
2025-02-15 16:07:45,671 [ERROR] LogOutputStream:75 - [STDERR_REDIRECT] WARNING: Couldn't flush system prefs: java.util.prefs.BackingStoreException: Couldn't get file lock.
2025-02-15 16:07:45,671 [ERROR] LogOutputStream:75 - [STDERR_REDIRECT] 
