2025-02-16 14:45:10,252 [INFO] Activator:176 - 


2025-02-16 14:45:10,255 [INFO] Activator:177 - !SESSION log4j initialized
2025-02-16 14:45:12,587 [INFO] LogOutputStream:77 - [STDOUT_REDIRECT] 
2025-02-16 14:45:13,990 [INFO] ApplicationProperties:184 - Using Application install path: /opt/st/stm32cubeide_1.17.0/plugins/com.st.stm32cube.common.mx_6.13.0.202411220809
2025-02-16 14:45:14,003 [INFO] DbMcusXml:78 - Set database path to: /opt/st/stm32cubeide_1.17.0/plugins/com.st.stm32cube.common.mx_6.13.0.202411220809//db//mcu/
2025-02-16 14:45:14,003 [INFO] ApiDb:274 - Set plugin database path to: /opt/st/stm32cubeide_1.17.0/plugins/com.st.stm32cube.common.mx_6.13.0.202411220809//db//plugins/boardmanager/
2025-02-16 14:45:14,003 [WARN] ApiDb:259 - Overriding images path with different value:  => /opt/st/stm32cubeide_1.17.0/plugins/com.st.stm32cube.common.mx_6.13.0.202411220809//db//plugins/mcufinder/images/
2025-02-16 14:45:14,010 [INFO] ApiDb:250 - Set database path to: /home/kemish/.stmcufinder/plugins/mcufinder//mcu/
2025-02-16 14:45:14,011 [INFO] DbMcusAds:125 - Set database path to: /home/kemish/.stmcufinder/plugins/mcufinder//mcu/
2025-02-16 14:45:14,013 [INFO] CrossReferenceDbSqlite:203 - Set database path to: /home/kemish/.stmcufinder/plugins/mcufinder//mcu/cs/
2025-02-16 14:45:14,091 [INFO] RulesReader:64 - Compatibility file has been processed (297 Rules)
2025-02-16 14:45:14,132 [INFO] DbMcusXml:78 - Set database path to: /opt/st/stm32cubeide_1.17.0/plugins/com.st.stm32cube.common.mx_6.13.0.202411220809//db//mcu/
2025-02-16 14:45:14,132 [INFO] ApiDb:274 - Set plugin database path to: /opt/st/stm32cubeide_1.17.0/plugins/com.st.stm32cube.common.mx_6.13.0.202411220809//db//plugins/boardmanager/
2025-02-16 14:45:14,132 [INFO] ApiDb:261 - Set plugin images path to: /opt/st/stm32cubeide_1.17.0/plugins/com.st.stm32cube.common.mx_6.13.0.202411220809//db//plugins/mcufinder/images/
2025-02-16 14:45:14,133 [WARN] DbFile:41 - Overriding database path with different value: /home/kemish/.stmcufinder/plugins/mcufinder/ => /home/kemish/.stmcufinder/plugins/mcufinder
2025-02-16 14:45:14,133 [INFO] ApiDb:250 - Set database path to: /home/kemish/.stmcufinder/plugins/mcufinder//mcu/
2025-02-16 14:45:14,133 [WARN] DbFile:41 - Overriding database path with different value: /home/kemish/.stmcufinder/plugins/mcufinder/ => /home/kemish/.stmcufinder/plugins/mcufinder
2025-02-16 14:45:14,133 [INFO] DbMcusAds:125 - Set database path to: /home/kemish/.stmcufinder/plugins/mcufinder//mcu/
2025-02-16 14:45:14,133 [WARN] DbFile:41 - Overriding database path with different value: /home/kemish/.stmcufinder/plugins/mcufinder/ => /home/kemish/.stmcufinder/plugins/mcufinder
2025-02-16 14:45:14,133 [WARN] DbFile:41 - Overriding database path with different value: /home/kemish/.stmcufinder/plugins/mcufinder/ => /home/kemish/.stmcufinder/plugins/mcufinder
2025-02-16 14:45:14,133 [INFO] CrossReferenceDbSqlite:203 - Set database path to: /home/kemish/.stmcufinder/plugins/mcufinder//mcu/cs/
2025-02-16 14:45:14,181 [INFO] MainPanel:272 - HeapMemory: 268435456
2025-02-16 14:45:14,276 [INFO] DbMcusXml:78 - Set database path to: /opt/st/stm32cubeide_1.17.0/plugins/com.st.stm32cube.common.mx_6.13.0.202411220809//db//mcu/
2025-02-16 14:45:14,276 [INFO] ApiDb:274 - Set plugin database path to: /opt/st/stm32cubeide_1.17.0/plugins/com.st.stm32cube.common.mx_6.13.0.202411220809//db//plugins/boardmanager/
2025-02-16 14:45:14,277 [INFO] ApiDb:261 - Set plugin images path to: /opt/st/stm32cubeide_1.17.0/plugins/com.st.stm32cube.common.mx_6.13.0.202411220809//db//plugins/mcufinder/images/
2025-02-16 14:45:14,277 [WARN] DbFile:41 - Overriding database path with different value: /home/kemish/.stmcufinder/plugins/mcufinder/ => /home/kemish/.stmcufinder/plugins/mcufinder
2025-02-16 14:45:14,277 [INFO] ApiDb:250 - Set database path to: /home/kemish/.stmcufinder/plugins/mcufinder//mcu/
2025-02-16 14:45:14,277 [WARN] DbFile:41 - Overriding database path with different value: /home/kemish/.stmcufinder/plugins/mcufinder/ => /home/kemish/.stmcufinder/plugins/mcufinder
2025-02-16 14:45:14,277 [INFO] DbMcusAds:125 - Set database path to: /home/kemish/.stmcufinder/plugins/mcufinder//mcu/
2025-02-16 14:45:14,277 [WARN] DbFile:41 - Overriding database path with different value: /home/kemish/.stmcufinder/plugins/mcufinder/ => /home/kemish/.stmcufinder/plugins/mcufinder
2025-02-16 14:45:14,277 [WARN] DbFile:41 - Overriding database path with different value: /home/kemish/.stmcufinder/plugins/mcufinder/ => /home/kemish/.stmcufinder/plugins/mcufinder
2025-02-16 14:45:14,277 [INFO] CrossReferenceDbSqlite:203 - Set database path to: /home/kemish/.stmcufinder/plugins/mcufinder//mcu/cs/
2025-02-16 14:45:14,287 [INFO] ApplicationProperties:184 - Using Application install path: /opt/st/stm32cubeide_1.17.0/plugins/com.st.stm32cube.common.mx_6.13.0.202411220809
2025-02-16 14:45:14,288 [INFO] PluginManage:196 - Search for loadable plugins [exclusion list=, ]
2025-02-16 14:45:14,289 [INFO] PluginManage:310 - Check plugin analytics
2025-02-16 14:45:14,387 [INFO] AnalyticsPlugin:253 - Accepted Software Licenses: 
2025-02-16 14:45:14,387 [INFO] AnalyticsPlugin:255 - Accepted CMSIS Pack Licenses: 
2025-02-16 14:45:14,387 [INFO] AnalyticsPlugin:257 - Accepted Firmware Licenses: 
2025-02-16 14:45:14,388 [INFO] PluginManage:359 - Loaded plugin analytics (category:tool,tabindex:-1)
2025-02-16 14:45:14,389 [INFO] PluginManage:310 - Check plugin cadmodel
2025-02-16 14:45:14,392 [INFO] CADModel:105 - Init CAD model plugin
2025-02-16 14:45:14,393 [INFO] PluginManage:359 - Loaded plugin cadmodel (category:power,tabindex:5)
2025-02-16 14:45:14,393 [INFO] PluginManage:310 - Check plugin clock
2025-02-16 14:45:14,399 [INFO] PluginManage:359 - Loaded plugin clock (category:base,tabindex:2)
2025-02-16 14:45:14,400 [INFO] PluginManage:310 - Check plugin ddr
2025-02-16 14:45:14,401 [INFO] PluginManage:359 - Loaded plugin ddr (category:tool,tabindex:6)
2025-02-16 14:45:14,401 [INFO] PluginManage:310 - Check plugin filemanager
2025-02-16 14:45:14,499 [INFO] PluginManage:359 - Loaded plugin filemanager (category:base,tabindex:10)
2025-02-16 14:45:14,499 [INFO] PluginManage:310 - Check plugin ipmanager
2025-02-16 14:45:14,502 [INFO] PluginManage:359 - Loaded plugin ipmanager (category:base,tabindex:5)
2025-02-16 14:45:14,502 [INFO] PluginManage:310 - Check plugin lpbam
2025-02-16 14:45:14,521 [INFO] PluginManage:359 - Loaded plugin lpbam (category:base,tabindex:0)
2025-02-16 14:45:14,521 [INFO] PluginManage:310 - Check plugin memorymap
2025-02-16 14:45:14,530 [INFO] PluginManage:359 - Loaded plugin memorymap (category:base,tabindex:4)
2025-02-16 14:45:14,530 [INFO] PluginManage:310 - Check plugin pinoutandconfiguration
2025-02-16 14:45:14,543 [INFO] PluginManage:359 - Loaded plugin pinoutandconfiguration (category:base,tabindex:1)
2025-02-16 14:45:14,544 [INFO] PluginManage:310 - Check plugin pinoutconfig
2025-02-16 14:45:14,619 [WARN] SupportedApi:132 - Cannot load RTOS API schema: s4s-elt-must-match.1: The content of 'definitions' must match (annotation?, (simpleType | complexType)?, (unique | key | keyref)*)). A problem was found starting at: attribute.
2025-02-16 14:45:14,722 [INFO] PluginManage:359 - Loaded plugin pinoutconfig (category:base,tabindex:0)
2025-02-16 14:45:14,722 [INFO] PluginManage:310 - Check plugin power
2025-02-16 14:45:14,731 [INFO] PluginManage:359 - Loaded plugin power (category:power,tabindex:4)
2025-02-16 14:45:14,731 [INFO] PluginManage:310 - Check plugin projectmanager
2025-02-16 14:45:14,744 [INFO] PluginManage:359 - Loaded plugin projectmanager (category:projectmanager,tabindex:4)
2025-02-16 14:45:14,744 [INFO] PluginManage:310 - Check plugin rif
2025-02-16 14:45:14,751 [INFO] PluginManage:359 - Loaded plugin rif (category:base,tabindex:3)
2025-02-16 14:45:14,751 [INFO] PluginManage:310 - Check plugin thirdparty
2025-02-16 14:45:14,856 [WARN] IntegrityCheckThread:84 - waiting for thirdparty lock release [integrity check]
2025-02-16 14:45:14,856 [INFO] IntegrityCheckThread:86 - entering critical section [integrity check]
2025-02-16 14:45:14,856 [INFO] PluginManage:359 - Loaded plugin thirdparty (category:base,tabindex:-1)
2025-02-16 14:45:14,856 [INFO] PluginManage:310 - Check plugin tools
2025-02-16 14:45:14,856 [INFO] ThirdPartyUpdaterWithRetryManager:70 - Updater plugin not ready yet. [1/15]
2025-02-16 14:45:14,858 [INFO] PluginManage:359 - Loaded plugin tools (category:base,tabindex:7)
2025-02-16 14:45:14,858 [INFO] PluginManage:310 - Check plugin tutovideos
2025-02-16 14:45:14,979 [INFO] PluginManage:359 - Loaded plugin tutovideos (category:base,tabindex:-1)
2025-02-16 14:45:14,979 [INFO] PluginManage:310 - Check plugin updater
2025-02-16 14:45:14,995 [INFO] PluginManage:359 - Loaded plugin updater (category:base,tabindex:12)
2025-02-16 14:45:14,995 [INFO] PluginManage:310 - Check plugin userauth
2025-02-16 14:45:14,998 [INFO] UserAuth:118 - Init User Auth plugin
2025-02-16 14:45:14,998 [INFO] PluginManage:359 - Loaded plugin userauth (category:base,tabindex:14)
2025-02-16 14:45:14,999 [INFO] PluginManage:283 - PluginManage : Loaded plugins [18]
2025-02-16 14:45:15,122 [INFO] PinOutPanel:1589 - setPackage(No Configuration,No Configuration)
2025-02-16 14:45:15,164 [INFO] CADModel:165 - CPN selected for project level
2025-02-16 14:45:15,164 [INFO] CADModel:114 - Register for checkConnection events
2025-02-16 14:45:15,171 [INFO] IPUIPlugin:80 - create IPUIPlugin
2025-02-16 14:45:15,172 [INFO] PluginManager:220 - loadIPPluginJar : add aes
2025-02-16 14:45:15,173 [INFO] IPUIPlugin:80 - create IPUIPlugin
2025-02-16 14:45:15,173 [INFO] PluginManager:220 - loadIPPluginJar : add tim
2025-02-16 14:45:15,176 [INFO] IPUIPlugin:80 - create IPUIPlugin
2025-02-16 14:45:15,177 [INFO] PluginManager:220 - loadIPPluginJar : add linkedlist
2025-02-16 14:45:15,178 [INFO] IPUIPlugin:80 - create IPUIPlugin
2025-02-16 14:45:15,178 [INFO] PluginManager:220 - loadIPPluginJar : add openamp
2025-02-16 14:45:15,183 [INFO] IPUIPlugin:80 - create IPUIPlugin
2025-02-16 14:45:15,184 [INFO] PluginManager:220 - loadIPPluginJar : add plateformsettings
2025-02-16 14:45:15,188 [INFO] IPUIPlugin:80 - create IPUIPlugin
2025-02-16 14:45:15,188 [INFO] PluginManager:220 - loadIPPluginJar : add mdma
2025-02-16 14:45:15,190 [INFO] IPUIPlugin:80 - create IPUIPlugin
2025-02-16 14:45:15,190 [INFO] PluginManager:220 - loadIPPluginJar : add spi
2025-02-16 14:45:15,193 [INFO] IPUIPlugin:80 - create IPUIPlugin
2025-02-16 14:45:15,193 [INFO] PluginManager:220 - loadIPPluginJar : add freertos
2025-02-16 14:45:15,195 [INFO] IPUIPlugin:80 - create IPUIPlugin
2025-02-16 14:45:15,195 [INFO] PluginManager:220 - loadIPPluginJar : add ipddr
2025-02-16 14:45:15,197 [INFO] IPUIPlugin:80 - create IPUIPlugin
2025-02-16 14:45:15,197 [INFO] PluginManager:220 - loadIPPluginJar : add sai
2025-02-16 14:45:15,198 [INFO] IPUIPlugin:80 - create IPUIPlugin
2025-02-16 14:45:15,198 [INFO] PluginManager:220 - loadIPPluginJar : add can
2025-02-16 14:45:15,199 [INFO] IPUIPlugin:80 - create IPUIPlugin
2025-02-16 14:45:15,199 [INFO] PluginManager:220 - loadIPPluginJar : add genericplugin
2025-02-16 14:45:15,200 [INFO] IPUIPlugin:80 - create IPUIPlugin
2025-02-16 14:45:15,200 [INFO] PluginManager:220 - loadIPPluginJar : add i3c
2025-02-16 14:45:15,201 [INFO] IPUIPlugin:80 - create IPUIPlugin
2025-02-16 14:45:15,201 [INFO] PluginManager:220 - loadIPPluginJar : add hash
2025-02-16 14:45:15,202 [INFO] IPUIPlugin:80 - create IPUIPlugin
2025-02-16 14:45:15,202 [INFO] PluginManager:220 - loadIPPluginJar : add ltdc
2025-02-16 14:45:15,203 [INFO] IPUIPlugin:80 - create IPUIPlugin
2025-02-16 14:45:15,203 [INFO] PluginManager:220 - loadIPPluginJar : add radio
2025-02-16 14:45:15,204 [INFO] IPUIPlugin:80 - create IPUIPlugin
2025-02-16 14:45:15,204 [INFO] PluginManager:220 - loadIPPluginJar : add ucpd
2025-02-16 14:45:15,205 [INFO] IPUIPlugin:80 - create IPUIPlugin
2025-02-16 14:45:15,205 [INFO] PluginManager:220 - loadIPPluginJar : add tracer_emb
2025-02-16 14:45:15,207 [INFO] IPUIPlugin:80 - create IPUIPlugin
2025-02-16 14:45:15,207 [INFO] PluginManager:220 - loadIPPluginJar : add cryp
2025-02-16 14:45:15,208 [INFO] IPUIPlugin:80 - create IPUIPlugin
2025-02-16 14:45:15,208 [INFO] PluginManager:220 - loadIPPluginJar : add ts
2025-02-16 14:45:15,208 [INFO] IPUIPlugin:80 - create IPUIPlugin
2025-02-16 14:45:15,208 [INFO] PluginManager:220 - loadIPPluginJar : add comp
2025-02-16 14:45:15,210 [INFO] IPUIPlugin:80 - create IPUIPlugin
2025-02-16 14:45:15,210 [INFO] PluginManager:220 - loadIPPluginJar : add dma3
2025-02-16 14:45:15,212 [INFO] IPUIPlugin:80 - create IPUIPlugin
2025-02-16 14:45:15,212 [INFO] PluginManager:220 - loadIPPluginJar : add touchsensing
2025-02-16 14:45:15,214 [INFO] IPUIPlugin:80 - create IPUIPlugin
2025-02-16 14:45:15,214 [INFO] PluginManager:220 - loadIPPluginJar : add lorawan
2025-02-16 14:45:15,216 [INFO] IPUIPlugin:80 - create IPUIPlugin
2025-02-16 14:45:15,216 [INFO] PluginManager:220 - loadIPPluginJar : add ddr_ctrl_phy
2025-02-16 14:45:15,217 [INFO] IPUIPlugin:80 - create IPUIPlugin
2025-02-16 14:45:15,217 [INFO] PluginManager:220 - loadIPPluginJar : add extmemmanager
2025-02-16 14:45:15,221 [INFO] IPUIPlugin:80 - create IPUIPlugin
2025-02-16 14:45:15,221 [INFO] PluginManager:220 - loadIPPluginJar : add resmgrutility
2025-02-16 14:45:15,222 [INFO] IPUIPlugin:80 - create IPUIPlugin
2025-02-16 14:45:15,222 [INFO] PluginManager:220 - loadIPPluginJar : add quadspi
2025-02-16 14:45:15,224 [INFO] IPUIPlugin:80 - create IPUIPlugin
2025-02-16 14:45:15,224 [INFO] PluginManager:220 - loadIPPluginJar : add usart
2025-02-16 14:45:15,226 [INFO] IPUIPlugin:80 - create IPUIPlugin
2025-02-16 14:45:15,226 [INFO] PluginManager:220 - loadIPPluginJar : add nvic
2025-02-16 14:45:15,229 [INFO] IPUIPlugin:80 - create IPUIPlugin
2025-02-16 14:45:15,229 [INFO] PluginManager:220 - loadIPPluginJar : add gic
2025-02-16 14:45:15,231 [INFO] IPUIPlugin:80 - create IPUIPlugin
2025-02-16 14:45:15,231 [INFO] PluginManager:220 - loadIPPluginJar : add i2s
2025-02-16 14:45:15,234 [INFO] IPUIPlugin:80 - create IPUIPlugin
2025-02-16 14:45:15,234 [INFO] PluginManager:220 - loadIPPluginJar : add gpio
2025-02-16 14:45:15,236 [INFO] IPUIPlugin:80 - create IPUIPlugin
2025-02-16 14:45:15,236 [INFO] PluginManager:220 - loadIPPluginJar : add pdm2pcm
2025-02-16 14:45:15,237 [INFO] IPUIPlugin:80 - create IPUIPlugin
2025-02-16 14:45:15,238 [INFO] PluginManager:220 - loadIPPluginJar : add usbx
2025-02-16 14:45:15,240 [INFO] IPUIPlugin:80 - create IPUIPlugin
2025-02-16 14:45:15,240 [INFO] PluginManager:220 - loadIPPluginJar : add fmc
2025-02-16 14:45:15,242 [INFO] IPUIPlugin:80 - create IPUIPlugin
2025-02-16 14:45:15,242 [INFO] PluginManager:220 - loadIPPluginJar : add i2c
2025-02-16 14:45:15,245 [INFO] IPUIPlugin:80 - create IPUIPlugin
2025-02-16 14:45:15,245 [INFO] PluginManager:220 - loadIPPluginJar : add adc
2025-02-16 14:45:15,247 [INFO] IPUIPlugin:80 - create IPUIPlugin
2025-02-16 14:45:15,247 [INFO] PluginManager:220 - loadIPPluginJar : add dfsdm
2025-02-16 14:45:15,250 [INFO] IPUIPlugin:80 - create IPUIPlugin
2025-02-16 14:45:15,250 [INFO] PluginManager:220 - loadIPPluginJar : add dma
2025-02-16 14:45:15,251 [INFO] IPUIPlugin:80 - create IPUIPlugin
2025-02-16 14:45:15,251 [INFO] PluginManager:220 - loadIPPluginJar : add opamp
2025-02-16 14:45:15,252 [INFO] IPUIPlugin:80 - create IPUIPlugin
2025-02-16 14:45:15,252 [INFO] PluginManager:220 - loadIPPluginJar : add tsc
2025-02-16 14:45:15,256 [INFO] IPUIPlugin:80 - create IPUIPlugin
2025-02-16 14:45:15,256 [INFO] PluginManager:220 - loadIPPluginJar : add stm32_wpan
2025-02-16 14:45:15,257 [INFO] IPUIPlugin:80 - create IPUIPlugin
2025-02-16 14:45:15,257 [INFO] PluginManager:220 - loadIPPluginJar : add gfxmmu
2025-02-16 14:45:15,258 [INFO] IPUIPlugin:80 - create IPUIPlugin
2025-02-16 14:45:15,258 [INFO] PluginManager:220 - loadIPPluginJar : add fatfs
2025-02-16 14:45:15,260 [INFO] IPUIPlugin:80 - create IPUIPlugin
2025-02-16 14:45:15,260 [INFO] PluginManager:220 - loadIPPluginJar : add gtzc
2025-02-16 14:45:15,351 [FATAL] Updater:351 - Updater called before beeing initialized
2025-02-16 14:45:15,366 [INFO] RulesReader:64 - Compatibility file has been processed (297 Rules)
2025-02-16 14:45:15,372 [INFO] RulesReader:64 - Compatibility file has been processed (297 Rules)
2025-02-16 14:45:15,376 [INFO] CADModel:165 - CPN selected for project level
2025-02-16 14:45:15,376 [INFO] CADModel:114 - Register for checkConnection events
2025-02-16 14:45:15,376 [FATAL] Updater:351 - Updater called before beeing initialized
2025-02-16 14:45:15,376 [ERROR] CADModel:125 - Updater not yet initialized, retry later 
2025-02-16 14:45:15,461 [FATAL] Updater:351 - Updater called before beeing initialized
2025-02-16 14:45:15,463 [INFO] CADModel:165 - CPN selected for project level
2025-02-16 14:45:15,463 [INFO] CADModel:114 - Register for checkConnection events
2025-02-16 14:45:15,463 [FATAL] Updater:351 - Updater called before beeing initialized
2025-02-16 14:45:15,463 [ERROR] CADModel:125 - Updater not yet initialized, retry later 
2025-02-16 14:45:15,465 [FATAL] Updater:351 - Updater called before beeing initialized
2025-02-16 14:45:15,530 [FATAL] Updater:351 - Updater called before beeing initialized
2025-02-16 14:45:15,533 [INFO] DbMcusAds:53 - JSON generation date=Tue Dec 17 17:01:15 CET 2024 (1734451275111)
2025-02-16 14:45:15,534 [FATAL] Updater:351 - Updater called before beeing initialized
2025-02-16 14:45:15,562 [WARN] DetailPanel:346 - Failed to get advertising image, set to default
2025-02-16 14:45:15,759 [FATAL] Updater:351 - Updater called before beeing initialized
2025-02-16 14:45:15,761 [FATAL] Updater:351 - Updater called before beeing initialized
2025-02-16 14:45:15,761 [FATAL] Updater:351 - Updater called before beeing initialized
2025-02-16 14:45:15,761 [WARN] DetailPanel:346 - Failed to get advertising image, set to default
2025-02-16 14:45:15,761 [FATAL] Updater:351 - Updater called before beeing initialized
2025-02-16 14:45:15,781 [ERROR] Updater:1198 - MainUpdater not yet initialized. External WinMGr cannot be set.
2025-02-16 14:45:15,782 [INFO] Updater:1134 - Updater Version found : 6.13.0
2025-02-16 14:45:15,792 [INFO] ApplicationProperties:184 - Using Application install path: /opt/st/stm32cubeide_1.17.0/plugins/com.st.stm32cube.common.mx_6.13.0.202411220809
2025-02-16 14:45:15,801 [ERROR] LogOutputStream:75 - [STDERR_REDIRECT] Feb 16, 2025 2:45:15 PM java.util.prefs.FileSystemPreferences$2 run
2025-02-16 14:45:15,801 [ERROR] LogOutputStream:75 - [STDERR_REDIRECT] WARNING: Could not create system preferences directory. System preferences are unusable.
2025-02-16 14:45:15,801 [ERROR] LogOutputStream:75 - [STDERR_REDIRECT] 
2025-02-16 14:45:15,982 [INFO] MainUpdater:2872 - connection check result : 10
2025-02-16 14:45:15,983 [INFO] MainUpdater:289 - Updater Check For Update Now.
2025-02-16 14:45:15,983 [INFO] MicroXplorer:498 - Change Database Version : DB.6.0.130
2025-02-16 14:45:15,985 [INFO] McuFinderGlobals:63 - Set McuFinder mode to 2 (CubeIDE integrated)
2025-02-16 14:45:15,986 [INFO] UserAuth:171 - activating auth plugin
2025-02-16 14:45:15,987 [INFO] UserAuth:486 - Internet connection configuration mode: 1
2025-02-16 14:45:15,999 [INFO] JxBrowserEngine:152 - Initiate JxBrowser Engine with user profile folder
2025-02-16 14:45:16,131 [INFO] CheckServerUpdateThread:120 - End of CheckServer Thread
2025-02-16 14:45:17,155 [INFO] WebApp:168 - Instantiating new browser for Auth
2025-02-16 14:45:17,864 [INFO] WebApp:449 - Apply proxy settings
2025-02-16 14:45:17,864 [INFO] WebApp:534 - Chromium requires no authentication
2025-02-16 14:45:17,872 [INFO] WebApp:477 - Direct internet connection detected
2025-02-16 14:45:17,889 [INFO] WebApp:880 - Register for checkConnection events
2025-02-16 14:45:17,890 [INFO] WebApp:449 - Apply proxy settings
2025-02-16 14:45:17,890 [INFO] WebApp:534 - Chromium requires no authentication
2025-02-16 14:45:17,890 [INFO] WebApp:477 - Direct internet connection detected
2025-02-16 14:45:17,976 [WARN] PackLoader:240 - Cannot read IP mode file for STMicroelectronics.FP-SNS-MOTENVWB1.1.4.0
2025-02-16 14:45:17,982 [WARN] PackLoader:240 - Cannot read IP mode file for STMicroelectronics.FP-ATR-ASTRA1.2.0.1
2025-02-16 14:45:17,989 [WARN] PackLoader:240 - Cannot read IP mode file for STMicroelectronics.X-CUBE-SMBUS.2.1.0
2025-02-16 14:45:17,996 [WARN] PackLoader:240 - Cannot read IP mode file for STMicroelectronics.X-CUBE-WB05N.1.1.0
2025-02-16 14:45:18,027 [INFO] WebApp:221 - Starting web application
2025-02-16 14:45:18,028 [INFO] WebApp:579 - Web application path used /opt/st/stm32cubeide_1.17.0/plugins/com.st.stm32cube.common.mx_6.13.0.202411220809/db/plugins/mcufinder/reactClient1/index.html
2025-02-16 14:45:18,035 [WARN] PackLoader:240 - Cannot read IP mode file for STMicroelectronics.X-CUBE-AZRTOS-F7.1.1.0
2025-02-16 14:45:18,043 [WARN] PackLoader:240 - Cannot read IP mode file for STMicroelectronics.FP-SNS-FLIGHT1.5.0.2
2025-02-16 14:45:18,067 [WARN] PackLoader:240 - Cannot read IP mode file for Infineon.AIROC-Wi-Fi-Bluetooth-STM32.1.7.0
2025-02-16 14:45:18,078 [WARN] PackLoader:240 - Cannot read IP mode file for STMicroelectronics.X-CUBE-DISPLAY.3.0.0
2025-02-16 14:45:18,086 [WARN] PackLoader:240 - Cannot read IP mode file for STMicroelectronics.X-CUBE-BLE1.7.0.0
2025-02-16 14:45:18,091 [WARN] PackLoader:240 - Cannot read IP mode file for STMicroelectronics.X-CUBE-NFC10.1.0.0
2025-02-16 14:45:18,102 [WARN] PackLoader:240 - Cannot read IP mode file for STMicroelectronics.X-CUBE-BLEMGR.4.0.0
2025-02-16 14:45:18,107 [WARN] PackLoader:240 - Cannot read IP mode file for emotas.I-CUBE-CANOPEN.1.3.0
2025-02-16 14:45:18,109 [WARN] PackLoader:240 - Cannot read IP mode file for STMicroelectronics.X-CUBE-AI.10.0.0
2025-02-16 14:45:18,112 [WARN] PackLoader:240 - Cannot read IP mode file for STMicroelectronics.FP-SNS-SMARTAG2.1.2.0
2025-02-16 14:45:18,165 [WARN] PackLoader:240 - Cannot read IP mode file for STMicroelectronics.X-CUBE-MEMS1.11.1.0
2025-02-16 14:45:18,308 [INFO] LogOutputStream:77 - [STDOUT_REDIRECT] 1 : Invalid condition id : UX_CORESTACK_Condition cause : null
2025-02-16 14:45:18,308 [INFO] LogOutputStream:77 - [STDOUT_REDIRECT] 1 : Invalid condition id : UX_CORESTACK_Condition cause : null
2025-02-16 14:45:18,308 [INFO] LogOutputStream:77 - [STDOUT_REDIRECT] 1 : Invalid condition id : UX_CORESTACK_Condition cause : null
2025-02-16 14:45:18,308 [INFO] LogOutputStream:77 - [STDOUT_REDIRECT] 1 : Invalid condition id : UX_CORESTACK_Condition cause : null
2025-02-16 14:45:18,308 [INFO] LogOutputStream:77 - [STDOUT_REDIRECT] 1 : Invalid condition id : UX_CORESTACK_Condition cause : null
2025-02-16 14:45:18,310 [WARN] PackLoader:240 - Cannot read IP mode file for STMicroelectronics.X-CUBE-AZRTOS-WL.2.0.0
2025-02-16 14:45:18,313 [WARN] PackLoader:240 - Cannot read IP mode file for STMicroelectronics.FP-SNS-MOTENV1.5.0.0
2025-02-16 14:45:18,315 [WARN] PackLoader:240 - Cannot read IP mode file for wolfSSL.I-CUBE-wolfMQTT.1.19.0
2025-02-16 14:45:18,319 [WARN] PackLoader:240 - Cannot read IP mode file for WES.I-CUBE-Cesium.1.3.0
2025-02-16 14:45:18,321 [WARN] PackLoader:240 - Cannot read IP mode file for STMicroelectronics.X-CUBE-BLE2.3.3.0
2025-02-16 14:45:18,325 [WARN] PackLoader:240 - Cannot read IP mode file for STMicroelectronics.X-CUBE-NFC9.1.0.0
2025-02-16 14:45:18,334 [WARN] PackLoader:240 - Cannot read IP mode file for STMicroelectronics.X-CUBE-AZRTOS-G0.1.1.0
2025-02-16 14:45:18,338 [WARN] PackLoader:240 - Cannot read IP mode file for STMicroelectronics.X-CUBE-SAFEA1.1.2.2
2025-02-16 14:45:18,341 [WARN] PackLoader:240 - Cannot read IP mode file for STMicroelectronics.X-CUBE-NFC4.3.0.0
2025-02-16 14:45:18,350 [WARN] PackLoader:240 - Cannot read IP mode file for EmbeddedOffice.I-CUBE-FS-RTOS.1.0.1
2025-02-16 14:45:18,355 [WARN] PackLoader:240 - Cannot read IP mode file for STMicroelectronics.X-CUBE-TCPP.4.2.0
2025-02-16 14:45:18,361 [WARN] PackLoader:240 - Cannot read IP mode file for RealThread.X-CUBE-RT-Thread_Nano.4.1.1
2025-02-16 14:45:18,364 [WARN] PackLoader:240 - Cannot read IP mode file for STMicroelectronics.FP-ATR-SIGFOX1.3.2.0
2025-02-16 14:45:18,366 [WARN] ConditionMgr:438 - getConditionDescription Invalid condition id : Cortex-A Device cause : null
2025-02-16 14:45:18,373 [WARN] ConditionMgr:1044 - genDependencies : Invalid condition id : Cortex-A Device cause : null
2025-02-16 14:45:18,373 [WARN] ConditionMgr:1044 - genDependencies : Invalid condition id : Cortex-A Device cause : null
2025-02-16 14:45:18,373 [WARN] ConditionMgr:1044 - genDependencies : Invalid condition id : Cortex-A Device cause : null
2025-02-16 14:45:18,376 [WARN] PackLoader:240 - Cannot read IP mode file for STMicroelectronics.X-CUBE-EEPRMA1.5.1.0
2025-02-16 14:45:18,379 [WARN] PackLoader:240 - Cannot read IP mode file for wolfSSL.I-CUBE-wolfSSL.5.7.4
2025-02-16 14:45:18,382 [WARN] PackLoader:240 - Cannot read IP mode file for ITTIA_DB.I-CUBE-ITTIADB.8.9.0
2025-02-16 14:45:18,395 [WARN] PackLoader:240 - Cannot read IP mode file for SEGGER.I-CUBE-embOS.1.3.1
2025-02-16 14:45:18,419 [WARN] PackLoader:240 - Cannot read IP mode file for STMicroelectronics.X-CUBE-ALGOBUILD.1.4.0
2025-02-16 14:45:18,422 [WARN] PackLoader:240 - Cannot read IP mode file for STMicroelectronics.X-CUBE-AI.9.1.0
2025-02-16 14:45:18,429 [INFO] WebApp:187 - Connection restablished
2025-02-16 14:45:18,435 [WARN] PackLoader:240 - Cannot read IP mode file for STMicroelectronics.X-CUBE-AZRTOS-F4.1.1.0
2025-02-16 14:45:18,438 [WARN] PackLoader:240 - Cannot read IP mode file for STMicroelectronics.X-CUBE-ISPU.2.1.0
2025-02-16 14:45:18,448 [WARN] PackLoader:240 - Cannot read IP mode file for STMicroelectronics.X-CUBE-AZRTOS-L5.2.0.0
2025-02-16 14:45:18,455 [WARN] PackLoader:240 - Cannot read IP mode file for STMicroelectronics.X-CUBE-NFC6.3.1.0
2025-02-16 14:45:18,461 [WARN] PackLoader:240 - Cannot read IP mode file for STMicroelectronics.X-CUBE-DPower.1.2.0
2025-02-16 14:45:18,465 [WARN] PackLoader:240 - Cannot read IP mode file for STMicroelectronics.X-CUBE-FREERTOS.1.3.0
2025-02-16 14:45:18,469 [WARN] PackLoader:240 - Cannot read IP mode file for STMicroelectronics.X-CUBE-NFC7.1.0.1
2025-02-16 14:45:18,484 [WARN] ConditionMgr:438 - getConditionDescription Invalid condition id : LAN8742 Phy interface Condition cause : null
2025-02-16 14:45:18,485 [WARN] PackLoader:240 - Cannot read IP mode file for STMicroelectronics.X-CUBE-AZRTOS-L4.2.0.0
2025-02-16 14:45:18,486 [WARN] ConditionMgr:1044 - genDependencies : Invalid condition id : LAN8742 Phy interface Condition cause : null
2025-02-16 14:45:18,486 [WARN] ConditionMgr:1044 - genDependencies : Invalid condition id : LAN8742 Phy interface Condition cause : null
2025-02-16 14:45:18,486 [WARN] ConditionMgr:1044 - genDependencies : Invalid condition id : LAN8742 Phy interface Condition cause : null
2025-02-16 14:45:18,492 [WARN] PackLoader:240 - Cannot read IP mode file for STMicroelectronics.X-CUBE-SFXS2LP1.4.0.0
2025-02-16 14:45:18,510 [WARN] PackLoader:240 - Cannot read IP mode file for STMicroelectronics.X-CUBE-AZRTOS-H7.3.3.0
2025-02-16 14:45:18,520 [WARN] ConditionMgr:438 - getConditionDescription Invalid condition id : UX DEVICE CLASS RTOS Condition cause : null
2025-02-16 14:45:18,520 [WARN] ConditionMgr:438 - getConditionDescription Invalid condition id : UX DEVICE CLASS RTOS Condition cause : null
2025-02-16 14:45:18,521 [WARN] PackLoader:240 - Cannot read IP mode file for STMicroelectronics.X-CUBE-AZRTOS-WB.2.0.0
2025-02-16 14:45:18,522 [WARN] ConditionMgr:1044 - genDependencies : Invalid condition id : UX DEVICE CLASS RTOS Condition cause : null
2025-02-16 14:45:18,522 [WARN] ConditionMgr:1044 - genDependencies : Invalid condition id : UX DEVICE CLASS RTOS Condition cause : null
2025-02-16 14:45:18,522 [WARN] ConditionMgr:1044 - genDependencies : Invalid condition id : UX DEVICE CLASS RTOS Condition cause : null
2025-02-16 14:45:18,522 [WARN] ConditionMgr:1044 - genDependencies : Invalid condition id : UX DEVICE CLASS RTOS Condition cause : null
2025-02-16 14:45:18,522 [WARN] ConditionMgr:1044 - genDependencies : Invalid condition id : UX DEVICE CLASS RTOS Condition cause : null
2025-02-16 14:45:18,526 [WARN] PackLoader:240 - Cannot read IP mode file for STMicroelectronics.X-CUBE-GNSS1.7.0.1
2025-02-16 14:45:18,531 [WARN] PackLoader:240 - Cannot read IP mode file for STMicroelectronics.FP-SNS-STBOX1.2.0.0
2025-02-16 14:45:18,539 [WARN] PackLoader:240 - Cannot read IP mode file for STMicroelectronics.X-CUBE-SUBG2.5.0.0
2025-02-16 14:45:18,544 [WARN] PackLoader:240 - Cannot read IP mode file for Cesanta.I-CUBE-Mongoose.7.13.0
2025-02-16 14:45:18,552 [WARN] PackLoader:240 - Cannot read IP mode file for STMicroelectronics.X-CUBE-AZRTOS-G4.2.0.0
2025-02-16 14:45:18,558 [WARN] PackLoader:240 - Cannot read IP mode file for STMicroelectronics.X-CUBE-IPS.3.1.0
2025-02-16 14:45:18,563 [WARN] PackLoader:240 - Cannot read IP mode file for STMicroelectronics.X-CUBE-ALS.1.0.2
2025-02-16 14:45:18,566 [WARN] PackLoader:240 - Cannot read IP mode file for STMicroelectronics.X-CUBE-TOUCHGFX.4.24.2
2025-02-16 14:45:18,568 [WARN] PackLoader:240 - Cannot read IP mode file for wolfSSL.I-CUBE-wolfTPM.3.4.0
2025-02-16 14:45:18,572 [WARN] PackLoader:240 - Cannot read IP mode file for portGmbH.I-Cube-SoM-uGOAL.1.1.0
2025-02-16 14:45:18,583 [WARN] PackLoader:240 - Cannot read IP mode file for STMicroelectronics.X-CUBE-AZRTOS-H7RS.1.0.0
2025-02-16 14:45:18,593 [WARN] PackLoader:240 - Cannot read IP mode file for STMicroelectronics.X-CUBE-TOF1.3.4.2
2025-02-16 14:45:18,605 [WARN] PackLoader:240 - Cannot read IP mode file for wolfSSL.I-CUBE-wolfSSH.1.4.17
2025-02-16 14:45:18,606 [INFO] ThirdParty:978 - Integrity check success = true
2025-02-16 14:45:18,606 [INFO] IntegrityCheckThread:100 - exiting critical section [integrity check]
2025-02-16 14:45:18,606 [INFO] IntegrityCheckThread:103 - End integrity checks thread
2025-02-16 14:45:30,616 [INFO] McuFinderGlobals:63 - Set McuFinder mode to 2 (CubeIDE integrated)
2025-02-16 14:45:30,619 [INFO] MainUpdater:2872 - connection check result : 10
2025-02-16 14:45:30,619 [INFO] MainUpdater:2872 - connection check result : 10
2025-02-16 14:45:30,638 [INFO] MicroXplorer:468 - Change Database Path : 
2025-02-16 14:45:30,638 [INFO] MicroXplorer:498 - Change Database Version : DB.6.0.130
2025-02-16 14:45:30,647 [WARN] ThirdParty:871 - waiting for thirdparty lock release [close project]
2025-02-16 14:45:30,647 [INFO] ThirdParty:873 - entering critical section [close project]
2025-02-16 14:45:30,647 [INFO] ThirdParty:883 - exiting critical section [close project]
2025-02-16 14:45:30,649 [INFO] PinOutPanel:1589 - setPackage(No Configuration,No Configuration)
2025-02-16 14:45:30,652 [INFO] UtilMem:75 - Begin LoadConfig() Used Memory: 223351200 Bytes (277872640)
2025-02-16 14:45:30,654 [INFO] MicroXplorer:468 - Change Database Path : 
2025-02-16 14:45:30,654 [INFO] MicroXplorer:498 - Change Database Version : DB.6.0.130
2025-02-16 14:45:30,654 [INFO] OpenFileManager:332 - Change cursor
2025-02-16 14:45:30,666 [INFO] Mcu:2035 - Initializing MCU STM32F411C(C-E)Ux STM32F411CEUx STM32F411CEU6
2025-02-16 14:45:31,343 [INFO] Context:748 - Trying to add GPIOservice into a context  which must be forbidden
2025-02-16 14:45:31,697 [INFO] RtosManager:555 - Registered RTOS mode: class=CMSIS, group=RTOS, mode=CMSIS_V1, owner=FREERTOS
2025-02-16 14:45:31,698 [INFO] RtosManager:555 - Registered RTOS mode: class=CMSIS, group=RTOS2, mode=CMSIS_V2, owner=FREERTOS
2025-02-16 14:45:31,698 [INFO] RtosManager:555 - Registered RTOS mode: class=RTOS, group=Core, mode=CMSIS_V1, owner=FREERTOS
2025-02-16 14:45:31,698 [INFO] RtosManager:555 - Registered RTOS mode: class=RTOS, group=Core, mode=CMSIS_V2, owner=FREERTOS
2025-02-16 14:45:31,698 [WARN] ModelIntegratedComponent:184 - Missing modes for component STMicroelectronics:FreeRTOS:0.0.1:STMicroelectronics:RTOS:FreeRTOS:Core:::10.2.0:
2025-02-16 14:45:31,705 [WARN] ModelIntegratedComponent:182 - Modes not found for component STMicroelectronics:USB_HOST:1.0.0:STMicroelectronics:USB::USB Host:Audio HS::1.0:USB_HOST_1_0_RESTRICTED_HS
2025-02-16 14:45:31,705 [WARN] ModelIntegratedComponent:188 - Modes not found for component STMicroelectronics:USB_HOST:1.0.0:STMicroelectronics:USB::USB Host:Audio HS::1.0:USB_HOST_1_0_RESTRICTED_HS
2025-02-16 14:45:31,705 [WARN] ModelIntegratedComponent:182 - Modes not found for component STMicroelectronics:USB_HOST:1.0.0:STMicroelectronics:USB::USB Host:CDC HS::1.0:USB_HOST_1_0_RESTRICTED_HS
2025-02-16 14:45:31,705 [WARN] ModelIntegratedComponent:188 - Modes not found for component STMicroelectronics:USB_HOST:1.0.0:STMicroelectronics:USB::USB Host:CDC HS::1.0:USB_HOST_1_0_RESTRICTED_HS
2025-02-16 14:45:31,705 [WARN] ModelIntegratedComponent:182 - Modes not found for component STMicroelectronics:USB_HOST:1.0.0:STMicroelectronics:USB::USB Host:MSC HS::1.0:USB_HOST_1_0_RESTRICTED_HS
2025-02-16 14:45:31,705 [WARN] ModelIntegratedComponent:188 - Modes not found for component STMicroelectronics:USB_HOST:1.0.0:STMicroelectronics:USB::USB Host:MSC HS::1.0:USB_HOST_1_0_RESTRICTED_HS
2025-02-16 14:45:31,705 [WARN] ModelIntegratedComponent:182 - Modes not found for component STMicroelectronics:USB_HOST:1.0.0:STMicroelectronics:USB::USB Host:HID HS::1.0:USB_HOST_1_0_RESTRICTED_HS
2025-02-16 14:45:31,705 [WARN] ModelIntegratedComponent:188 - Modes not found for component STMicroelectronics:USB_HOST:1.0.0:STMicroelectronics:USB::USB Host:HID HS::1.0:USB_HOST_1_0_RESTRICTED_HS
2025-02-16 14:45:31,705 [WARN] ModelIntegratedComponent:182 - Modes not found for component STMicroelectronics:USB_HOST:1.0.0:STMicroelectronics:USB::USB Host:MTP HS::1.0:USB_HOST_1_0_RESTRICTED_HS
2025-02-16 14:45:31,705 [WARN] ModelIntegratedComponent:188 - Modes not found for component STMicroelectronics:USB_HOST:1.0.0:STMicroelectronics:USB::USB Host:MTP HS::1.0:USB_HOST_1_0_RESTRICTED_HS
2025-02-16 14:45:31,711 [WARN] ModelIntegratedComponent:63 - No mode defined for component null
2025-02-16 14:45:31,711 [WARN] ModelIntegratedComponent:63 - No mode defined for component null
2025-02-16 14:45:31,711 [WARN] ModelIntegratedComponent:63 - No mode defined for component null
2025-02-16 14:45:31,711 [WARN] ModelIntegratedComponent:63 - No mode defined for component null
2025-02-16 14:45:31,711 [WARN] ModelIntegratedComponent:63 - No mode defined for component null
2025-02-16 14:45:31,711 [WARN] ModelIntegratedComponent:63 - No mode defined for component null
2025-02-16 14:45:31,711 [WARN] ModelIntegratedComponent:63 - No mode defined for component null
2025-02-16 14:45:31,711 [WARN] ModelIntegratedComponent:63 - No mode defined for component null
2025-02-16 14:45:31,711 [WARN] ModelIntegratedComponent:63 - No mode defined for component null
2025-02-16 14:45:31,711 [WARN] ModelIntegratedComponent:63 - No mode defined for component null
2025-02-16 14:45:31,711 [WARN] ModelIntegratedComponent:63 - No mode defined for component null
2025-02-16 14:45:31,712 [WARN] ModelIntegratedComponent:63 - No mode defined for component null
2025-02-16 14:45:31,712 [WARN] ModelIntegratedComponent:63 - No mode defined for component null
2025-02-16 14:45:31,712 [WARN] ModelIntegratedComponent:63 - No mode defined for component null
2025-02-16 14:45:31,712 [WARN] ModelIntegratedComponent:63 - No mode defined for component null
2025-02-16 14:45:31,712 [WARN] ModelIntegratedComponent:63 - No mode defined for component null
2025-02-16 14:45:31,712 [WARN] ModelIntegratedComponent:63 - No mode defined for component null
2025-02-16 14:45:31,712 [WARN] ModelIntegratedComponent:63 - No mode defined for component null
2025-02-16 14:45:31,712 [WARN] ModelIntegratedComponent:63 - No mode defined for component null
2025-02-16 14:45:31,712 [WARN] ModelIntegratedComponent:63 - No mode defined for component null
2025-02-16 14:45:31,712 [WARN] ModelIntegratedComponent:63 - No mode defined for component null
2025-02-16 14:45:31,712 [WARN] ModelIntegratedComponent:63 - No mode defined for component null
2025-02-16 14:45:31,712 [WARN] ModelIntegratedComponent:63 - No mode defined for component null
2025-02-16 14:45:31,712 [WARN] ModelIntegratedComponent:63 - No mode defined for component null
2025-02-16 14:45:31,712 [WARN] ModelIntegratedComponent:63 - No mode defined for component null
2025-02-16 14:45:31,712 [WARN] ModelIntegratedComponent:63 - No mode defined for component null
2025-02-16 14:45:31,712 [WARN] ModelIntegratedComponent:63 - No mode defined for component null
2025-02-16 14:45:31,712 [WARN] ModelIntegratedComponent:63 - No mode defined for component null
2025-02-16 14:45:31,712 [WARN] ModelIntegratedComponent:63 - No mode defined for component null
2025-02-16 14:45:31,712 [WARN] ModelIntegratedComponent:63 - No mode defined for component null
2025-02-16 14:45:31,712 [WARN] ModelIntegratedComponent:63 - No mode defined for component null
2025-02-16 14:45:31,712 [WARN] ModelIntegratedComponent:63 - No mode defined for component null
2025-02-16 14:45:31,713 [WARN] ModelIntegratedComponent:63 - No mode defined for component null
2025-02-16 14:45:31,713 [WARN] ModelIntegratedComponent:63 - No mode defined for component null
2025-02-16 14:45:31,713 [WARN] ModelIntegratedComponent:63 - No mode defined for component null
2025-02-16 14:45:31,713 [WARN] ModelPack:524 - Component already loaded: STMicroelectronics:HAL Drivers:0.0.0:STMicroelectronics:Device:STMicro_Driver:XSPI:HAL::0.0.1:HAL_XSPI
2025-02-16 14:45:31,779 [WARN] ModelIntegratedComponent:182 - Modes not found for component STMicroelectronics:USB_DEVICE:1.0.0:STMicroelectronics:USB::USB Device:Audio HS::1.0:USB_DEVICE_1_0_RESTRICTED_HS
2025-02-16 14:45:31,779 [WARN] ModelIntegratedComponent:188 - Modes not found for component STMicroelectronics:USB_DEVICE:1.0.0:STMicroelectronics:USB::USB Device:Audio HS::1.0:USB_DEVICE_1_0_RESTRICTED_HS
2025-02-16 14:45:31,779 [WARN] ModelIntegratedComponent:182 - Modes not found for component STMicroelectronics:USB_DEVICE:1.0.0:STMicroelectronics:USB::USB Device:CDC HS::1.0:USB_DEVICE_1_0_RESTRICTED_HS
2025-02-16 14:45:31,779 [WARN] ModelIntegratedComponent:188 - Modes not found for component STMicroelectronics:USB_DEVICE:1.0.0:STMicroelectronics:USB::USB Device:CDC HS::1.0:USB_DEVICE_1_0_RESTRICTED_HS
2025-02-16 14:45:31,779 [WARN] ModelIntegratedComponent:182 - Modes not found for component STMicroelectronics:USB_DEVICE:1.0.0:STMicroelectronics:USB::USB Device:DFU HS::1.0:USB_DEVICE_1_0_RESTRICTED_HS
2025-02-16 14:45:31,779 [WARN] ModelIntegratedComponent:188 - Modes not found for component STMicroelectronics:USB_DEVICE:1.0.0:STMicroelectronics:USB::USB Device:DFU HS::1.0:USB_DEVICE_1_0_RESTRICTED_HS
2025-02-16 14:45:31,779 [WARN] ModelIntegratedComponent:182 - Modes not found for component STMicroelectronics:USB_DEVICE:1.0.0:STMicroelectronics:USB::USB Device:HID HS::1.0:USB_DEVICE_1_0_RESTRICTED_HS
2025-02-16 14:45:31,779 [WARN] ModelIntegratedComponent:188 - Modes not found for component STMicroelectronics:USB_DEVICE:1.0.0:STMicroelectronics:USB::USB Device:HID HS::1.0:USB_DEVICE_1_0_RESTRICTED_HS
2025-02-16 14:45:31,779 [WARN] ModelIntegratedComponent:182 - Modes not found for component STMicroelectronics:USB_DEVICE:1.0.0:STMicroelectronics:USB::USB Device:Custom HID HS::1.0:USB_DEVICE_1_0_RESTRICTED_HS
2025-02-16 14:45:31,779 [WARN] ModelIntegratedComponent:188 - Modes not found for component STMicroelectronics:USB_DEVICE:1.0.0:STMicroelectronics:USB::USB Device:Custom HID HS::1.0:USB_DEVICE_1_0_RESTRICTED_HS
2025-02-16 14:45:31,779 [WARN] ModelIntegratedComponent:182 - Modes not found for component STMicroelectronics:USB_DEVICE:1.0.0:STMicroelectronics:USB::USB Device:MSC HS::1.0:USB_DEVICE_1_0_RESTRICTED_HS
2025-02-16 14:45:31,779 [WARN] ModelIntegratedComponent:188 - Modes not found for component STMicroelectronics:USB_DEVICE:1.0.0:STMicroelectronics:USB::USB Device:MSC HS::1.0:USB_DEVICE_1_0_RESTRICTED_HS
2025-02-16 14:45:31,793 [INFO] ThirdPartyModel:298 - Start build external matchings
2025-02-16 14:45:32,103 [INFO] ThirdPartyModel:316 - End build external matchings
2025-02-16 14:45:32,113 [INFO] ImportTextPane:218 - (OptionalMessage_ERROR) IP (RCC) : Parameter (PLLSourceVirtual) has invalid value (RCC_PLLSOURCE_HSI)
2025-02-16 14:45:32,113 [INFO] ImportTextPane:218 - (OptionalMessage_ERROR) IP (RCC) : Parameter (RTCHSEDivFreq_Value) has invalid value (12500000)
2025-02-16 14:45:32,297 [INFO] ApiDb:581 - Connected to CubeFinder SQLite database (/home/kemish/.stmcufinder/plugins/mcufinder/mcu/cube-finder-db.db)
2025-02-16 14:45:32,393 [INFO] ApiDb:668 - CubeFinder database Data Model version=2.1
2025-02-16 14:45:32,393 [INFO] ApiDb:669 - CubeFinder database Configuration version=3.0.39
2025-02-16 14:45:32,393 [INFO] ApiDb:670 - CubeFinder database generation date=2025-02-07 (1738919966)
2025-02-16 14:45:32,393 [INFO] ApiDb:671 - CubeFinder database FW Pack versions=[FP-ATR-ASTRA1_V2.0.0, FP-SNS-FLIGHT1_V5.0.2, FP-SNS-MOTENV1_V5.0.0, FP-SNS-MOTENVWB1_V1.4.0, FP-SNS-SMARTAG2_V1.2.0, FP-SNS-STBOX1_V2.0.0, STM32Cube_FW_C0_V1.3.0, STM32Cube_FW_F4_V1.28.1, STM32Cube_FW_F7_V1.17.2, STM32Cube_FW_G0_V1.6.2, STM32Cube_FW_G4_V1.6.1, STM32Cube_FW_H5_V1.4.0, STM32Cube_FW_H7RS_V1.1.0, STM32Cube_FW_H7_V1.12.0, STM32Cube_FW_L0_V1.12.2, STM32Cube_FW_L4_V1.18.1, STM32Cube_FW_L5_V1.5.1, STM32Cube_FW_N6_V1.0.0, STM32Cube_FW_U0_V1.2.0, STM32Cube_FW_U3_V1.0.0, STM32Cube_FW_U5_V1.7.0, STM32Cube_FW_WB0_V1.1.0, STM32Cube_FW_WBA_V1.5.0, STM32Cube_FW_WB_V1.21.0, STM32Cube_FW_WL3_V1.0.0, STM32Cube_FW_WL_V1.3.0, X-CUBE-ALGOBUILD_V1.4.0, X-CUBE-ALS_V1.0.2, X-CUBE-AZRTOS-F4_V1.1.0, X-CUBE-AZRTOS-F7_V1.1.0, X-CUBE-AZRTOS-G0_V1.1.0, X-CUBE-AZRTOS-G4_V2.0.0, X-CUBE-AZRTOS-H7RS_V1.0.0, X-CUBE-AZRTOS-H7_V3.3.0, X-CUBE-AZRTOS-L4_V2.0.0, X-CUBE-AZRTOS-L5_V2.0.0, X-CUBE-AZRTOS-WB_V2.0.0, X-CUBE-AZRTOS-WL_V2.0.0, X-CUBE-BLE1_V7.0.0, X-CUBE-BLE2_V3.3.0, X-CUBE-BLEMGR_V4.0.0, X-CUBE-EEPRMA1_V5.1.0, X-CUBE-FREERTOS_V1.2.0, X-CUBE-GNSS1_V6.0.0, X-CUBE-MEMS1_V11.1.0, X-CUBE-NFC4_V3.0.0, X-CUBE-NFC7_V1.0.1, X-CUBE-SFXS2LP1_V4.0.0, X-CUBE-SUBG2_V5.0.0, X-CUBE-TOF1_V3.4.2]
2025-02-16 14:45:32,565 [INFO] DbBoardsSqlite:226 - include board P-NUCLEO-WB55-NUCLEO as a kit item of type 'Nucleo-64'
2025-02-16 14:45:32,565 [INFO] DbBoardsSqlite:226 - include board P-NUCLEO-WB55-USBDONGLE as a kit item of type 'Nucleo USB Dongle'
2025-02-16 14:45:32,568 [INFO] DbBoardsSqlite:226 - include board STEVAL-IDP005V1 as a kit item of type 'Evaluation Board'
2025-02-16 14:45:32,568 [INFO] DbBoardsSqlite:226 - include board STEVAL-IDP005V2 as a kit item of type 'Evaluation Board'
2025-02-16 14:45:32,947 [INFO] ApiDb:240 - Found 858 in-development CPN: [B-G473E-ZEST1S, B-WB1M-WPAN1, B-WBA5M-WPAN, B-WL5M-SUBG1, NUCLEO-C031C6, NUCLEO-C051C8, NUCLEO-C071RB, NUCLEO-C092RC, NUCLEO-H503RB, NUCLEO-H533RE, NUCLEO-H563ZI, NUCLEO-H7S3L8, NUCLEO-N657X0-Q, NUCLEO-U031R8, NUCLEO-U083RC, NUCLEO-U385RG-Q, NUCLEO-U545RE-Q, NUCLEO-U5A5ZJ-Q, NUCLEO-WB05KZ, NUCLEO-WB07CC, NUCLEO-WB09KE, NUCLEO-WBA52CG, NUCLEO-WBA55CG, NUCLEO-WL33CC1, NUCLEO-WL33CC2, STEVAL-PROTEUS1, STEVAL-SMARTAG2, STEVAL-STWINBX1, STM320518-EVAL, STM32C0116-DK, STM32C011D6Y3TR, STM32C011D6Y6TR, STM32C011F4P3, STM32C011F4P6, STM32C011F4U3, STM32C011F4U6TR, STM32C011F6P3, STM32C011F6P6, STM32C011F6U3, STM32C011F6U6TR, STM32C011J4M3, STM32C011J4M6, STM32C011J6M3, STM32C011J6M6, STM32C0316-DK, STM32C031C4T3, STM32C031C4T6, STM32C031C4U3, STM32C031C4U6, STM32C031C6T3, STM32C031C6T6, STM32C031C6U3, STM32C031C6U6, STM32C031F4P3, STM32C031F4P6, STM32C031F6P3, STM32C031F6P6, STM32C031G4U3, STM32C031G4U6, STM32C031G6U3, STM32C031G6U6, STM32C031K4T3, STM32C031K4T6, STM32C031K4U3, STM32C031K4U6, STM32C031K6T3, STM32C031K6T6, STM32C031K6U3, STM32C031K6U6, STM32C051C6T6, STM32C051C6U6, STM32C051C8T6, STM32C051C8U6, STM32C051D8Y6TR, STM32C051F6P6, STM32C051F8P6, STM32C051G6U6, STM32C051G8U6, STM32C051K6T6, STM32C051K6U6, STM32C051K8T6, STM32C071C8T6, STM32C071C8T6N, STM32C071C8U6, STM32C071C8U6N, STM32C071CBT6, STM32C071CBT6N, STM32C071CBU6, STM32C071CBU6N, STM32C071F8P6, STM32C071F8P6N, STM32C071FBP6, STM32C071FBP6N, STM32C071FBY6TR, STM32C071G8U6, STM32C071G8U6N, STM32C071GBU6, STM32C071GBU6N, STM32C071K8T6, STM32C071K8T6N, STM32C071K8U6, STM32C071K8U6N, STM32C071KBT6, STM32C071KBT6N, STM32C071KBU6, STM32C071KBU6N, STM32C071R8T6, STM32C071R8T6N, STM32C071RBI6N, STM32C071RBT6, STM32C071RBT6N, STM32C091CBT6, STM32C091CBU6, STM32C091CCT6, STM32C091CCU6, STM32C091ECY6TR, STM32C091FBP6, STM32C091FCP6, STM32C091GBU6, STM32C091GCU6, STM32C091KBT6, STM32C091KBU6, STM32C091KCT6, STM32C091KCU6, STM32C091RBT6, STM32C091RCI6, STM32C091RCT6, STM32C092CBT6, STM32C092CBU6, STM32C092CCT6, STM32C092CCU6, STM32C092ECY6TR, STM32C092FBP6, STM32C092FCP6, STM32C092GBU6, STM32C092GCU6, STM32C092KBT6, STM32C092KBU6, STM32C092KCT6, STM32C092KCU6, STM32C092RBT6, STM32C092RCI6, STM32C092RCT6, STM32G071K8TXN, STM32G071K8UXN, STM32G081GBU6N, STM32G081KBT6N, STM32G081KBUXN, STM32G0B1CCT6N, STM32G0B1KCT6, STM32G0B1NEY6TR, STM32G0B1RCT6N, STM32G0C1CCT6, STM32G0C1CCT6N, STM32G0C1CCU6N, STM32G0C1CET6N, STM32G0C1CEU6N, STM32G0C1KCT6, STM32G0C1NEY6TR, STM32G0C1RCI6N, STM32G0C1RCT6N, STM32G0C1REI6N, STM32G0C1RET6N, STM32G0C1VCI6, STM32G0C1VEI6, STM32G411C6T3, STM32G411C6T6, STM32G411C6U3, STM32G411C6U6, STM32G411C8T3, STM32G411C8T6, STM32G411C8U3, STM32G411C8U6, STM32G411CBT3, STM32G411CBT6, STM32G411CBU3, STM32G411CBU6, STM32G411CCT3, STM32G411CCT6, STM32G411CCU3, STM32G411CCU6, STM32G411K6T3, STM32G411K6T6, STM32G411K6U3, STM32G411K6U6, STM32G411K8T3, STM32G411K8T6, STM32G411K8U3, STM32G411K8U6, STM32G411KBT3, STM32G411KBT6, STM32G411KBU3, STM32G411KBU6, STM32G411M6T3, STM32G411M6T6, STM32G411M8T3, STM32G411M8T6, STM32G411MBT3, STM32G411MBT6, STM32G411MCT3, STM32G411MCT6, STM32G411R6T3, STM32G411R6T6, STM32G411R8T3, STM32G411R8T6, STM32G411RBT3, STM32G411RBT6, STM32G411RCT3, STM32G411RCT6, STM32G414CBT3, STM32G414CBT6, STM32G414CBU3, STM32G414CBU6, STM32G414CCT3, STM32G414CCT6, STM32G414CCU3, STM32G414CCU6, STM32G414MBT3, STM32G414MBT6, STM32G414MCT3, STM32G414MCT6, STM32G414RBT3, STM32G414RBT6, STM32G414RCT3, STM32G414RCT6, STM32G414VBT3, STM32G414VBT6, STM32G414VCT3, STM32G414VCT6, STM32G431CBT3Z, STM32G431RBT3Z, STM32G471CCT6, STM32G471CCU6, STM32G471CET3, STM32G471CET6, STM32G471CEU3, STM32G471CEU6, STM32G471MCT6, STM32G471MET3, STM32G471MET6, STM32G471MEY6TR, STM32G471QCT6, STM32G471QET3, STM32G471RCT6, STM32G471RET3, STM32G471RET6, STM32G471VCH6, STM32G471VCI6, STM32G471VCT6, STM32G471VEH3, STM32G471VEH6, STM32G471VEI3, STM32G471VEI6, STM32G471VET3, STM32G471VET6, STM32G473QET3Z, STM32G473RET3Z, STM32G474CCT6, STM32G491RET3Z, STM32H503CBT6, STM32H503CBU6, STM32H503EBY6TR, STM32H503KBU6, STM32H503RBT6, STM32H523CCT6, STM32H523CCU6, STM32H523CET6, STM32H523CEU6, STM32H523HEY6TR, STM32H523RCT6, STM32H523RET6, STM32H523VCI6, STM32H523VCT6, STM32H523VEI6, STM32H523VET6, STM32H523ZCJ6, STM32H523ZCT6, STM32H523ZEJ6, STM32H523ZET6, STM32H533CET6, STM32H533CEU6, STM32H533HEY6TR, STM32H533RET6, STM32H533VEI6, STM32H533VET6, STM32H533ZEJ6, STM32H533ZET6, STM32H562AGI6, STM32H562AII6, STM32H562IGK6, STM32H562IGT6, STM32H562IIK6, STM32H562IIT6, STM32H562RGT6, STM32H562RGV6, STM32H562RIT6, STM32H562RIV6, STM32H562VGT6, STM32H562VIT6, STM32H562ZGT6, STM32H562ZIT6, STM32H563AGI6, STM32H563AII3Q, STM32H563AII6, STM32H563IGK6, STM32H563IGT6, STM32H563IIK3Q, STM32H563IIK6, STM32H563IIT3Q, STM32H563IIT6, STM32H563MIY3QTR, STM32H563RGT6, STM32H563RGV6, STM32H563RIT6, STM32H563RIV6, STM32H563VGT6, STM32H563VIT3Q, STM32H563VIT6, STM32H563ZGT6, STM32H563ZIT3Q, STM32H563ZIT6, STM32H573AII3Q, STM32H573AII6, STM32H573I-DK, STM32H573IIK3Q, STM32H573IIK6, STM32H573IIT3Q, STM32H573IIT6, STM32H573MIY3QTR, STM32H573RIT6, STM32H573RIV6, STM32H573VIT3Q, STM32H573VIT6, STM32H573ZIT3Q, STM32H573ZIT6, STM32H7R3A8I6, STM32H7R3I8K6, STM32H7R3I8T6, STM32H7R3L8H6, STM32H7R3L8H6H, STM32H7R3R8V6, STM32H7R3V8H6, STM32H7R3V8T6, STM32H7R3V8Y6TR, STM32H7R3Z8J6, STM32H7R3Z8T6, STM32H7R7A8I6, STM32H7R7I8K6, STM32H7R7I8T6, STM32H7R7L8H6, STM32H7R7L8H6H, STM32H7R7Z8J6, STM32H7S3A8I6, STM32H7S3I8K6, STM32H7S3I8T6, STM32H7S3L8H6, STM32H7S3L8H6H, STM32H7S3R8V6, STM32H7S3V8H6, STM32H7S3V8T6, STM32H7S3V8Y6TR, STM32H7S3Z8J6, STM32H7S3Z8T6, STM32H7S78-DK, STM32H7S7A8I6, STM32H7S7I8K6, STM32H7S7I8T6, STM32H7S7L8H6, STM32H7S7L8H6H, STM32H7S7Z8J6, STM32L4R5QGI6STR, STM32MP131AAE3, STM32MP131AAF3, STM32MP131AAG3, STM32MP131CAE3, STM32MP131CAF3, STM32MP131CAG3, STM32MP131DAE7, STM32MP131DAF7, STM32MP131DAG7, STM32MP131FAE7, STM32MP131FAF7, STM32MP131FAG7, STM32MP133AAE3, STM32MP133AAF3, STM32MP133AAG3, STM32MP133CAE3, STM32MP133CAF3, STM32MP133CAG3, STM32MP133DAE7, STM32MP133DAF7, STM32MP133DAG7, STM32MP133FAE7, STM32MP133FAF7, STM32MP133FAG7, STM32MP135AAE3, STM32MP135AAF3, STM32MP135AAG3, STM32MP135CAE3, STM32MP135CAF3, STM32MP135CAG3, STM32MP135DAE7, STM32MP135DAF7, STM32MP135DAG7, STM32MP135F-DK, STM32MP135FAE7, STM32MP135FAF7, STM32MP135FAF7T, STM32MP135FAF7U, STM32MP135FAG7, STM32MP231AAJ3, STM32MP231AAK3, STM32MP231AAL3, STM32MP231CAJ3, STM32MP231CAK3, STM32MP231CAL3, STM32MP231DAJ3, STM32MP231DAK3, STM32MP231DAL3, STM32MP231FAJ3, STM32MP231FAK3, STM32MP231FAL3, STM32MP233AAJ3, STM32MP233AAK3, STM32MP233AAL3, STM32MP233CAJ3, STM32MP233CAK3, STM32MP233CAL3, STM32MP233DAJ3, STM32MP233DAK3, STM32MP233DAL3, STM32MP233FAJ3, STM32MP233FAK3, STM32MP233FAL3, STM32MP235AAJ3, STM32MP235AAK3, STM32MP235AAL3, STM32MP235CAJ3, STM32MP235CAK3, STM32MP235CAL3, STM32MP235DAJ3, STM32MP235DAK3, STM32MP235DAL3, STM32MP235FAJ3, STM32MP235FAK3, STM32MP235FAL3, STM32MP251AAI3, STM32MP251AAJ3, STM32MP251AAK3, STM32MP251AAL3, STM32MP251CAI3, STM32MP251CAJ3, STM32MP251CAK3, STM32MP251CAL3, STM32MP251DAI3, STM32MP251DAJ3, STM32MP251DAK3, STM32MP251DAL3, STM32MP251FAI3, STM32MP251FAJ3, STM32MP251FAK3, STM32MP251FAL3, STM32MP253AAI3, STM32MP253AAJ3, STM32MP253AAK3, STM32MP253AAL3, STM32MP253CAI3, STM32MP253CAJ3, STM32MP253CAK3, STM32MP253CAL3, STM32MP253DAI3, STM32MP253DAJ3, STM32MP253DAK3, STM32MP253DAL3, STM32MP253FAI3, STM32MP253FAJ3, STM32MP253FAK3, STM32MP253FAL3, STM32MP255AAI3, STM32MP255AAJ3, STM32MP255AAK3, STM32MP255AAL3, STM32MP255CAI3, STM32MP255CAJ3, STM32MP255CAK3, STM32MP255CAL3, STM32MP255DAI3, STM32MP255DAJ3, STM32MP255DAK3, STM32MP255DAL3, STM32MP255FAI3, STM32MP255FAJ3, STM32MP255FAK3, STM32MP255FAL3, STM32MP257AAI3, STM32MP257AAJ3, STM32MP257AAK3, STM32MP257AAL3, STM32MP257CAI3, STM32MP257CAJ3, STM32MP257CAK3, STM32MP257CAL3, STM32MP257DAI3, STM32MP257DAJ3, STM32MP257DAK3, STM32MP257DAL3, STM32MP257F-DK, STM32MP257F-EV1, STM32MP257FAI3, STM32MP257FAJ3, STM32MP257FAK3, STM32MP257FAL3, STM32N645A0H3Q, STM32N645B0H3Q, STM32N645I0H3Q, STM32N645L0H3Q, STM32N645X0H3Q, STM32N645Z0H3Q, STM32N647A0H3Q, STM32N647B0H3Q, STM32N647I0H3Q, STM32N647L0H3Q, STM32N647X0H3Q, STM32N647Z0H3Q, STM32N655A0H3Q, STM32N655B0H3Q, STM32N655I0H3Q, STM32N655L0H3Q, STM32N655X0H3Q, STM32N655Z0H3Q, STM32N6570-DK, STM32N657A0H3Q, STM32N657B0H3Q, STM32N657I0H3Q, STM32N657L0H3Q, STM32N657X0H3Q, STM32N657Z0H3Q, STM32U031C6T6, STM32U031C6U6, STM32U031C8T6, STM32U031C8U6, STM32U031F4P6, STM32U031F6P6, STM32U031F8P6, STM32U031G6Y6TR, STM32U031G8Y6TR, STM32U031K4U6, STM32U031K6U6, STM32U031K8U6, STM32U031R6I6, STM32U031R6T6, STM32U031R8I6, STM32U031R8T6, STM32U073C8T6, STM32U073C8U6, STM32U073CBT6, STM32U073CBU6, STM32U073CCT6, STM32U073CCU6, STM32U073H8Y6TR, STM32U073HBY6TR, STM32U073HCY6TR, STM32U073K8U6, STM32U073KBU6, STM32U073KCU6, STM32U073M8I6, STM32U073M8T6, STM32U073MBI6, STM32U073MBT6, STM32U073MCI6, STM32U073MCT6, STM32U073R8I6, STM32U073R8T6, STM32U073RBI6, STM32U073RBT6, STM32U073RCI6, STM32U073RCT6, STM32U083C-DK, STM32U083CCT6, STM32U083CCU6, STM32U083HCY6TR, STM32U083KCU6, STM32U083MCI6, STM32U083MCT6, STM32U083RCI6, STM32U083RCT6, STM32U375CET6, STM32U375CET6Q, STM32U375CEU6, STM32U375CEU6Q, STM32U375CEY6QTR, STM32U375CGT6, STM32U375CGT6Q, STM32U375CGU6, STM32U375CGU6Q, STM32U375CGY6QTR, STM32U375KEU6, STM32U375KGU6, STM32U375REI6, STM32U375REI6Q, STM32U375RET6, STM32U375RET6Q, STM32U375REY6GTR, STM32U375REY6QTR, STM32U375RGI6, STM32U375RGI6Q, STM32U375RGT6, STM32U375RGT6Q, STM32U375RGY6GTR, STM32U375RGY6QTR, STM32U375VEI6, STM32U375VEI6Q, STM32U375VET6, STM32U375VET6Q, STM32U375VGI6, STM32U375VGI6Q, STM32U375VGT6, STM32U375VGT6Q, STM32U385CGT6, STM32U385CGT6Q, STM32U385CGU6, STM32U385CGU6Q, STM32U385CGY6QTR, STM32U385KGU6, STM32U385RGI6, STM32U385RGI6Q, STM32U385RGT6, STM32U385RGT6Q, STM32U385RGY6GTR, STM32U385RGY6QTR, STM32U385VGI6, STM32U385VGI6Q, STM32U385VGT6, STM32U385VGT6Q, STM32U535CBT6, STM32U535CBT6Q, STM32U535CBU6, STM32U535CBU6Q, STM32U535CCT6, STM32U535CCT6Q, STM32U535CCU6, STM32U535CCU6Q, STM32U535CET6, STM32U535CET6Q, STM32U535CEU6, STM32U535CEU6Q, STM32U535JEY6QTR, STM32U535NCY6QTR, STM32U535NEY6QTR, STM32U535RBI6, STM32U535RBI6Q, STM32U535RBT6, STM32U535RBT6Q, STM32U535RCI6, STM32U535RCI6Q, STM32U535RCT6, STM32U535RCT6Q, STM32U535REI6, STM32U535REI6Q, STM32U535RET6, STM32U535RET6Q, STM32U535VCI6, STM32U535VCI6Q, STM32U535VCT6, STM32U535VCT6Q, STM32U535VEI6, STM32U535VEI6Q, STM32U535VET6, STM32U535VET6Q, STM32U545CET6, STM32U545CET6Q, STM32U545CEU6, STM32U545CEU6Q, STM32U545JEY6QTR, STM32U545NEY6QTR, STM32U545REI6, STM32U545REI6Q, STM32U545RET6, STM32U545RET6Q, STM32U545VEI6, STM32U545VEI6Q, STM32U545VET6, STM32U545VET6Q, STM32U595AIH6, STM32U595AIH6Q, STM32U595AJH6, STM32U595AJH6Q, STM32U595QII6, STM32U595QII6Q, STM32U595QJI6, STM32U595QJI6Q, STM32U595RIT6, STM32U595RIT6Q, STM32U595RJT6, STM32U595RJT6Q, STM32U595VIT6, STM32U595VIT6Q, STM32U595VJT6, STM32U595VJT6Q, STM32U595ZIT6, STM32U595ZIT6Q, STM32U595ZIY6QTR, STM32U595ZJT6, STM32U595ZJT6Q, STM32U595ZJY6QTR, STM32U599BJY6QTR, STM32U599NIH6Q, STM32U599NJH6Q, STM32U599VIT6Q, STM32U599VJT6, STM32U599VJT6Q, STM32U599ZIT6Q, STM32U599ZIY6QTR, STM32U599ZJT6Q, STM32U599ZJY6QTR, STM32U5A5AJH6, STM32U5A5AJH6Q, STM32U5A5QII3Q , STM32U5A5QJI6, STM32U5A5QJI6Q, STM32U5A5RJT6, STM32U5A5RJT6Q, STM32U5A5VJT6, STM32U5A5VJT6Q, STM32U5A5ZJT6, STM32U5A5ZJT6Q, STM32U5A5ZJY6QTR, STM32U5A9BJY6QTR, STM32U5A9J-DK, STM32U5A9NJH6Q, STM32U5A9VJT6Q, STM32U5A9ZJT6Q, STM32U5A9ZJY6QTR, STM32U5F7VIT6, STM32U5F7VIT6Q, STM32U5F7VJT6, STM32U5F7VJT6Q, STM32U5F9BJY6QTR, STM32U5F9NJH6Q, STM32U5F9VIT6Q, STM32U5F9VJT6Q, STM32U5F9ZIJ6QTR, STM32U5F9ZIT6Q, STM32U5F9ZJJ6QTR, STM32U5F9ZJT6Q, STM32U5G7VJT6, STM32U5G7VJT6Q, STM32U5G9BJY6QTR, STM32U5G9J-DK1, STM32U5G9J-DK2, STM32U5G9NJH6Q, STM32U5G9VJT6Q, STM32U5G9ZJJ6QTR, STM32U5G9ZJT6Q, STM32WB05KZV6TR, STM32WB05KZV7TR, STM32WB05TZF6TR, STM32WB05TZF7TR, STM32WB06CCF6TR, STM32WB06CCF7TR, STM32WB06CCV6TR, STM32WB06CCV7TR, STM32WB06KCV6TR, STM32WB06KCV7TR, STM32WB07CCF6TR, STM32WB07CCF7TR, STM32WB07CCV6TR, STM32WB07CCV7TR, STM32WB07KCV6TR, STM32WB07KCV7TR, STM32WB09KEV6TR, STM32WB09KEV7TR, STM32WB09TEF6TR, STM32WB09TEF7TR, STM32WB1MMCH6, STM32WBA50KGU6, STM32WBA50KGU6TR, STM32WBA52CEU6, STM32WBA52CEU6TR, STM32WBA52CEU7, STM32WBA52CEU7TR, STM32WBA52CGU6, STM32WBA52CGU6TR, STM32WBA52CGU6U, STM32WBA52CGU7, STM32WBA52CGU7TR, STM32WBA52KEU6, STM32WBA52KEU6TR, STM32WBA52KGU6, STM32WBA52KGU6TR, STM32WBA54CEU6, STM32WBA54CEU6TR, STM32WBA54CEU7, STM32WBA54CEU7TR, STM32WBA54CGU6, STM32WBA54CGU6TR, STM32WBA54CGU7, STM32WBA54CGU7TR, STM32WBA54KEU6, STM32WBA54KEU6TR, STM32WBA54KEU7, STM32WBA54KEU7TR, STM32WBA54KGU6, STM32WBA54KGU6TR, STM32WBA54KGU7, STM32WBA54KGU7TR, STM32WBA55CEU6, STM32WBA55CEU6TR, STM32WBA55CEU7, STM32WBA55CEU7TR, STM32WBA55CGU6, STM32WBA55CGU6TR, STM32WBA55CGU6U, STM32WBA55CGU7, STM32WBA55CGU7TR, STM32WBA55G-DK1, STM32WBA55HEF6, STM32WBA55HEF7, STM32WBA55HGF6, STM32WBA55HGF7, STM32WBA55UEI6, STM32WBA55UEI6TR, STM32WBA55UEI7, STM32WBA55UEI7TR, STM32WBA55UGI6, STM32WBA55UGI6TR, STM32WBA55UGI7, STM32WBA55UGI7TR, STM32WBA5MJGH6TR, STM32WBA5MJGH6U, STM32WL33C8V6, STM32WL33C8V6TR, STM32WL33C8V7, STM32WL33C8V7TR, STM32WL33CBV6, STM32WL33CBV6TR, STM32WL33CBV7, STM32WL33CBV7TR, STM32WL33CCV6, STM32WL33CCV6TR, STM32WL33CCV7, STM32WL33CCV7A, STM32WL33CCV7ATR, STM32WL33CCV7TR, STM32WL33K8V6, STM32WL33K8V6TR, STM32WL33K8V7, STM32WL33K8V7TR, STM32WL33KBV6, STM32WL33KBV6TR, STM32WL33KBV7, STM32WL33KBV7TR, STM32WL33KCV6, STM32WL33KCV6TR, STM32WL33KCV7, STM32WL33KCV7TR, STM32WL5MOCH6, STM32WL5MOCH6TR]
2025-02-16 14:45:33,040 [INFO] BoardInfo:889 - No configuration file found for board P-NUCLEO-WB55
2025-02-16 14:45:33,041 [INFO] DbBoards:161 - Kit is not supported: P-NUCLEO-WB55
2025-02-16 14:45:33,044 [INFO] BoardInfo:889 - No configuration file found for board STEVAL-BFA001V1B
2025-02-16 14:45:33,044 [INFO] DbBoards:161 - Kit is not supported: STEVAL-BFA001V1B
2025-02-16 14:45:33,044 [INFO] BoardInfo:889 - No configuration file found for board STEVAL-BFA001V2B
2025-02-16 14:45:33,045 [INFO] DbBoards:161 - Kit is not supported: STEVAL-BFA001V2B
2025-02-16 14:45:33,149 [INFO] DbBoards:168 - Found 209 boards, 206 are supported
2025-02-16 14:45:33,150 [INFO] DbBoards:169 - Found 209 boards, 42 of them is supported for  Bsp
2025-02-16 14:45:33,152 [INFO] ApiDb:668 - CubeFinder database Data Model version=2.1
2025-02-16 14:45:33,152 [INFO] ApiDb:669 - CubeFinder database Configuration version=3.0.39
2025-02-16 14:45:33,153 [INFO] ApiDb:670 - CubeFinder database generation date=2025-02-07 (1738919966)
2025-02-16 14:45:33,153 [INFO] ApiDb:671 - CubeFinder database FW Pack versions=[FP-ATR-ASTRA1_V2.0.0, FP-SNS-FLIGHT1_V5.0.2, FP-SNS-MOTENV1_V5.0.0, FP-SNS-MOTENVWB1_V1.4.0, FP-SNS-SMARTAG2_V1.2.0, FP-SNS-STBOX1_V2.0.0, STM32Cube_FW_C0_V1.3.0, STM32Cube_FW_F4_V1.28.1, STM32Cube_FW_F7_V1.17.2, STM32Cube_FW_G0_V1.6.2, STM32Cube_FW_G4_V1.6.1, STM32Cube_FW_H5_V1.4.0, STM32Cube_FW_H7RS_V1.1.0, STM32Cube_FW_H7_V1.12.0, STM32Cube_FW_L0_V1.12.2, STM32Cube_FW_L4_V1.18.1, STM32Cube_FW_L5_V1.5.1, STM32Cube_FW_N6_V1.0.0, STM32Cube_FW_U0_V1.2.0, STM32Cube_FW_U3_V1.0.0, STM32Cube_FW_U5_V1.7.0, STM32Cube_FW_WB0_V1.1.0, STM32Cube_FW_WBA_V1.5.0, STM32Cube_FW_WB_V1.21.0, STM32Cube_FW_WL3_V1.0.0, STM32Cube_FW_WL_V1.3.0, X-CUBE-ALGOBUILD_V1.4.0, X-CUBE-ALS_V1.0.2, X-CUBE-AZRTOS-F4_V1.1.0, X-CUBE-AZRTOS-F7_V1.1.0, X-CUBE-AZRTOS-G0_V1.1.0, X-CUBE-AZRTOS-G4_V2.0.0, X-CUBE-AZRTOS-H7RS_V1.0.0, X-CUBE-AZRTOS-H7_V3.3.0, X-CUBE-AZRTOS-L4_V2.0.0, X-CUBE-AZRTOS-L5_V2.0.0, X-CUBE-AZRTOS-WB_V2.0.0, X-CUBE-AZRTOS-WL_V2.0.0, X-CUBE-BLE1_V7.0.0, X-CUBE-BLE2_V3.3.0, X-CUBE-BLEMGR_V4.0.0, X-CUBE-EEPRMA1_V5.1.0, X-CUBE-FREERTOS_V1.2.0, X-CUBE-GNSS1_V6.0.0, X-CUBE-MEMS1_V11.1.0, X-CUBE-NFC4_V3.0.0, X-CUBE-NFC7_V1.0.1, X-CUBE-SFXS2LP1_V4.0.0, X-CUBE-SUBG2_V5.0.0, X-CUBE-TOF1_V3.4.2]
2025-02-16 14:45:35,060 [INFO] ApiDb:240 - Found 858 in-development CPN: [B-G473E-ZEST1S, B-WB1M-WPAN1, B-WBA5M-WPAN, B-WL5M-SUBG1, NUCLEO-C031C6, NUCLEO-C051C8, NUCLEO-C071RB, NUCLEO-C092RC, NUCLEO-H503RB, NUCLEO-H533RE, NUCLEO-H563ZI, NUCLEO-H7S3L8, NUCLEO-N657X0-Q, NUCLEO-U031R8, NUCLEO-U083RC, NUCLEO-U385RG-Q, NUCLEO-U545RE-Q, NUCLEO-U5A5ZJ-Q, NUCLEO-WB05KZ, NUCLEO-WB07CC, NUCLEO-WB09KE, NUCLEO-WBA52CG, NUCLEO-WBA55CG, NUCLEO-WL33CC1, NUCLEO-WL33CC2, STEVAL-PROTEUS1, STEVAL-SMARTAG2, STEVAL-STWINBX1, STM320518-EVAL, STM32C0116-DK, STM32C011D6Y3TR, STM32C011D6Y6TR, STM32C011F4P3, STM32C011F4P6, STM32C011F4U3, STM32C011F4U6TR, STM32C011F6P3, STM32C011F6P6, STM32C011F6U3, STM32C011F6U6TR, STM32C011J4M3, STM32C011J4M6, STM32C011J6M3, STM32C011J6M6, STM32C0316-DK, STM32C031C4T3, STM32C031C4T6, STM32C031C4U3, STM32C031C4U6, STM32C031C6T3, STM32C031C6T6, STM32C031C6U3, STM32C031C6U6, STM32C031F4P3, STM32C031F4P6, STM32C031F6P3, STM32C031F6P6, STM32C031G4U3, STM32C031G4U6, STM32C031G6U3, STM32C031G6U6, STM32C031K4T3, STM32C031K4T6, STM32C031K4U3, STM32C031K4U6, STM32C031K6T3, STM32C031K6T6, STM32C031K6U3, STM32C031K6U6, STM32C051C6T6, STM32C051C6U6, STM32C051C8T6, STM32C051C8U6, STM32C051D8Y6TR, STM32C051F6P6, STM32C051F8P6, STM32C051G6U6, STM32C051G8U6, STM32C051K6T6, STM32C051K6U6, STM32C051K8T6, STM32C071C8T6, STM32C071C8T6N, STM32C071C8U6, STM32C071C8U6N, STM32C071CBT6, STM32C071CBT6N, STM32C071CBU6, STM32C071CBU6N, STM32C071F8P6, STM32C071F8P6N, STM32C071FBP6, STM32C071FBP6N, STM32C071FBY6TR, STM32C071G8U6, STM32C071G8U6N, STM32C071GBU6, STM32C071GBU6N, STM32C071K8T6, STM32C071K8T6N, STM32C071K8U6, STM32C071K8U6N, STM32C071KBT6, STM32C071KBT6N, STM32C071KBU6, STM32C071KBU6N, STM32C071R8T6, STM32C071R8T6N, STM32C071RBI6N, STM32C071RBT6, STM32C071RBT6N, STM32C091CBT6, STM32C091CBU6, STM32C091CCT6, STM32C091CCU6, STM32C091ECY6TR, STM32C091FBP6, STM32C091FCP6, STM32C091GBU6, STM32C091GCU6, STM32C091KBT6, STM32C091KBU6, STM32C091KCT6, STM32C091KCU6, STM32C091RBT6, STM32C091RCI6, STM32C091RCT6, STM32C092CBT6, STM32C092CBU6, STM32C092CCT6, STM32C092CCU6, STM32C092ECY6TR, STM32C092FBP6, STM32C092FCP6, STM32C092GBU6, STM32C092GCU6, STM32C092KBT6, STM32C092KBU6, STM32C092KCT6, STM32C092KCU6, STM32C092RBT6, STM32C092RCI6, STM32C092RCT6, STM32G071K8TXN, STM32G071K8UXN, STM32G081GBU6N, STM32G081KBT6N, STM32G081KBUXN, STM32G0B1CCT6N, STM32G0B1KCT6, STM32G0B1NEY6TR, STM32G0B1RCT6N, STM32G0C1CCT6, STM32G0C1CCT6N, STM32G0C1CCU6N, STM32G0C1CET6N, STM32G0C1CEU6N, STM32G0C1KCT6, STM32G0C1NEY6TR, STM32G0C1RCI6N, STM32G0C1RCT6N, STM32G0C1REI6N, STM32G0C1RET6N, STM32G0C1VCI6, STM32G0C1VEI6, STM32G411C6T3, STM32G411C6T6, STM32G411C6U3, STM32G411C6U6, STM32G411C8T3, STM32G411C8T6, STM32G411C8U3, STM32G411C8U6, STM32G411CBT3, STM32G411CBT6, STM32G411CBU3, STM32G411CBU6, STM32G411CCT3, STM32G411CCT6, STM32G411CCU3, STM32G411CCU6, STM32G411K6T3, STM32G411K6T6, STM32G411K6U3, STM32G411K6U6, STM32G411K8T3, STM32G411K8T6, STM32G411K8U3, STM32G411K8U6, STM32G411KBT3, STM32G411KBT6, STM32G411KBU3, STM32G411KBU6, STM32G411M6T3, STM32G411M6T6, STM32G411M8T3, STM32G411M8T6, STM32G411MBT3, STM32G411MBT6, STM32G411MCT3, STM32G411MCT6, STM32G411R6T3, STM32G411R6T6, STM32G411R8T3, STM32G411R8T6, STM32G411RBT3, STM32G411RBT6, STM32G411RCT3, STM32G411RCT6, STM32G414CBT3, STM32G414CBT6, STM32G414CBU3, STM32G414CBU6, STM32G414CCT3, STM32G414CCT6, STM32G414CCU3, STM32G414CCU6, STM32G414MBT3, STM32G414MBT6, STM32G414MCT3, STM32G414MCT6, STM32G414RBT3, STM32G414RBT6, STM32G414RCT3, STM32G414RCT6, STM32G414VBT3, STM32G414VBT6, STM32G414VCT3, STM32G414VCT6, STM32G431CBT3Z, STM32G431RBT3Z, STM32G471CCT6, STM32G471CCU6, STM32G471CET3, STM32G471CET6, STM32G471CEU3, STM32G471CEU6, STM32G471MCT6, STM32G471MET3, STM32G471MET6, STM32G471MEY6TR, STM32G471QCT6, STM32G471QET3, STM32G471RCT6, STM32G471RET3, STM32G471RET6, STM32G471VCH6, STM32G471VCI6, STM32G471VCT6, STM32G471VEH3, STM32G471VEH6, STM32G471VEI3, STM32G471VEI6, STM32G471VET3, STM32G471VET6, STM32G473QET3Z, STM32G473RET3Z, STM32G474CCT6, STM32G491RET3Z, STM32H503CBT6, STM32H503CBU6, STM32H503EBY6TR, STM32H503KBU6, STM32H503RBT6, STM32H523CCT6, STM32H523CCU6, STM32H523CET6, STM32H523CEU6, STM32H523HEY6TR, STM32H523RCT6, STM32H523RET6, STM32H523VCI6, STM32H523VCT6, STM32H523VEI6, STM32H523VET6, STM32H523ZCJ6, STM32H523ZCT6, STM32H523ZEJ6, STM32H523ZET6, STM32H533CET6, STM32H533CEU6, STM32H533HEY6TR, STM32H533RET6, STM32H533VEI6, STM32H533VET6, STM32H533ZEJ6, STM32H533ZET6, STM32H562AGI6, STM32H562AII6, STM32H562IGK6, STM32H562IGT6, STM32H562IIK6, STM32H562IIT6, STM32H562RGT6, STM32H562RGV6, STM32H562RIT6, STM32H562RIV6, STM32H562VGT6, STM32H562VIT6, STM32H562ZGT6, STM32H562ZIT6, STM32H563AGI6, STM32H563AII3Q, STM32H563AII6, STM32H563IGK6, STM32H563IGT6, STM32H563IIK3Q, STM32H563IIK6, STM32H563IIT3Q, STM32H563IIT6, STM32H563MIY3QTR, STM32H563RGT6, STM32H563RGV6, STM32H563RIT6, STM32H563RIV6, STM32H563VGT6, STM32H563VIT3Q, STM32H563VIT6, STM32H563ZGT6, STM32H563ZIT3Q, STM32H563ZIT6, STM32H573AII3Q, STM32H573AII6, STM32H573I-DK, STM32H573IIK3Q, STM32H573IIK6, STM32H573IIT3Q, STM32H573IIT6, STM32H573MIY3QTR, STM32H573RIT6, STM32H573RIV6, STM32H573VIT3Q, STM32H573VIT6, STM32H573ZIT3Q, STM32H573ZIT6, STM32H7R3A8I6, STM32H7R3I8K6, STM32H7R3I8T6, STM32H7R3L8H6, STM32H7R3L8H6H, STM32H7R3R8V6, STM32H7R3V8H6, STM32H7R3V8T6, STM32H7R3V8Y6TR, STM32H7R3Z8J6, STM32H7R3Z8T6, STM32H7R7A8I6, STM32H7R7I8K6, STM32H7R7I8T6, STM32H7R7L8H6, STM32H7R7L8H6H, STM32H7R7Z8J6, STM32H7S3A8I6, STM32H7S3I8K6, STM32H7S3I8T6, STM32H7S3L8H6, STM32H7S3L8H6H, STM32H7S3R8V6, STM32H7S3V8H6, STM32H7S3V8T6, STM32H7S3V8Y6TR, STM32H7S3Z8J6, STM32H7S3Z8T6, STM32H7S78-DK, STM32H7S7A8I6, STM32H7S7I8K6, STM32H7S7I8T6, STM32H7S7L8H6, STM32H7S7L8H6H, STM32H7S7Z8J6, STM32L4R5QGI6STR, STM32MP131AAE3, STM32MP131AAF3, STM32MP131AAG3, STM32MP131CAE3, STM32MP131CAF3, STM32MP131CAG3, STM32MP131DAE7, STM32MP131DAF7, STM32MP131DAG7, STM32MP131FAE7, STM32MP131FAF7, STM32MP131FAG7, STM32MP133AAE3, STM32MP133AAF3, STM32MP133AAG3, STM32MP133CAE3, STM32MP133CAF3, STM32MP133CAG3, STM32MP133DAE7, STM32MP133DAF7, STM32MP133DAG7, STM32MP133FAE7, STM32MP133FAF7, STM32MP133FAG7, STM32MP135AAE3, STM32MP135AAF3, STM32MP135AAG3, STM32MP135CAE3, STM32MP135CAF3, STM32MP135CAG3, STM32MP135DAE7, STM32MP135DAF7, STM32MP135DAG7, STM32MP135F-DK, STM32MP135FAE7, STM32MP135FAF7, STM32MP135FAF7T, STM32MP135FAF7U, STM32MP135FAG7, STM32MP231AAJ3, STM32MP231AAK3, STM32MP231AAL3, STM32MP231CAJ3, STM32MP231CAK3, STM32MP231CAL3, STM32MP231DAJ3, STM32MP231DAK3, STM32MP231DAL3, STM32MP231FAJ3, STM32MP231FAK3, STM32MP231FAL3, STM32MP233AAJ3, STM32MP233AAK3, STM32MP233AAL3, STM32MP233CAJ3, STM32MP233CAK3, STM32MP233CAL3, STM32MP233DAJ3, STM32MP233DAK3, STM32MP233DAL3, STM32MP233FAJ3, STM32MP233FAK3, STM32MP233FAL3, STM32MP235AAJ3, STM32MP235AAK3, STM32MP235AAL3, STM32MP235CAJ3, STM32MP235CAK3, STM32MP235CAL3, STM32MP235DAJ3, STM32MP235DAK3, STM32MP235DAL3, STM32MP235FAJ3, STM32MP235FAK3, STM32MP235FAL3, STM32MP251AAI3, STM32MP251AAJ3, STM32MP251AAK3, STM32MP251AAL3, STM32MP251CAI3, STM32MP251CAJ3, STM32MP251CAK3, STM32MP251CAL3, STM32MP251DAI3, STM32MP251DAJ3, STM32MP251DAK3, STM32MP251DAL3, STM32MP251FAI3, STM32MP251FAJ3, STM32MP251FAK3, STM32MP251FAL3, STM32MP253AAI3, STM32MP253AAJ3, STM32MP253AAK3, STM32MP253AAL3, STM32MP253CAI3, STM32MP253CAJ3, STM32MP253CAK3, STM32MP253CAL3, STM32MP253DAI3, STM32MP253DAJ3, STM32MP253DAK3, STM32MP253DAL3, STM32MP253FAI3, STM32MP253FAJ3, STM32MP253FAK3, STM32MP253FAL3, STM32MP255AAI3, STM32MP255AAJ3, STM32MP255AAK3, STM32MP255AAL3, STM32MP255CAI3, STM32MP255CAJ3, STM32MP255CAK3, STM32MP255CAL3, STM32MP255DAI3, STM32MP255DAJ3, STM32MP255DAK3, STM32MP255DAL3, STM32MP255FAI3, STM32MP255FAJ3, STM32MP255FAK3, STM32MP255FAL3, STM32MP257AAI3, STM32MP257AAJ3, STM32MP257AAK3, STM32MP257AAL3, STM32MP257CAI3, STM32MP257CAJ3, STM32MP257CAK3, STM32MP257CAL3, STM32MP257DAI3, STM32MP257DAJ3, STM32MP257DAK3, STM32MP257DAL3, STM32MP257F-DK, STM32MP257F-EV1, STM32MP257FAI3, STM32MP257FAJ3, STM32MP257FAK3, STM32MP257FAL3, STM32N645A0H3Q, STM32N645B0H3Q, STM32N645I0H3Q, STM32N645L0H3Q, STM32N645X0H3Q, STM32N645Z0H3Q, STM32N647A0H3Q, STM32N647B0H3Q, STM32N647I0H3Q, STM32N647L0H3Q, STM32N647X0H3Q, STM32N647Z0H3Q, STM32N655A0H3Q, STM32N655B0H3Q, STM32N655I0H3Q, STM32N655L0H3Q, STM32N655X0H3Q, STM32N655Z0H3Q, STM32N6570-DK, STM32N657A0H3Q, STM32N657B0H3Q, STM32N657I0H3Q, STM32N657L0H3Q, STM32N657X0H3Q, STM32N657Z0H3Q, STM32U031C6T6, STM32U031C6U6, STM32U031C8T6, STM32U031C8U6, STM32U031F4P6, STM32U031F6P6, STM32U031F8P6, STM32U031G6Y6TR, STM32U031G8Y6TR, STM32U031K4U6, STM32U031K6U6, STM32U031K8U6, STM32U031R6I6, STM32U031R6T6, STM32U031R8I6, STM32U031R8T6, STM32U073C8T6, STM32U073C8U6, STM32U073CBT6, STM32U073CBU6, STM32U073CCT6, STM32U073CCU6, STM32U073H8Y6TR, STM32U073HBY6TR, STM32U073HCY6TR, STM32U073K8U6, STM32U073KBU6, STM32U073KCU6, STM32U073M8I6, STM32U073M8T6, STM32U073MBI6, STM32U073MBT6, STM32U073MCI6, STM32U073MCT6, STM32U073R8I6, STM32U073R8T6, STM32U073RBI6, STM32U073RBT6, STM32U073RCI6, STM32U073RCT6, STM32U083C-DK, STM32U083CCT6, STM32U083CCU6, STM32U083HCY6TR, STM32U083KCU6, STM32U083MCI6, STM32U083MCT6, STM32U083RCI6, STM32U083RCT6, STM32U375CET6, STM32U375CET6Q, STM32U375CEU6, STM32U375CEU6Q, STM32U375CEY6QTR, STM32U375CGT6, STM32U375CGT6Q, STM32U375CGU6, STM32U375CGU6Q, STM32U375CGY6QTR, STM32U375KEU6, STM32U375KGU6, STM32U375REI6, STM32U375REI6Q, STM32U375RET6, STM32U375RET6Q, STM32U375REY6GTR, STM32U375REY6QTR, STM32U375RGI6, STM32U375RGI6Q, STM32U375RGT6, STM32U375RGT6Q, STM32U375RGY6GTR, STM32U375RGY6QTR, STM32U375VEI6, STM32U375VEI6Q, STM32U375VET6, STM32U375VET6Q, STM32U375VGI6, STM32U375VGI6Q, STM32U375VGT6, STM32U375VGT6Q, STM32U385CGT6, STM32U385CGT6Q, STM32U385CGU6, STM32U385CGU6Q, STM32U385CGY6QTR, STM32U385KGU6, STM32U385RGI6, STM32U385RGI6Q, STM32U385RGT6, STM32U385RGT6Q, STM32U385RGY6GTR, STM32U385RGY6QTR, STM32U385VGI6, STM32U385VGI6Q, STM32U385VGT6, STM32U385VGT6Q, STM32U535CBT6, STM32U535CBT6Q, STM32U535CBU6, STM32U535CBU6Q, STM32U535CCT6, STM32U535CCT6Q, STM32U535CCU6, STM32U535CCU6Q, STM32U535CET6, STM32U535CET6Q, STM32U535CEU6, STM32U535CEU6Q, STM32U535JEY6QTR, STM32U535NCY6QTR, STM32U535NEY6QTR, STM32U535RBI6, STM32U535RBI6Q, STM32U535RBT6, STM32U535RBT6Q, STM32U535RCI6, STM32U535RCI6Q, STM32U535RCT6, STM32U535RCT6Q, STM32U535REI6, STM32U535REI6Q, STM32U535RET6, STM32U535RET6Q, STM32U535VCI6, STM32U535VCI6Q, STM32U535VCT6, STM32U535VCT6Q, STM32U535VEI6, STM32U535VEI6Q, STM32U535VET6, STM32U535VET6Q, STM32U545CET6, STM32U545CET6Q, STM32U545CEU6, STM32U545CEU6Q, STM32U545JEY6QTR, STM32U545NEY6QTR, STM32U545REI6, STM32U545REI6Q, STM32U545RET6, STM32U545RET6Q, STM32U545VEI6, STM32U545VEI6Q, STM32U545VET6, STM32U545VET6Q, STM32U595AIH6, STM32U595AIH6Q, STM32U595AJH6, STM32U595AJH6Q, STM32U595QII6, STM32U595QII6Q, STM32U595QJI6, STM32U595QJI6Q, STM32U595RIT6, STM32U595RIT6Q, STM32U595RJT6, STM32U595RJT6Q, STM32U595VIT6, STM32U595VIT6Q, STM32U595VJT6, STM32U595VJT6Q, STM32U595ZIT6, STM32U595ZIT6Q, STM32U595ZIY6QTR, STM32U595ZJT6, STM32U595ZJT6Q, STM32U595ZJY6QTR, STM32U599BJY6QTR, STM32U599NIH6Q, STM32U599NJH6Q, STM32U599VIT6Q, STM32U599VJT6, STM32U599VJT6Q, STM32U599ZIT6Q, STM32U599ZIY6QTR, STM32U599ZJT6Q, STM32U599ZJY6QTR, STM32U5A5AJH6, STM32U5A5AJH6Q, STM32U5A5QII3Q , STM32U5A5QJI6, STM32U5A5QJI6Q, STM32U5A5RJT6, STM32U5A5RJT6Q, STM32U5A5VJT6, STM32U5A5VJT6Q, STM32U5A5ZJT6, STM32U5A5ZJT6Q, STM32U5A5ZJY6QTR, STM32U5A9BJY6QTR, STM32U5A9J-DK, STM32U5A9NJH6Q, STM32U5A9VJT6Q, STM32U5A9ZJT6Q, STM32U5A9ZJY6QTR, STM32U5F7VIT6, STM32U5F7VIT6Q, STM32U5F7VJT6, STM32U5F7VJT6Q, STM32U5F9BJY6QTR, STM32U5F9NJH6Q, STM32U5F9VIT6Q, STM32U5F9VJT6Q, STM32U5F9ZIJ6QTR, STM32U5F9ZIT6Q, STM32U5F9ZJJ6QTR, STM32U5F9ZJT6Q, STM32U5G7VJT6, STM32U5G7VJT6Q, STM32U5G9BJY6QTR, STM32U5G9J-DK1, STM32U5G9J-DK2, STM32U5G9NJH6Q, STM32U5G9VJT6Q, STM32U5G9ZJJ6QTR, STM32U5G9ZJT6Q, STM32WB05KZV6TR, STM32WB05KZV7TR, STM32WB05TZF6TR, STM32WB05TZF7TR, STM32WB06CCF6TR, STM32WB06CCF7TR, STM32WB06CCV6TR, STM32WB06CCV7TR, STM32WB06KCV6TR, STM32WB06KCV7TR, STM32WB07CCF6TR, STM32WB07CCF7TR, STM32WB07CCV6TR, STM32WB07CCV7TR, STM32WB07KCV6TR, STM32WB07KCV7TR, STM32WB09KEV6TR, STM32WB09KEV7TR, STM32WB09TEF6TR, STM32WB09TEF7TR, STM32WB1MMCH6, STM32WBA50KGU6, STM32WBA50KGU6TR, STM32WBA52CEU6, STM32WBA52CEU6TR, STM32WBA52CEU7, STM32WBA52CEU7TR, STM32WBA52CGU6, STM32WBA52CGU6TR, STM32WBA52CGU6U, STM32WBA52CGU7, STM32WBA52CGU7TR, STM32WBA52KEU6, STM32WBA52KEU6TR, STM32WBA52KGU6, STM32WBA52KGU6TR, STM32WBA54CEU6, STM32WBA54CEU6TR, STM32WBA54CEU7, STM32WBA54CEU7TR, STM32WBA54CGU6, STM32WBA54CGU6TR, STM32WBA54CGU7, STM32WBA54CGU7TR, STM32WBA54KEU6, STM32WBA54KEU6TR, STM32WBA54KEU7, STM32WBA54KEU7TR, STM32WBA54KGU6, STM32WBA54KGU6TR, STM32WBA54KGU7, STM32WBA54KGU7TR, STM32WBA55CEU6, STM32WBA55CEU6TR, STM32WBA55CEU7, STM32WBA55CEU7TR, STM32WBA55CGU6, STM32WBA55CGU6TR, STM32WBA55CGU6U, STM32WBA55CGU7, STM32WBA55CGU7TR, STM32WBA55G-DK1, STM32WBA55HEF6, STM32WBA55HEF7, STM32WBA55HGF6, STM32WBA55HGF7, STM32WBA55UEI6, STM32WBA55UEI6TR, STM32WBA55UEI7, STM32WBA55UEI7TR, STM32WBA55UGI6, STM32WBA55UGI6TR, STM32WBA55UGI7, STM32WBA55UGI7TR, STM32WBA5MJGH6TR, STM32WBA5MJGH6U, STM32WL33C8V6, STM32WL33C8V6TR, STM32WL33C8V7, STM32WL33C8V7TR, STM32WL33CBV6, STM32WL33CBV6TR, STM32WL33CBV7, STM32WL33CBV7TR, STM32WL33CCV6, STM32WL33CCV6TR, STM32WL33CCV7, STM32WL33CCV7A, STM32WL33CCV7ATR, STM32WL33CCV7TR, STM32WL33K8V6, STM32WL33K8V6TR, STM32WL33K8V7, STM32WL33K8V7TR, STM32WL33KBV6, STM32WL33KBV6TR, STM32WL33KBV7, STM32WL33KBV7TR, STM32WL33KCV6, STM32WL33KCV6TR, STM32WL33KCV7, STM32WL33KCV7TR, STM32WL5MOCH6, STM32WL5MOCH6TR]
2025-02-16 14:45:35,064 [INFO] DbMcus:218 - Found 4545 MCUs, 4545 are supported
2025-02-16 14:45:35,064 [INFO] ApiDb:423 - Load user favorites file /home/kemish/.stm32cubeide/favorites.mcus.txt: 0 item(s)
2025-02-16 14:45:35,064 [INFO] ApiDb:427 - User favorites MCUs=[]
2025-02-16 14:45:35,064 [INFO] DbMcus:224 - Set 0 / 0 favorites MCUs
2025-02-16 14:45:35,369 [INFO] ApiDb:423 - Load user favorites file /home/kemish/.stm32cubeide/favorites.boards.txt: 0 item(s)
2025-02-16 14:45:35,369 [INFO] ApiDb:427 - User favorites Boards=[]
2025-02-16 14:45:35,369 [INFO] DbBoards:198 - Set 0 / 0 favorites Boards
2025-02-16 14:45:35,424 [INFO] UtilMem:75 - End LoadConfig() Used Memory: 232690072 Bytes (292552704)
2025-02-16 14:45:35,559 [WARN] ThirdParty:833 - waiting for thirdparty lock release [change project]
2025-02-16 14:45:35,560 [INFO] ThirdParty:835 - entering critical section [change project]
2025-02-16 14:45:35,560 [INFO] ThirdParty:1030 - CMSIS Pack Vendor :STMicroelectronics USBPD 4.1
2025-02-16 14:45:35,560 [INFO] ThirdParty:1030 - CMSIS Pack Vendor :STMicroelectronics X-CUBE-AZRTOS-H7 3.3.0
2025-02-16 14:45:35,560 [INFO] ThirdParty:1030 - CMSIS Pack Vendor :STMicroelectronics X-CUBE-NFC9 1.0.0
2025-02-16 14:45:35,560 [INFO] ThirdParty:1030 - CMSIS Pack Vendor :STMicroelectronics USB_HOST 2.0.0
2025-02-16 14:45:35,560 [INFO] ThirdParty:1030 - CMSIS Pack Vendor :STMicroelectronics FP-SNS-MOTENVWB1 1.4.0
2025-02-16 14:45:35,560 [INFO] ThirdParty:1030 - CMSIS Pack Vendor :STMicroelectronics X-CUBE-AZRTOS-F4 1.1.0
2025-02-16 14:45:35,560 [INFO] ThirdParty:1030 - CMSIS Pack Vendor :STMicroelectronics LIBJPEG 8.0.0
2025-02-16 14:45:35,560 [INFO] ThirdParty:1030 - CMSIS Pack Vendor :STMicroelectronics FP-ATR-ASTRA1 2.0.1
2025-02-16 14:45:35,560 [INFO] ThirdParty:1030 - CMSIS Pack Vendor :STMicroelectronics X-CUBE-SMBUS 2.1.0
2025-02-16 14:45:35,560 [INFO] ThirdParty:1030 - CMSIS Pack Vendor :STMicroelectronics X-CUBE-WB05N 1.1.0
2025-02-16 14:45:35,560 [INFO] ThirdParty:1030 - CMSIS Pack Vendor :STMicroelectronics USB_DEVICE 3.0.0
2025-02-16 14:45:35,560 [INFO] ThirdParty:1030 - CMSIS Pack Vendor :STMicroelectronics X-CUBE-ISPU 2.1.0
2025-02-16 14:45:35,560 [INFO] ThirdParty:1030 - CMSIS Pack Vendor :STMicroelectronics X-CUBE-AZRTOS-WB 2.0.0
2025-02-16 14:45:35,560 [INFO] ThirdParty:1030 - CMSIS Pack Vendor :STMicroelectronics X-CUBE-GNSS1 7.0.1
2025-02-16 14:45:35,560 [INFO] ThirdParty:1030 - CMSIS Pack Vendor :STMicroelectronics X-CUBE-AZRTOS-F7 1.1.0
2025-02-16 14:45:35,560 [INFO] ThirdParty:1030 - CMSIS Pack Vendor :STMicroelectronics X-CUBE-AZRTOS-L5 2.0.0
2025-02-16 14:45:35,560 [INFO] ThirdParty:1030 - CMSIS Pack Vendor :STMicroelectronics USB_DEVICE 2.0.0
2025-02-16 14:45:35,560 [INFO] ThirdParty:1030 - CMSIS Pack Vendor :STMicroelectronics X-CUBE-NFC6 3.1.0
2025-02-16 14:45:35,560 [INFO] ThirdParty:1030 - CMSIS Pack Vendor :STMicroelectronics FP-SNS-STBOX1 2.0.0
2025-02-16 14:45:35,560 [INFO] ThirdParty:1030 - CMSIS Pack Vendor :STMicroelectronics FreeRTOS 0.0.1
2025-02-16 14:45:35,560 [INFO] ThirdParty:1030 - CMSIS Pack Vendor :STMicroelectronics X-CUBE-AZRTOS-G0 1.1.0
2025-02-16 14:45:35,560 [INFO] ThirdParty:1030 - CMSIS Pack Vendor :STMicroelectronics X-CUBE-SAFEA1 1.2.2
2025-02-16 14:45:35,560 [INFO] ThirdParty:1030 - CMSIS Pack Vendor :STMicroelectronics X-CUBE-NFC4 3.0.0
2025-02-16 14:45:35,560 [INFO] ThirdParty:1030 - CMSIS Pack Vendor :STMicroelectronics X-CUBE-DPower 1.2.0
2025-02-16 14:45:35,560 [INFO] ThirdParty:1030 - CMSIS Pack Vendor :STMicroelectronics X-CUBE-SUBG2 5.0.0
2025-02-16 14:45:35,560 [INFO] ThirdParty:1030 - CMSIS Pack Vendor :STMicroelectronics STM32_WPAN 1.0.0
2025-02-16 14:45:35,561 [INFO] ThirdParty:1030 - CMSIS Pack Vendor :EmbeddedOffice I-CUBE-FS-RTOS 1.0.1
2025-02-16 14:45:35,561 [INFO] ThirdParty:1030 - CMSIS Pack Vendor :STMicroelectronics lwIP 2.0.3
2025-02-16 14:45:35,561 [INFO] ThirdParty:1030 - CMSIS Pack Vendor :STMicroelectronics FP-SNS-FLIGHT1 5.0.2
2025-02-16 14:45:35,561 [INFO] ThirdParty:1030 - CMSIS Pack Vendor :Cesanta I-CUBE-Mongoose 7.13.0
2025-02-16 14:45:35,561 [INFO] ThirdParty:1030 - CMSIS Pack Vendor :STMicroelectronics USB_HOST 1.0.0
2025-02-16 14:45:35,561 [INFO] ThirdParty:1030 - CMSIS Pack Vendor :Infineon AIROC-Wi-Fi-Bluetooth-STM32 1.7.0
2025-02-16 14:45:35,561 [INFO] ThirdParty:1030 - CMSIS Pack Vendor :STMicroelectronics X-CUBE-AZRTOS-G4 2.0.0
2025-02-16 14:45:35,561 [INFO] ThirdParty:1030 - CMSIS Pack Vendor :STMicroelectronics PDM2PCM 3.1.0
2025-02-16 14:45:35,561 [INFO] ThirdParty:1030 - CMSIS Pack Vendor :STMicroelectronics PDM2PCM 3.3.0
2025-02-16 14:45:35,561 [INFO] ThirdParty:1030 - CMSIS Pack Vendor :STMicroelectronics X-CUBE-DISPLAY 3.0.0
2025-02-16 14:45:35,561 [INFO] ThirdParty:1030 - CMSIS Pack Vendor :STMicroelectronics X-CUBE-TCPP 4.2.0
2025-02-16 14:45:35,561 [INFO] ThirdParty:1030 - CMSIS Pack Vendor :RealThread X-CUBE-RT-Thread_Nano 4.1.1
2025-02-16 14:45:35,561 [INFO] ThirdParty:1030 - CMSIS Pack Vendor :STMicroelectronics X-CUBE-BLE1 7.0.0
2025-02-16 14:45:35,561 [INFO] ThirdParty:1030 - CMSIS Pack Vendor :STMicroelectronics FP-ATR-SIGFOX1 3.2.0
2025-02-16 14:45:35,561 [INFO] ThirdParty:1030 - CMSIS Pack Vendor :STMicroelectronics X-CUBE-NFC10 1.0.0
2025-02-16 14:45:35,561 [INFO] ThirdParty:1030 - CMSIS Pack Vendor :quantropi X-CUBE-qispace-sdk-base 1.9.3
2025-02-16 14:45:35,561 [INFO] ThirdParty:1030 - CMSIS Pack Vendor :STMicroelectronics X-CUBE-BLEMGR 4.0.0
2025-02-16 14:45:35,561 [INFO] ThirdParty:1030 - CMSIS Pack Vendor :STMicroelectronics X-CUBE-EEPRMA1 5.1.0
2025-02-16 14:45:35,561 [INFO] ThirdParty:1030 - CMSIS Pack Vendor :STMicroelectronics HAL Drivers 0.0.0
2025-02-16 14:45:35,561 [INFO] ThirdParty:1030 - CMSIS Pack Vendor :STMicroelectronics MBEDTLS 2.16.2
2025-02-16 14:45:35,561 [INFO] ThirdParty:1030 - CMSIS Pack Vendor :STMicroelectronics X-CUBE-IPS 3.1.0
2025-02-16 14:45:35,561 [INFO] ThirdParty:1030 - CMSIS Pack Vendor :STMicroelectronics X-CUBE-ALS 1.0.2
2025-02-16 14:45:35,561 [INFO] ThirdParty:1030 - CMSIS Pack Vendor :emotas I-CUBE-CANOPEN 1.3.0
2025-02-16 14:45:35,561 [INFO] ThirdParty:1030 - CMSIS Pack Vendor :STMicroelectronics X-CUBE-FREERTOS 1.3.0
2025-02-16 14:45:35,561 [INFO] ThirdParty:1030 - CMSIS Pack Vendor :wolfSSL I-CUBE-wolfSSL 5.7.4
2025-02-16 14:45:35,561 [INFO] ThirdParty:1030 - CMSIS Pack Vendor :STMicroelectronics X-CUBE-NFC7 1.0.1
2025-02-16 14:45:35,561 [INFO] ThirdParty:1030 - CMSIS Pack Vendor :STMicroelectronics MBEDTLS 2.14.1
2025-02-16 14:45:35,561 [INFO] ThirdParty:1030 - CMSIS Pack Vendor :ITTIA_DB I-CUBE-ITTIADB 8.9.0
2025-02-16 14:45:35,561 [INFO] ThirdParty:1030 - CMSIS Pack Vendor :STMicroelectronics X-CUBE-TOUCHGFX 4.24.2
2025-02-16 14:45:35,561 [INFO] ThirdParty:1030 - CMSIS Pack Vendor :wolfSSL I-CUBE-wolfTPM 3.4.0
2025-02-16 14:45:35,561 [INFO] ThirdParty:1030 - CMSIS Pack Vendor :portGmbH I-Cube-SoM-uGOAL 1.1.0
2025-02-16 14:45:35,561 [INFO] ThirdParty:1030 - CMSIS Pack Vendor :STMicroelectronics X-CUBE-AI 10.0.0
2025-02-16 14:45:35,562 [INFO] ThirdParty:1030 - CMSIS Pack Vendor :STMicroelectronics ThreadX 1.0.0
2025-02-16 14:45:35,562 [INFO] ThirdParty:1030 - CMSIS Pack Vendor :STMicroelectronics FP-SNS-SMARTAG2 1.2.0
2025-02-16 14:45:35,562 [INFO] ThirdParty:1030 - CMSIS Pack Vendor :STMicroelectronics X-CUBE-MEMS1 11.1.0
2025-02-16 14:45:35,562 [INFO] ThirdParty:1030 - CMSIS Pack Vendor :STMicroelectronics X-CUBE-AZRTOS-WL 2.0.0
2025-02-16 14:45:35,562 [INFO] ThirdParty:1030 - CMSIS Pack Vendor :SEGGER I-CUBE-embOS 1.3.1
2025-02-16 14:45:35,562 [INFO] ThirdParty:1030 - CMSIS Pack Vendor :STMicroelectronics X-CUBE-ALGOBUILD 1.4.0
2025-02-16 14:45:35,562 [INFO] ThirdParty:1030 - CMSIS Pack Vendor :STMicroelectronics FP-SNS-MOTENV1 5.0.0
2025-02-16 14:45:35,562 [INFO] ThirdParty:1030 - CMSIS Pack Vendor :STMicroelectronics USB_DEVICE 1.0.0
2025-02-16 14:45:35,562 [INFO] ThirdParty:1030 - CMSIS Pack Vendor :STMicroelectronics X-CUBE-AZRTOS-H7RS 1.0.0
2025-02-16 14:45:35,562 [INFO] ThirdParty:1030 - CMSIS Pack Vendor :wolfSSL I-CUBE-wolfMQTT 1.19.0
2025-02-16 14:45:35,562 [INFO] ThirdParty:1030 - CMSIS Pack Vendor :STMicroelectronics X-CUBE-AZRTOS-L4 2.0.0
2025-02-16 14:45:35,562 [INFO] ThirdParty:1030 - CMSIS Pack Vendor :STMicroelectronics ThreadX 0.0.2
2025-02-16 14:45:35,562 [INFO] ThirdParty:1030 - CMSIS Pack Vendor :WES I-CUBE-Cesium 1.3.0
2025-02-16 14:45:35,562 [INFO] ThirdParty:1030 - CMSIS Pack Vendor :STMicroelectronics lwIP 2.1.2
2025-02-16 14:45:35,562 [INFO] ThirdParty:1030 - CMSIS Pack Vendor :STMicroelectronics X-CUBE-SFXS2LP1 4.0.0
2025-02-16 14:45:35,562 [INFO] ThirdParty:1030 - CMSIS Pack Vendor :STMicroelectronics X-CUBE-BLE2 3.3.0
2025-02-16 14:45:35,562 [INFO] ThirdParty:1030 - CMSIS Pack Vendor :STMicroelectronics X-CUBE-TOF1 3.4.2
2025-02-16 14:45:35,562 [INFO] ThirdParty:1030 - CMSIS Pack Vendor :STMicroelectronics X-CUBE-AI 9.1.0
2025-02-16 14:45:35,562 [INFO] ThirdParty:1030 - CMSIS Pack Vendor :STMicroelectronics PDM2PCM 3.2.0
2025-02-16 14:45:35,562 [INFO] ThirdParty:1030 - CMSIS Pack Vendor :wolfSSL I-CUBE-wolfSSH 1.4.17
2025-02-16 14:45:35,562 [INFO] ThirdParty:841 - exiting critical section [change project]
2025-02-16 14:45:35,820 [INFO] PinOutPanel:1589 - setPackage(No Configuration,No Configuration)
2025-02-16 14:45:35,821 [INFO] PinOutPanel:1589 - setPackage(STM32F411CEUx,UFQFPN48)
2025-02-16 14:45:36,083 [INFO] UtilMem:75 - Before build in PCC Used Memory: 236578040 Bytes (346030080)
2025-02-16 14:45:36,474 [INFO] UtilMem:75 - After build in PCC Used Memory: 260396848 Bytes (346030080)
2025-02-16 14:45:36,494 [INFO] IPUIPlugin:80 - create IPUIPlugin
2025-02-16 14:45:36,494 [INFO] IPUIPlugin:80 - create IPUIPlugin
2025-02-16 14:45:36,494 [INFO] IPUIPlugin:80 - create IPUIPlugin
2025-02-16 14:45:36,494 [INFO] IPUIPlugin:80 - create IPUIPlugin
2025-02-16 14:45:36,494 [INFO] IPUIPlugin:80 - create IPUIPlugin
2025-02-16 14:45:36,495 [INFO] IPUIPlugin:80 - create IPUIPlugin
2025-02-16 14:45:36,495 [INFO] IPUIPlugin:80 - create IPUIPlugin
2025-02-16 14:45:36,495 [INFO] IPUIPlugin:80 - create IPUIPlugin
2025-02-16 14:45:36,495 [INFO] IPUIPlugin:80 - create IPUIPlugin
2025-02-16 14:45:36,495 [INFO] IPUIPlugin:80 - create IPUIPlugin
2025-02-16 14:45:36,495 [INFO] IPUIPlugin:80 - create IPUIPlugin
2025-02-16 14:45:36,495 [INFO] IPUIPlugin:80 - create IPUIPlugin
2025-02-16 14:45:36,495 [INFO] IPUIPlugin:80 - create IPUIPlugin
2025-02-16 14:45:36,495 [INFO] IPUIPlugin:80 - create IPUIPlugin
2025-02-16 14:45:36,495 [INFO] IPUIPlugin:80 - create IPUIPlugin
2025-02-16 14:45:36,496 [INFO] IPUIPlugin:80 - create IPUIPlugin
2025-02-16 14:45:36,496 [INFO] IPUIPlugin:80 - create IPUIPlugin
2025-02-16 14:45:36,496 [INFO] IPUIPlugin:80 - create IPUIPlugin
2025-02-16 14:45:36,496 [INFO] IPUIPlugin:80 - create IPUIPlugin
2025-02-16 14:45:36,496 [INFO] IPUIPlugin:80 - create IPUIPlugin
2025-02-16 14:45:36,496 [INFO] IPUIPlugin:80 - create IPUIPlugin
2025-02-16 14:45:36,496 [INFO] IPUIPlugin:80 - create IPUIPlugin
2025-02-16 14:45:36,497 [INFO] IPUIPlugin:80 - create IPUIPlugin
2025-02-16 14:45:36,497 [INFO] IPUIPlugin:80 - create IPUIPlugin
2025-02-16 14:45:36,497 [INFO] IPUIPlugin:80 - create IPUIPlugin
2025-02-16 14:45:36,497 [INFO] IPUIPlugin:80 - create IPUIPlugin
2025-02-16 14:45:36,497 [INFO] IPUIPlugin:80 - create IPUIPlugin
2025-02-16 14:45:36,497 [INFO] IPUIPlugin:80 - create IPUIPlugin
2025-02-16 14:45:36,497 [INFO] IPUIPlugin:80 - create IPUIPlugin
2025-02-16 14:45:36,497 [INFO] IPUIPlugin:80 - create IPUIPlugin
2025-02-16 14:45:36,497 [INFO] IPUIPlugin:80 - create IPUIPlugin
2025-02-16 14:45:36,497 [INFO] IPUIPlugin:80 - create IPUIPlugin
2025-02-16 14:45:36,497 [INFO] IPUIPlugin:80 - create IPUIPlugin
2025-02-16 14:45:36,497 [INFO] IPUIPlugin:80 - create IPUIPlugin
2025-02-16 14:45:36,497 [INFO] IPUIPlugin:80 - create IPUIPlugin
2025-02-16 14:45:36,497 [INFO] IPUIPlugin:80 - create IPUIPlugin
2025-02-16 14:45:36,497 [INFO] IPUIPlugin:80 - create IPUIPlugin
2025-02-16 14:45:36,498 [INFO] IPUIPlugin:80 - create IPUIPlugin
2025-02-16 14:45:36,498 [INFO] IPUIPlugin:80 - create IPUIPlugin
2025-02-16 14:45:36,498 [INFO] IPUIPlugin:80 - create IPUIPlugin
2025-02-16 14:45:36,498 [INFO] IPUIPlugin:80 - create IPUIPlugin
2025-02-16 14:45:36,498 [INFO] IPUIPlugin:80 - create IPUIPlugin
2025-02-16 14:45:36,499 [INFO] IPUIPlugin:80 - create IPUIPlugin
2025-02-16 14:45:36,520 [INFO] ApiDbMcu:508 - Load IP Config File for PDM2PCM
2025-02-16 14:45:36,525 [WARN] IP:2251 - I2C_Coeff_DF not found: check if there is a RefParameter without a condition.
2025-02-16 14:45:36,525 [WARN] IP:2251 - Analog_Filter not found: check if there is a RefParameter without a condition.
2025-02-16 14:45:36,526 [WARN] IP:2251 - I2C_Coeff_DF not found: check if there is a RefParameter without a condition.
2025-02-16 14:45:36,526 [WARN] IP:2251 - Analog_Filter not found: check if there is a RefParameter without a condition.
2025-02-16 14:45:36,637 [INFO] CADModel:165 - CPN selected for project levelSTM32F411CEU6
2025-02-16 14:45:36,637 [INFO] CADModel:114 - Register for checkConnection events
2025-02-16 14:45:36,674 [INFO] OpenFileManager:363 - Restore cursor
2025-02-16 14:45:36,846 [WARN] IP:2251 - I2C_Coeff_DF not found: check if there is a RefParameter without a condition.
2025-02-16 14:45:36,846 [WARN] IP:2251 - Analog_Filter not found: check if there is a RefParameter without a condition.
2025-02-16 14:45:36,846 [WARN] IP:2251 - I2C_Coeff_DF not found: check if there is a RefParameter without a condition.
2025-02-16 14:45:36,846 [WARN] IP:2251 - Analog_Filter not found: check if there is a RefParameter without a condition.
2025-02-16 14:45:36,848 [WARN] IP:2251 - I2C_Coeff_DF not found: check if there is a RefParameter without a condition.
2025-02-16 14:45:36,849 [WARN] IP:2251 - Analog_Filter not found: check if there is a RefParameter without a condition.
2025-02-16 14:45:36,849 [WARN] IP:2251 - I2C_Coeff_DF not found: check if there is a RefParameter without a condition.
2025-02-16 14:45:36,849 [WARN] IP:2251 - Analog_Filter not found: check if there is a RefParameter without a condition.
2025-02-16 14:45:42,230 [ERROR] LogOutputStream:75 - [STDERR_REDIRECT] Feb 16, 2025 2:45:42 PM java.util.prefs.FileSystemPreferences checkLockFile0ErrorCode
2025-02-16 14:45:42,230 [ERROR] LogOutputStream:75 - [STDERR_REDIRECT] WARNING: Could not lock System prefs. Unix error code 2.
2025-02-16 14:45:42,230 [ERROR] LogOutputStream:75 - [STDERR_REDIRECT] 
2025-02-16 14:45:42,231 [ERROR] LogOutputStream:75 - [STDERR_REDIRECT] Feb 16, 2025 2:45:42 PM java.util.prefs.FileSystemPreferences syncWorld
2025-02-16 14:45:42,231 [ERROR] LogOutputStream:75 - [STDERR_REDIRECT] WARNING: Couldn't flush system prefs: java.util.prefs.BackingStoreException: Couldn't get file lock.
2025-02-16 14:45:42,231 [ERROR] LogOutputStream:75 - [STDERR_REDIRECT] 
2025-02-16 14:46:12,222 [ERROR] LogOutputStream:75 - [STDERR_REDIRECT] Feb 16, 2025 2:46:12 PM java.util.prefs.FileSystemPreferences checkLockFile0ErrorCode
2025-02-16 14:46:12,223 [ERROR] LogOutputStream:75 - [STDERR_REDIRECT] WARNING: Could not lock System prefs. Unix error code 2.
2025-02-16 14:46:12,223 [ERROR] LogOutputStream:75 - [STDERR_REDIRECT] 
2025-02-16 14:46:12,223 [ERROR] LogOutputStream:75 - [STDERR_REDIRECT] Feb 16, 2025 2:46:12 PM java.util.prefs.FileSystemPreferences syncWorld
2025-02-16 14:46:12,223 [ERROR] LogOutputStream:75 - [STDERR_REDIRECT] WARNING: Couldn't flush system prefs: java.util.prefs.BackingStoreException: Couldn't get file lock.
2025-02-16 14:46:12,223 [ERROR] LogOutputStream:75 - [STDERR_REDIRECT] 
2025-02-16 14:46:42,223 [ERROR] LogOutputStream:75 - [STDERR_REDIRECT] Feb 16, 2025 2:46:42 PM java.util.prefs.FileSystemPreferences checkLockFile0ErrorCode
2025-02-16 14:46:42,223 [ERROR] LogOutputStream:75 - [STDERR_REDIRECT] WARNING: Could not lock System prefs. Unix error code 2.
2025-02-16 14:46:42,223 [ERROR] LogOutputStream:75 - [STDERR_REDIRECT] 
2025-02-16 14:46:42,223 [ERROR] LogOutputStream:75 - [STDERR_REDIRECT] Feb 16, 2025 2:46:42 PM java.util.prefs.FileSystemPreferences syncWorld
2025-02-16 14:46:42,223 [ERROR] LogOutputStream:75 - [STDERR_REDIRECT] WARNING: Couldn't flush system prefs: java.util.prefs.BackingStoreException: Couldn't get file lock.
2025-02-16 14:46:42,223 [ERROR] LogOutputStream:75 - [STDERR_REDIRECT] 
2025-02-16 14:47:12,223 [ERROR] LogOutputStream:75 - [STDERR_REDIRECT] Feb 16, 2025 2:47:12 PM java.util.prefs.FileSystemPreferences checkLockFile0ErrorCode
2025-02-16 14:47:12,223 [ERROR] LogOutputStream:75 - [STDERR_REDIRECT] WARNING: Could not lock System prefs. Unix error code 2.
2025-02-16 14:47:12,223 [ERROR] LogOutputStream:75 - [STDERR_REDIRECT] 
2025-02-16 14:47:12,223 [ERROR] LogOutputStream:75 - [STDERR_REDIRECT] Feb 16, 2025 2:47:12 PM java.util.prefs.FileSystemPreferences syncWorld
2025-02-16 14:47:12,224 [ERROR] LogOutputStream:75 - [STDERR_REDIRECT] WARNING: Couldn't flush system prefs: java.util.prefs.BackingStoreException: Couldn't get file lock.
2025-02-16 14:47:12,224 [ERROR] LogOutputStream:75 - [STDERR_REDIRECT] 
2025-02-16 14:47:42,223 [ERROR] LogOutputStream:75 - [STDERR_REDIRECT] Feb 16, 2025 2:47:42 PM java.util.prefs.FileSystemPreferences checkLockFile0ErrorCode
2025-02-16 14:47:42,223 [ERROR] LogOutputStream:75 - [STDERR_REDIRECT] WARNING: Could not lock System prefs. Unix error code 2.
2025-02-16 14:47:42,223 [ERROR] LogOutputStream:75 - [STDERR_REDIRECT] 
2025-02-16 14:47:42,224 [ERROR] LogOutputStream:75 - [STDERR_REDIRECT] Feb 16, 2025 2:47:42 PM java.util.prefs.FileSystemPreferences syncWorld
2025-02-16 14:47:42,224 [ERROR] LogOutputStream:75 - [STDERR_REDIRECT] WARNING: Couldn't flush system prefs: java.util.prefs.BackingStoreException: Couldn't get file lock.
2025-02-16 14:47:42,224 [ERROR] LogOutputStream:75 - [STDERR_REDIRECT] 
2025-02-16 14:48:12,224 [ERROR] LogOutputStream:75 - [STDERR_REDIRECT] Feb 16, 2025 2:48:12 PM java.util.prefs.FileSystemPreferences checkLockFile0ErrorCode
2025-02-16 14:48:12,224 [ERROR] LogOutputStream:75 - [STDERR_REDIRECT] WARNING: Could not lock System prefs. Unix error code 2.
2025-02-16 14:48:12,224 [ERROR] LogOutputStream:75 - [STDERR_REDIRECT] 
2025-02-16 14:48:12,224 [ERROR] LogOutputStream:75 - [STDERR_REDIRECT] Feb 16, 2025 2:48:12 PM java.util.prefs.FileSystemPreferences syncWorld
2025-02-16 14:48:12,224 [ERROR] LogOutputStream:75 - [STDERR_REDIRECT] WARNING: Couldn't flush system prefs: java.util.prefs.BackingStoreException: Couldn't get file lock.
2025-02-16 14:48:12,224 [ERROR] LogOutputStream:75 - [STDERR_REDIRECT] 
2025-02-16 14:48:42,224 [ERROR] LogOutputStream:75 - [STDERR_REDIRECT] Feb 16, 2025 2:48:42 PM java.util.prefs.FileSystemPreferences checkLockFile0ErrorCode
2025-02-16 14:48:42,224 [ERROR] LogOutputStream:75 - [STDERR_REDIRECT] WARNING: Could not lock System prefs. Unix error code 2.
2025-02-16 14:48:42,224 [ERROR] LogOutputStream:75 - [STDERR_REDIRECT] 
2025-02-16 14:48:42,224 [ERROR] LogOutputStream:75 - [STDERR_REDIRECT] Feb 16, 2025 2:48:42 PM java.util.prefs.FileSystemPreferences syncWorld
2025-02-16 14:48:42,224 [ERROR] LogOutputStream:75 - [STDERR_REDIRECT] WARNING: Couldn't flush system prefs: java.util.prefs.BackingStoreException: Couldn't get file lock.
2025-02-16 14:48:42,224 [ERROR] LogOutputStream:75 - [STDERR_REDIRECT] 
2025-02-16 14:49:12,225 [ERROR] LogOutputStream:75 - [STDERR_REDIRECT] Feb 16, 2025 2:49:12 PM java.util.prefs.FileSystemPreferences checkLockFile0ErrorCode
2025-02-16 14:49:12,225 [ERROR] LogOutputStream:75 - [STDERR_REDIRECT] WARNING: Could not lock System prefs. Unix error code 2.
2025-02-16 14:49:12,225 [ERROR] LogOutputStream:75 - [STDERR_REDIRECT] 
2025-02-16 14:49:12,225 [ERROR] LogOutputStream:75 - [STDERR_REDIRECT] Feb 16, 2025 2:49:12 PM java.util.prefs.FileSystemPreferences syncWorld
2025-02-16 14:49:12,225 [ERROR] LogOutputStream:75 - [STDERR_REDIRECT] WARNING: Couldn't flush system prefs: java.util.prefs.BackingStoreException: Couldn't get file lock.
2025-02-16 14:49:12,225 [ERROR] LogOutputStream:75 - [STDERR_REDIRECT] 
2025-02-16 14:49:42,226 [ERROR] LogOutputStream:75 - [STDERR_REDIRECT] Feb 16, 2025 2:49:42 PM java.util.prefs.FileSystemPreferences checkLockFile0ErrorCode
2025-02-16 14:49:42,226 [ERROR] LogOutputStream:75 - [STDERR_REDIRECT] WARNING: Could not lock System prefs. Unix error code 2.
2025-02-16 14:49:42,226 [ERROR] LogOutputStream:75 - [STDERR_REDIRECT] 
2025-02-16 14:49:42,226 [ERROR] LogOutputStream:75 - [STDERR_REDIRECT] Feb 16, 2025 2:49:42 PM java.util.prefs.FileSystemPreferences syncWorld
2025-02-16 14:49:42,226 [ERROR] LogOutputStream:75 - [STDERR_REDIRECT] WARNING: Couldn't flush system prefs: java.util.prefs.BackingStoreException: Couldn't get file lock.
2025-02-16 14:49:42,226 [ERROR] LogOutputStream:75 - [STDERR_REDIRECT] 
2025-02-16 14:50:12,226 [ERROR] LogOutputStream:75 - [STDERR_REDIRECT] Feb 16, 2025 2:50:12 PM java.util.prefs.FileSystemPreferences checkLockFile0ErrorCode
2025-02-16 14:50:12,226 [ERROR] LogOutputStream:75 - [STDERR_REDIRECT] WARNING: Could not lock System prefs. Unix error code 2.
2025-02-16 14:50:12,226 [ERROR] LogOutputStream:75 - [STDERR_REDIRECT] 
2025-02-16 14:50:12,227 [ERROR] LogOutputStream:75 - [STDERR_REDIRECT] Feb 16, 2025 2:50:12 PM java.util.prefs.FileSystemPreferences syncWorld
2025-02-16 14:50:12,227 [ERROR] LogOutputStream:75 - [STDERR_REDIRECT] WARNING: Couldn't flush system prefs: java.util.prefs.BackingStoreException: Couldn't get file lock.
2025-02-16 14:50:12,227 [ERROR] LogOutputStream:75 - [STDERR_REDIRECT] 
2025-02-16 14:50:42,226 [ERROR] LogOutputStream:75 - [STDERR_REDIRECT] Feb 16, 2025 2:50:42 PM java.util.prefs.FileSystemPreferences checkLockFile0ErrorCode
2025-02-16 14:50:42,226 [ERROR] LogOutputStream:75 - [STDERR_REDIRECT] WARNING: Could not lock System prefs. Unix error code 2.
2025-02-16 14:50:42,226 [ERROR] LogOutputStream:75 - [STDERR_REDIRECT] 
2025-02-16 14:50:42,227 [ERROR] LogOutputStream:75 - [STDERR_REDIRECT] Feb 16, 2025 2:50:42 PM java.util.prefs.FileSystemPreferences syncWorld
2025-02-16 14:50:42,227 [ERROR] LogOutputStream:75 - [STDERR_REDIRECT] WARNING: Couldn't flush system prefs: java.util.prefs.BackingStoreException: Couldn't get file lock.
2025-02-16 14:50:42,227 [ERROR] LogOutputStream:75 - [STDERR_REDIRECT] 
2025-02-16 14:51:12,227 [ERROR] LogOutputStream:75 - [STDERR_REDIRECT] Feb 16, 2025 2:51:12 PM java.util.prefs.FileSystemPreferences checkLockFile0ErrorCode
2025-02-16 14:51:12,227 [ERROR] LogOutputStream:75 - [STDERR_REDIRECT] WARNING: Could not lock System prefs. Unix error code 2.
2025-02-16 14:51:12,227 [ERROR] LogOutputStream:75 - [STDERR_REDIRECT] 
2025-02-16 14:51:12,227 [ERROR] LogOutputStream:75 - [STDERR_REDIRECT] Feb 16, 2025 2:51:12 PM java.util.prefs.FileSystemPreferences syncWorld
2025-02-16 14:51:12,227 [ERROR] LogOutputStream:75 - [STDERR_REDIRECT] WARNING: Couldn't flush system prefs: java.util.prefs.BackingStoreException: Couldn't get file lock.
2025-02-16 14:51:12,227 [ERROR] LogOutputStream:75 - [STDERR_REDIRECT] 
2025-02-16 14:51:42,227 [ERROR] LogOutputStream:75 - [STDERR_REDIRECT] Feb 16, 2025 2:51:42 PM java.util.prefs.FileSystemPreferences checkLockFile0ErrorCode
2025-02-16 14:51:42,227 [ERROR] LogOutputStream:75 - [STDERR_REDIRECT] WARNING: Could not lock System prefs. Unix error code 2.
2025-02-16 14:51:42,227 [ERROR] LogOutputStream:75 - [STDERR_REDIRECT] 
2025-02-16 14:51:42,227 [ERROR] LogOutputStream:75 - [STDERR_REDIRECT] Feb 16, 2025 2:51:42 PM java.util.prefs.FileSystemPreferences syncWorld
2025-02-16 14:51:42,227 [ERROR] LogOutputStream:75 - [STDERR_REDIRECT] WARNING: Couldn't flush system prefs: java.util.prefs.BackingStoreException: Couldn't get file lock.
2025-02-16 14:51:42,227 [ERROR] LogOutputStream:75 - [STDERR_REDIRECT] 
2025-02-16 14:52:12,226 [ERROR] LogOutputStream:75 - [STDERR_REDIRECT] Feb 16, 2025 2:52:12 PM java.util.prefs.FileSystemPreferences checkLockFile0ErrorCode
2025-02-16 14:52:12,226 [ERROR] LogOutputStream:75 - [STDERR_REDIRECT] WARNING: Could not lock System prefs. Unix error code 2.
2025-02-16 14:52:12,226 [ERROR] LogOutputStream:75 - [STDERR_REDIRECT] 
2025-02-16 14:52:12,227 [ERROR] LogOutputStream:75 - [STDERR_REDIRECT] Feb 16, 2025 2:52:12 PM java.util.prefs.FileSystemPreferences syncWorld
2025-02-16 14:52:12,227 [ERROR] LogOutputStream:75 - [STDERR_REDIRECT] WARNING: Couldn't flush system prefs: java.util.prefs.BackingStoreException: Couldn't get file lock.
2025-02-16 14:52:12,227 [ERROR] LogOutputStream:75 - [STDERR_REDIRECT] 
2025-02-16 14:52:23,032 [INFO] Mcu:1691 - InternalPropertyChange: try BijectiveRequest:PWM Generation CH2
2025-02-16 14:52:42,229 [ERROR] LogOutputStream:75 - [STDERR_REDIRECT] Feb 16, 2025 2:52:42 PM java.util.prefs.FileSystemPreferences checkLockFile0ErrorCode
2025-02-16 14:52:42,229 [ERROR] LogOutputStream:75 - [STDERR_REDIRECT] WARNING: Could not lock System prefs. Unix error code 2.
2025-02-16 14:52:42,229 [ERROR] LogOutputStream:75 - [STDERR_REDIRECT] 
2025-02-16 14:52:42,229 [ERROR] LogOutputStream:75 - [STDERR_REDIRECT] Feb 16, 2025 2:52:42 PM java.util.prefs.FileSystemPreferences syncWorld
2025-02-16 14:52:42,229 [ERROR] LogOutputStream:75 - [STDERR_REDIRECT] WARNING: Couldn't flush system prefs: java.util.prefs.BackingStoreException: Couldn't get file lock.
2025-02-16 14:52:42,230 [ERROR] LogOutputStream:75 - [STDERR_REDIRECT] 
2025-02-16 14:52:55,180 [WARN] IP:2251 - I2C_Coeff_DF not found: check if there is a RefParameter without a condition.
2025-02-16 14:52:55,180 [WARN] IP:2251 - Analog_Filter not found: check if there is a RefParameter without a condition.
2025-02-16 14:52:55,180 [WARN] IP:2251 - I2C_Coeff_DF not found: check if there is a RefParameter without a condition.
2025-02-16 14:52:55,180 [WARN] IP:2251 - Analog_Filter not found: check if there is a RefParameter without a condition.
2025-02-16 14:52:55,181 [WARN] IP:2251 - I2C_Coeff_DF not found: check if there is a RefParameter without a condition.
2025-02-16 14:52:55,181 [WARN] IP:2251 - Analog_Filter not found: check if there is a RefParameter without a condition.
2025-02-16 14:52:55,182 [WARN] IP:2251 - I2C_Coeff_DF not found: check if there is a RefParameter without a condition.
2025-02-16 14:52:55,182 [WARN] IP:2251 - Analog_Filter not found: check if there is a RefParameter without a condition.
2025-02-16 14:52:56,439 [WARN] IP:2251 - I2C_Coeff_DF not found: check if there is a RefParameter without a condition.
2025-02-16 14:52:56,439 [WARN] IP:2251 - Analog_Filter not found: check if there is a RefParameter without a condition.
2025-02-16 14:52:56,439 [WARN] IP:2251 - I2C_Coeff_DF not found: check if there is a RefParameter without a condition.
2025-02-16 14:52:56,439 [WARN] IP:2251 - Analog_Filter not found: check if there is a RefParameter without a condition.
2025-02-16 14:52:56,440 [WARN] IP:2251 - I2C_Coeff_DF not found: check if there is a RefParameter without a condition.
2025-02-16 14:52:56,440 [WARN] IP:2251 - Analog_Filter not found: check if there is a RefParameter without a condition.
2025-02-16 14:52:56,440 [WARN] IP:2251 - I2C_Coeff_DF not found: check if there is a RefParameter without a condition.
2025-02-16 14:52:56,441 [WARN] IP:2251 - Analog_Filter not found: check if there is a RefParameter without a condition.
2025-02-16 14:53:02,437 [WARN] IP:2251 - I2C_Coeff_DF not found: check if there is a RefParameter without a condition.
2025-02-16 14:53:02,437 [WARN] IP:2251 - Analog_Filter not found: check if there is a RefParameter without a condition.
2025-02-16 14:53:02,437 [WARN] IP:2251 - I2C_Coeff_DF not found: check if there is a RefParameter without a condition.
2025-02-16 14:53:02,437 [WARN] IP:2251 - Analog_Filter not found: check if there is a RefParameter without a condition.
2025-02-16 14:53:02,438 [WARN] IP:2251 - I2C_Coeff_DF not found: check if there is a RefParameter without a condition.
2025-02-16 14:53:02,438 [WARN] IP:2251 - Analog_Filter not found: check if there is a RefParameter without a condition.
2025-02-16 14:53:02,439 [WARN] IP:2251 - I2C_Coeff_DF not found: check if there is a RefParameter without a condition.
2025-02-16 14:53:02,439 [WARN] IP:2251 - Analog_Filter not found: check if there is a RefParameter without a condition.
2025-02-16 14:53:04,153 [WARN] IP:2251 - I2C_Coeff_DF not found: check if there is a RefParameter without a condition.
2025-02-16 14:53:04,153 [WARN] IP:2251 - Analog_Filter not found: check if there is a RefParameter without a condition.
2025-02-16 14:53:04,159 [WARN] IP:2251 - I2C_Coeff_DF not found: check if there is a RefParameter without a condition.
2025-02-16 14:53:04,159 [WARN] IP:2251 - Analog_Filter not found: check if there is a RefParameter without a condition.
2025-02-16 14:53:04,161 [WARN] IP:2251 - I2C_Coeff_DF not found: check if there is a RefParameter without a condition.
2025-02-16 14:53:04,161 [WARN] IP:2251 - Analog_Filter not found: check if there is a RefParameter without a condition.
2025-02-16 14:53:04,161 [WARN] IP:2251 - I2C_Coeff_DF not found: check if there is a RefParameter without a condition.
2025-02-16 14:53:04,161 [WARN] IP:2251 - Analog_Filter not found: check if there is a RefParameter without a condition.
2025-02-16 14:53:12,228 [ERROR] LogOutputStream:75 - [STDERR_REDIRECT] Feb 16, 2025 2:53:12 PM java.util.prefs.FileSystemPreferences checkLockFile0ErrorCode
2025-02-16 14:53:12,229 [ERROR] LogOutputStream:75 - [STDERR_REDIRECT] WARNING: Could not lock System prefs. Unix error code 2.
2025-02-16 14:53:12,229 [ERROR] LogOutputStream:75 - [STDERR_REDIRECT] 
2025-02-16 14:53:12,229 [ERROR] LogOutputStream:75 - [STDERR_REDIRECT] Feb 16, 2025 2:53:12 PM java.util.prefs.FileSystemPreferences syncWorld
2025-02-16 14:53:12,229 [ERROR] LogOutputStream:75 - [STDERR_REDIRECT] WARNING: Couldn't flush system prefs: java.util.prefs.BackingStoreException: Couldn't get file lock.
2025-02-16 14:53:12,229 [ERROR] LogOutputStream:75 - [STDERR_REDIRECT] 
2025-02-16 14:53:29,805 [INFO] Mcu:1691 - InternalPropertyChange: try BijectiveRequest:PWM Generation CH1
2025-02-16 14:53:37,916 [WARN] IP:2251 - I2C_Coeff_DF not found: check if there is a RefParameter without a condition.
2025-02-16 14:53:37,916 [WARN] IP:2251 - Analog_Filter not found: check if there is a RefParameter without a condition.
2025-02-16 14:53:40,276 [WARN] IP:2251 - I2C_Coeff_DF not found: check if there is a RefParameter without a condition.
2025-02-16 14:53:40,276 [WARN] IP:2251 - Analog_Filter not found: check if there is a RefParameter without a condition.
2025-02-16 14:53:40,277 [WARN] IP:2251 - I2C_Coeff_DF not found: check if there is a RefParameter without a condition.
2025-02-16 14:53:40,277 [WARN] IP:2251 - Analog_Filter not found: check if there is a RefParameter without a condition.
2025-02-16 14:53:40,325 [WARN] IP:2251 - I2C_Coeff_DF not found: check if there is a RefParameter without a condition.
2025-02-16 14:53:40,325 [WARN] IP:2251 - Analog_Filter not found: check if there is a RefParameter without a condition.
2025-02-16 14:53:42,233 [ERROR] LogOutputStream:75 - [STDERR_REDIRECT] Feb 16, 2025 2:53:42 PM java.util.prefs.FileSystemPreferences checkLockFile0ErrorCode
2025-02-16 14:53:42,233 [ERROR] LogOutputStream:75 - [STDERR_REDIRECT] WARNING: Could not lock System prefs. Unix error code 2.
2025-02-16 14:53:42,234 [ERROR] LogOutputStream:75 - [STDERR_REDIRECT] 
2025-02-16 14:53:42,234 [ERROR] LogOutputStream:75 - [STDERR_REDIRECT] Feb 16, 2025 2:53:42 PM java.util.prefs.FileSystemPreferences syncWorld
2025-02-16 14:53:42,234 [ERROR] LogOutputStream:75 - [STDERR_REDIRECT] WARNING: Couldn't flush system prefs: java.util.prefs.BackingStoreException: Couldn't get file lock.
2025-02-16 14:53:42,234 [ERROR] LogOutputStream:75 - [STDERR_REDIRECT] 
2025-02-16 14:54:12,228 [ERROR] LogOutputStream:75 - [STDERR_REDIRECT] Feb 16, 2025 2:54:12 PM java.util.prefs.FileSystemPreferences checkLockFile0ErrorCode
2025-02-16 14:54:12,228 [ERROR] LogOutputStream:75 - [STDERR_REDIRECT] WARNING: Could not lock System prefs. Unix error code 2.
2025-02-16 14:54:12,228 [ERROR] LogOutputStream:75 - [STDERR_REDIRECT] 
2025-02-16 14:54:12,229 [ERROR] LogOutputStream:75 - [STDERR_REDIRECT] Feb 16, 2025 2:54:12 PM java.util.prefs.FileSystemPreferences syncWorld
2025-02-16 14:54:12,229 [ERROR] LogOutputStream:75 - [STDERR_REDIRECT] WARNING: Couldn't flush system prefs: java.util.prefs.BackingStoreException: Couldn't get file lock.
2025-02-16 14:54:12,229 [ERROR] LogOutputStream:75 - [STDERR_REDIRECT] 
2025-02-16 14:54:30,647 [WARN] IP:2251 - I2C_Coeff_DF not found: check if there is a RefParameter without a condition.
2025-02-16 14:54:30,647 [WARN] IP:2251 - Analog_Filter not found: check if there is a RefParameter without a condition.
2025-02-16 14:54:30,647 [WARN] IP:2251 - I2C_Coeff_DF not found: check if there is a RefParameter without a condition.
2025-02-16 14:54:30,647 [WARN] IP:2251 - Analog_Filter not found: check if there is a RefParameter without a condition.
2025-02-16 14:54:30,648 [WARN] IP:2251 - I2C_Coeff_DF not found: check if there is a RefParameter without a condition.
2025-02-16 14:54:30,648 [WARN] IP:2251 - Analog_Filter not found: check if there is a RefParameter without a condition.
2025-02-16 14:54:30,648 [WARN] IP:2251 - I2C_Coeff_DF not found: check if there is a RefParameter without a condition.
2025-02-16 14:54:30,648 [WARN] IP:2251 - Analog_Filter not found: check if there is a RefParameter without a condition.
2025-02-16 14:54:30,678 [WARN] IP:2251 - I2C_Coeff_DF not found: check if there is a RefParameter without a condition.
2025-02-16 14:54:30,678 [WARN] IP:2251 - Analog_Filter not found: check if there is a RefParameter without a condition.
2025-02-16 14:54:30,679 [WARN] IP:2251 - I2C_Coeff_DF not found: check if there is a RefParameter without a condition.
2025-02-16 14:54:30,679 [WARN] IP:2251 - Analog_Filter not found: check if there is a RefParameter without a condition.
2025-02-16 14:54:30,707 [WARN] IP:2251 - I2C_Coeff_DF not found: check if there is a RefParameter without a condition.
2025-02-16 14:54:30,707 [WARN] IP:2251 - Analog_Filter not found: check if there is a RefParameter without a condition.
2025-02-16 14:54:30,708 [WARN] IP:2251 - I2C_Coeff_DF not found: check if there is a RefParameter without a condition.
2025-02-16 14:54:30,708 [WARN] IP:2251 - Analog_Filter not found: check if there is a RefParameter without a condition.
2025-02-16 14:54:42,228 [ERROR] LogOutputStream:75 - [STDERR_REDIRECT] Feb 16, 2025 2:54:42 PM java.util.prefs.FileSystemPreferences checkLockFile0ErrorCode
2025-02-16 14:54:42,228 [ERROR] LogOutputStream:75 - [STDERR_REDIRECT] WARNING: Could not lock System prefs. Unix error code 2.
2025-02-16 14:54:42,228 [ERROR] LogOutputStream:75 - [STDERR_REDIRECT] 
2025-02-16 14:54:42,228 [ERROR] LogOutputStream:75 - [STDERR_REDIRECT] Feb 16, 2025 2:54:42 PM java.util.prefs.FileSystemPreferences syncWorld
2025-02-16 14:54:42,228 [ERROR] LogOutputStream:75 - [STDERR_REDIRECT] WARNING: Couldn't flush system prefs: java.util.prefs.BackingStoreException: Couldn't get file lock.
2025-02-16 14:54:42,229 [ERROR] LogOutputStream:75 - [STDERR_REDIRECT] 
2025-02-16 14:55:11,674 [WARN] IP:2251 - I2C_Coeff_DF not found: check if there is a RefParameter without a condition.
2025-02-16 14:55:11,674 [WARN] IP:2251 - Analog_Filter not found: check if there is a RefParameter without a condition.
2025-02-16 14:55:11,674 [WARN] IP:2251 - I2C_Coeff_DF not found: check if there is a RefParameter without a condition.
2025-02-16 14:55:11,674 [WARN] IP:2251 - Analog_Filter not found: check if there is a RefParameter without a condition.
2025-02-16 14:55:11,676 [WARN] IP:2251 - I2C_Coeff_DF not found: check if there is a RefParameter without a condition.
2025-02-16 14:55:11,676 [WARN] IP:2251 - Analog_Filter not found: check if there is a RefParameter without a condition.
2025-02-16 14:55:11,676 [WARN] IP:2251 - I2C_Coeff_DF not found: check if there is a RefParameter without a condition.
2025-02-16 14:55:11,676 [WARN] IP:2251 - Analog_Filter not found: check if there is a RefParameter without a condition.
2025-02-16 14:55:11,710 [WARN] IP:2251 - I2C_Coeff_DF not found: check if there is a RefParameter without a condition.
2025-02-16 14:55:11,710 [WARN] IP:2251 - Analog_Filter not found: check if there is a RefParameter without a condition.
2025-02-16 14:55:11,711 [WARN] IP:2251 - I2C_Coeff_DF not found: check if there is a RefParameter without a condition.
2025-02-16 14:55:11,711 [WARN] IP:2251 - Analog_Filter not found: check if there is a RefParameter without a condition.
2025-02-16 14:55:11,740 [WARN] IP:2251 - I2C_Coeff_DF not found: check if there is a RefParameter without a condition.
2025-02-16 14:55:11,740 [WARN] IP:2251 - Analog_Filter not found: check if there is a RefParameter without a condition.
2025-02-16 14:55:11,741 [WARN] IP:2251 - I2C_Coeff_DF not found: check if there is a RefParameter without a condition.
2025-02-16 14:55:11,741 [WARN] IP:2251 - Analog_Filter not found: check if there is a RefParameter without a condition.
2025-02-16 14:55:12,226 [ERROR] LogOutputStream:75 - [STDERR_REDIRECT] Feb 16, 2025 2:55:12 PM java.util.prefs.FileSystemPreferences checkLockFile0ErrorCode
2025-02-16 14:55:12,226 [ERROR] LogOutputStream:75 - [STDERR_REDIRECT] WARNING: Could not lock System prefs. Unix error code 2.
2025-02-16 14:55:12,226 [ERROR] LogOutputStream:75 - [STDERR_REDIRECT] 
2025-02-16 14:55:12,226 [ERROR] LogOutputStream:75 - [STDERR_REDIRECT] Feb 16, 2025 2:55:12 PM java.util.prefs.FileSystemPreferences syncWorld
2025-02-16 14:55:12,227 [ERROR] LogOutputStream:75 - [STDERR_REDIRECT] WARNING: Couldn't flush system prefs: java.util.prefs.BackingStoreException: Couldn't get file lock.
2025-02-16 14:55:12,227 [ERROR] LogOutputStream:75 - [STDERR_REDIRECT] 
2025-02-16 14:55:42,227 [ERROR] LogOutputStream:75 - [STDERR_REDIRECT] Feb 16, 2025 2:55:42 PM java.util.prefs.FileSystemPreferences checkLockFile0ErrorCode
2025-02-16 14:55:42,227 [ERROR] LogOutputStream:75 - [STDERR_REDIRECT] WARNING: Could not lock System prefs. Unix error code 2.
2025-02-16 14:55:42,227 [ERROR] LogOutputStream:75 - [STDERR_REDIRECT] 
2025-02-16 14:55:42,228 [ERROR] LogOutputStream:75 - [STDERR_REDIRECT] Feb 16, 2025 2:55:42 PM java.util.prefs.FileSystemPreferences syncWorld
2025-02-16 14:55:42,228 [ERROR] LogOutputStream:75 - [STDERR_REDIRECT] WARNING: Couldn't flush system prefs: java.util.prefs.BackingStoreException: Couldn't get file lock.
2025-02-16 14:55:42,228 [ERROR] LogOutputStream:75 - [STDERR_REDIRECT] 
2025-02-16 14:56:12,226 [ERROR] LogOutputStream:75 - [STDERR_REDIRECT] Feb 16, 2025 2:56:12 PM java.util.prefs.FileSystemPreferences checkLockFile0ErrorCode
2025-02-16 14:56:12,226 [ERROR] LogOutputStream:75 - [STDERR_REDIRECT] WARNING: Could not lock System prefs. Unix error code 2.
2025-02-16 14:56:12,226 [ERROR] LogOutputStream:75 - [STDERR_REDIRECT] 
2025-02-16 14:56:12,226 [ERROR] LogOutputStream:75 - [STDERR_REDIRECT] Feb 16, 2025 2:56:12 PM java.util.prefs.FileSystemPreferences syncWorld
2025-02-16 14:56:12,227 [ERROR] LogOutputStream:75 - [STDERR_REDIRECT] WARNING: Couldn't flush system prefs: java.util.prefs.BackingStoreException: Couldn't get file lock.
2025-02-16 14:56:12,227 [ERROR] LogOutputStream:75 - [STDERR_REDIRECT] 
2025-02-16 14:56:42,226 [ERROR] LogOutputStream:75 - [STDERR_REDIRECT] Feb 16, 2025 2:56:42 PM java.util.prefs.FileSystemPreferences checkLockFile0ErrorCode
2025-02-16 14:56:42,227 [ERROR] LogOutputStream:75 - [STDERR_REDIRECT] WARNING: Could not lock System prefs. Unix error code 2.
2025-02-16 14:56:42,227 [ERROR] LogOutputStream:75 - [STDERR_REDIRECT] 
2025-02-16 14:56:42,227 [ERROR] LogOutputStream:75 - [STDERR_REDIRECT] Feb 16, 2025 2:56:42 PM java.util.prefs.FileSystemPreferences syncWorld
2025-02-16 14:56:42,227 [ERROR] LogOutputStream:75 - [STDERR_REDIRECT] WARNING: Couldn't flush system prefs: java.util.prefs.BackingStoreException: Couldn't get file lock.
2025-02-16 14:56:42,227 [ERROR] LogOutputStream:75 - [STDERR_REDIRECT] 
2025-02-16 14:57:12,226 [ERROR] LogOutputStream:75 - [STDERR_REDIRECT] Feb 16, 2025 2:57:12 PM java.util.prefs.FileSystemPreferences checkLockFile0ErrorCode
2025-02-16 14:57:12,226 [ERROR] LogOutputStream:75 - [STDERR_REDIRECT] WARNING: Could not lock System prefs. Unix error code 2.
2025-02-16 14:57:12,226 [ERROR] LogOutputStream:75 - [STDERR_REDIRECT] 
2025-02-16 14:57:12,227 [ERROR] LogOutputStream:75 - [STDERR_REDIRECT] Feb 16, 2025 2:57:12 PM java.util.prefs.FileSystemPreferences syncWorld
2025-02-16 14:57:12,227 [ERROR] LogOutputStream:75 - [STDERR_REDIRECT] WARNING: Couldn't flush system prefs: java.util.prefs.BackingStoreException: Couldn't get file lock.
2025-02-16 14:57:12,227 [ERROR] LogOutputStream:75 - [STDERR_REDIRECT] 
2025-02-16 14:57:42,226 [ERROR] LogOutputStream:75 - [STDERR_REDIRECT] Feb 16, 2025 2:57:42 PM java.util.prefs.FileSystemPreferences checkLockFile0ErrorCode
2025-02-16 14:57:42,226 [ERROR] LogOutputStream:75 - [STDERR_REDIRECT] WARNING: Could not lock System prefs. Unix error code 2.
2025-02-16 14:57:42,226 [ERROR] LogOutputStream:75 - [STDERR_REDIRECT] 
2025-02-16 14:57:42,227 [ERROR] LogOutputStream:75 - [STDERR_REDIRECT] Feb 16, 2025 2:57:42 PM java.util.prefs.FileSystemPreferences syncWorld
2025-02-16 14:57:42,227 [ERROR] LogOutputStream:75 - [STDERR_REDIRECT] WARNING: Couldn't flush system prefs: java.util.prefs.BackingStoreException: Couldn't get file lock.
2025-02-16 14:57:42,227 [ERROR] LogOutputStream:75 - [STDERR_REDIRECT] 
2025-02-16 14:58:12,226 [ERROR] LogOutputStream:75 - [STDERR_REDIRECT] Feb 16, 2025 2:58:12 PM java.util.prefs.FileSystemPreferences checkLockFile0ErrorCode
2025-02-16 14:58:12,226 [ERROR] LogOutputStream:75 - [STDERR_REDIRECT] WARNING: Could not lock System prefs. Unix error code 2.
2025-02-16 14:58:12,226 [ERROR] LogOutputStream:75 - [STDERR_REDIRECT] 
2025-02-16 14:58:12,227 [ERROR] LogOutputStream:75 - [STDERR_REDIRECT] Feb 16, 2025 2:58:12 PM java.util.prefs.FileSystemPreferences syncWorld
2025-02-16 14:58:12,227 [ERROR] LogOutputStream:75 - [STDERR_REDIRECT] WARNING: Couldn't flush system prefs: java.util.prefs.BackingStoreException: Couldn't get file lock.
2025-02-16 14:58:12,227 [ERROR] LogOutputStream:75 - [STDERR_REDIRECT] 
2025-02-16 14:58:42,226 [ERROR] LogOutputStream:75 - [STDERR_REDIRECT] Feb 16, 2025 2:58:42 PM java.util.prefs.FileSystemPreferences checkLockFile0ErrorCode
2025-02-16 14:58:42,226 [ERROR] LogOutputStream:75 - [STDERR_REDIRECT] WARNING: Could not lock System prefs. Unix error code 2.
2025-02-16 14:58:42,233 [ERROR] LogOutputStream:75 - [STDERR_REDIRECT] 
2025-02-16 14:58:42,233 [ERROR] LogOutputStream:75 - [STDERR_REDIRECT] Feb 16, 2025 2:58:42 PM java.util.prefs.FileSystemPreferences syncWorld
2025-02-16 14:58:42,233 [ERROR] LogOutputStream:75 - [STDERR_REDIRECT] WARNING: Couldn't flush system prefs: java.util.prefs.BackingStoreException: Couldn't get file lock.
2025-02-16 14:58:42,233 [ERROR] LogOutputStream:75 - [STDERR_REDIRECT] 
2025-02-16 14:59:12,226 [ERROR] LogOutputStream:75 - [STDERR_REDIRECT] Feb 16, 2025 2:59:12 PM java.util.prefs.FileSystemPreferences checkLockFile0ErrorCode
2025-02-16 14:59:12,226 [ERROR] LogOutputStream:75 - [STDERR_REDIRECT] WARNING: Could not lock System prefs. Unix error code 2.
2025-02-16 14:59:12,226 [ERROR] LogOutputStream:75 - [STDERR_REDIRECT] 
2025-02-16 14:59:12,227 [ERROR] LogOutputStream:75 - [STDERR_REDIRECT] Feb 16, 2025 2:59:12 PM java.util.prefs.FileSystemPreferences syncWorld
2025-02-16 14:59:12,227 [ERROR] LogOutputStream:75 - [STDERR_REDIRECT] WARNING: Couldn't flush system prefs: java.util.prefs.BackingStoreException: Couldn't get file lock.
2025-02-16 14:59:12,227 [ERROR] LogOutputStream:75 - [STDERR_REDIRECT] 
2025-02-16 14:59:42,226 [ERROR] LogOutputStream:75 - [STDERR_REDIRECT] Feb 16, 2025 2:59:42 PM java.util.prefs.FileSystemPreferences checkLockFile0ErrorCode
2025-02-16 14:59:42,227 [ERROR] LogOutputStream:75 - [STDERR_REDIRECT] WARNING: Could not lock System prefs. Unix error code 2.
2025-02-16 14:59:42,227 [ERROR] LogOutputStream:75 - [STDERR_REDIRECT] 
2025-02-16 14:59:42,227 [ERROR] LogOutputStream:75 - [STDERR_REDIRECT] Feb 16, 2025 2:59:42 PM java.util.prefs.FileSystemPreferences syncWorld
2025-02-16 14:59:42,227 [ERROR] LogOutputStream:75 - [STDERR_REDIRECT] WARNING: Couldn't flush system prefs: java.util.prefs.BackingStoreException: Couldn't get file lock.
2025-02-16 14:59:42,227 [ERROR] LogOutputStream:75 - [STDERR_REDIRECT] 
2025-02-16 15:00:12,227 [ERROR] LogOutputStream:75 - [STDERR_REDIRECT] Feb 16, 2025 3:00:12 PM java.util.prefs.FileSystemPreferences checkLockFile0ErrorCode
2025-02-16 15:00:12,227 [ERROR] LogOutputStream:75 - [STDERR_REDIRECT] WARNING: Could not lock System prefs. Unix error code 2.
2025-02-16 15:00:12,227 [ERROR] LogOutputStream:75 - [STDERR_REDIRECT] 
2025-02-16 15:00:12,227 [ERROR] LogOutputStream:75 - [STDERR_REDIRECT] Feb 16, 2025 3:00:12 PM java.util.prefs.FileSystemPreferences syncWorld
2025-02-16 15:00:12,227 [ERROR] LogOutputStream:75 - [STDERR_REDIRECT] WARNING: Couldn't flush system prefs: java.util.prefs.BackingStoreException: Couldn't get file lock.
2025-02-16 15:00:12,227 [ERROR] LogOutputStream:75 - [STDERR_REDIRECT] 
2025-02-16 15:00:42,227 [ERROR] LogOutputStream:75 - [STDERR_REDIRECT] Feb 16, 2025 3:00:42 PM java.util.prefs.FileSystemPreferences checkLockFile0ErrorCode
2025-02-16 15:00:42,227 [ERROR] LogOutputStream:75 - [STDERR_REDIRECT] WARNING: Could not lock System prefs. Unix error code 2.
2025-02-16 15:00:42,227 [ERROR] LogOutputStream:75 - [STDERR_REDIRECT] 
2025-02-16 15:00:42,227 [ERROR] LogOutputStream:75 - [STDERR_REDIRECT] Feb 16, 2025 3:00:42 PM java.util.prefs.FileSystemPreferences syncWorld
2025-02-16 15:00:42,227 [ERROR] LogOutputStream:75 - [STDERR_REDIRECT] WARNING: Couldn't flush system prefs: java.util.prefs.BackingStoreException: Couldn't get file lock.
2025-02-16 15:00:42,227 [ERROR] LogOutputStream:75 - [STDERR_REDIRECT] 
2025-02-16 15:01:12,227 [ERROR] LogOutputStream:75 - [STDERR_REDIRECT] Feb 16, 2025 3:01:12 PM java.util.prefs.FileSystemPreferences checkLockFile0ErrorCode
2025-02-16 15:01:12,227 [ERROR] LogOutputStream:75 - [STDERR_REDIRECT] WARNING: Could not lock System prefs. Unix error code 2.
2025-02-16 15:01:12,227 [ERROR] LogOutputStream:75 - [STDERR_REDIRECT] 
2025-02-16 15:01:12,227 [ERROR] LogOutputStream:75 - [STDERR_REDIRECT] Feb 16, 2025 3:01:12 PM java.util.prefs.FileSystemPreferences syncWorld
2025-02-16 15:01:12,227 [ERROR] LogOutputStream:75 - [STDERR_REDIRECT] WARNING: Couldn't flush system prefs: java.util.prefs.BackingStoreException: Couldn't get file lock.
2025-02-16 15:01:12,227 [ERROR] LogOutputStream:75 - [STDERR_REDIRECT] 
2025-02-16 15:01:42,227 [ERROR] LogOutputStream:75 - [STDERR_REDIRECT] Feb 16, 2025 3:01:42 PM java.util.prefs.FileSystemPreferences checkLockFile0ErrorCode
2025-02-16 15:01:42,227 [ERROR] LogOutputStream:75 - [STDERR_REDIRECT] WARNING: Could not lock System prefs. Unix error code 2.
2025-02-16 15:01:42,227 [ERROR] LogOutputStream:75 - [STDERR_REDIRECT] 
2025-02-16 15:01:42,227 [ERROR] LogOutputStream:75 - [STDERR_REDIRECT] Feb 16, 2025 3:01:42 PM java.util.prefs.FileSystemPreferences syncWorld
2025-02-16 15:01:42,227 [ERROR] LogOutputStream:75 - [STDERR_REDIRECT] WARNING: Couldn't flush system prefs: java.util.prefs.BackingStoreException: Couldn't get file lock.
2025-02-16 15:01:42,227 [ERROR] LogOutputStream:75 - [STDERR_REDIRECT] 
2025-02-16 15:02:12,227 [ERROR] LogOutputStream:75 - [STDERR_REDIRECT] Feb 16, 2025 3:02:12 PM java.util.prefs.FileSystemPreferences checkLockFile0ErrorCode
2025-02-16 15:02:12,227 [ERROR] LogOutputStream:75 - [STDERR_REDIRECT] WARNING: Could not lock System prefs. Unix error code 2.
2025-02-16 15:02:12,227 [ERROR] LogOutputStream:75 - [STDERR_REDIRECT] 
2025-02-16 15:02:12,227 [ERROR] LogOutputStream:75 - [STDERR_REDIRECT] Feb 16, 2025 3:02:12 PM java.util.prefs.FileSystemPreferences syncWorld
2025-02-16 15:02:12,227 [ERROR] LogOutputStream:75 - [STDERR_REDIRECT] WARNING: Couldn't flush system prefs: java.util.prefs.BackingStoreException: Couldn't get file lock.
2025-02-16 15:02:12,227 [ERROR] LogOutputStream:75 - [STDERR_REDIRECT] 
2025-02-16 15:02:42,227 [ERROR] LogOutputStream:75 - [STDERR_REDIRECT] Feb 16, 2025 3:02:42 PM java.util.prefs.FileSystemPreferences checkLockFile0ErrorCode
2025-02-16 15:02:42,227 [ERROR] LogOutputStream:75 - [STDERR_REDIRECT] WARNING: Could not lock System prefs. Unix error code 2.
2025-02-16 15:02:42,227 [ERROR] LogOutputStream:75 - [STDERR_REDIRECT] 
2025-02-16 15:02:42,227 [ERROR] LogOutputStream:75 - [STDERR_REDIRECT] Feb 16, 2025 3:02:42 PM java.util.prefs.FileSystemPreferences syncWorld
2025-02-16 15:02:42,227 [ERROR] LogOutputStream:75 - [STDERR_REDIRECT] WARNING: Couldn't flush system prefs: java.util.prefs.BackingStoreException: Couldn't get file lock.
2025-02-16 15:02:42,227 [ERROR] LogOutputStream:75 - [STDERR_REDIRECT] 
2025-02-16 15:03:12,226 [ERROR] LogOutputStream:75 - [STDERR_REDIRECT] Feb 16, 2025 3:03:12 PM java.util.prefs.FileSystemPreferences checkLockFile0ErrorCode
2025-02-16 15:03:12,227 [ERROR] LogOutputStream:75 - [STDERR_REDIRECT] WARNING: Could not lock System prefs. Unix error code 2.
2025-02-16 15:03:12,227 [ERROR] LogOutputStream:75 - [STDERR_REDIRECT] 
2025-02-16 15:03:12,227 [ERROR] LogOutputStream:75 - [STDERR_REDIRECT] Feb 16, 2025 3:03:12 PM java.util.prefs.FileSystemPreferences syncWorld
2025-02-16 15:03:12,227 [ERROR] LogOutputStream:75 - [STDERR_REDIRECT] WARNING: Couldn't flush system prefs: java.util.prefs.BackingStoreException: Couldn't get file lock.
2025-02-16 15:03:12,227 [ERROR] LogOutputStream:75 - [STDERR_REDIRECT] 
2025-02-16 15:03:42,226 [ERROR] LogOutputStream:75 - [STDERR_REDIRECT] Feb 16, 2025 3:03:42 PM java.util.prefs.FileSystemPreferences checkLockFile0ErrorCode
2025-02-16 15:03:42,226 [ERROR] LogOutputStream:75 - [STDERR_REDIRECT] WARNING: Could not lock System prefs. Unix error code 2.
2025-02-16 15:03:42,226 [ERROR] LogOutputStream:75 - [STDERR_REDIRECT] 
2025-02-16 15:03:42,227 [ERROR] LogOutputStream:75 - [STDERR_REDIRECT] Feb 16, 2025 3:03:42 PM java.util.prefs.FileSystemPreferences syncWorld
2025-02-16 15:03:42,227 [ERROR] LogOutputStream:75 - [STDERR_REDIRECT] WARNING: Couldn't flush system prefs: java.util.prefs.BackingStoreException: Couldn't get file lock.
2025-02-16 15:03:42,227 [ERROR] LogOutputStream:75 - [STDERR_REDIRECT] 
2025-02-16 15:04:12,226 [ERROR] LogOutputStream:75 - [STDERR_REDIRECT] Feb 16, 2025 3:04:12 PM java.util.prefs.FileSystemPreferences checkLockFile0ErrorCode
2025-02-16 15:04:12,226 [ERROR] LogOutputStream:75 - [STDERR_REDIRECT] WARNING: Could not lock System prefs. Unix error code 2.
2025-02-16 15:04:12,226 [ERROR] LogOutputStream:75 - [STDERR_REDIRECT] 
2025-02-16 15:04:12,227 [ERROR] LogOutputStream:75 - [STDERR_REDIRECT] Feb 16, 2025 3:04:12 PM java.util.prefs.FileSystemPreferences syncWorld
2025-02-16 15:04:12,227 [ERROR] LogOutputStream:75 - [STDERR_REDIRECT] WARNING: Couldn't flush system prefs: java.util.prefs.BackingStoreException: Couldn't get file lock.
2025-02-16 15:04:12,227 [ERROR] LogOutputStream:75 - [STDERR_REDIRECT] 
2025-02-16 15:04:42,226 [ERROR] LogOutputStream:75 - [STDERR_REDIRECT] Feb 16, 2025 3:04:42 PM java.util.prefs.FileSystemPreferences checkLockFile0ErrorCode
2025-02-16 15:04:42,226 [ERROR] LogOutputStream:75 - [STDERR_REDIRECT] WARNING: Could not lock System prefs. Unix error code 2.
2025-02-16 15:04:42,226 [ERROR] LogOutputStream:75 - [STDERR_REDIRECT] 
2025-02-16 15:04:42,227 [ERROR] LogOutputStream:75 - [STDERR_REDIRECT] Feb 16, 2025 3:04:42 PM java.util.prefs.FileSystemPreferences syncWorld
2025-02-16 15:04:42,227 [ERROR] LogOutputStream:75 - [STDERR_REDIRECT] WARNING: Couldn't flush system prefs: java.util.prefs.BackingStoreException: Couldn't get file lock.
2025-02-16 15:04:42,227 [ERROR] LogOutputStream:75 - [STDERR_REDIRECT] 
2025-02-16 15:05:12,226 [ERROR] LogOutputStream:75 - [STDERR_REDIRECT] Feb 16, 2025 3:05:12 PM java.util.prefs.FileSystemPreferences checkLockFile0ErrorCode
2025-02-16 15:05:12,226 [ERROR] LogOutputStream:75 - [STDERR_REDIRECT] WARNING: Could not lock System prefs. Unix error code 2.
2025-02-16 15:05:12,226 [ERROR] LogOutputStream:75 - [STDERR_REDIRECT] 
2025-02-16 15:05:12,226 [ERROR] LogOutputStream:75 - [STDERR_REDIRECT] Feb 16, 2025 3:05:12 PM java.util.prefs.FileSystemPreferences syncWorld
2025-02-16 15:05:12,226 [ERROR] LogOutputStream:75 - [STDERR_REDIRECT] WARNING: Couldn't flush system prefs: java.util.prefs.BackingStoreException: Couldn't get file lock.
2025-02-16 15:05:12,227 [ERROR] LogOutputStream:75 - [STDERR_REDIRECT] 
2025-02-16 15:05:42,226 [ERROR] LogOutputStream:75 - [STDERR_REDIRECT] Feb 16, 2025 3:05:42 PM java.util.prefs.FileSystemPreferences checkLockFile0ErrorCode
2025-02-16 15:05:42,226 [ERROR] LogOutputStream:75 - [STDERR_REDIRECT] WARNING: Could not lock System prefs. Unix error code 2.
2025-02-16 15:05:42,226 [ERROR] LogOutputStream:75 - [STDERR_REDIRECT] 
2025-02-16 15:05:42,226 [ERROR] LogOutputStream:75 - [STDERR_REDIRECT] Feb 16, 2025 3:05:42 PM java.util.prefs.FileSystemPreferences syncWorld
2025-02-16 15:05:42,226 [ERROR] LogOutputStream:75 - [STDERR_REDIRECT] WARNING: Couldn't flush system prefs: java.util.prefs.BackingStoreException: Couldn't get file lock.
2025-02-16 15:05:42,226 [ERROR] LogOutputStream:75 - [STDERR_REDIRECT] 
2025-02-16 15:06:12,226 [ERROR] LogOutputStream:75 - [STDERR_REDIRECT] Feb 16, 2025 3:06:12 PM java.util.prefs.FileSystemPreferences checkLockFile0ErrorCode
2025-02-16 15:06:12,227 [ERROR] LogOutputStream:75 - [STDERR_REDIRECT] WARNING: Could not lock System prefs. Unix error code 2.
2025-02-16 15:06:12,233 [ERROR] LogOutputStream:75 - [STDERR_REDIRECT] 
2025-02-16 15:06:12,233 [ERROR] LogOutputStream:75 - [STDERR_REDIRECT] Feb 16, 2025 3:06:12 PM java.util.prefs.FileSystemPreferences syncWorld
2025-02-16 15:06:12,233 [ERROR] LogOutputStream:75 - [STDERR_REDIRECT] WARNING: Couldn't flush system prefs: java.util.prefs.BackingStoreException: Couldn't get file lock.
2025-02-16 15:06:12,233 [ERROR] LogOutputStream:75 - [STDERR_REDIRECT] 
2025-02-16 15:06:42,227 [ERROR] LogOutputStream:75 - [STDERR_REDIRECT] Feb 16, 2025 3:06:42 PM java.util.prefs.FileSystemPreferences checkLockFile0ErrorCode
2025-02-16 15:06:42,227 [ERROR] LogOutputStream:75 - [STDERR_REDIRECT] WARNING: Could not lock System prefs. Unix error code 2.
2025-02-16 15:06:42,227 [ERROR] LogOutputStream:75 - [STDERR_REDIRECT] 
2025-02-16 15:06:42,227 [ERROR] LogOutputStream:75 - [STDERR_REDIRECT] Feb 16, 2025 3:06:42 PM java.util.prefs.FileSystemPreferences syncWorld
2025-02-16 15:06:42,227 [ERROR] LogOutputStream:75 - [STDERR_REDIRECT] WARNING: Couldn't flush system prefs: java.util.prefs.BackingStoreException: Couldn't get file lock.
2025-02-16 15:06:42,227 [ERROR] LogOutputStream:75 - [STDERR_REDIRECT] 
2025-02-16 15:07:12,226 [ERROR] LogOutputStream:75 - [STDERR_REDIRECT] Feb 16, 2025 3:07:12 PM java.util.prefs.FileSystemPreferences checkLockFile0ErrorCode
2025-02-16 15:07:12,227 [ERROR] LogOutputStream:75 - [STDERR_REDIRECT] WARNING: Could not lock System prefs. Unix error code 2.
2025-02-16 15:07:12,227 [ERROR] LogOutputStream:75 - [STDERR_REDIRECT] 
2025-02-16 15:07:12,227 [ERROR] LogOutputStream:75 - [STDERR_REDIRECT] Feb 16, 2025 3:07:12 PM java.util.prefs.FileSystemPreferences syncWorld
2025-02-16 15:07:12,227 [ERROR] LogOutputStream:75 - [STDERR_REDIRECT] WARNING: Couldn't flush system prefs: java.util.prefs.BackingStoreException: Couldn't get file lock.
2025-02-16 15:07:12,227 [ERROR] LogOutputStream:75 - [STDERR_REDIRECT] 
2025-02-16 15:07:42,226 [ERROR] LogOutputStream:75 - [STDERR_REDIRECT] Feb 16, 2025 3:07:42 PM java.util.prefs.FileSystemPreferences checkLockFile0ErrorCode
2025-02-16 15:07:42,226 [ERROR] LogOutputStream:75 - [STDERR_REDIRECT] WARNING: Could not lock System prefs. Unix error code 2.
2025-02-16 15:07:42,226 [ERROR] LogOutputStream:75 - [STDERR_REDIRECT] 
2025-02-16 15:07:42,226 [ERROR] LogOutputStream:75 - [STDERR_REDIRECT] Feb 16, 2025 3:07:42 PM java.util.prefs.FileSystemPreferences syncWorld
2025-02-16 15:07:42,227 [ERROR] LogOutputStream:75 - [STDERR_REDIRECT] WARNING: Couldn't flush system prefs: java.util.prefs.BackingStoreException: Couldn't get file lock.
2025-02-16 15:07:42,227 [ERROR] LogOutputStream:75 - [STDERR_REDIRECT] 
2025-02-16 15:08:12,226 [ERROR] LogOutputStream:75 - [STDERR_REDIRECT] Feb 16, 2025 3:08:12 PM java.util.prefs.FileSystemPreferences checkLockFile0ErrorCode
2025-02-16 15:08:12,226 [ERROR] LogOutputStream:75 - [STDERR_REDIRECT] WARNING: Could not lock System prefs. Unix error code 2.
2025-02-16 15:08:12,226 [ERROR] LogOutputStream:75 - [STDERR_REDIRECT] 
2025-02-16 15:08:12,226 [ERROR] LogOutputStream:75 - [STDERR_REDIRECT] Feb 16, 2025 3:08:12 PM java.util.prefs.FileSystemPreferences syncWorld
2025-02-16 15:08:12,226 [ERROR] LogOutputStream:75 - [STDERR_REDIRECT] WARNING: Couldn't flush system prefs: java.util.prefs.BackingStoreException: Couldn't get file lock.
2025-02-16 15:08:12,226 [ERROR] LogOutputStream:75 - [STDERR_REDIRECT] 
2025-02-16 15:08:42,227 [ERROR] LogOutputStream:75 - [STDERR_REDIRECT] Feb 16, 2025 3:08:42 PM java.util.prefs.FileSystemPreferences checkLockFile0ErrorCode
2025-02-16 15:08:42,227 [ERROR] LogOutputStream:75 - [STDERR_REDIRECT] WARNING: Could not lock System prefs. Unix error code 2.
2025-02-16 15:08:42,227 [ERROR] LogOutputStream:75 - [STDERR_REDIRECT] 
2025-02-16 15:08:42,227 [ERROR] LogOutputStream:75 - [STDERR_REDIRECT] Feb 16, 2025 3:08:42 PM java.util.prefs.FileSystemPreferences syncWorld
2025-02-16 15:08:42,227 [ERROR] LogOutputStream:75 - [STDERR_REDIRECT] WARNING: Couldn't flush system prefs: java.util.prefs.BackingStoreException: Couldn't get file lock.
2025-02-16 15:08:42,227 [ERROR] LogOutputStream:75 - [STDERR_REDIRECT] 
2025-02-16 15:09:12,226 [ERROR] LogOutputStream:75 - [STDERR_REDIRECT] Feb 16, 2025 3:09:12 PM java.util.prefs.FileSystemPreferences checkLockFile0ErrorCode
2025-02-16 15:09:12,226 [ERROR] LogOutputStream:75 - [STDERR_REDIRECT] WARNING: Could not lock System prefs. Unix error code 2.
2025-02-16 15:09:12,226 [ERROR] LogOutputStream:75 - [STDERR_REDIRECT] 
2025-02-16 15:09:12,227 [ERROR] LogOutputStream:75 - [STDERR_REDIRECT] Feb 16, 2025 3:09:12 PM java.util.prefs.FileSystemPreferences syncWorld
2025-02-16 15:09:12,227 [ERROR] LogOutputStream:75 - [STDERR_REDIRECT] WARNING: Couldn't flush system prefs: java.util.prefs.BackingStoreException: Couldn't get file lock.
2025-02-16 15:09:12,227 [ERROR] LogOutputStream:75 - [STDERR_REDIRECT] 
2025-02-16 15:09:42,226 [ERROR] LogOutputStream:75 - [STDERR_REDIRECT] Feb 16, 2025 3:09:42 PM java.util.prefs.FileSystemPreferences checkLockFile0ErrorCode
2025-02-16 15:09:42,226 [ERROR] LogOutputStream:75 - [STDERR_REDIRECT] WARNING: Could not lock System prefs. Unix error code 2.
2025-02-16 15:09:42,226 [ERROR] LogOutputStream:75 - [STDERR_REDIRECT] 
2025-02-16 15:09:42,227 [ERROR] LogOutputStream:75 - [STDERR_REDIRECT] Feb 16, 2025 3:09:42 PM java.util.prefs.FileSystemPreferences syncWorld
2025-02-16 15:09:42,227 [ERROR] LogOutputStream:75 - [STDERR_REDIRECT] WARNING: Couldn't flush system prefs: java.util.prefs.BackingStoreException: Couldn't get file lock.
2025-02-16 15:09:42,227 [ERROR] LogOutputStream:75 - [STDERR_REDIRECT] 
2025-02-16 15:10:12,226 [ERROR] LogOutputStream:75 - [STDERR_REDIRECT] Feb 16, 2025 3:10:12 PM java.util.prefs.FileSystemPreferences checkLockFile0ErrorCode
2025-02-16 15:10:12,226 [ERROR] LogOutputStream:75 - [STDERR_REDIRECT] WARNING: Could not lock System prefs. Unix error code 2.
2025-02-16 15:10:12,226 [ERROR] LogOutputStream:75 - [STDERR_REDIRECT] 
2025-02-16 15:10:12,226 [ERROR] LogOutputStream:75 - [STDERR_REDIRECT] Feb 16, 2025 3:10:12 PM java.util.prefs.FileSystemPreferences syncWorld
2025-02-16 15:10:12,227 [ERROR] LogOutputStream:75 - [STDERR_REDIRECT] WARNING: Couldn't flush system prefs: java.util.prefs.BackingStoreException: Couldn't get file lock.
2025-02-16 15:10:12,227 [ERROR] LogOutputStream:75 - [STDERR_REDIRECT] 
2025-02-16 15:10:42,226 [ERROR] LogOutputStream:75 - [STDERR_REDIRECT] Feb 16, 2025 3:10:42 PM java.util.prefs.FileSystemPreferences checkLockFile0ErrorCode
2025-02-16 15:10:42,226 [ERROR] LogOutputStream:75 - [STDERR_REDIRECT] WARNING: Could not lock System prefs. Unix error code 2.
2025-02-16 15:10:42,226 [ERROR] LogOutputStream:75 - [STDERR_REDIRECT] 
2025-02-16 15:10:42,226 [ERROR] LogOutputStream:75 - [STDERR_REDIRECT] Feb 16, 2025 3:10:42 PM java.util.prefs.FileSystemPreferences syncWorld
2025-02-16 15:10:42,226 [ERROR] LogOutputStream:75 - [STDERR_REDIRECT] WARNING: Couldn't flush system prefs: java.util.prefs.BackingStoreException: Couldn't get file lock.
2025-02-16 15:10:42,226 [ERROR] LogOutputStream:75 - [STDERR_REDIRECT] 
2025-02-16 15:11:12,227 [ERROR] LogOutputStream:75 - [STDERR_REDIRECT] Feb 16, 2025 3:11:12 PM java.util.prefs.FileSystemPreferences checkLockFile0ErrorCode
2025-02-16 15:11:12,227 [ERROR] LogOutputStream:75 - [STDERR_REDIRECT] WARNING: Could not lock System prefs. Unix error code 2.
2025-02-16 15:11:12,233 [ERROR] LogOutputStream:75 - [STDERR_REDIRECT] 
2025-02-16 15:11:12,234 [ERROR] LogOutputStream:75 - [STDERR_REDIRECT] Feb 16, 2025 3:11:12 PM java.util.prefs.FileSystemPreferences syncWorld
2025-02-16 15:11:12,234 [ERROR] LogOutputStream:75 - [STDERR_REDIRECT] WARNING: Couldn't flush system prefs: java.util.prefs.BackingStoreException: Couldn't get file lock.
2025-02-16 15:11:12,234 [ERROR] LogOutputStream:75 - [STDERR_REDIRECT] 
2025-02-16 15:11:42,226 [ERROR] LogOutputStream:75 - [STDERR_REDIRECT] Feb 16, 2025 3:11:42 PM java.util.prefs.FileSystemPreferences checkLockFile0ErrorCode
2025-02-16 15:11:42,226 [ERROR] LogOutputStream:75 - [STDERR_REDIRECT] WARNING: Could not lock System prefs. Unix error code 2.
2025-02-16 15:11:42,226 [ERROR] LogOutputStream:75 - [STDERR_REDIRECT] 
2025-02-16 15:11:42,226 [ERROR] LogOutputStream:75 - [STDERR_REDIRECT] Feb 16, 2025 3:11:42 PM java.util.prefs.FileSystemPreferences syncWorld
2025-02-16 15:11:42,226 [ERROR] LogOutputStream:75 - [STDERR_REDIRECT] WARNING: Couldn't flush system prefs: java.util.prefs.BackingStoreException: Couldn't get file lock.
2025-02-16 15:11:42,226 [ERROR] LogOutputStream:75 - [STDERR_REDIRECT] 
2025-02-16 15:12:12,227 [ERROR] LogOutputStream:75 - [STDERR_REDIRECT] Feb 16, 2025 3:12:12 PM java.util.prefs.FileSystemPreferences checkLockFile0ErrorCode
2025-02-16 15:12:12,227 [ERROR] LogOutputStream:75 - [STDERR_REDIRECT] WARNING: Could not lock System prefs. Unix error code 2.
2025-02-16 15:12:12,227 [ERROR] LogOutputStream:75 - [STDERR_REDIRECT] 
2025-02-16 15:12:12,227 [ERROR] LogOutputStream:75 - [STDERR_REDIRECT] Feb 16, 2025 3:12:12 PM java.util.prefs.FileSystemPreferences syncWorld
2025-02-16 15:12:12,227 [ERROR] LogOutputStream:75 - [STDERR_REDIRECT] WARNING: Couldn't flush system prefs: java.util.prefs.BackingStoreException: Couldn't get file lock.
2025-02-16 15:12:12,227 [ERROR] LogOutputStream:75 - [STDERR_REDIRECT] 
2025-02-16 15:12:42,228 [ERROR] LogOutputStream:75 - [STDERR_REDIRECT] Feb 16, 2025 3:12:42 PM java.util.prefs.FileSystemPreferences checkLockFile0ErrorCode
2025-02-16 15:12:42,228 [ERROR] LogOutputStream:75 - [STDERR_REDIRECT] WARNING: Could not lock System prefs. Unix error code 2.
2025-02-16 15:12:42,228 [ERROR] LogOutputStream:75 - [STDERR_REDIRECT] 
2025-02-16 15:12:42,228 [ERROR] LogOutputStream:75 - [STDERR_REDIRECT] Feb 16, 2025 3:12:42 PM java.util.prefs.FileSystemPreferences syncWorld
2025-02-16 15:12:42,228 [ERROR] LogOutputStream:75 - [STDERR_REDIRECT] WARNING: Couldn't flush system prefs: java.util.prefs.BackingStoreException: Couldn't get file lock.
2025-02-16 15:12:42,228 [ERROR] LogOutputStream:75 - [STDERR_REDIRECT] 
2025-02-16 15:13:12,227 [ERROR] LogOutputStream:75 - [STDERR_REDIRECT] Feb 16, 2025 3:13:12 PM java.util.prefs.FileSystemPreferences checkLockFile0ErrorCode
2025-02-16 15:13:12,227 [ERROR] LogOutputStream:75 - [STDERR_REDIRECT] WARNING: Could not lock System prefs. Unix error code 2.
2025-02-16 15:13:12,228 [ERROR] LogOutputStream:75 - [STDERR_REDIRECT] 
2025-02-16 15:13:12,228 [ERROR] LogOutputStream:75 - [STDERR_REDIRECT] Feb 16, 2025 3:13:12 PM java.util.prefs.FileSystemPreferences syncWorld
2025-02-16 15:13:12,228 [ERROR] LogOutputStream:75 - [STDERR_REDIRECT] WARNING: Couldn't flush system prefs: java.util.prefs.BackingStoreException: Couldn't get file lock.
2025-02-16 15:13:12,228 [ERROR] LogOutputStream:75 - [STDERR_REDIRECT] 
2025-02-16 15:13:42,227 [ERROR] LogOutputStream:75 - [STDERR_REDIRECT] Feb 16, 2025 3:13:42 PM java.util.prefs.FileSystemPreferences checkLockFile0ErrorCode
2025-02-16 15:13:42,227 [ERROR] LogOutputStream:75 - [STDERR_REDIRECT] WARNING: Could not lock System prefs. Unix error code 2.
2025-02-16 15:13:42,227 [ERROR] LogOutputStream:75 - [STDERR_REDIRECT] 
2025-02-16 15:13:42,227 [ERROR] LogOutputStream:75 - [STDERR_REDIRECT] Feb 16, 2025 3:13:42 PM java.util.prefs.FileSystemPreferences syncWorld
2025-02-16 15:13:42,227 [ERROR] LogOutputStream:75 - [STDERR_REDIRECT] WARNING: Couldn't flush system prefs: java.util.prefs.BackingStoreException: Couldn't get file lock.
2025-02-16 15:13:42,227 [ERROR] LogOutputStream:75 - [STDERR_REDIRECT] 
2025-02-16 15:14:12,228 [ERROR] LogOutputStream:75 - [STDERR_REDIRECT] Feb 16, 2025 3:14:12 PM java.util.prefs.FileSystemPreferences checkLockFile0ErrorCode
2025-02-16 15:14:12,228 [ERROR] LogOutputStream:75 - [STDERR_REDIRECT] WARNING: Could not lock System prefs. Unix error code 2.
2025-02-16 15:14:12,228 [ERROR] LogOutputStream:75 - [STDERR_REDIRECT] 
2025-02-16 15:14:12,228 [ERROR] LogOutputStream:75 - [STDERR_REDIRECT] Feb 16, 2025 3:14:12 PM java.util.prefs.FileSystemPreferences syncWorld
2025-02-16 15:14:12,228 [ERROR] LogOutputStream:75 - [STDERR_REDIRECT] WARNING: Couldn't flush system prefs: java.util.prefs.BackingStoreException: Couldn't get file lock.
2025-02-16 15:14:12,228 [ERROR] LogOutputStream:75 - [STDERR_REDIRECT] 
2025-02-16 15:14:42,228 [ERROR] LogOutputStream:75 - [STDERR_REDIRECT] Feb 16, 2025 3:14:42 PM java.util.prefs.FileSystemPreferences checkLockFile0ErrorCode
2025-02-16 15:14:42,228 [ERROR] LogOutputStream:75 - [STDERR_REDIRECT] WARNING: Could not lock System prefs. Unix error code 2.
2025-02-16 15:14:42,229 [ERROR] LogOutputStream:75 - [STDERR_REDIRECT] 
2025-02-16 15:14:42,229 [ERROR] LogOutputStream:75 - [STDERR_REDIRECT] Feb 16, 2025 3:14:42 PM java.util.prefs.FileSystemPreferences syncWorld
2025-02-16 15:14:42,229 [ERROR] LogOutputStream:75 - [STDERR_REDIRECT] WARNING: Couldn't flush system prefs: java.util.prefs.BackingStoreException: Couldn't get file lock.
2025-02-16 15:14:42,229 [ERROR] LogOutputStream:75 - [STDERR_REDIRECT] 
2025-02-16 15:15:12,228 [ERROR] LogOutputStream:75 - [STDERR_REDIRECT] Feb 16, 2025 3:15:12 PM java.util.prefs.FileSystemPreferences checkLockFile0ErrorCode
2025-02-16 15:15:12,228 [ERROR] LogOutputStream:75 - [STDERR_REDIRECT] WARNING: Could not lock System prefs. Unix error code 2.
2025-02-16 15:15:12,228 [ERROR] LogOutputStream:75 - [STDERR_REDIRECT] 
2025-02-16 15:15:12,229 [ERROR] LogOutputStream:75 - [STDERR_REDIRECT] Feb 16, 2025 3:15:12 PM java.util.prefs.FileSystemPreferences syncWorld
2025-02-16 15:15:12,229 [ERROR] LogOutputStream:75 - [STDERR_REDIRECT] WARNING: Couldn't flush system prefs: java.util.prefs.BackingStoreException: Couldn't get file lock.
2025-02-16 15:15:12,229 [ERROR] LogOutputStream:75 - [STDERR_REDIRECT] 
2025-02-16 15:15:42,228 [ERROR] LogOutputStream:75 - [STDERR_REDIRECT] Feb 16, 2025 3:15:42 PM java.util.prefs.FileSystemPreferences checkLockFile0ErrorCode
2025-02-16 15:15:42,228 [ERROR] LogOutputStream:75 - [STDERR_REDIRECT] WARNING: Could not lock System prefs. Unix error code 2.
2025-02-16 15:15:42,228 [ERROR] LogOutputStream:75 - [STDERR_REDIRECT] 
2025-02-16 15:15:42,229 [ERROR] LogOutputStream:75 - [STDERR_REDIRECT] Feb 16, 2025 3:15:42 PM java.util.prefs.FileSystemPreferences syncWorld
2025-02-16 15:15:42,229 [ERROR] LogOutputStream:75 - [STDERR_REDIRECT] WARNING: Couldn't flush system prefs: java.util.prefs.BackingStoreException: Couldn't get file lock.
2025-02-16 15:15:42,229 [ERROR] LogOutputStream:75 - [STDERR_REDIRECT] 
2025-02-16 15:16:12,228 [ERROR] LogOutputStream:75 - [STDERR_REDIRECT] Feb 16, 2025 3:16:12 PM java.util.prefs.FileSystemPreferences checkLockFile0ErrorCode
2025-02-16 15:16:12,229 [ERROR] LogOutputStream:75 - [STDERR_REDIRECT] WARNING: Could not lock System prefs. Unix error code 2.
2025-02-16 15:16:12,229 [ERROR] LogOutputStream:75 - [STDERR_REDIRECT] 
2025-02-16 15:16:12,229 [ERROR] LogOutputStream:75 - [STDERR_REDIRECT] Feb 16, 2025 3:16:12 PM java.util.prefs.FileSystemPreferences syncWorld
2025-02-16 15:16:12,229 [ERROR] LogOutputStream:75 - [STDERR_REDIRECT] WARNING: Couldn't flush system prefs: java.util.prefs.BackingStoreException: Couldn't get file lock.
2025-02-16 15:16:12,229 [ERROR] LogOutputStream:75 - [STDERR_REDIRECT] 
2025-02-16 15:16:42,228 [ERROR] LogOutputStream:75 - [STDERR_REDIRECT] Feb 16, 2025 3:16:42 PM java.util.prefs.FileSystemPreferences checkLockFile0ErrorCode
2025-02-16 15:16:42,229 [ERROR] LogOutputStream:75 - [STDERR_REDIRECT] WARNING: Could not lock System prefs. Unix error code 2.
2025-02-16 15:16:42,229 [ERROR] LogOutputStream:75 - [STDERR_REDIRECT] 
2025-02-16 15:16:42,229 [ERROR] LogOutputStream:75 - [STDERR_REDIRECT] Feb 16, 2025 3:16:42 PM java.util.prefs.FileSystemPreferences syncWorld
2025-02-16 15:16:42,229 [ERROR] LogOutputStream:75 - [STDERR_REDIRECT] WARNING: Couldn't flush system prefs: java.util.prefs.BackingStoreException: Couldn't get file lock.
2025-02-16 15:16:42,229 [ERROR] LogOutputStream:75 - [STDERR_REDIRECT] 
2025-02-16 15:17:12,228 [ERROR] LogOutputStream:75 - [STDERR_REDIRECT] Feb 16, 2025 3:17:12 PM java.util.prefs.FileSystemPreferences checkLockFile0ErrorCode
2025-02-16 15:17:12,229 [ERROR] LogOutputStream:75 - [STDERR_REDIRECT] WARNING: Could not lock System prefs. Unix error code 2.
2025-02-16 15:17:12,229 [ERROR] LogOutputStream:75 - [STDERR_REDIRECT] 
2025-02-16 15:17:12,229 [ERROR] LogOutputStream:75 - [STDERR_REDIRECT] Feb 16, 2025 3:17:12 PM java.util.prefs.FileSystemPreferences syncWorld
2025-02-16 15:17:12,229 [ERROR] LogOutputStream:75 - [STDERR_REDIRECT] WARNING: Couldn't flush system prefs: java.util.prefs.BackingStoreException: Couldn't get file lock.
2025-02-16 15:17:12,229 [ERROR] LogOutputStream:75 - [STDERR_REDIRECT] 
2025-02-16 15:17:42,228 [ERROR] LogOutputStream:75 - [STDERR_REDIRECT] Feb 16, 2025 3:17:42 PM java.util.prefs.FileSystemPreferences checkLockFile0ErrorCode
2025-02-16 15:17:42,229 [ERROR] LogOutputStream:75 - [STDERR_REDIRECT] WARNING: Could not lock System prefs. Unix error code 2.
2025-02-16 15:17:42,229 [ERROR] LogOutputStream:75 - [STDERR_REDIRECT] 
2025-02-16 15:17:42,229 [ERROR] LogOutputStream:75 - [STDERR_REDIRECT] Feb 16, 2025 3:17:42 PM java.util.prefs.FileSystemPreferences syncWorld
2025-02-16 15:17:42,229 [ERROR] LogOutputStream:75 - [STDERR_REDIRECT] WARNING: Couldn't flush system prefs: java.util.prefs.BackingStoreException: Couldn't get file lock.
2025-02-16 15:17:42,229 [ERROR] LogOutputStream:75 - [STDERR_REDIRECT] 
2025-02-16 15:18:12,228 [ERROR] LogOutputStream:75 - [STDERR_REDIRECT] Feb 16, 2025 3:18:12 PM java.util.prefs.FileSystemPreferences checkLockFile0ErrorCode
2025-02-16 15:18:12,228 [ERROR] LogOutputStream:75 - [STDERR_REDIRECT] WARNING: Could not lock System prefs. Unix error code 2.
2025-02-16 15:18:12,228 [ERROR] LogOutputStream:75 - [STDERR_REDIRECT] 
2025-02-16 15:18:12,229 [ERROR] LogOutputStream:75 - [STDERR_REDIRECT] Feb 16, 2025 3:18:12 PM java.util.prefs.FileSystemPreferences syncWorld
2025-02-16 15:18:12,229 [ERROR] LogOutputStream:75 - [STDERR_REDIRECT] WARNING: Couldn't flush system prefs: java.util.prefs.BackingStoreException: Couldn't get file lock.
2025-02-16 15:18:12,229 [ERROR] LogOutputStream:75 - [STDERR_REDIRECT] 
2025-02-16 15:18:42,228 [ERROR] LogOutputStream:75 - [STDERR_REDIRECT] Feb 16, 2025 3:18:42 PM java.util.prefs.FileSystemPreferences checkLockFile0ErrorCode
2025-02-16 15:18:42,228 [ERROR] LogOutputStream:75 - [STDERR_REDIRECT] WARNING: Could not lock System prefs. Unix error code 2.
2025-02-16 15:18:42,228 [ERROR] LogOutputStream:75 - [STDERR_REDIRECT] 
2025-02-16 15:18:42,229 [ERROR] LogOutputStream:75 - [STDERR_REDIRECT] Feb 16, 2025 3:18:42 PM java.util.prefs.FileSystemPreferences syncWorld
2025-02-16 15:18:42,229 [ERROR] LogOutputStream:75 - [STDERR_REDIRECT] WARNING: Couldn't flush system prefs: java.util.prefs.BackingStoreException: Couldn't get file lock.
2025-02-16 15:18:42,229 [ERROR] LogOutputStream:75 - [STDERR_REDIRECT] 
2025-02-16 15:19:12,228 [ERROR] LogOutputStream:75 - [STDERR_REDIRECT] Feb 16, 2025 3:19:12 PM java.util.prefs.FileSystemPreferences checkLockFile0ErrorCode
2025-02-16 15:19:12,228 [ERROR] LogOutputStream:75 - [STDERR_REDIRECT] WARNING: Could not lock System prefs. Unix error code 2.
2025-02-16 15:19:12,228 [ERROR] LogOutputStream:75 - [STDERR_REDIRECT] 
2025-02-16 15:19:12,229 [ERROR] LogOutputStream:75 - [STDERR_REDIRECT] Feb 16, 2025 3:19:12 PM java.util.prefs.FileSystemPreferences syncWorld
2025-02-16 15:19:12,229 [ERROR] LogOutputStream:75 - [STDERR_REDIRECT] WARNING: Couldn't flush system prefs: java.util.prefs.BackingStoreException: Couldn't get file lock.
2025-02-16 15:19:12,229 [ERROR] LogOutputStream:75 - [STDERR_REDIRECT] 
2025-02-16 15:19:42,228 [ERROR] LogOutputStream:75 - [STDERR_REDIRECT] Feb 16, 2025 3:19:42 PM java.util.prefs.FileSystemPreferences checkLockFile0ErrorCode
2025-02-16 15:19:42,228 [ERROR] LogOutputStream:75 - [STDERR_REDIRECT] WARNING: Could not lock System prefs. Unix error code 2.
2025-02-16 15:19:42,228 [ERROR] LogOutputStream:75 - [STDERR_REDIRECT] 
2025-02-16 15:19:42,228 [ERROR] LogOutputStream:75 - [STDERR_REDIRECT] Feb 16, 2025 3:19:42 PM java.util.prefs.FileSystemPreferences syncWorld
2025-02-16 15:19:42,228 [ERROR] LogOutputStream:75 - [STDERR_REDIRECT] WARNING: Couldn't flush system prefs: java.util.prefs.BackingStoreException: Couldn't get file lock.
2025-02-16 15:19:42,228 [ERROR] LogOutputStream:75 - [STDERR_REDIRECT] 
2025-02-16 15:20:12,229 [ERROR] LogOutputStream:75 - [STDERR_REDIRECT] Feb 16, 2025 3:20:12 PM java.util.prefs.FileSystemPreferences checkLockFile0ErrorCode
2025-02-16 15:20:12,229 [ERROR] LogOutputStream:75 - [STDERR_REDIRECT] WARNING: Could not lock System prefs. Unix error code 2.
2025-02-16 15:20:12,229 [ERROR] LogOutputStream:75 - [STDERR_REDIRECT] 
2025-02-16 15:20:12,229 [ERROR] LogOutputStream:75 - [STDERR_REDIRECT] Feb 16, 2025 3:20:12 PM java.util.prefs.FileSystemPreferences syncWorld
2025-02-16 15:20:12,229 [ERROR] LogOutputStream:75 - [STDERR_REDIRECT] WARNING: Couldn't flush system prefs: java.util.prefs.BackingStoreException: Couldn't get file lock.
2025-02-16 15:20:12,229 [ERROR] LogOutputStream:75 - [STDERR_REDIRECT] 
2025-02-16 15:20:42,230 [ERROR] LogOutputStream:75 - [STDERR_REDIRECT] Feb 16, 2025 3:20:42 PM java.util.prefs.FileSystemPreferences checkLockFile0ErrorCode
2025-02-16 15:20:42,230 [ERROR] LogOutputStream:75 - [STDERR_REDIRECT] WARNING: Could not lock System prefs. Unix error code 2.
2025-02-16 15:20:42,230 [ERROR] LogOutputStream:75 - [STDERR_REDIRECT] 
2025-02-16 15:20:42,230 [ERROR] LogOutputStream:75 - [STDERR_REDIRECT] Feb 16, 2025 3:20:42 PM java.util.prefs.FileSystemPreferences syncWorld
2025-02-16 15:20:42,230 [ERROR] LogOutputStream:75 - [STDERR_REDIRECT] WARNING: Couldn't flush system prefs: java.util.prefs.BackingStoreException: Couldn't get file lock.
2025-02-16 15:20:42,230 [ERROR] LogOutputStream:75 - [STDERR_REDIRECT] 
2025-02-16 15:21:12,230 [ERROR] LogOutputStream:75 - [STDERR_REDIRECT] Feb 16, 2025 3:21:12 PM java.util.prefs.FileSystemPreferences checkLockFile0ErrorCode
2025-02-16 15:21:12,230 [ERROR] LogOutputStream:75 - [STDERR_REDIRECT] WARNING: Could not lock System prefs. Unix error code 2.
2025-02-16 15:21:12,230 [ERROR] LogOutputStream:75 - [STDERR_REDIRECT] 
2025-02-16 15:21:12,230 [ERROR] LogOutputStream:75 - [STDERR_REDIRECT] Feb 16, 2025 3:21:12 PM java.util.prefs.FileSystemPreferences syncWorld
2025-02-16 15:21:12,230 [ERROR] LogOutputStream:75 - [STDERR_REDIRECT] WARNING: Couldn't flush system prefs: java.util.prefs.BackingStoreException: Couldn't get file lock.
2025-02-16 15:21:12,230 [ERROR] LogOutputStream:75 - [STDERR_REDIRECT] 
2025-02-16 15:21:42,230 [ERROR] LogOutputStream:75 - [STDERR_REDIRECT] Feb 16, 2025 3:21:42 PM java.util.prefs.FileSystemPreferences checkLockFile0ErrorCode
2025-02-16 15:21:42,230 [ERROR] LogOutputStream:75 - [STDERR_REDIRECT] WARNING: Could not lock System prefs. Unix error code 2.
2025-02-16 15:21:42,230 [ERROR] LogOutputStream:75 - [STDERR_REDIRECT] 
2025-02-16 15:21:42,230 [ERROR] LogOutputStream:75 - [STDERR_REDIRECT] Feb 16, 2025 3:21:42 PM java.util.prefs.FileSystemPreferences syncWorld
2025-02-16 15:21:42,230 [ERROR] LogOutputStream:75 - [STDERR_REDIRECT] WARNING: Couldn't flush system prefs: java.util.prefs.BackingStoreException: Couldn't get file lock.
2025-02-16 15:21:42,230 [ERROR] LogOutputStream:75 - [STDERR_REDIRECT] 
2025-02-16 15:22:12,230 [ERROR] LogOutputStream:75 - [STDERR_REDIRECT] Feb 16, 2025 3:22:12 PM java.util.prefs.FileSystemPreferences checkLockFile0ErrorCode
2025-02-16 15:22:12,230 [ERROR] LogOutputStream:75 - [STDERR_REDIRECT] WARNING: Could not lock System prefs. Unix error code 2.
2025-02-16 15:22:12,230 [ERROR] LogOutputStream:75 - [STDERR_REDIRECT] 
2025-02-16 15:22:12,230 [ERROR] LogOutputStream:75 - [STDERR_REDIRECT] Feb 16, 2025 3:22:12 PM java.util.prefs.FileSystemPreferences syncWorld
2025-02-16 15:22:12,230 [ERROR] LogOutputStream:75 - [STDERR_REDIRECT] WARNING: Couldn't flush system prefs: java.util.prefs.BackingStoreException: Couldn't get file lock.
2025-02-16 15:22:12,230 [ERROR] LogOutputStream:75 - [STDERR_REDIRECT] 
2025-02-16 15:22:42,229 [ERROR] LogOutputStream:75 - [STDERR_REDIRECT] Feb 16, 2025 3:22:42 PM java.util.prefs.FileSystemPreferences checkLockFile0ErrorCode
2025-02-16 15:22:42,229 [ERROR] LogOutputStream:75 - [STDERR_REDIRECT] WARNING: Could not lock System prefs. Unix error code 2.
2025-02-16 15:22:42,236 [ERROR] LogOutputStream:75 - [STDERR_REDIRECT] 
2025-02-16 15:22:42,236 [ERROR] LogOutputStream:75 - [STDERR_REDIRECT] Feb 16, 2025 3:22:42 PM java.util.prefs.FileSystemPreferences syncWorld
2025-02-16 15:22:42,236 [ERROR] LogOutputStream:75 - [STDERR_REDIRECT] WARNING: Couldn't flush system prefs: java.util.prefs.BackingStoreException: Couldn't get file lock.
2025-02-16 15:22:42,236 [ERROR] LogOutputStream:75 - [STDERR_REDIRECT] 
2025-02-16 15:23:12,230 [ERROR] LogOutputStream:75 - [STDERR_REDIRECT] Feb 16, 2025 3:23:12 PM java.util.prefs.FileSystemPreferences checkLockFile0ErrorCode
2025-02-16 15:23:12,230 [ERROR] LogOutputStream:75 - [STDERR_REDIRECT] WARNING: Could not lock System prefs. Unix error code 2.
2025-02-16 15:23:12,230 [ERROR] LogOutputStream:75 - [STDERR_REDIRECT] 
2025-02-16 15:23:12,230 [ERROR] LogOutputStream:75 - [STDERR_REDIRECT] Feb 16, 2025 3:23:12 PM java.util.prefs.FileSystemPreferences syncWorld
2025-02-16 15:23:12,230 [ERROR] LogOutputStream:75 - [STDERR_REDIRECT] WARNING: Couldn't flush system prefs: java.util.prefs.BackingStoreException: Couldn't get file lock.
2025-02-16 15:23:12,230 [ERROR] LogOutputStream:75 - [STDERR_REDIRECT] 
2025-02-16 15:23:42,229 [ERROR] LogOutputStream:75 - [STDERR_REDIRECT] Feb 16, 2025 3:23:42 PM java.util.prefs.FileSystemPreferences checkLockFile0ErrorCode
2025-02-16 15:23:42,229 [ERROR] LogOutputStream:75 - [STDERR_REDIRECT] WARNING: Could not lock System prefs. Unix error code 2.
2025-02-16 15:23:42,229 [ERROR] LogOutputStream:75 - [STDERR_REDIRECT] 
2025-02-16 15:23:42,230 [ERROR] LogOutputStream:75 - [STDERR_REDIRECT] Feb 16, 2025 3:23:42 PM java.util.prefs.FileSystemPreferences syncWorld
2025-02-16 15:23:42,230 [ERROR] LogOutputStream:75 - [STDERR_REDIRECT] WARNING: Couldn't flush system prefs: java.util.prefs.BackingStoreException: Couldn't get file lock.
2025-02-16 15:23:42,230 [ERROR] LogOutputStream:75 - [STDERR_REDIRECT] 
2025-02-16 15:24:12,229 [ERROR] LogOutputStream:75 - [STDERR_REDIRECT] Feb 16, 2025 3:24:12 PM java.util.prefs.FileSystemPreferences checkLockFile0ErrorCode
2025-02-16 15:24:12,229 [ERROR] LogOutputStream:75 - [STDERR_REDIRECT] WARNING: Could not lock System prefs. Unix error code 2.
2025-02-16 15:24:12,229 [ERROR] LogOutputStream:75 - [STDERR_REDIRECT] 
2025-02-16 15:24:12,229 [ERROR] LogOutputStream:75 - [STDERR_REDIRECT] Feb 16, 2025 3:24:12 PM java.util.prefs.FileSystemPreferences syncWorld
2025-02-16 15:24:12,230 [ERROR] LogOutputStream:75 - [STDERR_REDIRECT] WARNING: Couldn't flush system prefs: java.util.prefs.BackingStoreException: Couldn't get file lock.
2025-02-16 15:24:12,230 [ERROR] LogOutputStream:75 - [STDERR_REDIRECT] 
2025-02-16 15:24:42,229 [ERROR] LogOutputStream:75 - [STDERR_REDIRECT] Feb 16, 2025 3:24:42 PM java.util.prefs.FileSystemPreferences checkLockFile0ErrorCode
2025-02-16 15:24:42,229 [ERROR] LogOutputStream:75 - [STDERR_REDIRECT] WARNING: Could not lock System prefs. Unix error code 2.
2025-02-16 15:24:42,229 [ERROR] LogOutputStream:75 - [STDERR_REDIRECT] 
2025-02-16 15:24:42,229 [ERROR] LogOutputStream:75 - [STDERR_REDIRECT] Feb 16, 2025 3:24:42 PM java.util.prefs.FileSystemPreferences syncWorld
2025-02-16 15:24:42,229 [ERROR] LogOutputStream:75 - [STDERR_REDIRECT] WARNING: Couldn't flush system prefs: java.util.prefs.BackingStoreException: Couldn't get file lock.
2025-02-16 15:24:42,229 [ERROR] LogOutputStream:75 - [STDERR_REDIRECT] 
2025-02-16 15:25:12,230 [ERROR] LogOutputStream:75 - [STDERR_REDIRECT] Feb 16, 2025 3:25:12 PM java.util.prefs.FileSystemPreferences checkLockFile0ErrorCode
2025-02-16 15:25:12,230 [ERROR] LogOutputStream:75 - [STDERR_REDIRECT] WARNING: Could not lock System prefs. Unix error code 2.
2025-02-16 15:25:12,230 [ERROR] LogOutputStream:75 - [STDERR_REDIRECT] 
2025-02-16 15:25:12,230 [ERROR] LogOutputStream:75 - [STDERR_REDIRECT] Feb 16, 2025 3:25:12 PM java.util.prefs.FileSystemPreferences syncWorld
2025-02-16 15:25:12,230 [ERROR] LogOutputStream:75 - [STDERR_REDIRECT] WARNING: Couldn't flush system prefs: java.util.prefs.BackingStoreException: Couldn't get file lock.
2025-02-16 15:25:12,230 [ERROR] LogOutputStream:75 - [STDERR_REDIRECT] 
2025-02-16 15:25:42,231 [ERROR] LogOutputStream:75 - [STDERR_REDIRECT] Feb 16, 2025 3:25:42 PM java.util.prefs.FileSystemPreferences checkLockFile0ErrorCode
2025-02-16 15:25:42,231 [ERROR] LogOutputStream:75 - [STDERR_REDIRECT] WARNING: Could not lock System prefs. Unix error code 2.
2025-02-16 15:25:42,231 [ERROR] LogOutputStream:75 - [STDERR_REDIRECT] 
2025-02-16 15:25:42,231 [ERROR] LogOutputStream:75 - [STDERR_REDIRECT] Feb 16, 2025 3:25:42 PM java.util.prefs.FileSystemPreferences syncWorld
2025-02-16 15:25:42,231 [ERROR] LogOutputStream:75 - [STDERR_REDIRECT] WARNING: Couldn't flush system prefs: java.util.prefs.BackingStoreException: Couldn't get file lock.
2025-02-16 15:25:42,231 [ERROR] LogOutputStream:75 - [STDERR_REDIRECT] 
2025-02-16 15:26:12,231 [ERROR] LogOutputStream:75 - [STDERR_REDIRECT] Feb 16, 2025 3:26:12 PM java.util.prefs.FileSystemPreferences checkLockFile0ErrorCode
2025-02-16 15:26:12,231 [ERROR] LogOutputStream:75 - [STDERR_REDIRECT] WARNING: Could not lock System prefs. Unix error code 2.
2025-02-16 15:26:12,231 [ERROR] LogOutputStream:75 - [STDERR_REDIRECT] 
2025-02-16 15:26:12,231 [ERROR] LogOutputStream:75 - [STDERR_REDIRECT] Feb 16, 2025 3:26:12 PM java.util.prefs.FileSystemPreferences syncWorld
2025-02-16 15:26:12,231 [ERROR] LogOutputStream:75 - [STDERR_REDIRECT] WARNING: Couldn't flush system prefs: java.util.prefs.BackingStoreException: Couldn't get file lock.
2025-02-16 15:26:12,231 [ERROR] LogOutputStream:75 - [STDERR_REDIRECT] 
2025-02-16 15:26:42,230 [ERROR] LogOutputStream:75 - [STDERR_REDIRECT] Feb 16, 2025 3:26:42 PM java.util.prefs.FileSystemPreferences checkLockFile0ErrorCode
2025-02-16 15:26:42,230 [ERROR] LogOutputStream:75 - [STDERR_REDIRECT] WARNING: Could not lock System prefs. Unix error code 2.
2025-02-16 15:26:42,231 [ERROR] LogOutputStream:75 - [STDERR_REDIRECT] 
2025-02-16 15:26:42,231 [ERROR] LogOutputStream:75 - [STDERR_REDIRECT] Feb 16, 2025 3:26:42 PM java.util.prefs.FileSystemPreferences syncWorld
2025-02-16 15:26:42,231 [ERROR] LogOutputStream:75 - [STDERR_REDIRECT] WARNING: Couldn't flush system prefs: java.util.prefs.BackingStoreException: Couldn't get file lock.
2025-02-16 15:26:42,231 [ERROR] LogOutputStream:75 - [STDERR_REDIRECT] 
2025-02-16 15:27:12,230 [ERROR] LogOutputStream:75 - [STDERR_REDIRECT] Feb 16, 2025 3:27:12 PM java.util.prefs.FileSystemPreferences checkLockFile0ErrorCode
2025-02-16 15:27:12,230 [ERROR] LogOutputStream:75 - [STDERR_REDIRECT] WARNING: Could not lock System prefs. Unix error code 2.
2025-02-16 15:27:12,230 [ERROR] LogOutputStream:75 - [STDERR_REDIRECT] 
2025-02-16 15:27:12,231 [ERROR] LogOutputStream:75 - [STDERR_REDIRECT] Feb 16, 2025 3:27:12 PM java.util.prefs.FileSystemPreferences syncWorld
2025-02-16 15:27:12,231 [ERROR] LogOutputStream:75 - [STDERR_REDIRECT] WARNING: Couldn't flush system prefs: java.util.prefs.BackingStoreException: Couldn't get file lock.
2025-02-16 15:27:12,231 [ERROR] LogOutputStream:75 - [STDERR_REDIRECT] 
2025-02-16 15:27:42,230 [ERROR] LogOutputStream:75 - [STDERR_REDIRECT] Feb 16, 2025 3:27:42 PM java.util.prefs.FileSystemPreferences checkLockFile0ErrorCode
2025-02-16 15:27:42,230 [ERROR] LogOutputStream:75 - [STDERR_REDIRECT] WARNING: Could not lock System prefs. Unix error code 2.
2025-02-16 15:27:42,230 [ERROR] LogOutputStream:75 - [STDERR_REDIRECT] 
2025-02-16 15:27:42,231 [ERROR] LogOutputStream:75 - [STDERR_REDIRECT] Feb 16, 2025 3:27:42 PM java.util.prefs.FileSystemPreferences syncWorld
2025-02-16 15:27:42,231 [ERROR] LogOutputStream:75 - [STDERR_REDIRECT] WARNING: Couldn't flush system prefs: java.util.prefs.BackingStoreException: Couldn't get file lock.
2025-02-16 15:27:42,231 [ERROR] LogOutputStream:75 - [STDERR_REDIRECT] 
2025-02-16 15:28:12,230 [ERROR] LogOutputStream:75 - [STDERR_REDIRECT] Feb 16, 2025 3:28:12 PM java.util.prefs.FileSystemPreferences checkLockFile0ErrorCode
2025-02-16 15:28:12,230 [ERROR] LogOutputStream:75 - [STDERR_REDIRECT] WARNING: Could not lock System prefs. Unix error code 2.
2025-02-16 15:28:12,230 [ERROR] LogOutputStream:75 - [STDERR_REDIRECT] 
2025-02-16 15:28:12,231 [ERROR] LogOutputStream:75 - [STDERR_REDIRECT] Feb 16, 2025 3:28:12 PM java.util.prefs.FileSystemPreferences syncWorld
2025-02-16 15:28:12,231 [ERROR] LogOutputStream:75 - [STDERR_REDIRECT] WARNING: Couldn't flush system prefs: java.util.prefs.BackingStoreException: Couldn't get file lock.
2025-02-16 15:28:12,231 [ERROR] LogOutputStream:75 - [STDERR_REDIRECT] 
2025-02-16 15:28:42,230 [ERROR] LogOutputStream:75 - [STDERR_REDIRECT] Feb 16, 2025 3:28:42 PM java.util.prefs.FileSystemPreferences checkLockFile0ErrorCode
2025-02-16 15:28:42,230 [ERROR] LogOutputStream:75 - [STDERR_REDIRECT] WARNING: Could not lock System prefs. Unix error code 2.
2025-02-16 15:28:42,237 [ERROR] LogOutputStream:75 - [STDERR_REDIRECT] 
2025-02-16 15:28:42,237 [ERROR] LogOutputStream:75 - [STDERR_REDIRECT] Feb 16, 2025 3:28:42 PM java.util.prefs.FileSystemPreferences syncWorld
2025-02-16 15:28:42,237 [ERROR] LogOutputStream:75 - [STDERR_REDIRECT] WARNING: Couldn't flush system prefs: java.util.prefs.BackingStoreException: Couldn't get file lock.
2025-02-16 15:28:42,237 [ERROR] LogOutputStream:75 - [STDERR_REDIRECT] 
2025-02-16 15:29:12,230 [ERROR] LogOutputStream:75 - [STDERR_REDIRECT] Feb 16, 2025 3:29:12 PM java.util.prefs.FileSystemPreferences checkLockFile0ErrorCode
2025-02-16 15:29:12,230 [ERROR] LogOutputStream:75 - [STDERR_REDIRECT] WARNING: Could not lock System prefs. Unix error code 2.
2025-02-16 15:29:12,230 [ERROR] LogOutputStream:75 - [STDERR_REDIRECT] 
2025-02-16 15:29:12,231 [ERROR] LogOutputStream:75 - [STDERR_REDIRECT] Feb 16, 2025 3:29:12 PM java.util.prefs.FileSystemPreferences syncWorld
2025-02-16 15:29:12,231 [ERROR] LogOutputStream:75 - [STDERR_REDIRECT] WARNING: Couldn't flush system prefs: java.util.prefs.BackingStoreException: Couldn't get file lock.
2025-02-16 15:29:12,231 [ERROR] LogOutputStream:75 - [STDERR_REDIRECT] 
2025-02-16 15:29:42,230 [ERROR] LogOutputStream:75 - [STDERR_REDIRECT] Feb 16, 2025 3:29:42 PM java.util.prefs.FileSystemPreferences checkLockFile0ErrorCode
2025-02-16 15:29:42,230 [ERROR] LogOutputStream:75 - [STDERR_REDIRECT] WARNING: Could not lock System prefs. Unix error code 2.
2025-02-16 15:29:42,230 [ERROR] LogOutputStream:75 - [STDERR_REDIRECT] 
2025-02-16 15:29:42,231 [ERROR] LogOutputStream:75 - [STDERR_REDIRECT] Feb 16, 2025 3:29:42 PM java.util.prefs.FileSystemPreferences syncWorld
2025-02-16 15:29:42,231 [ERROR] LogOutputStream:75 - [STDERR_REDIRECT] WARNING: Couldn't flush system prefs: java.util.prefs.BackingStoreException: Couldn't get file lock.
2025-02-16 15:29:42,231 [ERROR] LogOutputStream:75 - [STDERR_REDIRECT] 
2025-02-16 15:30:12,230 [ERROR] LogOutputStream:75 - [STDERR_REDIRECT] Feb 16, 2025 3:30:12 PM java.util.prefs.FileSystemPreferences checkLockFile0ErrorCode
2025-02-16 15:30:12,230 [ERROR] LogOutputStream:75 - [STDERR_REDIRECT] WARNING: Could not lock System prefs. Unix error code 2.
2025-02-16 15:30:12,230 [ERROR] LogOutputStream:75 - [STDERR_REDIRECT] 
2025-02-16 15:30:12,230 [ERROR] LogOutputStream:75 - [STDERR_REDIRECT] Feb 16, 2025 3:30:12 PM java.util.prefs.FileSystemPreferences syncWorld
2025-02-16 15:30:12,230 [ERROR] LogOutputStream:75 - [STDERR_REDIRECT] WARNING: Couldn't flush system prefs: java.util.prefs.BackingStoreException: Couldn't get file lock.
2025-02-16 15:30:12,230 [ERROR] LogOutputStream:75 - [STDERR_REDIRECT] 
2025-02-16 15:30:42,230 [ERROR] LogOutputStream:75 - [STDERR_REDIRECT] Feb 16, 2025 3:30:42 PM java.util.prefs.FileSystemPreferences checkLockFile0ErrorCode
2025-02-16 15:30:42,231 [ERROR] LogOutputStream:75 - [STDERR_REDIRECT] WARNING: Could not lock System prefs. Unix error code 2.
2025-02-16 15:30:42,231 [ERROR] LogOutputStream:75 - [STDERR_REDIRECT] 
2025-02-16 15:30:42,231 [ERROR] LogOutputStream:75 - [STDERR_REDIRECT] Feb 16, 2025 3:30:42 PM java.util.prefs.FileSystemPreferences syncWorld
2025-02-16 15:30:42,231 [ERROR] LogOutputStream:75 - [STDERR_REDIRECT] WARNING: Couldn't flush system prefs: java.util.prefs.BackingStoreException: Couldn't get file lock.
2025-02-16 15:30:42,231 [ERROR] LogOutputStream:75 - [STDERR_REDIRECT] 
2025-02-16 15:31:12,230 [ERROR] LogOutputStream:75 - [STDERR_REDIRECT] Feb 16, 2025 3:31:12 PM java.util.prefs.FileSystemPreferences checkLockFile0ErrorCode
2025-02-16 15:31:12,230 [ERROR] LogOutputStream:75 - [STDERR_REDIRECT] WARNING: Could not lock System prefs. Unix error code 2.
2025-02-16 15:31:12,230 [ERROR] LogOutputStream:75 - [STDERR_REDIRECT] 
2025-02-16 15:31:12,230 [ERROR] LogOutputStream:75 - [STDERR_REDIRECT] Feb 16, 2025 3:31:12 PM java.util.prefs.FileSystemPreferences syncWorld
2025-02-16 15:31:12,231 [ERROR] LogOutputStream:75 - [STDERR_REDIRECT] WARNING: Couldn't flush system prefs: java.util.prefs.BackingStoreException: Couldn't get file lock.
2025-02-16 15:31:12,231 [ERROR] LogOutputStream:75 - [STDERR_REDIRECT] 
2025-02-16 15:31:42,230 [ERROR] LogOutputStream:75 - [STDERR_REDIRECT] Feb 16, 2025 3:31:42 PM java.util.prefs.FileSystemPreferences checkLockFile0ErrorCode
2025-02-16 15:31:42,230 [ERROR] LogOutputStream:75 - [STDERR_REDIRECT] WARNING: Could not lock System prefs. Unix error code 2.
2025-02-16 15:31:42,230 [ERROR] LogOutputStream:75 - [STDERR_REDIRECT] 
2025-02-16 15:31:42,230 [ERROR] LogOutputStream:75 - [STDERR_REDIRECT] Feb 16, 2025 3:31:42 PM java.util.prefs.FileSystemPreferences syncWorld
2025-02-16 15:31:42,230 [ERROR] LogOutputStream:75 - [STDERR_REDIRECT] WARNING: Couldn't flush system prefs: java.util.prefs.BackingStoreException: Couldn't get file lock.
2025-02-16 15:31:42,230 [ERROR] LogOutputStream:75 - [STDERR_REDIRECT] 
2025-02-16 15:32:12,231 [ERROR] LogOutputStream:75 - [STDERR_REDIRECT] Feb 16, 2025 3:32:12 PM java.util.prefs.FileSystemPreferences checkLockFile0ErrorCode
2025-02-16 15:32:12,231 [ERROR] LogOutputStream:75 - [STDERR_REDIRECT] WARNING: Could not lock System prefs. Unix error code 2.
2025-02-16 15:32:12,237 [ERROR] LogOutputStream:75 - [STDERR_REDIRECT] 
2025-02-16 15:32:12,237 [ERROR] LogOutputStream:75 - [STDERR_REDIRECT] Feb 16, 2025 3:32:12 PM java.util.prefs.FileSystemPreferences syncWorld
2025-02-16 15:32:12,237 [ERROR] LogOutputStream:75 - [STDERR_REDIRECT] WARNING: Couldn't flush system prefs: java.util.prefs.BackingStoreException: Couldn't get file lock.
2025-02-16 15:32:12,237 [ERROR] LogOutputStream:75 - [STDERR_REDIRECT] 
2025-02-16 15:32:42,231 [ERROR] LogOutputStream:75 - [STDERR_REDIRECT] Feb 16, 2025 3:32:42 PM java.util.prefs.FileSystemPreferences checkLockFile0ErrorCode
2025-02-16 15:32:42,231 [ERROR] LogOutputStream:75 - [STDERR_REDIRECT] WARNING: Could not lock System prefs. Unix error code 2.
2025-02-16 15:32:42,231 [ERROR] LogOutputStream:75 - [STDERR_REDIRECT] 
2025-02-16 15:32:42,231 [ERROR] LogOutputStream:75 - [STDERR_REDIRECT] Feb 16, 2025 3:32:42 PM java.util.prefs.FileSystemPreferences syncWorld
2025-02-16 15:32:42,231 [ERROR] LogOutputStream:75 - [STDERR_REDIRECT] WARNING: Couldn't flush system prefs: java.util.prefs.BackingStoreException: Couldn't get file lock.
2025-02-16 15:32:42,231 [ERROR] LogOutputStream:75 - [STDERR_REDIRECT] 
2025-02-16 15:33:12,232 [ERROR] LogOutputStream:75 - [STDERR_REDIRECT] Feb 16, 2025 3:33:12 PM java.util.prefs.FileSystemPreferences checkLockFile0ErrorCode
2025-02-16 15:33:12,232 [ERROR] LogOutputStream:75 - [STDERR_REDIRECT] WARNING: Could not lock System prefs. Unix error code 2.
2025-02-16 15:33:12,238 [ERROR] LogOutputStream:75 - [STDERR_REDIRECT] 
2025-02-16 15:33:12,239 [ERROR] LogOutputStream:75 - [STDERR_REDIRECT] Feb 16, 2025 3:33:12 PM java.util.prefs.FileSystemPreferences syncWorld
2025-02-16 15:33:12,239 [ERROR] LogOutputStream:75 - [STDERR_REDIRECT] WARNING: Couldn't flush system prefs: java.util.prefs.BackingStoreException: Couldn't get file lock.
2025-02-16 15:33:12,239 [ERROR] LogOutputStream:75 - [STDERR_REDIRECT] 
2025-02-16 15:33:42,232 [ERROR] LogOutputStream:75 - [STDERR_REDIRECT] Feb 16, 2025 3:33:42 PM java.util.prefs.FileSystemPreferences checkLockFile0ErrorCode
2025-02-16 15:33:42,232 [ERROR] LogOutputStream:75 - [STDERR_REDIRECT] WARNING: Could not lock System prefs. Unix error code 2.
2025-02-16 15:33:42,232 [ERROR] LogOutputStream:75 - [STDERR_REDIRECT] 
2025-02-16 15:33:42,232 [ERROR] LogOutputStream:75 - [STDERR_REDIRECT] Feb 16, 2025 3:33:42 PM java.util.prefs.FileSystemPreferences syncWorld
2025-02-16 15:33:42,233 [ERROR] LogOutputStream:75 - [STDERR_REDIRECT] WARNING: Couldn't flush system prefs: java.util.prefs.BackingStoreException: Couldn't get file lock.
2025-02-16 15:33:42,233 [ERROR] LogOutputStream:75 - [STDERR_REDIRECT] 
2025-02-16 15:34:12,232 [ERROR] LogOutputStream:75 - [STDERR_REDIRECT] Feb 16, 2025 3:34:12 PM java.util.prefs.FileSystemPreferences checkLockFile0ErrorCode
2025-02-16 15:34:12,232 [ERROR] LogOutputStream:75 - [STDERR_REDIRECT] WARNING: Could not lock System prefs. Unix error code 2.
2025-02-16 15:34:12,232 [ERROR] LogOutputStream:75 - [STDERR_REDIRECT] 
2025-02-16 15:34:12,233 [ERROR] LogOutputStream:75 - [STDERR_REDIRECT] Feb 16, 2025 3:34:12 PM java.util.prefs.FileSystemPreferences syncWorld
2025-02-16 15:34:12,233 [ERROR] LogOutputStream:75 - [STDERR_REDIRECT] WARNING: Couldn't flush system prefs: java.util.prefs.BackingStoreException: Couldn't get file lock.
2025-02-16 15:34:12,233 [ERROR] LogOutputStream:75 - [STDERR_REDIRECT] 
2025-02-16 15:34:42,232 [ERROR] LogOutputStream:75 - [STDERR_REDIRECT] Feb 16, 2025 3:34:42 PM java.util.prefs.FileSystemPreferences checkLockFile0ErrorCode
2025-02-16 15:34:42,232 [ERROR] LogOutputStream:75 - [STDERR_REDIRECT] WARNING: Could not lock System prefs. Unix error code 2.
2025-02-16 15:34:42,232 [ERROR] LogOutputStream:75 - [STDERR_REDIRECT] 
2025-02-16 15:34:42,233 [ERROR] LogOutputStream:75 - [STDERR_REDIRECT] Feb 16, 2025 3:34:42 PM java.util.prefs.FileSystemPreferences syncWorld
2025-02-16 15:34:42,233 [ERROR] LogOutputStream:75 - [STDERR_REDIRECT] WARNING: Couldn't flush system prefs: java.util.prefs.BackingStoreException: Couldn't get file lock.
2025-02-16 15:34:42,233 [ERROR] LogOutputStream:75 - [STDERR_REDIRECT] 
2025-02-16 15:35:12,232 [ERROR] LogOutputStream:75 - [STDERR_REDIRECT] Feb 16, 2025 3:35:12 PM java.util.prefs.FileSystemPreferences checkLockFile0ErrorCode
2025-02-16 15:35:12,232 [ERROR] LogOutputStream:75 - [STDERR_REDIRECT] WARNING: Could not lock System prefs. Unix error code 2.
2025-02-16 15:35:12,233 [ERROR] LogOutputStream:75 - [STDERR_REDIRECT] 
2025-02-16 15:35:12,233 [ERROR] LogOutputStream:75 - [STDERR_REDIRECT] Feb 16, 2025 3:35:12 PM java.util.prefs.FileSystemPreferences syncWorld
2025-02-16 15:35:12,233 [ERROR] LogOutputStream:75 - [STDERR_REDIRECT] WARNING: Couldn't flush system prefs: java.util.prefs.BackingStoreException: Couldn't get file lock.
2025-02-16 15:35:12,233 [ERROR] LogOutputStream:75 - [STDERR_REDIRECT] 
2025-02-16 15:35:42,232 [ERROR] LogOutputStream:75 - [STDERR_REDIRECT] Feb 16, 2025 3:35:42 PM java.util.prefs.FileSystemPreferences checkLockFile0ErrorCode
2025-02-16 15:35:42,232 [ERROR] LogOutputStream:75 - [STDERR_REDIRECT] WARNING: Could not lock System prefs. Unix error code 2.
2025-02-16 15:35:42,239 [ERROR] LogOutputStream:75 - [STDERR_REDIRECT] 
2025-02-16 15:35:42,239 [ERROR] LogOutputStream:75 - [STDERR_REDIRECT] Feb 16, 2025 3:35:42 PM java.util.prefs.FileSystemPreferences syncWorld
2025-02-16 15:35:42,239 [ERROR] LogOutputStream:75 - [STDERR_REDIRECT] WARNING: Couldn't flush system prefs: java.util.prefs.BackingStoreException: Couldn't get file lock.
2025-02-16 15:35:42,239 [ERROR] LogOutputStream:75 - [STDERR_REDIRECT] 
2025-02-16 15:36:12,232 [ERROR] LogOutputStream:75 - [STDERR_REDIRECT] Feb 16, 2025 3:36:12 PM java.util.prefs.FileSystemPreferences checkLockFile0ErrorCode
2025-02-16 15:36:12,233 [ERROR] LogOutputStream:75 - [STDERR_REDIRECT] WARNING: Could not lock System prefs. Unix error code 2.
2025-02-16 15:36:12,233 [ERROR] LogOutputStream:75 - [STDERR_REDIRECT] 
2025-02-16 15:36:12,233 [ERROR] LogOutputStream:75 - [STDERR_REDIRECT] Feb 16, 2025 3:36:12 PM java.util.prefs.FileSystemPreferences syncWorld
2025-02-16 15:36:12,233 [ERROR] LogOutputStream:75 - [STDERR_REDIRECT] WARNING: Couldn't flush system prefs: java.util.prefs.BackingStoreException: Couldn't get file lock.
2025-02-16 15:36:12,233 [ERROR] LogOutputStream:75 - [STDERR_REDIRECT] 
2025-02-16 15:36:42,232 [ERROR] LogOutputStream:75 - [STDERR_REDIRECT] Feb 16, 2025 3:36:42 PM java.util.prefs.FileSystemPreferences checkLockFile0ErrorCode
2025-02-16 15:36:42,233 [ERROR] LogOutputStream:75 - [STDERR_REDIRECT] WARNING: Could not lock System prefs. Unix error code 2.
2025-02-16 15:36:42,233 [ERROR] LogOutputStream:75 - [STDERR_REDIRECT] 
2025-02-16 15:36:42,233 [ERROR] LogOutputStream:75 - [STDERR_REDIRECT] Feb 16, 2025 3:36:42 PM java.util.prefs.FileSystemPreferences syncWorld
2025-02-16 15:36:42,233 [ERROR] LogOutputStream:75 - [STDERR_REDIRECT] WARNING: Couldn't flush system prefs: java.util.prefs.BackingStoreException: Couldn't get file lock.
2025-02-16 15:36:42,233 [ERROR] LogOutputStream:75 - [STDERR_REDIRECT] 
2025-02-16 15:37:12,232 [ERROR] LogOutputStream:75 - [STDERR_REDIRECT] Feb 16, 2025 3:37:12 PM java.util.prefs.FileSystemPreferences checkLockFile0ErrorCode
2025-02-16 15:37:12,233 [ERROR] LogOutputStream:75 - [STDERR_REDIRECT] WARNING: Could not lock System prefs. Unix error code 2.
2025-02-16 15:37:12,233 [ERROR] LogOutputStream:75 - [STDERR_REDIRECT] 
2025-02-16 15:37:12,233 [ERROR] LogOutputStream:75 - [STDERR_REDIRECT] Feb 16, 2025 3:37:12 PM java.util.prefs.FileSystemPreferences syncWorld
2025-02-16 15:37:12,233 [ERROR] LogOutputStream:75 - [STDERR_REDIRECT] WARNING: Couldn't flush system prefs: java.util.prefs.BackingStoreException: Couldn't get file lock.
2025-02-16 15:37:12,233 [ERROR] LogOutputStream:75 - [STDERR_REDIRECT] 
2025-02-16 15:37:42,232 [ERROR] LogOutputStream:75 - [STDERR_REDIRECT] Feb 16, 2025 3:37:42 PM java.util.prefs.FileSystemPreferences checkLockFile0ErrorCode
2025-02-16 15:37:42,232 [ERROR] LogOutputStream:75 - [STDERR_REDIRECT] WARNING: Could not lock System prefs. Unix error code 2.
2025-02-16 15:37:42,232 [ERROR] LogOutputStream:75 - [STDERR_REDIRECT] 
2025-02-16 15:37:42,232 [ERROR] LogOutputStream:75 - [STDERR_REDIRECT] Feb 16, 2025 3:37:42 PM java.util.prefs.FileSystemPreferences syncWorld
2025-02-16 15:37:42,233 [ERROR] LogOutputStream:75 - [STDERR_REDIRECT] WARNING: Couldn't flush system prefs: java.util.prefs.BackingStoreException: Couldn't get file lock.
2025-02-16 15:37:42,233 [ERROR] LogOutputStream:75 - [STDERR_REDIRECT] 
2025-02-16 15:38:12,232 [ERROR] LogOutputStream:75 - [STDERR_REDIRECT] Feb 16, 2025 3:38:12 PM java.util.prefs.FileSystemPreferences checkLockFile0ErrorCode
2025-02-16 15:38:12,232 [ERROR] LogOutputStream:75 - [STDERR_REDIRECT] WARNING: Could not lock System prefs. Unix error code 2.
2025-02-16 15:38:12,239 [ERROR] LogOutputStream:75 - [STDERR_REDIRECT] 
2025-02-16 15:38:12,239 [ERROR] LogOutputStream:75 - [STDERR_REDIRECT] Feb 16, 2025 3:38:12 PM java.util.prefs.FileSystemPreferences syncWorld
2025-02-16 15:38:12,239 [ERROR] LogOutputStream:75 - [STDERR_REDIRECT] WARNING: Couldn't flush system prefs: java.util.prefs.BackingStoreException: Couldn't get file lock.
2025-02-16 15:38:12,239 [ERROR] LogOutputStream:75 - [STDERR_REDIRECT] 
2025-02-16 15:38:42,232 [ERROR] LogOutputStream:75 - [STDERR_REDIRECT] Feb 16, 2025 3:38:42 PM java.util.prefs.FileSystemPreferences checkLockFile0ErrorCode
2025-02-16 15:38:42,232 [ERROR] LogOutputStream:75 - [STDERR_REDIRECT] WARNING: Could not lock System prefs. Unix error code 2.
2025-02-16 15:38:42,232 [ERROR] LogOutputStream:75 - [STDERR_REDIRECT] 
2025-02-16 15:38:42,233 [ERROR] LogOutputStream:75 - [STDERR_REDIRECT] Feb 16, 2025 3:38:42 PM java.util.prefs.FileSystemPreferences syncWorld
2025-02-16 15:38:42,233 [ERROR] LogOutputStream:75 - [STDERR_REDIRECT] WARNING: Couldn't flush system prefs: java.util.prefs.BackingStoreException: Couldn't get file lock.
2025-02-16 15:38:42,233 [ERROR] LogOutputStream:75 - [STDERR_REDIRECT] 
2025-02-16 15:39:12,232 [ERROR] LogOutputStream:75 - [STDERR_REDIRECT] Feb 16, 2025 3:39:12 PM java.util.prefs.FileSystemPreferences checkLockFile0ErrorCode
2025-02-16 15:39:12,232 [ERROR] LogOutputStream:75 - [STDERR_REDIRECT] WARNING: Could not lock System prefs. Unix error code 2.
2025-02-16 15:39:12,232 [ERROR] LogOutputStream:75 - [STDERR_REDIRECT] 
2025-02-16 15:39:12,232 [ERROR] LogOutputStream:75 - [STDERR_REDIRECT] Feb 16, 2025 3:39:12 PM java.util.prefs.FileSystemPreferences syncWorld
2025-02-16 15:39:12,232 [ERROR] LogOutputStream:75 - [STDERR_REDIRECT] WARNING: Couldn't flush system prefs: java.util.prefs.BackingStoreException: Couldn't get file lock.
2025-02-16 15:39:12,232 [ERROR] LogOutputStream:75 - [STDERR_REDIRECT] 
2025-02-16 15:39:42,233 [ERROR] LogOutputStream:75 - [STDERR_REDIRECT] Feb 16, 2025 3:39:42 PM java.util.prefs.FileSystemPreferences checkLockFile0ErrorCode
2025-02-16 15:39:42,233 [ERROR] LogOutputStream:75 - [STDERR_REDIRECT] WARNING: Could not lock System prefs. Unix error code 2.
2025-02-16 15:39:42,233 [ERROR] LogOutputStream:75 - [STDERR_REDIRECT] 
2025-02-16 15:39:42,233 [ERROR] LogOutputStream:75 - [STDERR_REDIRECT] Feb 16, 2025 3:39:42 PM java.util.prefs.FileSystemPreferences syncWorld
2025-02-16 15:39:42,233 [ERROR] LogOutputStream:75 - [STDERR_REDIRECT] WARNING: Couldn't flush system prefs: java.util.prefs.BackingStoreException: Couldn't get file lock.
2025-02-16 15:39:42,233 [ERROR] LogOutputStream:75 - [STDERR_REDIRECT] 
2025-02-16 15:40:12,233 [ERROR] LogOutputStream:75 - [STDERR_REDIRECT] Feb 16, 2025 3:40:12 PM java.util.prefs.FileSystemPreferences checkLockFile0ErrorCode
2025-02-16 15:40:12,234 [ERROR] LogOutputStream:75 - [STDERR_REDIRECT] WARNING: Could not lock System prefs. Unix error code 2.
2025-02-16 15:40:12,234 [ERROR] LogOutputStream:75 - [STDERR_REDIRECT] 
2025-02-16 15:40:12,234 [ERROR] LogOutputStream:75 - [STDERR_REDIRECT] Feb 16, 2025 3:40:12 PM java.util.prefs.FileSystemPreferences syncWorld
2025-02-16 15:40:12,234 [ERROR] LogOutputStream:75 - [STDERR_REDIRECT] WARNING: Couldn't flush system prefs: java.util.prefs.BackingStoreException: Couldn't get file lock.
2025-02-16 15:40:12,234 [ERROR] LogOutputStream:75 - [STDERR_REDIRECT] 
2025-02-16 15:40:42,233 [ERROR] LogOutputStream:75 - [STDERR_REDIRECT] Feb 16, 2025 3:40:42 PM java.util.prefs.FileSystemPreferences checkLockFile0ErrorCode
2025-02-16 15:40:42,233 [ERROR] LogOutputStream:75 - [STDERR_REDIRECT] WARNING: Could not lock System prefs. Unix error code 2.
2025-02-16 15:40:42,233 [ERROR] LogOutputStream:75 - [STDERR_REDIRECT] 
2025-02-16 15:40:42,233 [ERROR] LogOutputStream:75 - [STDERR_REDIRECT] Feb 16, 2025 3:40:42 PM java.util.prefs.FileSystemPreferences syncWorld
2025-02-16 15:40:42,233 [ERROR] LogOutputStream:75 - [STDERR_REDIRECT] WARNING: Couldn't flush system prefs: java.util.prefs.BackingStoreException: Couldn't get file lock.
2025-02-16 15:40:42,233 [ERROR] LogOutputStream:75 - [STDERR_REDIRECT] 
2025-02-16 15:41:12,233 [ERROR] LogOutputStream:75 - [STDERR_REDIRECT] Feb 16, 2025 3:41:12 PM java.util.prefs.FileSystemPreferences checkLockFile0ErrorCode
2025-02-16 15:41:12,233 [ERROR] LogOutputStream:75 - [STDERR_REDIRECT] WARNING: Could not lock System prefs. Unix error code 2.
2025-02-16 15:41:12,233 [ERROR] LogOutputStream:75 - [STDERR_REDIRECT] 
2025-02-16 15:41:12,233 [ERROR] LogOutputStream:75 - [STDERR_REDIRECT] Feb 16, 2025 3:41:12 PM java.util.prefs.FileSystemPreferences syncWorld
2025-02-16 15:41:12,233 [ERROR] LogOutputStream:75 - [STDERR_REDIRECT] WARNING: Couldn't flush system prefs: java.util.prefs.BackingStoreException: Couldn't get file lock.
2025-02-16 15:41:12,233 [ERROR] LogOutputStream:75 - [STDERR_REDIRECT] 
2025-02-16 15:41:42,233 [ERROR] LogOutputStream:75 - [STDERR_REDIRECT] Feb 16, 2025 3:41:42 PM java.util.prefs.FileSystemPreferences checkLockFile0ErrorCode
2025-02-16 15:41:42,233 [ERROR] LogOutputStream:75 - [STDERR_REDIRECT] WARNING: Could not lock System prefs. Unix error code 2.
2025-02-16 15:41:42,233 [ERROR] LogOutputStream:75 - [STDERR_REDIRECT] 
2025-02-16 15:41:42,233 [ERROR] LogOutputStream:75 - [STDERR_REDIRECT] Feb 16, 2025 3:41:42 PM java.util.prefs.FileSystemPreferences syncWorld
2025-02-16 15:41:42,233 [ERROR] LogOutputStream:75 - [STDERR_REDIRECT] WARNING: Couldn't flush system prefs: java.util.prefs.BackingStoreException: Couldn't get file lock.
2025-02-16 15:41:42,234 [ERROR] LogOutputStream:75 - [STDERR_REDIRECT] 
2025-02-16 15:42:12,233 [ERROR] LogOutputStream:75 - [STDERR_REDIRECT] Feb 16, 2025 3:42:12 PM java.util.prefs.FileSystemPreferences checkLockFile0ErrorCode
2025-02-16 15:42:12,233 [ERROR] LogOutputStream:75 - [STDERR_REDIRECT] WARNING: Could not lock System prefs. Unix error code 2.
2025-02-16 15:42:12,240 [ERROR] LogOutputStream:75 - [STDERR_REDIRECT] 
2025-02-16 15:42:12,240 [ERROR] LogOutputStream:75 - [STDERR_REDIRECT] Feb 16, 2025 3:42:12 PM java.util.prefs.FileSystemPreferences syncWorld
2025-02-16 15:42:12,240 [ERROR] LogOutputStream:75 - [STDERR_REDIRECT] WARNING: Couldn't flush system prefs: java.util.prefs.BackingStoreException: Couldn't get file lock.
2025-02-16 15:42:12,240 [ERROR] LogOutputStream:75 - [STDERR_REDIRECT] 
2025-02-16 15:42:42,233 [ERROR] LogOutputStream:75 - [STDERR_REDIRECT] Feb 16, 2025 3:42:42 PM java.util.prefs.FileSystemPreferences checkLockFile0ErrorCode
2025-02-16 15:42:42,233 [ERROR] LogOutputStream:75 - [STDERR_REDIRECT] WARNING: Could not lock System prefs. Unix error code 2.
2025-02-16 15:42:42,233 [ERROR] LogOutputStream:75 - [STDERR_REDIRECT] 
2025-02-16 15:42:42,234 [ERROR] LogOutputStream:75 - [STDERR_REDIRECT] Feb 16, 2025 3:42:42 PM java.util.prefs.FileSystemPreferences syncWorld
2025-02-16 15:42:42,234 [ERROR] LogOutputStream:75 - [STDERR_REDIRECT] WARNING: Couldn't flush system prefs: java.util.prefs.BackingStoreException: Couldn't get file lock.
2025-02-16 15:42:42,234 [ERROR] LogOutputStream:75 - [STDERR_REDIRECT] 
2025-02-16 15:43:12,233 [ERROR] LogOutputStream:75 - [STDERR_REDIRECT] Feb 16, 2025 3:43:12 PM java.util.prefs.FileSystemPreferences checkLockFile0ErrorCode
2025-02-16 15:43:12,233 [ERROR] LogOutputStream:75 - [STDERR_REDIRECT] WARNING: Could not lock System prefs. Unix error code 2.
2025-02-16 15:43:12,233 [ERROR] LogOutputStream:75 - [STDERR_REDIRECT] 
2025-02-16 15:43:12,233 [ERROR] LogOutputStream:75 - [STDERR_REDIRECT] Feb 16, 2025 3:43:12 PM java.util.prefs.FileSystemPreferences syncWorld
2025-02-16 15:43:12,233 [ERROR] LogOutputStream:75 - [STDERR_REDIRECT] WARNING: Couldn't flush system prefs: java.util.prefs.BackingStoreException: Couldn't get file lock.
2025-02-16 15:43:12,233 [ERROR] LogOutputStream:75 - [STDERR_REDIRECT] 
2025-02-16 15:43:42,233 [ERROR] LogOutputStream:75 - [STDERR_REDIRECT] Feb 16, 2025 3:43:42 PM java.util.prefs.FileSystemPreferences checkLockFile0ErrorCode
2025-02-16 15:43:42,234 [ERROR] LogOutputStream:75 - [STDERR_REDIRECT] WARNING: Could not lock System prefs. Unix error code 2.
2025-02-16 15:43:42,234 [ERROR] LogOutputStream:75 - [STDERR_REDIRECT] 
2025-02-16 15:43:42,234 [ERROR] LogOutputStream:75 - [STDERR_REDIRECT] Feb 16, 2025 3:43:42 PM java.util.prefs.FileSystemPreferences syncWorld
2025-02-16 15:43:42,234 [ERROR] LogOutputStream:75 - [STDERR_REDIRECT] WARNING: Couldn't flush system prefs: java.util.prefs.BackingStoreException: Couldn't get file lock.
2025-02-16 15:43:42,234 [ERROR] LogOutputStream:75 - [STDERR_REDIRECT] 
2025-02-16 15:44:12,233 [ERROR] LogOutputStream:75 - [STDERR_REDIRECT] Feb 16, 2025 3:44:12 PM java.util.prefs.FileSystemPreferences checkLockFile0ErrorCode
2025-02-16 15:44:12,233 [ERROR] LogOutputStream:75 - [STDERR_REDIRECT] WARNING: Could not lock System prefs. Unix error code 2.
2025-02-16 15:44:12,233 [ERROR] LogOutputStream:75 - [STDERR_REDIRECT] 
2025-02-16 15:44:12,233 [ERROR] LogOutputStream:75 - [STDERR_REDIRECT] Feb 16, 2025 3:44:12 PM java.util.prefs.FileSystemPreferences syncWorld
2025-02-16 15:44:12,233 [ERROR] LogOutputStream:75 - [STDERR_REDIRECT] WARNING: Couldn't flush system prefs: java.util.prefs.BackingStoreException: Couldn't get file lock.
2025-02-16 15:44:12,234 [ERROR] LogOutputStream:75 - [STDERR_REDIRECT] 
2025-02-16 15:44:42,233 [ERROR] LogOutputStream:75 - [STDERR_REDIRECT] Feb 16, 2025 3:44:42 PM java.util.prefs.FileSystemPreferences checkLockFile0ErrorCode
2025-02-16 15:44:42,233 [ERROR] LogOutputStream:75 - [STDERR_REDIRECT] WARNING: Could not lock System prefs. Unix error code 2.
2025-02-16 15:44:42,233 [ERROR] LogOutputStream:75 - [STDERR_REDIRECT] 
2025-02-16 15:44:42,233 [ERROR] LogOutputStream:75 - [STDERR_REDIRECT] Feb 16, 2025 3:44:42 PM java.util.prefs.FileSystemPreferences syncWorld
2025-02-16 15:44:42,233 [ERROR] LogOutputStream:75 - [STDERR_REDIRECT] WARNING: Couldn't flush system prefs: java.util.prefs.BackingStoreException: Couldn't get file lock.
2025-02-16 15:44:42,233 [ERROR] LogOutputStream:75 - [STDERR_REDIRECT] 
2025-02-16 15:45:12,234 [ERROR] LogOutputStream:75 - [STDERR_REDIRECT] Feb 16, 2025 3:45:12 PM java.util.prefs.FileSystemPreferences checkLockFile0ErrorCode
2025-02-16 15:45:12,234 [ERROR] LogOutputStream:75 - [STDERR_REDIRECT] WARNING: Could not lock System prefs. Unix error code 2.
2025-02-16 15:45:12,234 [ERROR] LogOutputStream:75 - [STDERR_REDIRECT] 
2025-02-16 15:45:12,234 [ERROR] LogOutputStream:75 - [STDERR_REDIRECT] Feb 16, 2025 3:45:12 PM java.util.prefs.FileSystemPreferences syncWorld
2025-02-16 15:45:12,234 [ERROR] LogOutputStream:75 - [STDERR_REDIRECT] WARNING: Couldn't flush system prefs: java.util.prefs.BackingStoreException: Couldn't get file lock.
2025-02-16 15:45:12,234 [ERROR] LogOutputStream:75 - [STDERR_REDIRECT] 
2025-02-16 15:45:42,233 [ERROR] LogOutputStream:75 - [STDERR_REDIRECT] Feb 16, 2025 3:45:42 PM java.util.prefs.FileSystemPreferences checkLockFile0ErrorCode
2025-02-16 15:45:42,233 [ERROR] LogOutputStream:75 - [STDERR_REDIRECT] WARNING: Could not lock System prefs. Unix error code 2.
2025-02-16 15:45:42,233 [ERROR] LogOutputStream:75 - [STDERR_REDIRECT] 
2025-02-16 15:45:42,233 [ERROR] LogOutputStream:75 - [STDERR_REDIRECT] Feb 16, 2025 3:45:42 PM java.util.prefs.FileSystemPreferences syncWorld
2025-02-16 15:45:42,234 [ERROR] LogOutputStream:75 - [STDERR_REDIRECT] WARNING: Couldn't flush system prefs: java.util.prefs.BackingStoreException: Couldn't get file lock.
2025-02-16 15:45:42,234 [ERROR] LogOutputStream:75 - [STDERR_REDIRECT] 
2025-02-16 15:46:12,233 [ERROR] LogOutputStream:75 - [STDERR_REDIRECT] Feb 16, 2025 3:46:12 PM java.util.prefs.FileSystemPreferences checkLockFile0ErrorCode
2025-02-16 15:46:12,233 [ERROR] LogOutputStream:75 - [STDERR_REDIRECT] WARNING: Could not lock System prefs. Unix error code 2.
2025-02-16 15:46:12,233 [ERROR] LogOutputStream:75 - [STDERR_REDIRECT] 
2025-02-16 15:46:12,233 [ERROR] LogOutputStream:75 - [STDERR_REDIRECT] Feb 16, 2025 3:46:12 PM java.util.prefs.FileSystemPreferences syncWorld
2025-02-16 15:46:12,234 [ERROR] LogOutputStream:75 - [STDERR_REDIRECT] WARNING: Couldn't flush system prefs: java.util.prefs.BackingStoreException: Couldn't get file lock.
2025-02-16 15:46:12,234 [ERROR] LogOutputStream:75 - [STDERR_REDIRECT] 
2025-02-16 15:46:42,233 [ERROR] LogOutputStream:75 - [STDERR_REDIRECT] Feb 16, 2025 3:46:42 PM java.util.prefs.FileSystemPreferences checkLockFile0ErrorCode
2025-02-16 15:46:42,233 [ERROR] LogOutputStream:75 - [STDERR_REDIRECT] WARNING: Could not lock System prefs. Unix error code 2.
2025-02-16 15:46:42,233 [ERROR] LogOutputStream:75 - [STDERR_REDIRECT] 
2025-02-16 15:46:42,233 [ERROR] LogOutputStream:75 - [STDERR_REDIRECT] Feb 16, 2025 3:46:42 PM java.util.prefs.FileSystemPreferences syncWorld
2025-02-16 15:46:42,233 [ERROR] LogOutputStream:75 - [STDERR_REDIRECT] WARNING: Couldn't flush system prefs: java.util.prefs.BackingStoreException: Couldn't get file lock.
2025-02-16 15:46:42,233 [ERROR] LogOutputStream:75 - [STDERR_REDIRECT] 
2025-02-16 15:47:12,234 [ERROR] LogOutputStream:75 - [STDERR_REDIRECT] Feb 16, 2025 3:47:12 PM java.util.prefs.FileSystemPreferences checkLockFile0ErrorCode
2025-02-16 15:47:12,234 [ERROR] LogOutputStream:75 - [STDERR_REDIRECT] WARNING: Could not lock System prefs. Unix error code 2.
2025-02-16 15:47:12,234 [ERROR] LogOutputStream:75 - [STDERR_REDIRECT] 
2025-02-16 15:47:12,234 [ERROR] LogOutputStream:75 - [STDERR_REDIRECT] Feb 16, 2025 3:47:12 PM java.util.prefs.FileSystemPreferences syncWorld
2025-02-16 15:47:12,234 [ERROR] LogOutputStream:75 - [STDERR_REDIRECT] WARNING: Couldn't flush system prefs: java.util.prefs.BackingStoreException: Couldn't get file lock.
2025-02-16 15:47:12,234 [ERROR] LogOutputStream:75 - [STDERR_REDIRECT] 
2025-02-16 15:47:31,422 [WARN] IP:2251 - I2C_Coeff_DF not found: check if there is a RefParameter without a condition.
2025-02-16 15:47:31,423 [WARN] IP:2251 - Analog_Filter not found: check if there is a RefParameter without a condition.
2025-02-16 15:47:31,423 [WARN] IP:2251 - I2C_Coeff_DF not found: check if there is a RefParameter without a condition.
2025-02-16 15:47:31,423 [WARN] IP:2251 - Analog_Filter not found: check if there is a RefParameter without a condition.
2025-02-16 15:47:31,424 [WARN] IP:2251 - I2C_Coeff_DF not found: check if there is a RefParameter without a condition.
2025-02-16 15:47:31,424 [WARN] IP:2251 - Analog_Filter not found: check if there is a RefParameter without a condition.
2025-02-16 15:47:31,424 [WARN] IP:2251 - I2C_Coeff_DF not found: check if there is a RefParameter without a condition.
2025-02-16 15:47:31,424 [WARN] IP:2251 - Analog_Filter not found: check if there is a RefParameter without a condition.
2025-02-16 15:47:31,454 [WARN] IP:2251 - I2C_Coeff_DF not found: check if there is a RefParameter without a condition.
2025-02-16 15:47:31,454 [WARN] IP:2251 - Analog_Filter not found: check if there is a RefParameter without a condition.
2025-02-16 15:47:31,455 [WARN] IP:2251 - I2C_Coeff_DF not found: check if there is a RefParameter without a condition.
2025-02-16 15:47:31,455 [WARN] IP:2251 - Analog_Filter not found: check if there is a RefParameter without a condition.
2025-02-16 15:47:31,485 [WARN] IP:2251 - I2C_Coeff_DF not found: check if there is a RefParameter without a condition.
2025-02-16 15:47:31,485 [WARN] IP:2251 - Analog_Filter not found: check if there is a RefParameter without a condition.
2025-02-16 15:47:31,486 [WARN] IP:2251 - I2C_Coeff_DF not found: check if there is a RefParameter without a condition.
2025-02-16 15:47:31,486 [WARN] IP:2251 - Analog_Filter not found: check if there is a RefParameter without a condition.
2025-02-16 15:47:42,237 [ERROR] LogOutputStream:75 - [STDERR_REDIRECT] Feb 16, 2025 3:47:42 PM java.util.prefs.FileSystemPreferences checkLockFile0ErrorCode
2025-02-16 15:47:42,237 [ERROR] LogOutputStream:75 - [STDERR_REDIRECT] WARNING: Could not lock System prefs. Unix error code 2.
2025-02-16 15:47:42,237 [ERROR] LogOutputStream:75 - [STDERR_REDIRECT] 
2025-02-16 15:47:42,237 [ERROR] LogOutputStream:75 - [STDERR_REDIRECT] Feb 16, 2025 3:47:42 PM java.util.prefs.FileSystemPreferences syncWorld
2025-02-16 15:47:42,237 [ERROR] LogOutputStream:75 - [STDERR_REDIRECT] WARNING: Couldn't flush system prefs: java.util.prefs.BackingStoreException: Couldn't get file lock.
2025-02-16 15:47:42,237 [ERROR] LogOutputStream:75 - [STDERR_REDIRECT] 
2025-02-16 15:48:12,235 [ERROR] LogOutputStream:75 - [STDERR_REDIRECT] Feb 16, 2025 3:48:12 PM java.util.prefs.FileSystemPreferences checkLockFile0ErrorCode
2025-02-16 15:48:12,235 [ERROR] LogOutputStream:75 - [STDERR_REDIRECT] WARNING: Could not lock System prefs. Unix error code 2.
2025-02-16 15:48:12,235 [ERROR] LogOutputStream:75 - [STDERR_REDIRECT] 
2025-02-16 15:48:12,235 [ERROR] LogOutputStream:75 - [STDERR_REDIRECT] Feb 16, 2025 3:48:12 PM java.util.prefs.FileSystemPreferences syncWorld
2025-02-16 15:48:12,235 [ERROR] LogOutputStream:75 - [STDERR_REDIRECT] WARNING: Couldn't flush system prefs: java.util.prefs.BackingStoreException: Couldn't get file lock.
2025-02-16 15:48:12,235 [ERROR] LogOutputStream:75 - [STDERR_REDIRECT] 
2025-02-16 15:48:42,235 [ERROR] LogOutputStream:75 - [STDERR_REDIRECT] Feb 16, 2025 3:48:42 PM java.util.prefs.FileSystemPreferences checkLockFile0ErrorCode
2025-02-16 15:48:42,235 [ERROR] LogOutputStream:75 - [STDERR_REDIRECT] WARNING: Could not lock System prefs. Unix error code 2.
2025-02-16 15:48:42,235 [ERROR] LogOutputStream:75 - [STDERR_REDIRECT] 
2025-02-16 15:48:42,235 [ERROR] LogOutputStream:75 - [STDERR_REDIRECT] Feb 16, 2025 3:48:42 PM java.util.prefs.FileSystemPreferences syncWorld
2025-02-16 15:48:42,235 [ERROR] LogOutputStream:75 - [STDERR_REDIRECT] WARNING: Couldn't flush system prefs: java.util.prefs.BackingStoreException: Couldn't get file lock.
2025-02-16 15:48:42,235 [ERROR] LogOutputStream:75 - [STDERR_REDIRECT] 
2025-02-16 15:49:12,236 [ERROR] LogOutputStream:75 - [STDERR_REDIRECT] Feb 16, 2025 3:49:12 PM java.util.prefs.FileSystemPreferences checkLockFile0ErrorCode
2025-02-16 15:49:12,236 [ERROR] LogOutputStream:75 - [STDERR_REDIRECT] WARNING: Could not lock System prefs. Unix error code 2.
2025-02-16 15:49:12,236 [ERROR] LogOutputStream:75 - [STDERR_REDIRECT] 
2025-02-16 15:49:12,237 [ERROR] LogOutputStream:75 - [STDERR_REDIRECT] Feb 16, 2025 3:49:12 PM java.util.prefs.FileSystemPreferences syncWorld
2025-02-16 15:49:12,237 [ERROR] LogOutputStream:75 - [STDERR_REDIRECT] WARNING: Couldn't flush system prefs: java.util.prefs.BackingStoreException: Couldn't get file lock.
2025-02-16 15:49:12,237 [ERROR] LogOutputStream:75 - [STDERR_REDIRECT] 
2025-02-16 15:49:42,236 [ERROR] LogOutputStream:75 - [STDERR_REDIRECT] Feb 16, 2025 3:49:42 PM java.util.prefs.FileSystemPreferences checkLockFile0ErrorCode
2025-02-16 15:49:42,236 [ERROR] LogOutputStream:75 - [STDERR_REDIRECT] WARNING: Could not lock System prefs. Unix error code 2.
2025-02-16 15:49:42,236 [ERROR] LogOutputStream:75 - [STDERR_REDIRECT] 
2025-02-16 15:49:42,236 [ERROR] LogOutputStream:75 - [STDERR_REDIRECT] Feb 16, 2025 3:49:42 PM java.util.prefs.FileSystemPreferences syncWorld
2025-02-16 15:49:42,236 [ERROR] LogOutputStream:75 - [STDERR_REDIRECT] WARNING: Couldn't flush system prefs: java.util.prefs.BackingStoreException: Couldn't get file lock.
2025-02-16 15:49:42,236 [ERROR] LogOutputStream:75 - [STDERR_REDIRECT] 
2025-02-16 15:50:12,237 [ERROR] LogOutputStream:75 - [STDERR_REDIRECT] Feb 16, 2025 3:50:12 PM java.util.prefs.FileSystemPreferences checkLockFile0ErrorCode
2025-02-16 15:50:12,237 [ERROR] LogOutputStream:75 - [STDERR_REDIRECT] WARNING: Could not lock System prefs. Unix error code 2.
2025-02-16 15:50:12,237 [ERROR] LogOutputStream:75 - [STDERR_REDIRECT] 
2025-02-16 15:50:12,237 [ERROR] LogOutputStream:75 - [STDERR_REDIRECT] Feb 16, 2025 3:50:12 PM java.util.prefs.FileSystemPreferences syncWorld
2025-02-16 15:50:12,237 [ERROR] LogOutputStream:75 - [STDERR_REDIRECT] WARNING: Couldn't flush system prefs: java.util.prefs.BackingStoreException: Couldn't get file lock.
2025-02-16 15:50:12,237 [ERROR] LogOutputStream:75 - [STDERR_REDIRECT] 
2025-02-16 15:50:42,237 [ERROR] LogOutputStream:75 - [STDERR_REDIRECT] Feb 16, 2025 3:50:42 PM java.util.prefs.FileSystemPreferences checkLockFile0ErrorCode
2025-02-16 15:50:42,237 [ERROR] LogOutputStream:75 - [STDERR_REDIRECT] WARNING: Could not lock System prefs. Unix error code 2.
2025-02-16 15:50:42,237 [ERROR] LogOutputStream:75 - [STDERR_REDIRECT] 
2025-02-16 15:50:42,237 [ERROR] LogOutputStream:75 - [STDERR_REDIRECT] Feb 16, 2025 3:50:42 PM java.util.prefs.FileSystemPreferences syncWorld
2025-02-16 15:50:42,237 [ERROR] LogOutputStream:75 - [STDERR_REDIRECT] WARNING: Couldn't flush system prefs: java.util.prefs.BackingStoreException: Couldn't get file lock.
2025-02-16 15:50:42,238 [ERROR] LogOutputStream:75 - [STDERR_REDIRECT] 
2025-02-16 15:51:12,237 [ERROR] LogOutputStream:75 - [STDERR_REDIRECT] Feb 16, 2025 3:51:12 PM java.util.prefs.FileSystemPreferences checkLockFile0ErrorCode
2025-02-16 15:51:12,237 [ERROR] LogOutputStream:75 - [STDERR_REDIRECT] WARNING: Could not lock System prefs. Unix error code 2.
2025-02-16 15:51:12,237 [ERROR] LogOutputStream:75 - [STDERR_REDIRECT] 
2025-02-16 15:51:12,237 [ERROR] LogOutputStream:75 - [STDERR_REDIRECT] Feb 16, 2025 3:51:12 PM java.util.prefs.FileSystemPreferences syncWorld
2025-02-16 15:51:12,237 [ERROR] LogOutputStream:75 - [STDERR_REDIRECT] WARNING: Couldn't flush system prefs: java.util.prefs.BackingStoreException: Couldn't get file lock.
2025-02-16 15:51:12,237 [ERROR] LogOutputStream:75 - [STDERR_REDIRECT] 
2025-02-16 15:51:42,237 [ERROR] LogOutputStream:75 - [STDERR_REDIRECT] Feb 16, 2025 3:51:42 PM java.util.prefs.FileSystemPreferences checkLockFile0ErrorCode
2025-02-16 15:51:42,237 [ERROR] LogOutputStream:75 - [STDERR_REDIRECT] WARNING: Could not lock System prefs. Unix error code 2.
2025-02-16 15:51:42,237 [ERROR] LogOutputStream:75 - [STDERR_REDIRECT] 
2025-02-16 15:51:42,238 [ERROR] LogOutputStream:75 - [STDERR_REDIRECT] Feb 16, 2025 3:51:42 PM java.util.prefs.FileSystemPreferences syncWorld
2025-02-16 15:51:42,238 [ERROR] LogOutputStream:75 - [STDERR_REDIRECT] WARNING: Couldn't flush system prefs: java.util.prefs.BackingStoreException: Couldn't get file lock.
2025-02-16 15:51:42,238 [ERROR] LogOutputStream:75 - [STDERR_REDIRECT] 
2025-02-16 15:52:12,237 [ERROR] LogOutputStream:75 - [STDERR_REDIRECT] Feb 16, 2025 3:52:12 PM java.util.prefs.FileSystemPreferences checkLockFile0ErrorCode
2025-02-16 15:52:12,237 [ERROR] LogOutputStream:75 - [STDERR_REDIRECT] WARNING: Could not lock System prefs. Unix error code 2.
2025-02-16 15:52:12,237 [ERROR] LogOutputStream:75 - [STDERR_REDIRECT] 
2025-02-16 15:52:12,237 [ERROR] LogOutputStream:75 - [STDERR_REDIRECT] Feb 16, 2025 3:52:12 PM java.util.prefs.FileSystemPreferences syncWorld
2025-02-16 15:52:12,237 [ERROR] LogOutputStream:75 - [STDERR_REDIRECT] WARNING: Couldn't flush system prefs: java.util.prefs.BackingStoreException: Couldn't get file lock.
2025-02-16 15:52:12,237 [ERROR] LogOutputStream:75 - [STDERR_REDIRECT] 
2025-02-16 15:52:42,238 [ERROR] LogOutputStream:75 - [STDERR_REDIRECT] Feb 16, 2025 3:52:42 PM java.util.prefs.FileSystemPreferences checkLockFile0ErrorCode
2025-02-16 15:52:42,238 [ERROR] LogOutputStream:75 - [STDERR_REDIRECT] WARNING: Could not lock System prefs. Unix error code 2.
2025-02-16 15:52:42,238 [ERROR] LogOutputStream:75 - [STDERR_REDIRECT] 
2025-02-16 15:52:42,238 [ERROR] LogOutputStream:75 - [STDERR_REDIRECT] Feb 16, 2025 3:52:42 PM java.util.prefs.FileSystemPreferences syncWorld
2025-02-16 15:52:42,238 [ERROR] LogOutputStream:75 - [STDERR_REDIRECT] WARNING: Couldn't flush system prefs: java.util.prefs.BackingStoreException: Couldn't get file lock.
2025-02-16 15:52:42,238 [ERROR] LogOutputStream:75 - [STDERR_REDIRECT] 
2025-02-16 15:53:12,238 [ERROR] LogOutputStream:75 - [STDERR_REDIRECT] Feb 16, 2025 3:53:12 PM java.util.prefs.FileSystemPreferences checkLockFile0ErrorCode
2025-02-16 15:53:12,239 [ERROR] LogOutputStream:75 - [STDERR_REDIRECT] WARNING: Could not lock System prefs. Unix error code 2.
2025-02-16 15:53:12,239 [ERROR] LogOutputStream:75 - [STDERR_REDIRECT] 
2025-02-16 15:53:12,239 [ERROR] LogOutputStream:75 - [STDERR_REDIRECT] Feb 16, 2025 3:53:12 PM java.util.prefs.FileSystemPreferences syncWorld
2025-02-16 15:53:12,239 [ERROR] LogOutputStream:75 - [STDERR_REDIRECT] WARNING: Couldn't flush system prefs: java.util.prefs.BackingStoreException: Couldn't get file lock.
2025-02-16 15:53:12,239 [ERROR] LogOutputStream:75 - [STDERR_REDIRECT] 
2025-02-16 15:53:42,238 [ERROR] LogOutputStream:75 - [STDERR_REDIRECT] Feb 16, 2025 3:53:42 PM java.util.prefs.FileSystemPreferences checkLockFile0ErrorCode
2025-02-16 15:53:42,238 [ERROR] LogOutputStream:75 - [STDERR_REDIRECT] WARNING: Could not lock System prefs. Unix error code 2.
2025-02-16 15:53:42,238 [ERROR] LogOutputStream:75 - [STDERR_REDIRECT] 
2025-02-16 15:53:42,238 [ERROR] LogOutputStream:75 - [STDERR_REDIRECT] Feb 16, 2025 3:53:42 PM java.util.prefs.FileSystemPreferences syncWorld
2025-02-16 15:53:42,238 [ERROR] LogOutputStream:75 - [STDERR_REDIRECT] WARNING: Couldn't flush system prefs: java.util.prefs.BackingStoreException: Couldn't get file lock.
2025-02-16 15:53:42,239 [ERROR] LogOutputStream:75 - [STDERR_REDIRECT] 
2025-02-16 15:54:12,238 [ERROR] LogOutputStream:75 - [STDERR_REDIRECT] Feb 16, 2025 3:54:12 PM java.util.prefs.FileSystemPreferences checkLockFile0ErrorCode
2025-02-16 15:54:12,238 [ERROR] LogOutputStream:75 - [STDERR_REDIRECT] WARNING: Could not lock System prefs. Unix error code 2.
2025-02-16 15:54:12,238 [ERROR] LogOutputStream:75 - [STDERR_REDIRECT] 
2025-02-16 15:54:12,238 [ERROR] LogOutputStream:75 - [STDERR_REDIRECT] Feb 16, 2025 3:54:12 PM java.util.prefs.FileSystemPreferences syncWorld
2025-02-16 15:54:12,238 [ERROR] LogOutputStream:75 - [STDERR_REDIRECT] WARNING: Couldn't flush system prefs: java.util.prefs.BackingStoreException: Couldn't get file lock.
2025-02-16 15:54:12,238 [ERROR] LogOutputStream:75 - [STDERR_REDIRECT] 
2025-02-16 15:54:42,238 [ERROR] LogOutputStream:75 - [STDERR_REDIRECT] Feb 16, 2025 3:54:42 PM java.util.prefs.FileSystemPreferences checkLockFile0ErrorCode
2025-02-16 15:54:42,239 [ERROR] LogOutputStream:75 - [STDERR_REDIRECT] WARNING: Could not lock System prefs. Unix error code 2.
2025-02-16 15:54:42,239 [ERROR] LogOutputStream:75 - [STDERR_REDIRECT] 
2025-02-16 15:54:42,239 [ERROR] LogOutputStream:75 - [STDERR_REDIRECT] Feb 16, 2025 3:54:42 PM java.util.prefs.FileSystemPreferences syncWorld
2025-02-16 15:54:42,239 [ERROR] LogOutputStream:75 - [STDERR_REDIRECT] WARNING: Couldn't flush system prefs: java.util.prefs.BackingStoreException: Couldn't get file lock.
2025-02-16 15:54:42,239 [ERROR] LogOutputStream:75 - [STDERR_REDIRECT] 
2025-02-16 15:55:12,238 [ERROR] LogOutputStream:75 - [STDERR_REDIRECT] Feb 16, 2025 3:55:12 PM java.util.prefs.FileSystemPreferences checkLockFile0ErrorCode
2025-02-16 15:55:12,238 [ERROR] LogOutputStream:75 - [STDERR_REDIRECT] WARNING: Could not lock System prefs. Unix error code 2.
2025-02-16 15:55:12,238 [ERROR] LogOutputStream:75 - [STDERR_REDIRECT] 
2025-02-16 15:55:12,239 [ERROR] LogOutputStream:75 - [STDERR_REDIRECT] Feb 16, 2025 3:55:12 PM java.util.prefs.FileSystemPreferences syncWorld
2025-02-16 15:55:12,239 [ERROR] LogOutputStream:75 - [STDERR_REDIRECT] WARNING: Couldn't flush system prefs: java.util.prefs.BackingStoreException: Couldn't get file lock.
2025-02-16 15:55:12,239 [ERROR] LogOutputStream:75 - [STDERR_REDIRECT] 
2025-02-16 15:55:42,238 [ERROR] LogOutputStream:75 - [STDERR_REDIRECT] Feb 16, 2025 3:55:42 PM java.util.prefs.FileSystemPreferences checkLockFile0ErrorCode
2025-02-16 15:55:42,238 [ERROR] LogOutputStream:75 - [STDERR_REDIRECT] WARNING: Could not lock System prefs. Unix error code 2.
2025-02-16 15:55:42,238 [ERROR] LogOutputStream:75 - [STDERR_REDIRECT] 
2025-02-16 15:55:42,238 [ERROR] LogOutputStream:75 - [STDERR_REDIRECT] Feb 16, 2025 3:55:42 PM java.util.prefs.FileSystemPreferences syncWorld
2025-02-16 15:55:42,238 [ERROR] LogOutputStream:75 - [STDERR_REDIRECT] WARNING: Couldn't flush system prefs: java.util.prefs.BackingStoreException: Couldn't get file lock.
2025-02-16 15:55:42,238 [ERROR] LogOutputStream:75 - [STDERR_REDIRECT] 
2025-02-16 15:56:12,239 [ERROR] LogOutputStream:75 - [STDERR_REDIRECT] Feb 16, 2025 3:56:12 PM java.util.prefs.FileSystemPreferences checkLockFile0ErrorCode
2025-02-16 15:56:12,239 [ERROR] LogOutputStream:75 - [STDERR_REDIRECT] WARNING: Could not lock System prefs. Unix error code 2.
2025-02-16 15:56:12,239 [ERROR] LogOutputStream:75 - [STDERR_REDIRECT] 
2025-02-16 15:56:12,239 [ERROR] LogOutputStream:75 - [STDERR_REDIRECT] Feb 16, 2025 3:56:12 PM java.util.prefs.FileSystemPreferences syncWorld
2025-02-16 15:56:12,239 [ERROR] LogOutputStream:75 - [STDERR_REDIRECT] WARNING: Couldn't flush system prefs: java.util.prefs.BackingStoreException: Couldn't get file lock.
2025-02-16 15:56:12,239 [ERROR] LogOutputStream:75 - [STDERR_REDIRECT] 
2025-02-16 15:56:42,238 [ERROR] LogOutputStream:75 - [STDERR_REDIRECT] Feb 16, 2025 3:56:42 PM java.util.prefs.FileSystemPreferences checkLockFile0ErrorCode
2025-02-16 15:56:42,238 [ERROR] LogOutputStream:75 - [STDERR_REDIRECT] WARNING: Could not lock System prefs. Unix error code 2.
2025-02-16 15:56:42,238 [ERROR] LogOutputStream:75 - [STDERR_REDIRECT] 
2025-02-16 15:56:42,238 [ERROR] LogOutputStream:75 - [STDERR_REDIRECT] Feb 16, 2025 3:56:42 PM java.util.prefs.FileSystemPreferences syncWorld
2025-02-16 15:56:42,238 [ERROR] LogOutputStream:75 - [STDERR_REDIRECT] WARNING: Couldn't flush system prefs: java.util.prefs.BackingStoreException: Couldn't get file lock.
2025-02-16 15:56:42,239 [ERROR] LogOutputStream:75 - [STDERR_REDIRECT] 
2025-02-16 15:57:12,238 [ERROR] LogOutputStream:75 - [STDERR_REDIRECT] Feb 16, 2025 3:57:12 PM java.util.prefs.FileSystemPreferences checkLockFile0ErrorCode
2025-02-16 15:57:12,238 [ERROR] LogOutputStream:75 - [STDERR_REDIRECT] WARNING: Could not lock System prefs. Unix error code 2.
2025-02-16 15:57:12,238 [ERROR] LogOutputStream:75 - [STDERR_REDIRECT] 
2025-02-16 15:57:12,238 [ERROR] LogOutputStream:75 - [STDERR_REDIRECT] Feb 16, 2025 3:57:12 PM java.util.prefs.FileSystemPreferences syncWorld
2025-02-16 15:57:12,238 [ERROR] LogOutputStream:75 - [STDERR_REDIRECT] WARNING: Couldn't flush system prefs: java.util.prefs.BackingStoreException: Couldn't get file lock.
2025-02-16 15:57:12,238 [ERROR] LogOutputStream:75 - [STDERR_REDIRECT] 
2025-02-16 15:57:42,238 [ERROR] LogOutputStream:75 - [STDERR_REDIRECT] Feb 16, 2025 3:57:42 PM java.util.prefs.FileSystemPreferences checkLockFile0ErrorCode
2025-02-16 15:57:42,238 [ERROR] LogOutputStream:75 - [STDERR_REDIRECT] WARNING: Could not lock System prefs. Unix error code 2.
2025-02-16 15:57:42,238 [ERROR] LogOutputStream:75 - [STDERR_REDIRECT] 
2025-02-16 15:57:42,239 [ERROR] LogOutputStream:75 - [STDERR_REDIRECT] Feb 16, 2025 3:57:42 PM java.util.prefs.FileSystemPreferences syncWorld
2025-02-16 15:57:42,239 [ERROR] LogOutputStream:75 - [STDERR_REDIRECT] WARNING: Couldn't flush system prefs: java.util.prefs.BackingStoreException: Couldn't get file lock.
2025-02-16 15:57:42,239 [ERROR] LogOutputStream:75 - [STDERR_REDIRECT] 
2025-02-16 15:58:12,238 [ERROR] LogOutputStream:75 - [STDERR_REDIRECT] Feb 16, 2025 3:58:12 PM java.util.prefs.FileSystemPreferences checkLockFile0ErrorCode
2025-02-16 15:58:12,238 [ERROR] LogOutputStream:75 - [STDERR_REDIRECT] WARNING: Could not lock System prefs. Unix error code 2.
2025-02-16 15:58:12,238 [ERROR] LogOutputStream:75 - [STDERR_REDIRECT] 
2025-02-16 15:58:12,238 [ERROR] LogOutputStream:75 - [STDERR_REDIRECT] Feb 16, 2025 3:58:12 PM java.util.prefs.FileSystemPreferences syncWorld
2025-02-16 15:58:12,238 [ERROR] LogOutputStream:75 - [STDERR_REDIRECT] WARNING: Couldn't flush system prefs: java.util.prefs.BackingStoreException: Couldn't get file lock.
2025-02-16 15:58:12,238 [ERROR] LogOutputStream:75 - [STDERR_REDIRECT] 
2025-02-16 15:58:42,239 [ERROR] LogOutputStream:75 - [STDERR_REDIRECT] Feb 16, 2025 3:58:42 PM java.util.prefs.FileSystemPreferences checkLockFile0ErrorCode
2025-02-16 15:58:42,239 [ERROR] LogOutputStream:75 - [STDERR_REDIRECT] WARNING: Could not lock System prefs. Unix error code 2.
2025-02-16 15:58:42,239 [ERROR] LogOutputStream:75 - [STDERR_REDIRECT] 
2025-02-16 15:58:42,239 [ERROR] LogOutputStream:75 - [STDERR_REDIRECT] Feb 16, 2025 3:58:42 PM java.util.prefs.FileSystemPreferences syncWorld
2025-02-16 15:58:42,239 [ERROR] LogOutputStream:75 - [STDERR_REDIRECT] WARNING: Couldn't flush system prefs: java.util.prefs.BackingStoreException: Couldn't get file lock.
2025-02-16 15:58:42,239 [ERROR] LogOutputStream:75 - [STDERR_REDIRECT] 
2025-02-16 15:59:12,239 [ERROR] LogOutputStream:75 - [STDERR_REDIRECT] Feb 16, 2025 3:59:12 PM java.util.prefs.FileSystemPreferences checkLockFile0ErrorCode
2025-02-16 15:59:12,239 [ERROR] LogOutputStream:75 - [STDERR_REDIRECT] WARNING: Could not lock System prefs. Unix error code 2.
2025-02-16 15:59:12,239 [ERROR] LogOutputStream:75 - [STDERR_REDIRECT] 
2025-02-16 15:59:12,240 [ERROR] LogOutputStream:75 - [STDERR_REDIRECT] Feb 16, 2025 3:59:12 PM java.util.prefs.FileSystemPreferences syncWorld
2025-02-16 15:59:12,240 [ERROR] LogOutputStream:75 - [STDERR_REDIRECT] WARNING: Couldn't flush system prefs: java.util.prefs.BackingStoreException: Couldn't get file lock.
2025-02-16 15:59:12,240 [ERROR] LogOutputStream:75 - [STDERR_REDIRECT] 
2025-02-16 15:59:42,239 [ERROR] LogOutputStream:75 - [STDERR_REDIRECT] Feb 16, 2025 3:59:42 PM java.util.prefs.FileSystemPreferences checkLockFile0ErrorCode
2025-02-16 15:59:42,239 [ERROR] LogOutputStream:75 - [STDERR_REDIRECT] WARNING: Could not lock System prefs. Unix error code 2.
2025-02-16 15:59:42,239 [ERROR] LogOutputStream:75 - [STDERR_REDIRECT] 
2025-02-16 15:59:42,239 [ERROR] LogOutputStream:75 - [STDERR_REDIRECT] Feb 16, 2025 3:59:42 PM java.util.prefs.FileSystemPreferences syncWorld
2025-02-16 15:59:42,239 [ERROR] LogOutputStream:75 - [STDERR_REDIRECT] WARNING: Couldn't flush system prefs: java.util.prefs.BackingStoreException: Couldn't get file lock.
2025-02-16 15:59:42,239 [ERROR] LogOutputStream:75 - [STDERR_REDIRECT] 
2025-02-16 16:00:12,239 [ERROR] LogOutputStream:75 - [STDERR_REDIRECT] Feb 16, 2025 4:00:12 PM java.util.prefs.FileSystemPreferences checkLockFile0ErrorCode
2025-02-16 16:00:12,240 [ERROR] LogOutputStream:75 - [STDERR_REDIRECT] WARNING: Could not lock System prefs. Unix error code 2.
2025-02-16 16:00:12,240 [ERROR] LogOutputStream:75 - [STDERR_REDIRECT] 
2025-02-16 16:00:12,240 [ERROR] LogOutputStream:75 - [STDERR_REDIRECT] Feb 16, 2025 4:00:12 PM java.util.prefs.FileSystemPreferences syncWorld
2025-02-16 16:00:12,240 [ERROR] LogOutputStream:75 - [STDERR_REDIRECT] WARNING: Couldn't flush system prefs: java.util.prefs.BackingStoreException: Couldn't get file lock.
2025-02-16 16:00:12,240 [ERROR] LogOutputStream:75 - [STDERR_REDIRECT] 
2025-02-16 16:00:42,239 [ERROR] LogOutputStream:75 - [STDERR_REDIRECT] Feb 16, 2025 4:00:42 PM java.util.prefs.FileSystemPreferences checkLockFile0ErrorCode
2025-02-16 16:00:42,239 [ERROR] LogOutputStream:75 - [STDERR_REDIRECT] WARNING: Could not lock System prefs. Unix error code 2.
2025-02-16 16:00:42,239 [ERROR] LogOutputStream:75 - [STDERR_REDIRECT] 
2025-02-16 16:00:42,239 [ERROR] LogOutputStream:75 - [STDERR_REDIRECT] Feb 16, 2025 4:00:42 PM java.util.prefs.FileSystemPreferences syncWorld
2025-02-16 16:00:42,239 [ERROR] LogOutputStream:75 - [STDERR_REDIRECT] WARNING: Couldn't flush system prefs: java.util.prefs.BackingStoreException: Couldn't get file lock.
2025-02-16 16:00:42,239 [ERROR] LogOutputStream:75 - [STDERR_REDIRECT] 
2025-02-16 16:01:12,239 [ERROR] LogOutputStream:75 - [STDERR_REDIRECT] Feb 16, 2025 4:01:12 PM java.util.prefs.FileSystemPreferences checkLockFile0ErrorCode
2025-02-16 16:01:12,240 [ERROR] LogOutputStream:75 - [STDERR_REDIRECT] WARNING: Could not lock System prefs. Unix error code 2.
2025-02-16 16:01:12,240 [ERROR] LogOutputStream:75 - [STDERR_REDIRECT] 
2025-02-16 16:01:12,240 [ERROR] LogOutputStream:75 - [STDERR_REDIRECT] Feb 16, 2025 4:01:12 PM java.util.prefs.FileSystemPreferences syncWorld
2025-02-16 16:01:12,240 [ERROR] LogOutputStream:75 - [STDERR_REDIRECT] WARNING: Couldn't flush system prefs: java.util.prefs.BackingStoreException: Couldn't get file lock.
2025-02-16 16:01:12,240 [ERROR] LogOutputStream:75 - [STDERR_REDIRECT] 
2025-02-16 16:01:42,240 [ERROR] LogOutputStream:75 - [STDERR_REDIRECT] Feb 16, 2025 4:01:42 PM java.util.prefs.FileSystemPreferences checkLockFile0ErrorCode
2025-02-16 16:01:42,240 [ERROR] LogOutputStream:75 - [STDERR_REDIRECT] WARNING: Could not lock System prefs. Unix error code 2.
2025-02-16 16:01:42,240 [ERROR] LogOutputStream:75 - [STDERR_REDIRECT] 
2025-02-16 16:01:42,240 [ERROR] LogOutputStream:75 - [STDERR_REDIRECT] Feb 16, 2025 4:01:42 PM java.util.prefs.FileSystemPreferences syncWorld
2025-02-16 16:01:42,240 [ERROR] LogOutputStream:75 - [STDERR_REDIRECT] WARNING: Couldn't flush system prefs: java.util.prefs.BackingStoreException: Couldn't get file lock.
2025-02-16 16:01:42,240 [ERROR] LogOutputStream:75 - [STDERR_REDIRECT] 
2025-02-16 16:02:12,240 [ERROR] LogOutputStream:75 - [STDERR_REDIRECT] Feb 16, 2025 4:02:12 PM java.util.prefs.FileSystemPreferences checkLockFile0ErrorCode
2025-02-16 16:02:12,241 [ERROR] LogOutputStream:75 - [STDERR_REDIRECT] WARNING: Could not lock System prefs. Unix error code 2.
2025-02-16 16:02:12,241 [ERROR] LogOutputStream:75 - [STDERR_REDIRECT] 
2025-02-16 16:02:12,241 [ERROR] LogOutputStream:75 - [STDERR_REDIRECT] Feb 16, 2025 4:02:12 PM java.util.prefs.FileSystemPreferences syncWorld
2025-02-16 16:02:12,241 [ERROR] LogOutputStream:75 - [STDERR_REDIRECT] WARNING: Couldn't flush system prefs: java.util.prefs.BackingStoreException: Couldn't get file lock.
2025-02-16 16:02:12,241 [ERROR] LogOutputStream:75 - [STDERR_REDIRECT] 
2025-02-16 16:02:42,240 [ERROR] LogOutputStream:75 - [STDERR_REDIRECT] Feb 16, 2025 4:02:42 PM java.util.prefs.FileSystemPreferences checkLockFile0ErrorCode
2025-02-16 16:02:42,240 [ERROR] LogOutputStream:75 - [STDERR_REDIRECT] WARNING: Could not lock System prefs. Unix error code 2.
2025-02-16 16:02:42,240 [ERROR] LogOutputStream:75 - [STDERR_REDIRECT] 
2025-02-16 16:02:42,240 [ERROR] LogOutputStream:75 - [STDERR_REDIRECT] Feb 16, 2025 4:02:42 PM java.util.prefs.FileSystemPreferences syncWorld
2025-02-16 16:02:42,240 [ERROR] LogOutputStream:75 - [STDERR_REDIRECT] WARNING: Couldn't flush system prefs: java.util.prefs.BackingStoreException: Couldn't get file lock.
2025-02-16 16:02:42,240 [ERROR] LogOutputStream:75 - [STDERR_REDIRECT] 
2025-02-16 16:03:12,240 [ERROR] LogOutputStream:75 - [STDERR_REDIRECT] Feb 16, 2025 4:03:12 PM java.util.prefs.FileSystemPreferences checkLockFile0ErrorCode
2025-02-16 16:03:12,241 [ERROR] LogOutputStream:75 - [STDERR_REDIRECT] WARNING: Could not lock System prefs. Unix error code 2.
2025-02-16 16:03:12,241 [ERROR] LogOutputStream:75 - [STDERR_REDIRECT] 
2025-02-16 16:03:12,241 [ERROR] LogOutputStream:75 - [STDERR_REDIRECT] Feb 16, 2025 4:03:12 PM java.util.prefs.FileSystemPreferences syncWorld
2025-02-16 16:03:12,241 [ERROR] LogOutputStream:75 - [STDERR_REDIRECT] WARNING: Couldn't flush system prefs: java.util.prefs.BackingStoreException: Couldn't get file lock.
2025-02-16 16:03:12,241 [ERROR] LogOutputStream:75 - [STDERR_REDIRECT] 
2025-02-16 16:03:42,241 [ERROR] LogOutputStream:75 - [STDERR_REDIRECT] Feb 16, 2025 4:03:42 PM java.util.prefs.FileSystemPreferences checkLockFile0ErrorCode
2025-02-16 16:03:42,241 [ERROR] LogOutputStream:75 - [STDERR_REDIRECT] WARNING: Could not lock System prefs. Unix error code 2.
2025-02-16 16:03:42,241 [ERROR] LogOutputStream:75 - [STDERR_REDIRECT] 
2025-02-16 16:03:42,241 [ERROR] LogOutputStream:75 - [STDERR_REDIRECT] Feb 16, 2025 4:03:42 PM java.util.prefs.FileSystemPreferences syncWorld
2025-02-16 16:03:42,241 [ERROR] LogOutputStream:75 - [STDERR_REDIRECT] WARNING: Couldn't flush system prefs: java.util.prefs.BackingStoreException: Couldn't get file lock.
2025-02-16 16:03:42,241 [ERROR] LogOutputStream:75 - [STDERR_REDIRECT] 
2025-02-16 16:04:12,241 [ERROR] LogOutputStream:75 - [STDERR_REDIRECT] Feb 16, 2025 4:04:12 PM java.util.prefs.FileSystemPreferences checkLockFile0ErrorCode
2025-02-16 16:04:12,242 [ERROR] LogOutputStream:75 - [STDERR_REDIRECT] WARNING: Could not lock System prefs. Unix error code 2.
2025-02-16 16:04:12,242 [ERROR] LogOutputStream:75 - [STDERR_REDIRECT] 
2025-02-16 16:04:12,242 [ERROR] LogOutputStream:75 - [STDERR_REDIRECT] Feb 16, 2025 4:04:12 PM java.util.prefs.FileSystemPreferences syncWorld
2025-02-16 16:04:12,242 [ERROR] LogOutputStream:75 - [STDERR_REDIRECT] WARNING: Couldn't flush system prefs: java.util.prefs.BackingStoreException: Couldn't get file lock.
2025-02-16 16:04:12,242 [ERROR] LogOutputStream:75 - [STDERR_REDIRECT] 
2025-02-16 16:04:42,241 [ERROR] LogOutputStream:75 - [STDERR_REDIRECT] Feb 16, 2025 4:04:42 PM java.util.prefs.FileSystemPreferences checkLockFile0ErrorCode
2025-02-16 16:04:42,241 [ERROR] LogOutputStream:75 - [STDERR_REDIRECT] WARNING: Could not lock System prefs. Unix error code 2.
2025-02-16 16:04:42,241 [ERROR] LogOutputStream:75 - [STDERR_REDIRECT] 
2025-02-16 16:04:42,241 [ERROR] LogOutputStream:75 - [STDERR_REDIRECT] Feb 16, 2025 4:04:42 PM java.util.prefs.FileSystemPreferences syncWorld
2025-02-16 16:04:42,241 [ERROR] LogOutputStream:75 - [STDERR_REDIRECT] WARNING: Couldn't flush system prefs: java.util.prefs.BackingStoreException: Couldn't get file lock.
2025-02-16 16:04:42,241 [ERROR] LogOutputStream:75 - [STDERR_REDIRECT] 
2025-02-16 16:05:12,242 [ERROR] LogOutputStream:75 - [STDERR_REDIRECT] Feb 16, 2025 4:05:12 PM java.util.prefs.FileSystemPreferences checkLockFile0ErrorCode
2025-02-16 16:05:12,242 [ERROR] LogOutputStream:75 - [STDERR_REDIRECT] WARNING: Could not lock System prefs. Unix error code 2.
2025-02-16 16:05:12,242 [ERROR] LogOutputStream:75 - [STDERR_REDIRECT] 
2025-02-16 16:05:12,242 [ERROR] LogOutputStream:75 - [STDERR_REDIRECT] Feb 16, 2025 4:05:12 PM java.util.prefs.FileSystemPreferences syncWorld
2025-02-16 16:05:12,242 [ERROR] LogOutputStream:75 - [STDERR_REDIRECT] WARNING: Couldn't flush system prefs: java.util.prefs.BackingStoreException: Couldn't get file lock.
2025-02-16 16:05:12,242 [ERROR] LogOutputStream:75 - [STDERR_REDIRECT] 
2025-02-16 16:05:42,242 [ERROR] LogOutputStream:75 - [STDERR_REDIRECT] Feb 16, 2025 4:05:42 PM java.util.prefs.FileSystemPreferences checkLockFile0ErrorCode
2025-02-16 16:05:42,243 [ERROR] LogOutputStream:75 - [STDERR_REDIRECT] WARNING: Could not lock System prefs. Unix error code 2.
2025-02-16 16:05:42,243 [ERROR] LogOutputStream:75 - [STDERR_REDIRECT] 
2025-02-16 16:05:42,243 [ERROR] LogOutputStream:75 - [STDERR_REDIRECT] Feb 16, 2025 4:05:42 PM java.util.prefs.FileSystemPreferences syncWorld
2025-02-16 16:05:42,243 [ERROR] LogOutputStream:75 - [STDERR_REDIRECT] WARNING: Couldn't flush system prefs: java.util.prefs.BackingStoreException: Couldn't get file lock.
2025-02-16 16:05:42,243 [ERROR] LogOutputStream:75 - [STDERR_REDIRECT] 
2025-02-16 16:06:12,242 [ERROR] LogOutputStream:75 - [STDERR_REDIRECT] Feb 16, 2025 4:06:12 PM java.util.prefs.FileSystemPreferences checkLockFile0ErrorCode
2025-02-16 16:06:12,242 [ERROR] LogOutputStream:75 - [STDERR_REDIRECT] WARNING: Could not lock System prefs. Unix error code 2.
2025-02-16 16:06:12,242 [ERROR] LogOutputStream:75 - [STDERR_REDIRECT] 
2025-02-16 16:06:12,242 [ERROR] LogOutputStream:75 - [STDERR_REDIRECT] Feb 16, 2025 4:06:12 PM java.util.prefs.FileSystemPreferences syncWorld
2025-02-16 16:06:12,242 [ERROR] LogOutputStream:75 - [STDERR_REDIRECT] WARNING: Couldn't flush system prefs: java.util.prefs.BackingStoreException: Couldn't get file lock.
2025-02-16 16:06:12,242 [ERROR] LogOutputStream:75 - [STDERR_REDIRECT] 
2025-02-16 16:06:42,243 [ERROR] LogOutputStream:75 - [STDERR_REDIRECT] Feb 16, 2025 4:06:42 PM java.util.prefs.FileSystemPreferences checkLockFile0ErrorCode
2025-02-16 16:06:42,243 [ERROR] LogOutputStream:75 - [STDERR_REDIRECT] WARNING: Could not lock System prefs. Unix error code 2.
2025-02-16 16:06:42,243 [ERROR] LogOutputStream:75 - [STDERR_REDIRECT] 
2025-02-16 16:06:42,243 [ERROR] LogOutputStream:75 - [STDERR_REDIRECT] Feb 16, 2025 4:06:42 PM java.util.prefs.FileSystemPreferences syncWorld
2025-02-16 16:06:42,243 [ERROR] LogOutputStream:75 - [STDERR_REDIRECT] WARNING: Couldn't flush system prefs: java.util.prefs.BackingStoreException: Couldn't get file lock.
2025-02-16 16:06:42,243 [ERROR] LogOutputStream:75 - [STDERR_REDIRECT] 
2025-02-16 16:07:12,243 [ERROR] LogOutputStream:75 - [STDERR_REDIRECT] Feb 16, 2025 4:07:12 PM java.util.prefs.FileSystemPreferences checkLockFile0ErrorCode
2025-02-16 16:07:12,243 [ERROR] LogOutputStream:75 - [STDERR_REDIRECT] WARNING: Could not lock System prefs. Unix error code 2.
2025-02-16 16:07:12,243 [ERROR] LogOutputStream:75 - [STDERR_REDIRECT] 
2025-02-16 16:07:12,244 [ERROR] LogOutputStream:75 - [STDERR_REDIRECT] Feb 16, 2025 4:07:12 PM java.util.prefs.FileSystemPreferences syncWorld
2025-02-16 16:07:12,244 [ERROR] LogOutputStream:75 - [STDERR_REDIRECT] WARNING: Couldn't flush system prefs: java.util.prefs.BackingStoreException: Couldn't get file lock.
2025-02-16 16:07:12,244 [ERROR] LogOutputStream:75 - [STDERR_REDIRECT] 
2025-02-16 16:07:42,243 [ERROR] LogOutputStream:75 - [STDERR_REDIRECT] Feb 16, 2025 4:07:42 PM java.util.prefs.FileSystemPreferences checkLockFile0ErrorCode
2025-02-16 16:07:42,243 [ERROR] LogOutputStream:75 - [STDERR_REDIRECT] WARNING: Could not lock System prefs. Unix error code 2.
2025-02-16 16:07:42,243 [ERROR] LogOutputStream:75 - [STDERR_REDIRECT] 
2025-02-16 16:07:42,243 [ERROR] LogOutputStream:75 - [STDERR_REDIRECT] Feb 16, 2025 4:07:42 PM java.util.prefs.FileSystemPreferences syncWorld
2025-02-16 16:07:42,243 [ERROR] LogOutputStream:75 - [STDERR_REDIRECT] WARNING: Couldn't flush system prefs: java.util.prefs.BackingStoreException: Couldn't get file lock.
2025-02-16 16:07:42,243 [ERROR] LogOutputStream:75 - [STDERR_REDIRECT] 
2025-02-16 16:08:12,243 [ERROR] LogOutputStream:75 - [STDERR_REDIRECT] Feb 16, 2025 4:08:12 PM java.util.prefs.FileSystemPreferences checkLockFile0ErrorCode
2025-02-16 16:08:12,244 [ERROR] LogOutputStream:75 - [STDERR_REDIRECT] WARNING: Could not lock System prefs. Unix error code 2.
2025-02-16 16:08:12,244 [ERROR] LogOutputStream:75 - [STDERR_REDIRECT] 
2025-02-16 16:08:12,244 [ERROR] LogOutputStream:75 - [STDERR_REDIRECT] Feb 16, 2025 4:08:12 PM java.util.prefs.FileSystemPreferences syncWorld
2025-02-16 16:08:12,244 [ERROR] LogOutputStream:75 - [STDERR_REDIRECT] WARNING: Couldn't flush system prefs: java.util.prefs.BackingStoreException: Couldn't get file lock.
2025-02-16 16:08:12,244 [ERROR] LogOutputStream:75 - [STDERR_REDIRECT] 
2025-02-16 16:08:42,243 [ERROR] LogOutputStream:75 - [STDERR_REDIRECT] Feb 16, 2025 4:08:42 PM java.util.prefs.FileSystemPreferences checkLockFile0ErrorCode
2025-02-16 16:08:42,243 [ERROR] LogOutputStream:75 - [STDERR_REDIRECT] WARNING: Could not lock System prefs. Unix error code 2.
2025-02-16 16:08:42,243 [ERROR] LogOutputStream:75 - [STDERR_REDIRECT] 
2025-02-16 16:08:42,243 [ERROR] LogOutputStream:75 - [STDERR_REDIRECT] Feb 16, 2025 4:08:42 PM java.util.prefs.FileSystemPreferences syncWorld
2025-02-16 16:08:42,243 [ERROR] LogOutputStream:75 - [STDERR_REDIRECT] WARNING: Couldn't flush system prefs: java.util.prefs.BackingStoreException: Couldn't get file lock.
2025-02-16 16:08:42,243 [ERROR] LogOutputStream:75 - [STDERR_REDIRECT] 
2025-02-16 16:09:12,243 [ERROR] LogOutputStream:75 - [STDERR_REDIRECT] Feb 16, 2025 4:09:12 PM java.util.prefs.FileSystemPreferences checkLockFile0ErrorCode
2025-02-16 16:09:12,244 [ERROR] LogOutputStream:75 - [STDERR_REDIRECT] WARNING: Could not lock System prefs. Unix error code 2.
2025-02-16 16:09:12,244 [ERROR] LogOutputStream:75 - [STDERR_REDIRECT] 
2025-02-16 16:09:12,244 [ERROR] LogOutputStream:75 - [STDERR_REDIRECT] Feb 16, 2025 4:09:12 PM java.util.prefs.FileSystemPreferences syncWorld
2025-02-16 16:09:12,244 [ERROR] LogOutputStream:75 - [STDERR_REDIRECT] WARNING: Couldn't flush system prefs: java.util.prefs.BackingStoreException: Couldn't get file lock.
2025-02-16 16:09:12,244 [ERROR] LogOutputStream:75 - [STDERR_REDIRECT] 
2025-02-16 16:09:42,244 [ERROR] LogOutputStream:75 - [STDERR_REDIRECT] Feb 16, 2025 4:09:42 PM java.util.prefs.FileSystemPreferences checkLockFile0ErrorCode
2025-02-16 16:09:42,244 [ERROR] LogOutputStream:75 - [STDERR_REDIRECT] WARNING: Could not lock System prefs. Unix error code 2.
2025-02-16 16:09:42,244 [ERROR] LogOutputStream:75 - [STDERR_REDIRECT] 
2025-02-16 16:09:42,244 [ERROR] LogOutputStream:75 - [STDERR_REDIRECT] Feb 16, 2025 4:09:42 PM java.util.prefs.FileSystemPreferences syncWorld
2025-02-16 16:09:42,244 [ERROR] LogOutputStream:75 - [STDERR_REDIRECT] WARNING: Couldn't flush system prefs: java.util.prefs.BackingStoreException: Couldn't get file lock.
2025-02-16 16:09:42,244 [ERROR] LogOutputStream:75 - [STDERR_REDIRECT] 
2025-02-16 16:10:12,245 [ERROR] LogOutputStream:75 - [STDERR_REDIRECT] Feb 16, 2025 4:10:12 PM java.util.prefs.FileSystemPreferences checkLockFile0ErrorCode
2025-02-16 16:10:12,245 [ERROR] LogOutputStream:75 - [STDERR_REDIRECT] WARNING: Could not lock System prefs. Unix error code 2.
2025-02-16 16:10:12,245 [ERROR] LogOutputStream:75 - [STDERR_REDIRECT] 
2025-02-16 16:10:12,245 [ERROR] LogOutputStream:75 - [STDERR_REDIRECT] Feb 16, 2025 4:10:12 PM java.util.prefs.FileSystemPreferences syncWorld
2025-02-16 16:10:12,245 [ERROR] LogOutputStream:75 - [STDERR_REDIRECT] WARNING: Couldn't flush system prefs: java.util.prefs.BackingStoreException: Couldn't get file lock.
2025-02-16 16:10:12,245 [ERROR] LogOutputStream:75 - [STDERR_REDIRECT] 
2025-02-16 16:10:42,245 [ERROR] LogOutputStream:75 - [STDERR_REDIRECT] Feb 16, 2025 4:10:42 PM java.util.prefs.FileSystemPreferences checkLockFile0ErrorCode
2025-02-16 16:10:42,246 [ERROR] LogOutputStream:75 - [STDERR_REDIRECT] WARNING: Could not lock System prefs. Unix error code 2.
2025-02-16 16:10:42,246 [ERROR] LogOutputStream:75 - [STDERR_REDIRECT] 
2025-02-16 16:10:42,246 [ERROR] LogOutputStream:75 - [STDERR_REDIRECT] Feb 16, 2025 4:10:42 PM java.util.prefs.FileSystemPreferences syncWorld
2025-02-16 16:10:42,246 [ERROR] LogOutputStream:75 - [STDERR_REDIRECT] WARNING: Couldn't flush system prefs: java.util.prefs.BackingStoreException: Couldn't get file lock.
2025-02-16 16:10:42,246 [ERROR] LogOutputStream:75 - [STDERR_REDIRECT] 
2025-02-16 16:11:12,245 [ERROR] LogOutputStream:75 - [STDERR_REDIRECT] Feb 16, 2025 4:11:12 PM java.util.prefs.FileSystemPreferences checkLockFile0ErrorCode
2025-02-16 16:11:12,245 [ERROR] LogOutputStream:75 - [STDERR_REDIRECT] WARNING: Could not lock System prefs. Unix error code 2.
2025-02-16 16:11:12,245 [ERROR] LogOutputStream:75 - [STDERR_REDIRECT] 
2025-02-16 16:11:12,245 [ERROR] LogOutputStream:75 - [STDERR_REDIRECT] Feb 16, 2025 4:11:12 PM java.util.prefs.FileSystemPreferences syncWorld
2025-02-16 16:11:12,245 [ERROR] LogOutputStream:75 - [STDERR_REDIRECT] WARNING: Couldn't flush system prefs: java.util.prefs.BackingStoreException: Couldn't get file lock.
2025-02-16 16:11:12,245 [ERROR] LogOutputStream:75 - [STDERR_REDIRECT] 
2025-02-16 16:11:42,246 [ERROR] LogOutputStream:75 - [STDERR_REDIRECT] Feb 16, 2025 4:11:42 PM java.util.prefs.FileSystemPreferences checkLockFile0ErrorCode
2025-02-16 16:11:42,246 [ERROR] LogOutputStream:75 - [STDERR_REDIRECT] WARNING: Could not lock System prefs. Unix error code 2.
2025-02-16 16:11:42,246 [ERROR] LogOutputStream:75 - [STDERR_REDIRECT] 
2025-02-16 16:11:42,246 [ERROR] LogOutputStream:75 - [STDERR_REDIRECT] Feb 16, 2025 4:11:42 PM java.util.prefs.FileSystemPreferences syncWorld
2025-02-16 16:11:42,246 [ERROR] LogOutputStream:75 - [STDERR_REDIRECT] WARNING: Couldn't flush system prefs: java.util.prefs.BackingStoreException: Couldn't get file lock.
2025-02-16 16:11:42,246 [ERROR] LogOutputStream:75 - [STDERR_REDIRECT] 
2025-02-16 16:12:12,245 [ERROR] LogOutputStream:75 - [STDERR_REDIRECT] Feb 16, 2025 4:12:12 PM java.util.prefs.FileSystemPreferences checkLockFile0ErrorCode
2025-02-16 16:12:12,245 [ERROR] LogOutputStream:75 - [STDERR_REDIRECT] WARNING: Could not lock System prefs. Unix error code 2.
2025-02-16 16:12:12,245 [ERROR] LogOutputStream:75 - [STDERR_REDIRECT] 
2025-02-16 16:12:12,245 [ERROR] LogOutputStream:75 - [STDERR_REDIRECT] Feb 16, 2025 4:12:12 PM java.util.prefs.FileSystemPreferences syncWorld
2025-02-16 16:12:12,245 [ERROR] LogOutputStream:75 - [STDERR_REDIRECT] WARNING: Couldn't flush system prefs: java.util.prefs.BackingStoreException: Couldn't get file lock.
2025-02-16 16:12:12,245 [ERROR] LogOutputStream:75 - [STDERR_REDIRECT] 
2025-02-16 16:12:42,246 [ERROR] LogOutputStream:75 - [STDERR_REDIRECT] Feb 16, 2025 4:12:42 PM java.util.prefs.FileSystemPreferences checkLockFile0ErrorCode
2025-02-16 16:12:42,246 [ERROR] LogOutputStream:75 - [STDERR_REDIRECT] WARNING: Could not lock System prefs. Unix error code 2.
2025-02-16 16:12:42,246 [ERROR] LogOutputStream:75 - [STDERR_REDIRECT] 
2025-02-16 16:12:42,246 [ERROR] LogOutputStream:75 - [STDERR_REDIRECT] Feb 16, 2025 4:12:42 PM java.util.prefs.FileSystemPreferences syncWorld
2025-02-16 16:12:42,246 [ERROR] LogOutputStream:75 - [STDERR_REDIRECT] WARNING: Couldn't flush system prefs: java.util.prefs.BackingStoreException: Couldn't get file lock.
2025-02-16 16:12:42,246 [ERROR] LogOutputStream:75 - [STDERR_REDIRECT] 
2025-02-16 16:13:12,245 [ERROR] LogOutputStream:75 - [STDERR_REDIRECT] Feb 16, 2025 4:13:12 PM java.util.prefs.FileSystemPreferences checkLockFile0ErrorCode
2025-02-16 16:13:12,245 [ERROR] LogOutputStream:75 - [STDERR_REDIRECT] WARNING: Could not lock System prefs. Unix error code 2.
2025-02-16 16:13:12,245 [ERROR] LogOutputStream:75 - [STDERR_REDIRECT] 
2025-02-16 16:13:12,246 [ERROR] LogOutputStream:75 - [STDERR_REDIRECT] Feb 16, 2025 4:13:12 PM java.util.prefs.FileSystemPreferences syncWorld
2025-02-16 16:13:12,246 [ERROR] LogOutputStream:75 - [STDERR_REDIRECT] WARNING: Couldn't flush system prefs: java.util.prefs.BackingStoreException: Couldn't get file lock.
2025-02-16 16:13:12,246 [ERROR] LogOutputStream:75 - [STDERR_REDIRECT] 
2025-02-16 16:13:42,245 [ERROR] LogOutputStream:75 - [STDERR_REDIRECT] Feb 16, 2025 4:13:42 PM java.util.prefs.FileSystemPreferences checkLockFile0ErrorCode
2025-02-16 16:13:42,245 [ERROR] LogOutputStream:75 - [STDERR_REDIRECT] WARNING: Could not lock System prefs. Unix error code 2.
2025-02-16 16:13:42,245 [ERROR] LogOutputStream:75 - [STDERR_REDIRECT] 
2025-02-16 16:13:42,245 [ERROR] LogOutputStream:75 - [STDERR_REDIRECT] Feb 16, 2025 4:13:42 PM java.util.prefs.FileSystemPreferences syncWorld
2025-02-16 16:13:42,245 [ERROR] LogOutputStream:75 - [STDERR_REDIRECT] WARNING: Couldn't flush system prefs: java.util.prefs.BackingStoreException: Couldn't get file lock.
2025-02-16 16:13:42,245 [ERROR] LogOutputStream:75 - [STDERR_REDIRECT] 
2025-02-16 16:14:12,245 [ERROR] LogOutputStream:75 - [STDERR_REDIRECT] Feb 16, 2025 4:14:12 PM java.util.prefs.FileSystemPreferences checkLockFile0ErrorCode
2025-02-16 16:14:12,245 [ERROR] LogOutputStream:75 - [STDERR_REDIRECT] WARNING: Could not lock System prefs. Unix error code 2.
2025-02-16 16:14:12,245 [ERROR] LogOutputStream:75 - [STDERR_REDIRECT] 
2025-02-16 16:14:12,245 [ERROR] LogOutputStream:75 - [STDERR_REDIRECT] Feb 16, 2025 4:14:12 PM java.util.prefs.FileSystemPreferences syncWorld
2025-02-16 16:14:12,245 [ERROR] LogOutputStream:75 - [STDERR_REDIRECT] WARNING: Couldn't flush system prefs: java.util.prefs.BackingStoreException: Couldn't get file lock.
2025-02-16 16:14:12,245 [ERROR] LogOutputStream:75 - [STDERR_REDIRECT] 
2025-02-16 16:14:42,246 [ERROR] LogOutputStream:75 - [STDERR_REDIRECT] Feb 16, 2025 4:14:42 PM java.util.prefs.FileSystemPreferences checkLockFile0ErrorCode
2025-02-16 16:14:42,246 [ERROR] LogOutputStream:75 - [STDERR_REDIRECT] WARNING: Could not lock System prefs. Unix error code 2.
2025-02-16 16:14:42,246 [ERROR] LogOutputStream:75 - [STDERR_REDIRECT] 
2025-02-16 16:14:42,246 [ERROR] LogOutputStream:75 - [STDERR_REDIRECT] Feb 16, 2025 4:14:42 PM java.util.prefs.FileSystemPreferences syncWorld
2025-02-16 16:14:42,246 [ERROR] LogOutputStream:75 - [STDERR_REDIRECT] WARNING: Couldn't flush system prefs: java.util.prefs.BackingStoreException: Couldn't get file lock.
2025-02-16 16:14:42,246 [ERROR] LogOutputStream:75 - [STDERR_REDIRECT] 
2025-02-16 16:15:12,246 [ERROR] LogOutputStream:75 - [STDERR_REDIRECT] Feb 16, 2025 4:15:12 PM java.util.prefs.FileSystemPreferences checkLockFile0ErrorCode
2025-02-16 16:15:12,246 [ERROR] LogOutputStream:75 - [STDERR_REDIRECT] WARNING: Could not lock System prefs. Unix error code 2.
2025-02-16 16:15:12,246 [ERROR] LogOutputStream:75 - [STDERR_REDIRECT] 
2025-02-16 16:15:12,246 [ERROR] LogOutputStream:75 - [STDERR_REDIRECT] Feb 16, 2025 4:15:12 PM java.util.prefs.FileSystemPreferences syncWorld
2025-02-16 16:15:12,246 [ERROR] LogOutputStream:75 - [STDERR_REDIRECT] WARNING: Couldn't flush system prefs: java.util.prefs.BackingStoreException: Couldn't get file lock.
2025-02-16 16:15:12,246 [ERROR] LogOutputStream:75 - [STDERR_REDIRECT] 
2025-02-16 16:15:42,247 [ERROR] LogOutputStream:75 - [STDERR_REDIRECT] Feb 16, 2025 4:15:42 PM java.util.prefs.FileSystemPreferences checkLockFile0ErrorCode
2025-02-16 16:15:42,247 [ERROR] LogOutputStream:75 - [STDERR_REDIRECT] WARNING: Could not lock System prefs. Unix error code 2.
2025-02-16 16:15:42,247 [ERROR] LogOutputStream:75 - [STDERR_REDIRECT] 
2025-02-16 16:15:42,247 [ERROR] LogOutputStream:75 - [STDERR_REDIRECT] Feb 16, 2025 4:15:42 PM java.util.prefs.FileSystemPreferences syncWorld
2025-02-16 16:15:42,247 [ERROR] LogOutputStream:75 - [STDERR_REDIRECT] WARNING: Couldn't flush system prefs: java.util.prefs.BackingStoreException: Couldn't get file lock.
2025-02-16 16:15:42,247 [ERROR] LogOutputStream:75 - [STDERR_REDIRECT] 
2025-02-16 16:16:12,247 [ERROR] LogOutputStream:75 - [STDERR_REDIRECT] Feb 16, 2025 4:16:12 PM java.util.prefs.FileSystemPreferences checkLockFile0ErrorCode
2025-02-16 16:16:12,247 [ERROR] LogOutputStream:75 - [STDERR_REDIRECT] WARNING: Could not lock System prefs. Unix error code 2.
2025-02-16 16:16:12,247 [ERROR] LogOutputStream:75 - [STDERR_REDIRECT] 
2025-02-16 16:16:12,248 [ERROR] LogOutputStream:75 - [STDERR_REDIRECT] Feb 16, 2025 4:16:12 PM java.util.prefs.FileSystemPreferences syncWorld
2025-02-16 16:16:12,248 [ERROR] LogOutputStream:75 - [STDERR_REDIRECT] WARNING: Couldn't flush system prefs: java.util.prefs.BackingStoreException: Couldn't get file lock.
2025-02-16 16:16:12,248 [ERROR] LogOutputStream:75 - [STDERR_REDIRECT] 
2025-02-16 16:16:42,247 [ERROR] LogOutputStream:75 - [STDERR_REDIRECT] Feb 16, 2025 4:16:42 PM java.util.prefs.FileSystemPreferences checkLockFile0ErrorCode
2025-02-16 16:16:42,247 [ERROR] LogOutputStream:75 - [STDERR_REDIRECT] WARNING: Could not lock System prefs. Unix error code 2.
2025-02-16 16:16:42,254 [ERROR] LogOutputStream:75 - [STDERR_REDIRECT] 
2025-02-16 16:16:42,254 [ERROR] LogOutputStream:75 - [STDERR_REDIRECT] Feb 16, 2025 4:16:42 PM java.util.prefs.FileSystemPreferences syncWorld
2025-02-16 16:16:42,254 [ERROR] LogOutputStream:75 - [STDERR_REDIRECT] WARNING: Couldn't flush system prefs: java.util.prefs.BackingStoreException: Couldn't get file lock.
2025-02-16 16:16:42,254 [ERROR] LogOutputStream:75 - [STDERR_REDIRECT] 
2025-02-16 16:17:12,247 [ERROR] LogOutputStream:75 - [STDERR_REDIRECT] Feb 16, 2025 4:17:12 PM java.util.prefs.FileSystemPreferences checkLockFile0ErrorCode
2025-02-16 16:17:12,247 [ERROR] LogOutputStream:75 - [STDERR_REDIRECT] WARNING: Could not lock System prefs. Unix error code 2.
2025-02-16 16:17:12,247 [ERROR] LogOutputStream:75 - [STDERR_REDIRECT] 
2025-02-16 16:17:12,247 [ERROR] LogOutputStream:75 - [STDERR_REDIRECT] Feb 16, 2025 4:17:12 PM java.util.prefs.FileSystemPreferences syncWorld
2025-02-16 16:17:12,247 [ERROR] LogOutputStream:75 - [STDERR_REDIRECT] WARNING: Couldn't flush system prefs: java.util.prefs.BackingStoreException: Couldn't get file lock.
2025-02-16 16:17:12,247 [ERROR] LogOutputStream:75 - [STDERR_REDIRECT] 
2025-02-16 16:17:42,248 [ERROR] LogOutputStream:75 - [STDERR_REDIRECT] Feb 16, 2025 4:17:42 PM java.util.prefs.FileSystemPreferences checkLockFile0ErrorCode
2025-02-16 16:17:42,248 [ERROR] LogOutputStream:75 - [STDERR_REDIRECT] WARNING: Could not lock System prefs. Unix error code 2.
2025-02-16 16:17:42,248 [ERROR] LogOutputStream:75 - [STDERR_REDIRECT] 
2025-02-16 16:17:42,248 [ERROR] LogOutputStream:75 - [STDERR_REDIRECT] Feb 16, 2025 4:17:42 PM java.util.prefs.FileSystemPreferences syncWorld
2025-02-16 16:17:42,248 [ERROR] LogOutputStream:75 - [STDERR_REDIRECT] WARNING: Couldn't flush system prefs: java.util.prefs.BackingStoreException: Couldn't get file lock.
2025-02-16 16:17:42,248 [ERROR] LogOutputStream:75 - [STDERR_REDIRECT] 
2025-02-16 16:18:12,247 [ERROR] LogOutputStream:75 - [STDERR_REDIRECT] Feb 16, 2025 4:18:12 PM java.util.prefs.FileSystemPreferences checkLockFile0ErrorCode
2025-02-16 16:18:12,247 [ERROR] LogOutputStream:75 - [STDERR_REDIRECT] WARNING: Could not lock System prefs. Unix error code 2.
2025-02-16 16:18:12,247 [ERROR] LogOutputStream:75 - [STDERR_REDIRECT] 
2025-02-16 16:18:12,247 [ERROR] LogOutputStream:75 - [STDERR_REDIRECT] Feb 16, 2025 4:18:12 PM java.util.prefs.FileSystemPreferences syncWorld
2025-02-16 16:18:12,247 [ERROR] LogOutputStream:75 - [STDERR_REDIRECT] WARNING: Couldn't flush system prefs: java.util.prefs.BackingStoreException: Couldn't get file lock.
2025-02-16 16:18:12,248 [ERROR] LogOutputStream:75 - [STDERR_REDIRECT] 
2025-02-16 16:18:42,247 [ERROR] LogOutputStream:75 - [STDERR_REDIRECT] Feb 16, 2025 4:18:42 PM java.util.prefs.FileSystemPreferences checkLockFile0ErrorCode
2025-02-16 16:18:42,247 [ERROR] LogOutputStream:75 - [STDERR_REDIRECT] WARNING: Could not lock System prefs. Unix error code 2.
2025-02-16 16:18:42,247 [ERROR] LogOutputStream:75 - [STDERR_REDIRECT] 
2025-02-16 16:18:42,247 [ERROR] LogOutputStream:75 - [STDERR_REDIRECT] Feb 16, 2025 4:18:42 PM java.util.prefs.FileSystemPreferences syncWorld
2025-02-16 16:18:42,247 [ERROR] LogOutputStream:75 - [STDERR_REDIRECT] WARNING: Couldn't flush system prefs: java.util.prefs.BackingStoreException: Couldn't get file lock.
2025-02-16 16:18:42,247 [ERROR] LogOutputStream:75 - [STDERR_REDIRECT] 
2025-02-16 16:19:12,247 [ERROR] LogOutputStream:75 - [STDERR_REDIRECT] Feb 16, 2025 4:19:12 PM java.util.prefs.FileSystemPreferences checkLockFile0ErrorCode
2025-02-16 16:19:12,247 [ERROR] LogOutputStream:75 - [STDERR_REDIRECT] WARNING: Could not lock System prefs. Unix error code 2.
2025-02-16 16:19:12,247 [ERROR] LogOutputStream:75 - [STDERR_REDIRECT] 
2025-02-16 16:19:12,247 [ERROR] LogOutputStream:75 - [STDERR_REDIRECT] Feb 16, 2025 4:19:12 PM java.util.prefs.FileSystemPreferences syncWorld
2025-02-16 16:19:12,248 [ERROR] LogOutputStream:75 - [STDERR_REDIRECT] WARNING: Couldn't flush system prefs: java.util.prefs.BackingStoreException: Couldn't get file lock.
2025-02-16 16:19:12,248 [ERROR] LogOutputStream:75 - [STDERR_REDIRECT] 
2025-02-16 16:19:42,247 [ERROR] LogOutputStream:75 - [STDERR_REDIRECT] Feb 16, 2025 4:19:42 PM java.util.prefs.FileSystemPreferences checkLockFile0ErrorCode
2025-02-16 16:19:42,247 [ERROR] LogOutputStream:75 - [STDERR_REDIRECT] WARNING: Could not lock System prefs. Unix error code 2.
2025-02-16 16:19:42,247 [ERROR] LogOutputStream:75 - [STDERR_REDIRECT] 
2025-02-16 16:19:42,247 [ERROR] LogOutputStream:75 - [STDERR_REDIRECT] Feb 16, 2025 4:19:42 PM java.util.prefs.FileSystemPreferences syncWorld
2025-02-16 16:19:42,247 [ERROR] LogOutputStream:75 - [STDERR_REDIRECT] WARNING: Couldn't flush system prefs: java.util.prefs.BackingStoreException: Couldn't get file lock.
2025-02-16 16:19:42,247 [ERROR] LogOutputStream:75 - [STDERR_REDIRECT] 
2025-02-16 16:20:12,247 [ERROR] LogOutputStream:75 - [STDERR_REDIRECT] Feb 16, 2025 4:20:12 PM java.util.prefs.FileSystemPreferences checkLockFile0ErrorCode
2025-02-16 16:20:12,247 [ERROR] LogOutputStream:75 - [STDERR_REDIRECT] WARNING: Could not lock System prefs. Unix error code 2.
2025-02-16 16:20:12,247 [ERROR] LogOutputStream:75 - [STDERR_REDIRECT] 
2025-02-16 16:20:12,247 [ERROR] LogOutputStream:75 - [STDERR_REDIRECT] Feb 16, 2025 4:20:12 PM java.util.prefs.FileSystemPreferences syncWorld
2025-02-16 16:20:12,247 [ERROR] LogOutputStream:75 - [STDERR_REDIRECT] WARNING: Couldn't flush system prefs: java.util.prefs.BackingStoreException: Couldn't get file lock.
2025-02-16 16:20:12,247 [ERROR] LogOutputStream:75 - [STDERR_REDIRECT] 
2025-02-16 16:20:42,248 [ERROR] LogOutputStream:75 - [STDERR_REDIRECT] Feb 16, 2025 4:20:42 PM java.util.prefs.FileSystemPreferences checkLockFile0ErrorCode
2025-02-16 16:20:42,248 [ERROR] LogOutputStream:75 - [STDERR_REDIRECT] WARNING: Could not lock System prefs. Unix error code 2.
2025-02-16 16:20:42,248 [ERROR] LogOutputStream:75 - [STDERR_REDIRECT] 
2025-02-16 16:20:42,248 [ERROR] LogOutputStream:75 - [STDERR_REDIRECT] Feb 16, 2025 4:20:42 PM java.util.prefs.FileSystemPreferences syncWorld
2025-02-16 16:20:42,248 [ERROR] LogOutputStream:75 - [STDERR_REDIRECT] WARNING: Couldn't flush system prefs: java.util.prefs.BackingStoreException: Couldn't get file lock.
2025-02-16 16:20:42,248 [ERROR] LogOutputStream:75 - [STDERR_REDIRECT] 
2025-02-16 16:21:12,248 [ERROR] LogOutputStream:75 - [STDERR_REDIRECT] Feb 16, 2025 4:21:12 PM java.util.prefs.FileSystemPreferences checkLockFile0ErrorCode
2025-02-16 16:21:12,248 [ERROR] LogOutputStream:75 - [STDERR_REDIRECT] WARNING: Could not lock System prefs. Unix error code 2.
2025-02-16 16:21:12,255 [ERROR] LogOutputStream:75 - [STDERR_REDIRECT] 
2025-02-16 16:21:12,255 [ERROR] LogOutputStream:75 - [STDERR_REDIRECT] Feb 16, 2025 4:21:12 PM java.util.prefs.FileSystemPreferences syncWorld
2025-02-16 16:21:12,255 [ERROR] LogOutputStream:75 - [STDERR_REDIRECT] WARNING: Couldn't flush system prefs: java.util.prefs.BackingStoreException: Couldn't get file lock.
2025-02-16 16:21:12,255 [ERROR] LogOutputStream:75 - [STDERR_REDIRECT] 
2025-02-16 16:21:42,248 [ERROR] LogOutputStream:75 - [STDERR_REDIRECT] Feb 16, 2025 4:21:42 PM java.util.prefs.FileSystemPreferences checkLockFile0ErrorCode
2025-02-16 16:21:42,249 [ERROR] LogOutputStream:75 - [STDERR_REDIRECT] WARNING: Could not lock System prefs. Unix error code 2.
2025-02-16 16:21:42,249 [ERROR] LogOutputStream:75 - [STDERR_REDIRECT] 
2025-02-16 16:21:42,249 [ERROR] LogOutputStream:75 - [STDERR_REDIRECT] Feb 16, 2025 4:21:42 PM java.util.prefs.FileSystemPreferences syncWorld
2025-02-16 16:21:42,249 [ERROR] LogOutputStream:75 - [STDERR_REDIRECT] WARNING: Couldn't flush system prefs: java.util.prefs.BackingStoreException: Couldn't get file lock.
2025-02-16 16:21:42,249 [ERROR] LogOutputStream:75 - [STDERR_REDIRECT] 
2025-02-16 16:22:12,248 [ERROR] LogOutputStream:75 - [STDERR_REDIRECT] Feb 16, 2025 4:22:12 PM java.util.prefs.FileSystemPreferences checkLockFile0ErrorCode
2025-02-16 16:22:12,248 [ERROR] LogOutputStream:75 - [STDERR_REDIRECT] WARNING: Could not lock System prefs. Unix error code 2.
2025-02-16 16:22:12,248 [ERROR] LogOutputStream:75 - [STDERR_REDIRECT] 
2025-02-16 16:22:12,248 [ERROR] LogOutputStream:75 - [STDERR_REDIRECT] Feb 16, 2025 4:22:12 PM java.util.prefs.FileSystemPreferences syncWorld
2025-02-16 16:22:12,248 [ERROR] LogOutputStream:75 - [STDERR_REDIRECT] WARNING: Couldn't flush system prefs: java.util.prefs.BackingStoreException: Couldn't get file lock.
2025-02-16 16:22:12,249 [ERROR] LogOutputStream:75 - [STDERR_REDIRECT] 
2025-02-16 16:22:42,248 [ERROR] LogOutputStream:75 - [STDERR_REDIRECT] Feb 16, 2025 4:22:42 PM java.util.prefs.FileSystemPreferences checkLockFile0ErrorCode
2025-02-16 16:22:42,248 [ERROR] LogOutputStream:75 - [STDERR_REDIRECT] WARNING: Could not lock System prefs. Unix error code 2.
2025-02-16 16:22:42,248 [ERROR] LogOutputStream:75 - [STDERR_REDIRECT] 
2025-02-16 16:22:42,248 [ERROR] LogOutputStream:75 - [STDERR_REDIRECT] Feb 16, 2025 4:22:42 PM java.util.prefs.FileSystemPreferences syncWorld
2025-02-16 16:22:42,248 [ERROR] LogOutputStream:75 - [STDERR_REDIRECT] WARNING: Couldn't flush system prefs: java.util.prefs.BackingStoreException: Couldn't get file lock.
2025-02-16 16:22:42,248 [ERROR] LogOutputStream:75 - [STDERR_REDIRECT] 
2025-02-16 16:23:12,248 [ERROR] LogOutputStream:75 - [STDERR_REDIRECT] Feb 16, 2025 4:23:12 PM java.util.prefs.FileSystemPreferences checkLockFile0ErrorCode
2025-02-16 16:23:12,249 [ERROR] LogOutputStream:75 - [STDERR_REDIRECT] WARNING: Could not lock System prefs. Unix error code 2.
2025-02-16 16:23:12,249 [ERROR] LogOutputStream:75 - [STDERR_REDIRECT] 
2025-02-16 16:23:12,249 [ERROR] LogOutputStream:75 - [STDERR_REDIRECT] Feb 16, 2025 4:23:12 PM java.util.prefs.FileSystemPreferences syncWorld
2025-02-16 16:23:12,249 [ERROR] LogOutputStream:75 - [STDERR_REDIRECT] WARNING: Couldn't flush system prefs: java.util.prefs.BackingStoreException: Couldn't get file lock.
2025-02-16 16:23:12,249 [ERROR] LogOutputStream:75 - [STDERR_REDIRECT] 
2025-02-16 16:23:42,248 [ERROR] LogOutputStream:75 - [STDERR_REDIRECT] Feb 16, 2025 4:23:42 PM java.util.prefs.FileSystemPreferences checkLockFile0ErrorCode
2025-02-16 16:23:42,248 [ERROR] LogOutputStream:75 - [STDERR_REDIRECT] WARNING: Could not lock System prefs. Unix error code 2.
2025-02-16 16:23:42,248 [ERROR] LogOutputStream:75 - [STDERR_REDIRECT] 
2025-02-16 16:23:42,248 [ERROR] LogOutputStream:75 - [STDERR_REDIRECT] Feb 16, 2025 4:23:42 PM java.util.prefs.FileSystemPreferences syncWorld
2025-02-16 16:23:42,248 [ERROR] LogOutputStream:75 - [STDERR_REDIRECT] WARNING: Couldn't flush system prefs: java.util.prefs.BackingStoreException: Couldn't get file lock.
2025-02-16 16:23:42,248 [ERROR] LogOutputStream:75 - [STDERR_REDIRECT] 
2025-02-16 16:24:12,248 [ERROR] LogOutputStream:75 - [STDERR_REDIRECT] Feb 16, 2025 4:24:12 PM java.util.prefs.FileSystemPreferences checkLockFile0ErrorCode
2025-02-16 16:24:12,248 [ERROR] LogOutputStream:75 - [STDERR_REDIRECT] WARNING: Could not lock System prefs. Unix error code 2.
2025-02-16 16:24:12,248 [ERROR] LogOutputStream:75 - [STDERR_REDIRECT] 
2025-02-16 16:24:12,248 [ERROR] LogOutputStream:75 - [STDERR_REDIRECT] Feb 16, 2025 4:24:12 PM java.util.prefs.FileSystemPreferences syncWorld
2025-02-16 16:24:12,248 [ERROR] LogOutputStream:75 - [STDERR_REDIRECT] WARNING: Couldn't flush system prefs: java.util.prefs.BackingStoreException: Couldn't get file lock.
2025-02-16 16:24:12,249 [ERROR] LogOutputStream:75 - [STDERR_REDIRECT] 
2025-02-16 16:24:42,247 [ERROR] LogOutputStream:75 - [STDERR_REDIRECT] Feb 16, 2025 4:24:42 PM java.util.prefs.FileSystemPreferences checkLockFile0ErrorCode
2025-02-16 16:24:42,248 [ERROR] LogOutputStream:75 - [STDERR_REDIRECT] WARNING: Could not lock System prefs. Unix error code 2.
2025-02-16 16:24:42,248 [ERROR] LogOutputStream:75 - [STDERR_REDIRECT] 
2025-02-16 16:24:42,248 [ERROR] LogOutputStream:75 - [STDERR_REDIRECT] Feb 16, 2025 4:24:42 PM java.util.prefs.FileSystemPreferences syncWorld
2025-02-16 16:24:42,248 [ERROR] LogOutputStream:75 - [STDERR_REDIRECT] WARNING: Couldn't flush system prefs: java.util.prefs.BackingStoreException: Couldn't get file lock.
2025-02-16 16:24:42,248 [ERROR] LogOutputStream:75 - [STDERR_REDIRECT] 
2025-02-16 16:25:12,248 [ERROR] LogOutputStream:75 - [STDERR_REDIRECT] Feb 16, 2025 4:25:12 PM java.util.prefs.FileSystemPreferences checkLockFile0ErrorCode
2025-02-16 16:25:12,248 [ERROR] LogOutputStream:75 - [STDERR_REDIRECT] WARNING: Could not lock System prefs. Unix error code 2.
2025-02-16 16:25:12,248 [ERROR] LogOutputStream:75 - [STDERR_REDIRECT] 
2025-02-16 16:25:12,248 [ERROR] LogOutputStream:75 - [STDERR_REDIRECT] Feb 16, 2025 4:25:12 PM java.util.prefs.FileSystemPreferences syncWorld
2025-02-16 16:25:12,248 [ERROR] LogOutputStream:75 - [STDERR_REDIRECT] WARNING: Couldn't flush system prefs: java.util.prefs.BackingStoreException: Couldn't get file lock.
2025-02-16 16:25:12,248 [ERROR] LogOutputStream:75 - [STDERR_REDIRECT] 
2025-02-16 16:25:42,249 [ERROR] LogOutputStream:75 - [STDERR_REDIRECT] Feb 16, 2025 4:25:42 PM java.util.prefs.FileSystemPreferences checkLockFile0ErrorCode
2025-02-16 16:25:42,249 [ERROR] LogOutputStream:75 - [STDERR_REDIRECT] WARNING: Could not lock System prefs. Unix error code 2.
2025-02-16 16:25:42,249 [ERROR] LogOutputStream:75 - [STDERR_REDIRECT] 
2025-02-16 16:25:42,249 [ERROR] LogOutputStream:75 - [STDERR_REDIRECT] Feb 16, 2025 4:25:42 PM java.util.prefs.FileSystemPreferences syncWorld
2025-02-16 16:25:42,249 [ERROR] LogOutputStream:75 - [STDERR_REDIRECT] WARNING: Couldn't flush system prefs: java.util.prefs.BackingStoreException: Couldn't get file lock.
2025-02-16 16:25:42,249 [ERROR] LogOutputStream:75 - [STDERR_REDIRECT] 
2025-02-16 16:26:12,249 [ERROR] LogOutputStream:75 - [STDERR_REDIRECT] Feb 16, 2025 4:26:12 PM java.util.prefs.FileSystemPreferences checkLockFile0ErrorCode
2025-02-16 16:26:12,249 [ERROR] LogOutputStream:75 - [STDERR_REDIRECT] WARNING: Could not lock System prefs. Unix error code 2.
2025-02-16 16:26:12,249 [ERROR] LogOutputStream:75 - [STDERR_REDIRECT] 
2025-02-16 16:26:12,249 [ERROR] LogOutputStream:75 - [STDERR_REDIRECT] Feb 16, 2025 4:26:12 PM java.util.prefs.FileSystemPreferences syncWorld
2025-02-16 16:26:12,249 [ERROR] LogOutputStream:75 - [STDERR_REDIRECT] WARNING: Couldn't flush system prefs: java.util.prefs.BackingStoreException: Couldn't get file lock.
2025-02-16 16:26:12,249 [ERROR] LogOutputStream:75 - [STDERR_REDIRECT] 
2025-02-16 16:26:42,249 [ERROR] LogOutputStream:75 - [STDERR_REDIRECT] Feb 16, 2025 4:26:42 PM java.util.prefs.FileSystemPreferences checkLockFile0ErrorCode
2025-02-16 16:26:42,249 [ERROR] LogOutputStream:75 - [STDERR_REDIRECT] WARNING: Could not lock System prefs. Unix error code 2.
2025-02-16 16:26:42,249 [ERROR] LogOutputStream:75 - [STDERR_REDIRECT] 
2025-02-16 16:26:42,250 [ERROR] LogOutputStream:75 - [STDERR_REDIRECT] Feb 16, 2025 4:26:42 PM java.util.prefs.FileSystemPreferences syncWorld
2025-02-16 16:26:42,250 [ERROR] LogOutputStream:75 - [STDERR_REDIRECT] WARNING: Couldn't flush system prefs: java.util.prefs.BackingStoreException: Couldn't get file lock.
2025-02-16 16:26:42,250 [ERROR] LogOutputStream:75 - [STDERR_REDIRECT] 
2025-02-16 16:27:12,249 [ERROR] LogOutputStream:75 - [STDERR_REDIRECT] Feb 16, 2025 4:27:12 PM java.util.prefs.FileSystemPreferences checkLockFile0ErrorCode
2025-02-16 16:27:12,249 [ERROR] LogOutputStream:75 - [STDERR_REDIRECT] WARNING: Could not lock System prefs. Unix error code 2.
2025-02-16 16:27:12,249 [ERROR] LogOutputStream:75 - [STDERR_REDIRECT] 
2025-02-16 16:27:12,249 [ERROR] LogOutputStream:75 - [STDERR_REDIRECT] Feb 16, 2025 4:27:12 PM java.util.prefs.FileSystemPreferences syncWorld
2025-02-16 16:27:12,249 [ERROR] LogOutputStream:75 - [STDERR_REDIRECT] WARNING: Couldn't flush system prefs: java.util.prefs.BackingStoreException: Couldn't get file lock.
2025-02-16 16:27:12,249 [ERROR] LogOutputStream:75 - [STDERR_REDIRECT] 
2025-02-16 16:27:42,249 [ERROR] LogOutputStream:75 - [STDERR_REDIRECT] Feb 16, 2025 4:27:42 PM java.util.prefs.FileSystemPreferences checkLockFile0ErrorCode
2025-02-16 16:27:42,249 [ERROR] LogOutputStream:75 - [STDERR_REDIRECT] WARNING: Could not lock System prefs. Unix error code 2.
2025-02-16 16:27:42,256 [ERROR] LogOutputStream:75 - [STDERR_REDIRECT] 
2025-02-16 16:27:42,256 [ERROR] LogOutputStream:75 - [STDERR_REDIRECT] Feb 16, 2025 4:27:42 PM java.util.prefs.FileSystemPreferences syncWorld
2025-02-16 16:27:42,256 [ERROR] LogOutputStream:75 - [STDERR_REDIRECT] WARNING: Couldn't flush system prefs: java.util.prefs.BackingStoreException: Couldn't get file lock.
2025-02-16 16:27:42,256 [ERROR] LogOutputStream:75 - [STDERR_REDIRECT] 
2025-02-16 16:28:12,249 [ERROR] LogOutputStream:75 - [STDERR_REDIRECT] Feb 16, 2025 4:28:12 PM java.util.prefs.FileSystemPreferences checkLockFile0ErrorCode
2025-02-16 16:28:12,249 [ERROR] LogOutputStream:75 - [STDERR_REDIRECT] WARNING: Could not lock System prefs. Unix error code 2.
2025-02-16 16:28:12,249 [ERROR] LogOutputStream:75 - [STDERR_REDIRECT] 
2025-02-16 16:28:12,249 [ERROR] LogOutputStream:75 - [STDERR_REDIRECT] Feb 16, 2025 4:28:12 PM java.util.prefs.FileSystemPreferences syncWorld
2025-02-16 16:28:12,249 [ERROR] LogOutputStream:75 - [STDERR_REDIRECT] WARNING: Couldn't flush system prefs: java.util.prefs.BackingStoreException: Couldn't get file lock.
2025-02-16 16:28:12,249 [ERROR] LogOutputStream:75 - [STDERR_REDIRECT] 
2025-02-16 16:28:42,250 [ERROR] LogOutputStream:75 - [STDERR_REDIRECT] Feb 16, 2025 4:28:42 PM java.util.prefs.FileSystemPreferences checkLockFile0ErrorCode
2025-02-16 16:28:42,250 [ERROR] LogOutputStream:75 - [STDERR_REDIRECT] WARNING: Could not lock System prefs. Unix error code 2.
2025-02-16 16:28:42,250 [ERROR] LogOutputStream:75 - [STDERR_REDIRECT] 
2025-02-16 16:28:42,250 [ERROR] LogOutputStream:75 - [STDERR_REDIRECT] Feb 16, 2025 4:28:42 PM java.util.prefs.FileSystemPreferences syncWorld
2025-02-16 16:28:42,250 [ERROR] LogOutputStream:75 - [STDERR_REDIRECT] WARNING: Couldn't flush system prefs: java.util.prefs.BackingStoreException: Couldn't get file lock.
2025-02-16 16:28:42,250 [ERROR] LogOutputStream:75 - [STDERR_REDIRECT] 
2025-02-16 16:29:12,250 [ERROR] LogOutputStream:75 - [STDERR_REDIRECT] Feb 16, 2025 4:29:12 PM java.util.prefs.FileSystemPreferences checkLockFile0ErrorCode
2025-02-16 16:29:12,250 [ERROR] LogOutputStream:75 - [STDERR_REDIRECT] WARNING: Could not lock System prefs. Unix error code 2.
2025-02-16 16:29:12,250 [ERROR] LogOutputStream:75 - [STDERR_REDIRECT] 
2025-02-16 16:29:12,250 [ERROR] LogOutputStream:75 - [STDERR_REDIRECT] Feb 16, 2025 4:29:12 PM java.util.prefs.FileSystemPreferences syncWorld
2025-02-16 16:29:12,250 [ERROR] LogOutputStream:75 - [STDERR_REDIRECT] WARNING: Couldn't flush system prefs: java.util.prefs.BackingStoreException: Couldn't get file lock.
2025-02-16 16:29:12,250 [ERROR] LogOutputStream:75 - [STDERR_REDIRECT] 
2025-02-16 16:29:42,251 [ERROR] LogOutputStream:75 - [STDERR_REDIRECT] Feb 16, 2025 4:29:42 PM java.util.prefs.FileSystemPreferences checkLockFile0ErrorCode
2025-02-16 16:29:42,251 [ERROR] LogOutputStream:75 - [STDERR_REDIRECT] WARNING: Could not lock System prefs. Unix error code 2.
2025-02-16 16:29:42,251 [ERROR] LogOutputStream:75 - [STDERR_REDIRECT] 
2025-02-16 16:29:42,251 [ERROR] LogOutputStream:75 - [STDERR_REDIRECT] Feb 16, 2025 4:29:42 PM java.util.prefs.FileSystemPreferences syncWorld
2025-02-16 16:29:42,251 [ERROR] LogOutputStream:75 - [STDERR_REDIRECT] WARNING: Couldn't flush system prefs: java.util.prefs.BackingStoreException: Couldn't get file lock.
2025-02-16 16:29:42,251 [ERROR] LogOutputStream:75 - [STDERR_REDIRECT] 
2025-02-16 16:30:12,251 [ERROR] LogOutputStream:75 - [STDERR_REDIRECT] Feb 16, 2025 4:30:12 PM java.util.prefs.FileSystemPreferences checkLockFile0ErrorCode
2025-02-16 16:30:12,251 [ERROR] LogOutputStream:75 - [STDERR_REDIRECT] WARNING: Could not lock System prefs. Unix error code 2.
2025-02-16 16:30:12,251 [ERROR] LogOutputStream:75 - [STDERR_REDIRECT] 
2025-02-16 16:30:12,251 [ERROR] LogOutputStream:75 - [STDERR_REDIRECT] Feb 16, 2025 4:30:12 PM java.util.prefs.FileSystemPreferences syncWorld
2025-02-16 16:30:12,251 [ERROR] LogOutputStream:75 - [STDERR_REDIRECT] WARNING: Couldn't flush system prefs: java.util.prefs.BackingStoreException: Couldn't get file lock.
2025-02-16 16:30:12,251 [ERROR] LogOutputStream:75 - [STDERR_REDIRECT] 
2025-02-16 16:30:42,251 [ERROR] LogOutputStream:75 - [STDERR_REDIRECT] Feb 16, 2025 4:30:42 PM java.util.prefs.FileSystemPreferences checkLockFile0ErrorCode
2025-02-16 16:30:42,251 [ERROR] LogOutputStream:75 - [STDERR_REDIRECT] WARNING: Could not lock System prefs. Unix error code 2.
2025-02-16 16:30:42,251 [ERROR] LogOutputStream:75 - [STDERR_REDIRECT] 
2025-02-16 16:30:42,251 [ERROR] LogOutputStream:75 - [STDERR_REDIRECT] Feb 16, 2025 4:30:42 PM java.util.prefs.FileSystemPreferences syncWorld
2025-02-16 16:30:42,251 [ERROR] LogOutputStream:75 - [STDERR_REDIRECT] WARNING: Couldn't flush system prefs: java.util.prefs.BackingStoreException: Couldn't get file lock.
2025-02-16 16:30:42,251 [ERROR] LogOutputStream:75 - [STDERR_REDIRECT] 
2025-02-16 16:31:12,251 [ERROR] LogOutputStream:75 - [STDERR_REDIRECT] Feb 16, 2025 4:31:12 PM java.util.prefs.FileSystemPreferences checkLockFile0ErrorCode
2025-02-16 16:31:12,252 [ERROR] LogOutputStream:75 - [STDERR_REDIRECT] WARNING: Could not lock System prefs. Unix error code 2.
2025-02-16 16:31:12,252 [ERROR] LogOutputStream:75 - [STDERR_REDIRECT] 
2025-02-16 16:31:12,252 [ERROR] LogOutputStream:75 - [STDERR_REDIRECT] Feb 16, 2025 4:31:12 PM java.util.prefs.FileSystemPreferences syncWorld
2025-02-16 16:31:12,252 [ERROR] LogOutputStream:75 - [STDERR_REDIRECT] WARNING: Couldn't flush system prefs: java.util.prefs.BackingStoreException: Couldn't get file lock.
2025-02-16 16:31:12,252 [ERROR] LogOutputStream:75 - [STDERR_REDIRECT] 
2025-02-16 16:31:42,251 [ERROR] LogOutputStream:75 - [STDERR_REDIRECT] Feb 16, 2025 4:31:42 PM java.util.prefs.FileSystemPreferences checkLockFile0ErrorCode
2025-02-16 16:31:42,251 [ERROR] LogOutputStream:75 - [STDERR_REDIRECT] WARNING: Could not lock System prefs. Unix error code 2.
2025-02-16 16:31:42,251 [ERROR] LogOutputStream:75 - [STDERR_REDIRECT] 
2025-02-16 16:31:42,251 [ERROR] LogOutputStream:75 - [STDERR_REDIRECT] Feb 16, 2025 4:31:42 PM java.util.prefs.FileSystemPreferences syncWorld
2025-02-16 16:31:42,251 [ERROR] LogOutputStream:75 - [STDERR_REDIRECT] WARNING: Couldn't flush system prefs: java.util.prefs.BackingStoreException: Couldn't get file lock.
2025-02-16 16:31:42,251 [ERROR] LogOutputStream:75 - [STDERR_REDIRECT] 
2025-02-16 16:32:12,251 [ERROR] LogOutputStream:75 - [STDERR_REDIRECT] Feb 16, 2025 4:32:12 PM java.util.prefs.FileSystemPreferences checkLockFile0ErrorCode
2025-02-16 16:32:12,252 [ERROR] LogOutputStream:75 - [STDERR_REDIRECT] WARNING: Could not lock System prefs. Unix error code 2.
2025-02-16 16:32:12,252 [ERROR] LogOutputStream:75 - [STDERR_REDIRECT] 
2025-02-16 16:32:12,252 [ERROR] LogOutputStream:75 - [STDERR_REDIRECT] Feb 16, 2025 4:32:12 PM java.util.prefs.FileSystemPreferences syncWorld
2025-02-16 16:32:12,252 [ERROR] LogOutputStream:75 - [STDERR_REDIRECT] WARNING: Couldn't flush system prefs: java.util.prefs.BackingStoreException: Couldn't get file lock.
2025-02-16 16:32:12,252 [ERROR] LogOutputStream:75 - [STDERR_REDIRECT] 
2025-02-16 16:32:42,252 [ERROR] LogOutputStream:75 - [STDERR_REDIRECT] Feb 16, 2025 4:32:42 PM java.util.prefs.FileSystemPreferences checkLockFile0ErrorCode
2025-02-16 16:32:42,252 [ERROR] LogOutputStream:75 - [STDERR_REDIRECT] WARNING: Could not lock System prefs. Unix error code 2.
2025-02-16 16:32:42,258 [ERROR] LogOutputStream:75 - [STDERR_REDIRECT] 
2025-02-16 16:32:42,259 [ERROR] LogOutputStream:75 - [STDERR_REDIRECT] Feb 16, 2025 4:32:42 PM java.util.prefs.FileSystemPreferences syncWorld
2025-02-16 16:32:42,259 [ERROR] LogOutputStream:75 - [STDERR_REDIRECT] WARNING: Couldn't flush system prefs: java.util.prefs.BackingStoreException: Couldn't get file lock.
2025-02-16 16:32:42,259 [ERROR] LogOutputStream:75 - [STDERR_REDIRECT] 
2025-02-16 16:33:12,252 [ERROR] LogOutputStream:75 - [STDERR_REDIRECT] Feb 16, 2025 4:33:12 PM java.util.prefs.FileSystemPreferences checkLockFile0ErrorCode
2025-02-16 16:33:12,252 [ERROR] LogOutputStream:75 - [STDERR_REDIRECT] WARNING: Could not lock System prefs. Unix error code 2.
2025-02-16 16:33:12,252 [ERROR] LogOutputStream:75 - [STDERR_REDIRECT] 
2025-02-16 16:33:12,252 [ERROR] LogOutputStream:75 - [STDERR_REDIRECT] Feb 16, 2025 4:33:12 PM java.util.prefs.FileSystemPreferences syncWorld
2025-02-16 16:33:12,252 [ERROR] LogOutputStream:75 - [STDERR_REDIRECT] WARNING: Couldn't flush system prefs: java.util.prefs.BackingStoreException: Couldn't get file lock.
2025-02-16 16:33:12,252 [ERROR] LogOutputStream:75 - [STDERR_REDIRECT] 
2025-02-16 16:33:42,252 [ERROR] LogOutputStream:75 - [STDERR_REDIRECT] Feb 16, 2025 4:33:42 PM java.util.prefs.FileSystemPreferences checkLockFile0ErrorCode
2025-02-16 16:33:42,252 [ERROR] LogOutputStream:75 - [STDERR_REDIRECT] WARNING: Could not lock System prefs. Unix error code 2.
2025-02-16 16:33:42,252 [ERROR] LogOutputStream:75 - [STDERR_REDIRECT] 
2025-02-16 16:33:42,253 [ERROR] LogOutputStream:75 - [STDERR_REDIRECT] Feb 16, 2025 4:33:42 PM java.util.prefs.FileSystemPreferences syncWorld
2025-02-16 16:33:42,253 [ERROR] LogOutputStream:75 - [STDERR_REDIRECT] WARNING: Couldn't flush system prefs: java.util.prefs.BackingStoreException: Couldn't get file lock.
2025-02-16 16:33:42,253 [ERROR] LogOutputStream:75 - [STDERR_REDIRECT] 
2025-02-16 16:34:12,252 [ERROR] LogOutputStream:75 - [STDERR_REDIRECT] Feb 16, 2025 4:34:12 PM java.util.prefs.FileSystemPreferences checkLockFile0ErrorCode
2025-02-16 16:34:12,252 [ERROR] LogOutputStream:75 - [STDERR_REDIRECT] WARNING: Could not lock System prefs. Unix error code 2.
2025-02-16 16:34:12,252 [ERROR] LogOutputStream:75 - [STDERR_REDIRECT] 
2025-02-16 16:34:12,252 [ERROR] LogOutputStream:75 - [STDERR_REDIRECT] Feb 16, 2025 4:34:12 PM java.util.prefs.FileSystemPreferences syncWorld
2025-02-16 16:34:12,252 [ERROR] LogOutputStream:75 - [STDERR_REDIRECT] WARNING: Couldn't flush system prefs: java.util.prefs.BackingStoreException: Couldn't get file lock.
2025-02-16 16:34:12,252 [ERROR] LogOutputStream:75 - [STDERR_REDIRECT] 
2025-02-16 16:34:42,252 [ERROR] LogOutputStream:75 - [STDERR_REDIRECT] Feb 16, 2025 4:34:42 PM java.util.prefs.FileSystemPreferences checkLockFile0ErrorCode
2025-02-16 16:34:42,252 [ERROR] LogOutputStream:75 - [STDERR_REDIRECT] WARNING: Could not lock System prefs. Unix error code 2.
2025-02-16 16:34:42,253 [ERROR] LogOutputStream:75 - [STDERR_REDIRECT] 
2025-02-16 16:34:42,253 [ERROR] LogOutputStream:75 - [STDERR_REDIRECT] Feb 16, 2025 4:34:42 PM java.util.prefs.FileSystemPreferences syncWorld
2025-02-16 16:34:42,253 [ERROR] LogOutputStream:75 - [STDERR_REDIRECT] WARNING: Couldn't flush system prefs: java.util.prefs.BackingStoreException: Couldn't get file lock.
2025-02-16 16:34:42,253 [ERROR] LogOutputStream:75 - [STDERR_REDIRECT] 
2025-02-16 16:35:12,252 [ERROR] LogOutputStream:75 - [STDERR_REDIRECT] Feb 16, 2025 4:35:12 PM java.util.prefs.FileSystemPreferences checkLockFile0ErrorCode
2025-02-16 16:35:12,252 [ERROR] LogOutputStream:75 - [STDERR_REDIRECT] WARNING: Could not lock System prefs. Unix error code 2.
2025-02-16 16:35:12,259 [ERROR] LogOutputStream:75 - [STDERR_REDIRECT] 
2025-02-16 16:35:12,259 [ERROR] LogOutputStream:75 - [STDERR_REDIRECT] Feb 16, 2025 4:35:12 PM java.util.prefs.FileSystemPreferences syncWorld
2025-02-16 16:35:12,259 [ERROR] LogOutputStream:75 - [STDERR_REDIRECT] WARNING: Couldn't flush system prefs: java.util.prefs.BackingStoreException: Couldn't get file lock.
2025-02-16 16:35:12,259 [ERROR] LogOutputStream:75 - [STDERR_REDIRECT] 
2025-02-16 16:35:42,252 [ERROR] LogOutputStream:75 - [STDERR_REDIRECT] Feb 16, 2025 4:35:42 PM java.util.prefs.FileSystemPreferences checkLockFile0ErrorCode
2025-02-16 16:35:42,252 [ERROR] LogOutputStream:75 - [STDERR_REDIRECT] WARNING: Could not lock System prefs. Unix error code 2.
2025-02-16 16:35:42,252 [ERROR] LogOutputStream:75 - [STDERR_REDIRECT] 
2025-02-16 16:35:42,252 [ERROR] LogOutputStream:75 - [STDERR_REDIRECT] Feb 16, 2025 4:35:42 PM java.util.prefs.FileSystemPreferences syncWorld
2025-02-16 16:35:42,252 [ERROR] LogOutputStream:75 - [STDERR_REDIRECT] WARNING: Couldn't flush system prefs: java.util.prefs.BackingStoreException: Couldn't get file lock.
2025-02-16 16:35:42,252 [ERROR] LogOutputStream:75 - [STDERR_REDIRECT] 
2025-02-16 16:36:12,253 [ERROR] LogOutputStream:75 - [STDERR_REDIRECT] Feb 16, 2025 4:36:12 PM java.util.prefs.FileSystemPreferences checkLockFile0ErrorCode
2025-02-16 16:36:12,253 [ERROR] LogOutputStream:75 - [STDERR_REDIRECT] WARNING: Could not lock System prefs. Unix error code 2.
2025-02-16 16:36:12,253 [ERROR] LogOutputStream:75 - [STDERR_REDIRECT] 
2025-02-16 16:36:12,253 [ERROR] LogOutputStream:75 - [STDERR_REDIRECT] Feb 16, 2025 4:36:12 PM java.util.prefs.FileSystemPreferences syncWorld
2025-02-16 16:36:12,253 [ERROR] LogOutputStream:75 - [STDERR_REDIRECT] WARNING: Couldn't flush system prefs: java.util.prefs.BackingStoreException: Couldn't get file lock.
2025-02-16 16:36:12,253 [ERROR] LogOutputStream:75 - [STDERR_REDIRECT] 
2025-02-16 16:36:42,252 [ERROR] LogOutputStream:75 - [STDERR_REDIRECT] Feb 16, 2025 4:36:42 PM java.util.prefs.FileSystemPreferences checkLockFile0ErrorCode
2025-02-16 16:36:42,252 [ERROR] LogOutputStream:75 - [STDERR_REDIRECT] WARNING: Could not lock System prefs. Unix error code 2.
2025-02-16 16:36:42,252 [ERROR] LogOutputStream:75 - [STDERR_REDIRECT] 
2025-02-16 16:36:42,252 [ERROR] LogOutputStream:75 - [STDERR_REDIRECT] Feb 16, 2025 4:36:42 PM java.util.prefs.FileSystemPreferences syncWorld
2025-02-16 16:36:42,252 [ERROR] LogOutputStream:75 - [STDERR_REDIRECT] WARNING: Couldn't flush system prefs: java.util.prefs.BackingStoreException: Couldn't get file lock.
2025-02-16 16:36:42,252 [ERROR] LogOutputStream:75 - [STDERR_REDIRECT] 
2025-02-16 16:37:12,253 [ERROR] LogOutputStream:75 - [STDERR_REDIRECT] Feb 16, 2025 4:37:12 PM java.util.prefs.FileSystemPreferences checkLockFile0ErrorCode
2025-02-16 16:37:12,253 [ERROR] LogOutputStream:75 - [STDERR_REDIRECT] WARNING: Could not lock System prefs. Unix error code 2.
2025-02-16 16:37:12,253 [ERROR] LogOutputStream:75 - [STDERR_REDIRECT] 
2025-02-16 16:37:12,253 [ERROR] LogOutputStream:75 - [STDERR_REDIRECT] Feb 16, 2025 4:37:12 PM java.util.prefs.FileSystemPreferences syncWorld
2025-02-16 16:37:12,253 [ERROR] LogOutputStream:75 - [STDERR_REDIRECT] WARNING: Couldn't flush system prefs: java.util.prefs.BackingStoreException: Couldn't get file lock.
2025-02-16 16:37:12,253 [ERROR] LogOutputStream:75 - [STDERR_REDIRECT] 
2025-02-16 16:37:42,253 [ERROR] LogOutputStream:75 - [STDERR_REDIRECT] Feb 16, 2025 4:37:42 PM java.util.prefs.FileSystemPreferences checkLockFile0ErrorCode
2025-02-16 16:37:42,253 [ERROR] LogOutputStream:75 - [STDERR_REDIRECT] WARNING: Could not lock System prefs. Unix error code 2.
2025-02-16 16:37:42,253 [ERROR] LogOutputStream:75 - [STDERR_REDIRECT] 
2025-02-16 16:37:42,254 [ERROR] LogOutputStream:75 - [STDERR_REDIRECT] Feb 16, 2025 4:37:42 PM java.util.prefs.FileSystemPreferences syncWorld
2025-02-16 16:37:42,254 [ERROR] LogOutputStream:75 - [STDERR_REDIRECT] WARNING: Couldn't flush system prefs: java.util.prefs.BackingStoreException: Couldn't get file lock.
2025-02-16 16:37:42,254 [ERROR] LogOutputStream:75 - [STDERR_REDIRECT] 
2025-02-16 16:38:12,253 [ERROR] LogOutputStream:75 - [STDERR_REDIRECT] Feb 16, 2025 4:38:12 PM java.util.prefs.FileSystemPreferences checkLockFile0ErrorCode
2025-02-16 16:38:12,253 [ERROR] LogOutputStream:75 - [STDERR_REDIRECT] WARNING: Could not lock System prefs. Unix error code 2.
2025-02-16 16:38:12,253 [ERROR] LogOutputStream:75 - [STDERR_REDIRECT] 
2025-02-16 16:38:12,253 [ERROR] LogOutputStream:75 - [STDERR_REDIRECT] Feb 16, 2025 4:38:12 PM java.util.prefs.FileSystemPreferences syncWorld
2025-02-16 16:38:12,253 [ERROR] LogOutputStream:75 - [STDERR_REDIRECT] WARNING: Couldn't flush system prefs: java.util.prefs.BackingStoreException: Couldn't get file lock.
2025-02-16 16:38:12,253 [ERROR] LogOutputStream:75 - [STDERR_REDIRECT] 
2025-02-16 16:38:42,253 [ERROR] LogOutputStream:75 - [STDERR_REDIRECT] Feb 16, 2025 4:38:42 PM java.util.prefs.FileSystemPreferences checkLockFile0ErrorCode
2025-02-16 16:38:42,253 [ERROR] LogOutputStream:75 - [STDERR_REDIRECT] WARNING: Could not lock System prefs. Unix error code 2.
2025-02-16 16:38:42,253 [ERROR] LogOutputStream:75 - [STDERR_REDIRECT] 
2025-02-16 16:38:42,253 [ERROR] LogOutputStream:75 - [STDERR_REDIRECT] Feb 16, 2025 4:38:42 PM java.util.prefs.FileSystemPreferences syncWorld
2025-02-16 16:38:42,254 [ERROR] LogOutputStream:75 - [STDERR_REDIRECT] WARNING: Couldn't flush system prefs: java.util.prefs.BackingStoreException: Couldn't get file lock.
2025-02-16 16:38:42,254 [ERROR] LogOutputStream:75 - [STDERR_REDIRECT] 
2025-02-16 16:39:12,253 [ERROR] LogOutputStream:75 - [STDERR_REDIRECT] Feb 16, 2025 4:39:12 PM java.util.prefs.FileSystemPreferences checkLockFile0ErrorCode
2025-02-16 16:39:12,253 [ERROR] LogOutputStream:75 - [STDERR_REDIRECT] WARNING: Could not lock System prefs. Unix error code 2.
2025-02-16 16:39:12,253 [ERROR] LogOutputStream:75 - [STDERR_REDIRECT] 
2025-02-16 16:39:12,253 [ERROR] LogOutputStream:75 - [STDERR_REDIRECT] Feb 16, 2025 4:39:12 PM java.util.prefs.FileSystemPreferences syncWorld
2025-02-16 16:39:12,253 [ERROR] LogOutputStream:75 - [STDERR_REDIRECT] WARNING: Couldn't flush system prefs: java.util.prefs.BackingStoreException: Couldn't get file lock.
2025-02-16 16:39:12,253 [ERROR] LogOutputStream:75 - [STDERR_REDIRECT] 
2025-02-16 16:39:42,253 [ERROR] LogOutputStream:75 - [STDERR_REDIRECT] Feb 16, 2025 4:39:42 PM java.util.prefs.FileSystemPreferences checkLockFile0ErrorCode
2025-02-16 16:39:42,253 [ERROR] LogOutputStream:75 - [STDERR_REDIRECT] WARNING: Could not lock System prefs. Unix error code 2.
2025-02-16 16:39:42,253 [ERROR] LogOutputStream:75 - [STDERR_REDIRECT] 
2025-02-16 16:39:42,253 [ERROR] LogOutputStream:75 - [STDERR_REDIRECT] Feb 16, 2025 4:39:42 PM java.util.prefs.FileSystemPreferences syncWorld
2025-02-16 16:39:42,253 [ERROR] LogOutputStream:75 - [STDERR_REDIRECT] WARNING: Couldn't flush system prefs: java.util.prefs.BackingStoreException: Couldn't get file lock.
2025-02-16 16:39:42,253 [ERROR] LogOutputStream:75 - [STDERR_REDIRECT] 
2025-02-16 16:40:12,253 [ERROR] LogOutputStream:75 - [STDERR_REDIRECT] Feb 16, 2025 4:40:12 PM java.util.prefs.FileSystemPreferences checkLockFile0ErrorCode
2025-02-16 16:40:12,254 [ERROR] LogOutputStream:75 - [STDERR_REDIRECT] WARNING: Could not lock System prefs. Unix error code 2.
2025-02-16 16:40:12,254 [ERROR] LogOutputStream:75 - [STDERR_REDIRECT] 
2025-02-16 16:40:12,254 [ERROR] LogOutputStream:75 - [STDERR_REDIRECT] Feb 16, 2025 4:40:12 PM java.util.prefs.FileSystemPreferences syncWorld
2025-02-16 16:40:12,254 [ERROR] LogOutputStream:75 - [STDERR_REDIRECT] WARNING: Couldn't flush system prefs: java.util.prefs.BackingStoreException: Couldn't get file lock.
2025-02-16 16:40:12,254 [ERROR] LogOutputStream:75 - [STDERR_REDIRECT] 
2025-02-16 16:40:42,253 [ERROR] LogOutputStream:75 - [STDERR_REDIRECT] Feb 16, 2025 4:40:42 PM java.util.prefs.FileSystemPreferences checkLockFile0ErrorCode
2025-02-16 16:40:42,253 [ERROR] LogOutputStream:75 - [STDERR_REDIRECT] WARNING: Could not lock System prefs. Unix error code 2.
2025-02-16 16:40:42,253 [ERROR] LogOutputStream:75 - [STDERR_REDIRECT] 
2025-02-16 16:40:42,253 [ERROR] LogOutputStream:75 - [STDERR_REDIRECT] Feb 16, 2025 4:40:42 PM java.util.prefs.FileSystemPreferences syncWorld
2025-02-16 16:40:42,253 [ERROR] LogOutputStream:75 - [STDERR_REDIRECT] WARNING: Couldn't flush system prefs: java.util.prefs.BackingStoreException: Couldn't get file lock.
2025-02-16 16:40:42,253 [ERROR] LogOutputStream:75 - [STDERR_REDIRECT] 
2025-02-16 16:41:12,253 [ERROR] LogOutputStream:75 - [STDERR_REDIRECT] Feb 16, 2025 4:41:12 PM java.util.prefs.FileSystemPreferences checkLockFile0ErrorCode
2025-02-16 16:41:12,253 [ERROR] LogOutputStream:75 - [STDERR_REDIRECT] WARNING: Could not lock System prefs. Unix error code 2.
2025-02-16 16:41:12,254 [ERROR] LogOutputStream:75 - [STDERR_REDIRECT] 
2025-02-16 16:41:12,254 [ERROR] LogOutputStream:75 - [STDERR_REDIRECT] Feb 16, 2025 4:41:12 PM java.util.prefs.FileSystemPreferences syncWorld
2025-02-16 16:41:12,254 [ERROR] LogOutputStream:75 - [STDERR_REDIRECT] WARNING: Couldn't flush system prefs: java.util.prefs.BackingStoreException: Couldn't get file lock.
2025-02-16 16:41:12,254 [ERROR] LogOutputStream:75 - [STDERR_REDIRECT] 
2025-02-16 16:41:42,253 [ERROR] LogOutputStream:75 - [STDERR_REDIRECT] Feb 16, 2025 4:41:42 PM java.util.prefs.FileSystemPreferences checkLockFile0ErrorCode
2025-02-16 16:41:42,253 [ERROR] LogOutputStream:75 - [STDERR_REDIRECT] WARNING: Could not lock System prefs. Unix error code 2.
2025-02-16 16:41:42,253 [ERROR] LogOutputStream:75 - [STDERR_REDIRECT] 
2025-02-16 16:41:42,253 [ERROR] LogOutputStream:75 - [STDERR_REDIRECT] Feb 16, 2025 4:41:42 PM java.util.prefs.FileSystemPreferences syncWorld
2025-02-16 16:41:42,253 [ERROR] LogOutputStream:75 - [STDERR_REDIRECT] WARNING: Couldn't flush system prefs: java.util.prefs.BackingStoreException: Couldn't get file lock.
2025-02-16 16:41:42,253 [ERROR] LogOutputStream:75 - [STDERR_REDIRECT] 
2025-02-16 16:42:12,253 [ERROR] LogOutputStream:75 - [STDERR_REDIRECT] Feb 16, 2025 4:42:12 PM java.util.prefs.FileSystemPreferences checkLockFile0ErrorCode
2025-02-16 16:42:12,253 [ERROR] LogOutputStream:75 - [STDERR_REDIRECT] WARNING: Could not lock System prefs. Unix error code 2.
2025-02-16 16:42:12,253 [ERROR] LogOutputStream:75 - [STDERR_REDIRECT] 
2025-02-16 16:42:12,254 [ERROR] LogOutputStream:75 - [STDERR_REDIRECT] Feb 16, 2025 4:42:12 PM java.util.prefs.FileSystemPreferences syncWorld
2025-02-16 16:42:12,254 [ERROR] LogOutputStream:75 - [STDERR_REDIRECT] WARNING: Couldn't flush system prefs: java.util.prefs.BackingStoreException: Couldn't get file lock.
2025-02-16 16:42:12,254 [ERROR] LogOutputStream:75 - [STDERR_REDIRECT] 
2025-02-16 16:42:42,253 [ERROR] LogOutputStream:75 - [STDERR_REDIRECT] Feb 16, 2025 4:42:42 PM java.util.prefs.FileSystemPreferences checkLockFile0ErrorCode
2025-02-16 16:42:42,253 [ERROR] LogOutputStream:75 - [STDERR_REDIRECT] WARNING: Could not lock System prefs. Unix error code 2.
2025-02-16 16:42:42,253 [ERROR] LogOutputStream:75 - [STDERR_REDIRECT] 
2025-02-16 16:42:42,253 [ERROR] LogOutputStream:75 - [STDERR_REDIRECT] Feb 16, 2025 4:42:42 PM java.util.prefs.FileSystemPreferences syncWorld
2025-02-16 16:42:42,253 [ERROR] LogOutputStream:75 - [STDERR_REDIRECT] WARNING: Couldn't flush system prefs: java.util.prefs.BackingStoreException: Couldn't get file lock.
2025-02-16 16:42:42,253 [ERROR] LogOutputStream:75 - [STDERR_REDIRECT] 
2025-02-16 16:43:12,254 [ERROR] LogOutputStream:75 - [STDERR_REDIRECT] Feb 16, 2025 4:43:12 PM java.util.prefs.FileSystemPreferences checkLockFile0ErrorCode
2025-02-16 16:43:12,254 [ERROR] LogOutputStream:75 - [STDERR_REDIRECT] WARNING: Could not lock System prefs. Unix error code 2.
2025-02-16 16:43:12,254 [ERROR] LogOutputStream:75 - [STDERR_REDIRECT] 
2025-02-16 16:43:12,254 [ERROR] LogOutputStream:75 - [STDERR_REDIRECT] Feb 16, 2025 4:43:12 PM java.util.prefs.FileSystemPreferences syncWorld
2025-02-16 16:43:12,254 [ERROR] LogOutputStream:75 - [STDERR_REDIRECT] WARNING: Couldn't flush system prefs: java.util.prefs.BackingStoreException: Couldn't get file lock.
2025-02-16 16:43:12,254 [ERROR] LogOutputStream:75 - [STDERR_REDIRECT] 
2025-02-16 16:43:42,253 [ERROR] LogOutputStream:75 - [STDERR_REDIRECT] Feb 16, 2025 4:43:42 PM java.util.prefs.FileSystemPreferences checkLockFile0ErrorCode
2025-02-16 16:43:42,253 [ERROR] LogOutputStream:75 - [STDERR_REDIRECT] WARNING: Could not lock System prefs. Unix error code 2.
2025-02-16 16:43:42,253 [ERROR] LogOutputStream:75 - [STDERR_REDIRECT] 
2025-02-16 16:43:42,253 [ERROR] LogOutputStream:75 - [STDERR_REDIRECT] Feb 16, 2025 4:43:42 PM java.util.prefs.FileSystemPreferences syncWorld
2025-02-16 16:43:42,254 [ERROR] LogOutputStream:75 - [STDERR_REDIRECT] WARNING: Couldn't flush system prefs: java.util.prefs.BackingStoreException: Couldn't get file lock.
2025-02-16 16:43:42,254 [ERROR] LogOutputStream:75 - [STDERR_REDIRECT] 
2025-02-16 16:44:12,253 [ERROR] LogOutputStream:75 - [STDERR_REDIRECT] Feb 16, 2025 4:44:12 PM java.util.prefs.FileSystemPreferences checkLockFile0ErrorCode
2025-02-16 16:44:12,253 [ERROR] LogOutputStream:75 - [STDERR_REDIRECT] WARNING: Could not lock System prefs. Unix error code 2.
2025-02-16 16:44:12,253 [ERROR] LogOutputStream:75 - [STDERR_REDIRECT] 
2025-02-16 16:44:12,253 [ERROR] LogOutputStream:75 - [STDERR_REDIRECT] Feb 16, 2025 4:44:12 PM java.util.prefs.FileSystemPreferences syncWorld
2025-02-16 16:44:12,253 [ERROR] LogOutputStream:75 - [STDERR_REDIRECT] WARNING: Couldn't flush system prefs: java.util.prefs.BackingStoreException: Couldn't get file lock.
2025-02-16 16:44:12,253 [ERROR] LogOutputStream:75 - [STDERR_REDIRECT] 
2025-02-16 16:44:42,253 [ERROR] LogOutputStream:75 - [STDERR_REDIRECT] Feb 16, 2025 4:44:42 PM java.util.prefs.FileSystemPreferences checkLockFile0ErrorCode
2025-02-16 16:44:42,253 [ERROR] LogOutputStream:75 - [STDERR_REDIRECT] WARNING: Could not lock System prefs. Unix error code 2.
2025-02-16 16:44:42,253 [ERROR] LogOutputStream:75 - [STDERR_REDIRECT] 
2025-02-16 16:44:42,254 [ERROR] LogOutputStream:75 - [STDERR_REDIRECT] Feb 16, 2025 4:44:42 PM java.util.prefs.FileSystemPreferences syncWorld
2025-02-16 16:44:42,254 [ERROR] LogOutputStream:75 - [STDERR_REDIRECT] WARNING: Couldn't flush system prefs: java.util.prefs.BackingStoreException: Couldn't get file lock.
2025-02-16 16:44:42,254 [ERROR] LogOutputStream:75 - [STDERR_REDIRECT] 
2025-02-16 16:45:12,253 [ERROR] LogOutputStream:75 - [STDERR_REDIRECT] Feb 16, 2025 4:45:12 PM java.util.prefs.FileSystemPreferences checkLockFile0ErrorCode
2025-02-16 16:45:12,253 [ERROR] LogOutputStream:75 - [STDERR_REDIRECT] WARNING: Could not lock System prefs. Unix error code 2.
2025-02-16 16:45:12,253 [ERROR] LogOutputStream:75 - [STDERR_REDIRECT] 
2025-02-16 16:45:12,253 [ERROR] LogOutputStream:75 - [STDERR_REDIRECT] Feb 16, 2025 4:45:12 PM java.util.prefs.FileSystemPreferences syncWorld
2025-02-16 16:45:12,253 [ERROR] LogOutputStream:75 - [STDERR_REDIRECT] WARNING: Couldn't flush system prefs: java.util.prefs.BackingStoreException: Couldn't get file lock.
2025-02-16 16:45:12,254 [ERROR] LogOutputStream:75 - [STDERR_REDIRECT] 
2025-02-16 16:45:42,253 [ERROR] LogOutputStream:75 - [STDERR_REDIRECT] Feb 16, 2025 4:45:42 PM java.util.prefs.FileSystemPreferences checkLockFile0ErrorCode
2025-02-16 16:45:42,253 [ERROR] LogOutputStream:75 - [STDERR_REDIRECT] WARNING: Could not lock System prefs. Unix error code 2.
2025-02-16 16:45:42,253 [ERROR] LogOutputStream:75 - [STDERR_REDIRECT] 
2025-02-16 16:45:42,253 [ERROR] LogOutputStream:75 - [STDERR_REDIRECT] Feb 16, 2025 4:45:42 PM java.util.prefs.FileSystemPreferences syncWorld
2025-02-16 16:45:42,253 [ERROR] LogOutputStream:75 - [STDERR_REDIRECT] WARNING: Couldn't flush system prefs: java.util.prefs.BackingStoreException: Couldn't get file lock.
2025-02-16 16:45:42,253 [ERROR] LogOutputStream:75 - [STDERR_REDIRECT] 
2025-02-16 16:46:12,253 [ERROR] LogOutputStream:75 - [STDERR_REDIRECT] Feb 16, 2025 4:46:12 PM java.util.prefs.FileSystemPreferences checkLockFile0ErrorCode
2025-02-16 16:46:12,253 [ERROR] LogOutputStream:75 - [STDERR_REDIRECT] WARNING: Could not lock System prefs. Unix error code 2.
2025-02-16 16:46:12,253 [ERROR] LogOutputStream:75 - [STDERR_REDIRECT] 
2025-02-16 16:46:12,254 [ERROR] LogOutputStream:75 - [STDERR_REDIRECT] Feb 16, 2025 4:46:12 PM java.util.prefs.FileSystemPreferences syncWorld
2025-02-16 16:46:12,254 [ERROR] LogOutputStream:75 - [STDERR_REDIRECT] WARNING: Couldn't flush system prefs: java.util.prefs.BackingStoreException: Couldn't get file lock.
2025-02-16 16:46:12,254 [ERROR] LogOutputStream:75 - [STDERR_REDIRECT] 
2025-02-16 16:46:42,253 [ERROR] LogOutputStream:75 - [STDERR_REDIRECT] Feb 16, 2025 4:46:42 PM java.util.prefs.FileSystemPreferences checkLockFile0ErrorCode
2025-02-16 16:46:42,253 [ERROR] LogOutputStream:75 - [STDERR_REDIRECT] WARNING: Could not lock System prefs. Unix error code 2.
2025-02-16 16:46:42,253 [ERROR] LogOutputStream:75 - [STDERR_REDIRECT] 
2025-02-16 16:46:42,253 [ERROR] LogOutputStream:75 - [STDERR_REDIRECT] Feb 16, 2025 4:46:42 PM java.util.prefs.FileSystemPreferences syncWorld
2025-02-16 16:46:42,253 [ERROR] LogOutputStream:75 - [STDERR_REDIRECT] WARNING: Couldn't flush system prefs: java.util.prefs.BackingStoreException: Couldn't get file lock.
2025-02-16 16:46:42,253 [ERROR] LogOutputStream:75 - [STDERR_REDIRECT] 
2025-02-16 16:47:12,253 [ERROR] LogOutputStream:75 - [STDERR_REDIRECT] Feb 16, 2025 4:47:12 PM java.util.prefs.FileSystemPreferences checkLockFile0ErrorCode
2025-02-16 16:47:12,253 [ERROR] LogOutputStream:75 - [STDERR_REDIRECT] WARNING: Could not lock System prefs. Unix error code 2.
2025-02-16 16:47:12,254 [ERROR] LogOutputStream:75 - [STDERR_REDIRECT] 
2025-02-16 16:47:12,254 [ERROR] LogOutputStream:75 - [STDERR_REDIRECT] Feb 16, 2025 4:47:12 PM java.util.prefs.FileSystemPreferences syncWorld
2025-02-16 16:47:12,254 [ERROR] LogOutputStream:75 - [STDERR_REDIRECT] WARNING: Couldn't flush system prefs: java.util.prefs.BackingStoreException: Couldn't get file lock.
2025-02-16 16:47:12,254 [ERROR] LogOutputStream:75 - [STDERR_REDIRECT] 
2025-02-16 16:47:42,253 [ERROR] LogOutputStream:75 - [STDERR_REDIRECT] Feb 16, 2025 4:47:42 PM java.util.prefs.FileSystemPreferences checkLockFile0ErrorCode
2025-02-16 16:47:42,253 [ERROR] LogOutputStream:75 - [STDERR_REDIRECT] WARNING: Could not lock System prefs. Unix error code 2.
2025-02-16 16:47:42,253 [ERROR] LogOutputStream:75 - [STDERR_REDIRECT] 
2025-02-16 16:47:42,253 [ERROR] LogOutputStream:75 - [STDERR_REDIRECT] Feb 16, 2025 4:47:42 PM java.util.prefs.FileSystemPreferences syncWorld
2025-02-16 16:47:42,253 [ERROR] LogOutputStream:75 - [STDERR_REDIRECT] WARNING: Couldn't flush system prefs: java.util.prefs.BackingStoreException: Couldn't get file lock.
2025-02-16 16:47:42,253 [ERROR] LogOutputStream:75 - [STDERR_REDIRECT] 
2025-02-16 16:48:12,254 [ERROR] LogOutputStream:75 - [STDERR_REDIRECT] Feb 16, 2025 4:48:12 PM java.util.prefs.FileSystemPreferences checkLockFile0ErrorCode
2025-02-16 16:48:12,254 [ERROR] LogOutputStream:75 - [STDERR_REDIRECT] WARNING: Could not lock System prefs. Unix error code 2.
2025-02-16 16:48:12,254 [ERROR] LogOutputStream:75 - [STDERR_REDIRECT] 
2025-02-16 16:48:12,254 [ERROR] LogOutputStream:75 - [STDERR_REDIRECT] Feb 16, 2025 4:48:12 PM java.util.prefs.FileSystemPreferences syncWorld
2025-02-16 16:48:12,254 [ERROR] LogOutputStream:75 - [STDERR_REDIRECT] WARNING: Couldn't flush system prefs: java.util.prefs.BackingStoreException: Couldn't get file lock.
2025-02-16 16:48:12,254 [ERROR] LogOutputStream:75 - [STDERR_REDIRECT] 
2025-02-16 16:48:42,254 [ERROR] LogOutputStream:75 - [STDERR_REDIRECT] Feb 16, 2025 4:48:42 PM java.util.prefs.FileSystemPreferences checkLockFile0ErrorCode
2025-02-16 16:48:42,254 [ERROR] LogOutputStream:75 - [STDERR_REDIRECT] WARNING: Could not lock System prefs. Unix error code 2.
2025-02-16 16:48:42,254 [ERROR] LogOutputStream:75 - [STDERR_REDIRECT] 
2025-02-16 16:48:42,254 [ERROR] LogOutputStream:75 - [STDERR_REDIRECT] Feb 16, 2025 4:48:42 PM java.util.prefs.FileSystemPreferences syncWorld
2025-02-16 16:48:42,254 [ERROR] LogOutputStream:75 - [STDERR_REDIRECT] WARNING: Couldn't flush system prefs: java.util.prefs.BackingStoreException: Couldn't get file lock.
2025-02-16 16:48:42,254 [ERROR] LogOutputStream:75 - [STDERR_REDIRECT] 
2025-02-16 16:49:12,254 [ERROR] LogOutputStream:75 - [STDERR_REDIRECT] Feb 16, 2025 4:49:12 PM java.util.prefs.FileSystemPreferences checkLockFile0ErrorCode
2025-02-16 16:49:12,254 [ERROR] LogOutputStream:75 - [STDERR_REDIRECT] WARNING: Could not lock System prefs. Unix error code 2.
2025-02-16 16:49:12,254 [ERROR] LogOutputStream:75 - [STDERR_REDIRECT] 
2025-02-16 16:49:12,255 [ERROR] LogOutputStream:75 - [STDERR_REDIRECT] Feb 16, 2025 4:49:12 PM java.util.prefs.FileSystemPreferences syncWorld
2025-02-16 16:49:12,255 [ERROR] LogOutputStream:75 - [STDERR_REDIRECT] WARNING: Couldn't flush system prefs: java.util.prefs.BackingStoreException: Couldn't get file lock.
2025-02-16 16:49:12,255 [ERROR] LogOutputStream:75 - [STDERR_REDIRECT] 
2025-02-16 16:49:42,254 [ERROR] LogOutputStream:75 - [STDERR_REDIRECT] Feb 16, 2025 4:49:42 PM java.util.prefs.FileSystemPreferences checkLockFile0ErrorCode
2025-02-16 16:49:42,254 [ERROR] LogOutputStream:75 - [STDERR_REDIRECT] WARNING: Could not lock System prefs. Unix error code 2.
2025-02-16 16:49:42,254 [ERROR] LogOutputStream:75 - [STDERR_REDIRECT] 
2025-02-16 16:49:42,254 [ERROR] LogOutputStream:75 - [STDERR_REDIRECT] Feb 16, 2025 4:49:42 PM java.util.prefs.FileSystemPreferences syncWorld
2025-02-16 16:49:42,254 [ERROR] LogOutputStream:75 - [STDERR_REDIRECT] WARNING: Couldn't flush system prefs: java.util.prefs.BackingStoreException: Couldn't get file lock.
2025-02-16 16:49:42,254 [ERROR] LogOutputStream:75 - [STDERR_REDIRECT] 
2025-02-16 16:50:12,254 [ERROR] LogOutputStream:75 - [STDERR_REDIRECT] Feb 16, 2025 4:50:12 PM java.util.prefs.FileSystemPreferences checkLockFile0ErrorCode
2025-02-16 16:50:12,254 [ERROR] LogOutputStream:75 - [STDERR_REDIRECT] WARNING: Could not lock System prefs. Unix error code 2.
2025-02-16 16:50:12,254 [ERROR] LogOutputStream:75 - [STDERR_REDIRECT] 
2025-02-16 16:50:12,254 [ERROR] LogOutputStream:75 - [STDERR_REDIRECT] Feb 16, 2025 4:50:12 PM java.util.prefs.FileSystemPreferences syncWorld
2025-02-16 16:50:12,254 [ERROR] LogOutputStream:75 - [STDERR_REDIRECT] WARNING: Couldn't flush system prefs: java.util.prefs.BackingStoreException: Couldn't get file lock.
2025-02-16 16:50:12,255 [ERROR] LogOutputStream:75 - [STDERR_REDIRECT] 
2025-02-16 16:50:42,254 [ERROR] LogOutputStream:75 - [STDERR_REDIRECT] Feb 16, 2025 4:50:42 PM java.util.prefs.FileSystemPreferences checkLockFile0ErrorCode
2025-02-16 16:50:42,254 [ERROR] LogOutputStream:75 - [STDERR_REDIRECT] WARNING: Could not lock System prefs. Unix error code 2.
2025-02-16 16:50:42,254 [ERROR] LogOutputStream:75 - [STDERR_REDIRECT] 
2025-02-16 16:50:42,254 [ERROR] LogOutputStream:75 - [STDERR_REDIRECT] Feb 16, 2025 4:50:42 PM java.util.prefs.FileSystemPreferences syncWorld
2025-02-16 16:50:42,254 [ERROR] LogOutputStream:75 - [STDERR_REDIRECT] WARNING: Couldn't flush system prefs: java.util.prefs.BackingStoreException: Couldn't get file lock.
2025-02-16 16:50:42,254 [ERROR] LogOutputStream:75 - [STDERR_REDIRECT] 
2025-02-16 16:51:12,254 [ERROR] LogOutputStream:75 - [STDERR_REDIRECT] Feb 16, 2025 4:51:12 PM java.util.prefs.FileSystemPreferences checkLockFile0ErrorCode
2025-02-16 16:51:12,255 [ERROR] LogOutputStream:75 - [STDERR_REDIRECT] WARNING: Could not lock System prefs. Unix error code 2.
2025-02-16 16:51:12,255 [ERROR] LogOutputStream:75 - [STDERR_REDIRECT] 
2025-02-16 16:51:12,255 [ERROR] LogOutputStream:75 - [STDERR_REDIRECT] Feb 16, 2025 4:51:12 PM java.util.prefs.FileSystemPreferences syncWorld
2025-02-16 16:51:12,255 [ERROR] LogOutputStream:75 - [STDERR_REDIRECT] WARNING: Couldn't flush system prefs: java.util.prefs.BackingStoreException: Couldn't get file lock.
2025-02-16 16:51:12,255 [ERROR] LogOutputStream:75 - [STDERR_REDIRECT] 
2025-02-16 16:51:42,254 [ERROR] LogOutputStream:75 - [STDERR_REDIRECT] Feb 16, 2025 4:51:42 PM java.util.prefs.FileSystemPreferences checkLockFile0ErrorCode
2025-02-16 16:51:42,254 [ERROR] LogOutputStream:75 - [STDERR_REDIRECT] WARNING: Could not lock System prefs. Unix error code 2.
2025-02-16 16:51:42,254 [ERROR] LogOutputStream:75 - [STDERR_REDIRECT] 
2025-02-16 16:51:42,254 [ERROR] LogOutputStream:75 - [STDERR_REDIRECT] Feb 16, 2025 4:51:42 PM java.util.prefs.FileSystemPreferences syncWorld
2025-02-16 16:51:42,254 [ERROR] LogOutputStream:75 - [STDERR_REDIRECT] WARNING: Couldn't flush system prefs: java.util.prefs.BackingStoreException: Couldn't get file lock.
2025-02-16 16:51:42,254 [ERROR] LogOutputStream:75 - [STDERR_REDIRECT] 
2025-02-16 16:52:12,254 [ERROR] LogOutputStream:75 - [STDERR_REDIRECT] Feb 16, 2025 4:52:12 PM java.util.prefs.FileSystemPreferences checkLockFile0ErrorCode
2025-02-16 16:52:12,255 [ERROR] LogOutputStream:75 - [STDERR_REDIRECT] WARNING: Could not lock System prefs. Unix error code 2.
2025-02-16 16:52:12,255 [ERROR] LogOutputStream:75 - [STDERR_REDIRECT] 
2025-02-16 16:52:12,255 [ERROR] LogOutputStream:75 - [STDERR_REDIRECT] Feb 16, 2025 4:52:12 PM java.util.prefs.FileSystemPreferences syncWorld
2025-02-16 16:52:12,255 [ERROR] LogOutputStream:75 - [STDERR_REDIRECT] WARNING: Couldn't flush system prefs: java.util.prefs.BackingStoreException: Couldn't get file lock.
2025-02-16 16:52:12,255 [ERROR] LogOutputStream:75 - [STDERR_REDIRECT] 
2025-02-16 16:52:42,255 [ERROR] LogOutputStream:75 - [STDERR_REDIRECT] Feb 16, 2025 4:52:42 PM java.util.prefs.FileSystemPreferences checkLockFile0ErrorCode
2025-02-16 16:52:42,255 [ERROR] LogOutputStream:75 - [STDERR_REDIRECT] WARNING: Could not lock System prefs. Unix error code 2.
2025-02-16 16:52:42,255 [ERROR] LogOutputStream:75 - [STDERR_REDIRECT] 
2025-02-16 16:52:42,255 [ERROR] LogOutputStream:75 - [STDERR_REDIRECT] Feb 16, 2025 4:52:42 PM java.util.prefs.FileSystemPreferences syncWorld
2025-02-16 16:52:42,255 [ERROR] LogOutputStream:75 - [STDERR_REDIRECT] WARNING: Couldn't flush system prefs: java.util.prefs.BackingStoreException: Couldn't get file lock.
2025-02-16 16:52:42,255 [ERROR] LogOutputStream:75 - [STDERR_REDIRECT] 
2025-02-16 16:53:12,256 [ERROR] LogOutputStream:75 - [STDERR_REDIRECT] Feb 16, 2025 4:53:12 PM java.util.prefs.FileSystemPreferences checkLockFile0ErrorCode
2025-02-16 16:53:12,256 [ERROR] LogOutputStream:75 - [STDERR_REDIRECT] WARNING: Could not lock System prefs. Unix error code 2.
2025-02-16 16:53:12,256 [ERROR] LogOutputStream:75 - [STDERR_REDIRECT] 
2025-02-16 16:53:12,256 [ERROR] LogOutputStream:75 - [STDERR_REDIRECT] Feb 16, 2025 4:53:12 PM java.util.prefs.FileSystemPreferences syncWorld
2025-02-16 16:53:12,256 [ERROR] LogOutputStream:75 - [STDERR_REDIRECT] WARNING: Couldn't flush system prefs: java.util.prefs.BackingStoreException: Couldn't get file lock.
2025-02-16 16:53:12,256 [ERROR] LogOutputStream:75 - [STDERR_REDIRECT] 
2025-02-16 16:53:42,255 [ERROR] LogOutputStream:75 - [STDERR_REDIRECT] Feb 16, 2025 4:53:42 PM java.util.prefs.FileSystemPreferences checkLockFile0ErrorCode
2025-02-16 16:53:42,255 [ERROR] LogOutputStream:75 - [STDERR_REDIRECT] WARNING: Could not lock System prefs. Unix error code 2.
2025-02-16 16:53:42,255 [ERROR] LogOutputStream:75 - [STDERR_REDIRECT] 
2025-02-16 16:53:42,256 [ERROR] LogOutputStream:75 - [STDERR_REDIRECT] Feb 16, 2025 4:53:42 PM java.util.prefs.FileSystemPreferences syncWorld
2025-02-16 16:53:42,256 [ERROR] LogOutputStream:75 - [STDERR_REDIRECT] WARNING: Couldn't flush system prefs: java.util.prefs.BackingStoreException: Couldn't get file lock.
2025-02-16 16:53:42,256 [ERROR] LogOutputStream:75 - [STDERR_REDIRECT] 
2025-02-16 16:54:12,255 [ERROR] LogOutputStream:75 - [STDERR_REDIRECT] Feb 16, 2025 4:54:12 PM java.util.prefs.FileSystemPreferences checkLockFile0ErrorCode
2025-02-16 16:54:12,255 [ERROR] LogOutputStream:75 - [STDERR_REDIRECT] WARNING: Could not lock System prefs. Unix error code 2.
2025-02-16 16:54:12,255 [ERROR] LogOutputStream:75 - [STDERR_REDIRECT] 
2025-02-16 16:54:12,255 [ERROR] LogOutputStream:75 - [STDERR_REDIRECT] Feb 16, 2025 4:54:12 PM java.util.prefs.FileSystemPreferences syncWorld
2025-02-16 16:54:12,255 [ERROR] LogOutputStream:75 - [STDERR_REDIRECT] WARNING: Couldn't flush system prefs: java.util.prefs.BackingStoreException: Couldn't get file lock.
2025-02-16 16:54:12,255 [ERROR] LogOutputStream:75 - [STDERR_REDIRECT] 
2025-02-16 16:54:42,255 [ERROR] LogOutputStream:75 - [STDERR_REDIRECT] Feb 16, 2025 4:54:42 PM java.util.prefs.FileSystemPreferences checkLockFile0ErrorCode
2025-02-16 16:54:42,255 [ERROR] LogOutputStream:75 - [STDERR_REDIRECT] WARNING: Could not lock System prefs. Unix error code 2.
2025-02-16 16:54:42,255 [ERROR] LogOutputStream:75 - [STDERR_REDIRECT] 
2025-02-16 16:54:42,255 [ERROR] LogOutputStream:75 - [STDERR_REDIRECT] Feb 16, 2025 4:54:42 PM java.util.prefs.FileSystemPreferences syncWorld
2025-02-16 16:54:42,255 [ERROR] LogOutputStream:75 - [STDERR_REDIRECT] WARNING: Couldn't flush system prefs: java.util.prefs.BackingStoreException: Couldn't get file lock.
2025-02-16 16:54:42,255 [ERROR] LogOutputStream:75 - [STDERR_REDIRECT] 
2025-02-16 16:55:12,255 [ERROR] LogOutputStream:75 - [STDERR_REDIRECT] Feb 16, 2025 4:55:12 PM java.util.prefs.FileSystemPreferences checkLockFile0ErrorCode
2025-02-16 16:55:12,255 [ERROR] LogOutputStream:75 - [STDERR_REDIRECT] WARNING: Could not lock System prefs. Unix error code 2.
2025-02-16 16:55:12,255 [ERROR] LogOutputStream:75 - [STDERR_REDIRECT] 
2025-02-16 16:55:12,255 [ERROR] LogOutputStream:75 - [STDERR_REDIRECT] Feb 16, 2025 4:55:12 PM java.util.prefs.FileSystemPreferences syncWorld
2025-02-16 16:55:12,255 [ERROR] LogOutputStream:75 - [STDERR_REDIRECT] WARNING: Couldn't flush system prefs: java.util.prefs.BackingStoreException: Couldn't get file lock.
2025-02-16 16:55:12,256 [ERROR] LogOutputStream:75 - [STDERR_REDIRECT] 
2025-02-16 16:55:42,255 [ERROR] LogOutputStream:75 - [STDERR_REDIRECT] Feb 16, 2025 4:55:42 PM java.util.prefs.FileSystemPreferences checkLockFile0ErrorCode
2025-02-16 16:55:42,255 [ERROR] LogOutputStream:75 - [STDERR_REDIRECT] WARNING: Could not lock System prefs. Unix error code 2.
2025-02-16 16:55:42,255 [ERROR] LogOutputStream:75 - [STDERR_REDIRECT] 
2025-02-16 16:55:42,255 [ERROR] LogOutputStream:75 - [STDERR_REDIRECT] Feb 16, 2025 4:55:42 PM java.util.prefs.FileSystemPreferences syncWorld
2025-02-16 16:55:42,255 [ERROR] LogOutputStream:75 - [STDERR_REDIRECT] WARNING: Couldn't flush system prefs: java.util.prefs.BackingStoreException: Couldn't get file lock.
2025-02-16 16:55:42,255 [ERROR] LogOutputStream:75 - [STDERR_REDIRECT] 
2025-02-16 16:56:12,255 [ERROR] LogOutputStream:75 - [STDERR_REDIRECT] Feb 16, 2025 4:56:12 PM java.util.prefs.FileSystemPreferences checkLockFile0ErrorCode
2025-02-16 16:56:12,255 [ERROR] LogOutputStream:75 - [STDERR_REDIRECT] WARNING: Could not lock System prefs. Unix error code 2.
2025-02-16 16:56:12,255 [ERROR] LogOutputStream:75 - [STDERR_REDIRECT] 
2025-02-16 16:56:12,255 [ERROR] LogOutputStream:75 - [STDERR_REDIRECT] Feb 16, 2025 4:56:12 PM java.util.prefs.FileSystemPreferences syncWorld
2025-02-16 16:56:12,255 [ERROR] LogOutputStream:75 - [STDERR_REDIRECT] WARNING: Couldn't flush system prefs: java.util.prefs.BackingStoreException: Couldn't get file lock.
2025-02-16 16:56:12,255 [ERROR] LogOutputStream:75 - [STDERR_REDIRECT] 
2025-02-16 16:56:42,256 [ERROR] LogOutputStream:75 - [STDERR_REDIRECT] Feb 16, 2025 4:56:42 PM java.util.prefs.FileSystemPreferences checkLockFile0ErrorCode
2025-02-16 16:56:42,256 [ERROR] LogOutputStream:75 - [STDERR_REDIRECT] WARNING: Could not lock System prefs. Unix error code 2.
2025-02-16 16:56:42,256 [ERROR] LogOutputStream:75 - [STDERR_REDIRECT] 
2025-02-16 16:56:42,256 [ERROR] LogOutputStream:75 - [STDERR_REDIRECT] Feb 16, 2025 4:56:42 PM java.util.prefs.FileSystemPreferences syncWorld
2025-02-16 16:56:42,256 [ERROR] LogOutputStream:75 - [STDERR_REDIRECT] WARNING: Couldn't flush system prefs: java.util.prefs.BackingStoreException: Couldn't get file lock.
2025-02-16 16:56:42,256 [ERROR] LogOutputStream:75 - [STDERR_REDIRECT] 
2025-02-16 16:57:12,256 [ERROR] LogOutputStream:75 - [STDERR_REDIRECT] Feb 16, 2025 4:57:12 PM java.util.prefs.FileSystemPreferences checkLockFile0ErrorCode
2025-02-16 16:57:12,256 [ERROR] LogOutputStream:75 - [STDERR_REDIRECT] WARNING: Could not lock System prefs. Unix error code 2.
2025-02-16 16:57:12,256 [ERROR] LogOutputStream:75 - [STDERR_REDIRECT] 
2025-02-16 16:57:12,256 [ERROR] LogOutputStream:75 - [STDERR_REDIRECT] Feb 16, 2025 4:57:12 PM java.util.prefs.FileSystemPreferences syncWorld
2025-02-16 16:57:12,256 [ERROR] LogOutputStream:75 - [STDERR_REDIRECT] WARNING: Couldn't flush system prefs: java.util.prefs.BackingStoreException: Couldn't get file lock.
2025-02-16 16:57:12,256 [ERROR] LogOutputStream:75 - [STDERR_REDIRECT] 
2025-02-16 16:57:42,256 [ERROR] LogOutputStream:75 - [STDERR_REDIRECT] Feb 16, 2025 4:57:42 PM java.util.prefs.FileSystemPreferences checkLockFile0ErrorCode
2025-02-16 16:57:42,256 [ERROR] LogOutputStream:75 - [STDERR_REDIRECT] WARNING: Could not lock System prefs. Unix error code 2.
2025-02-16 16:57:42,256 [ERROR] LogOutputStream:75 - [STDERR_REDIRECT] 
2025-02-16 16:57:42,256 [ERROR] LogOutputStream:75 - [STDERR_REDIRECT] Feb 16, 2025 4:57:42 PM java.util.prefs.FileSystemPreferences syncWorld
2025-02-16 16:57:42,257 [ERROR] LogOutputStream:75 - [STDERR_REDIRECT] WARNING: Couldn't flush system prefs: java.util.prefs.BackingStoreException: Couldn't get file lock.
2025-02-16 16:57:42,257 [ERROR] LogOutputStream:75 - [STDERR_REDIRECT] 
2025-02-16 16:58:12,256 [ERROR] LogOutputStream:75 - [STDERR_REDIRECT] Feb 16, 2025 4:58:12 PM java.util.prefs.FileSystemPreferences checkLockFile0ErrorCode
2025-02-16 16:58:12,256 [ERROR] LogOutputStream:75 - [STDERR_REDIRECT] WARNING: Could not lock System prefs. Unix error code 2.
2025-02-16 16:58:12,256 [ERROR] LogOutputStream:75 - [STDERR_REDIRECT] 
2025-02-16 16:58:12,256 [ERROR] LogOutputStream:75 - [STDERR_REDIRECT] Feb 16, 2025 4:58:12 PM java.util.prefs.FileSystemPreferences syncWorld
2025-02-16 16:58:12,256 [ERROR] LogOutputStream:75 - [STDERR_REDIRECT] WARNING: Couldn't flush system prefs: java.util.prefs.BackingStoreException: Couldn't get file lock.
2025-02-16 16:58:12,256 [ERROR] LogOutputStream:75 - [STDERR_REDIRECT] 
2025-02-16 16:58:42,256 [ERROR] LogOutputStream:75 - [STDERR_REDIRECT] Feb 16, 2025 4:58:42 PM java.util.prefs.FileSystemPreferences checkLockFile0ErrorCode
2025-02-16 16:58:42,256 [ERROR] LogOutputStream:75 - [STDERR_REDIRECT] WARNING: Could not lock System prefs. Unix error code 2.
2025-02-16 16:58:42,256 [ERROR] LogOutputStream:75 - [STDERR_REDIRECT] 
2025-02-16 16:58:42,256 [ERROR] LogOutputStream:75 - [STDERR_REDIRECT] Feb 16, 2025 4:58:42 PM java.util.prefs.FileSystemPreferences syncWorld
2025-02-16 16:58:42,256 [ERROR] LogOutputStream:75 - [STDERR_REDIRECT] WARNING: Couldn't flush system prefs: java.util.prefs.BackingStoreException: Couldn't get file lock.
2025-02-16 16:58:42,256 [ERROR] LogOutputStream:75 - [STDERR_REDIRECT] 
2025-02-16 16:59:12,256 [ERROR] LogOutputStream:75 - [STDERR_REDIRECT] Feb 16, 2025 4:59:12 PM java.util.prefs.FileSystemPreferences checkLockFile0ErrorCode
2025-02-16 16:59:12,256 [ERROR] LogOutputStream:75 - [STDERR_REDIRECT] WARNING: Could not lock System prefs. Unix error code 2.
2025-02-16 16:59:12,256 [ERROR] LogOutputStream:75 - [STDERR_REDIRECT] 
2025-02-16 16:59:12,257 [ERROR] LogOutputStream:75 - [STDERR_REDIRECT] Feb 16, 2025 4:59:12 PM java.util.prefs.FileSystemPreferences syncWorld
2025-02-16 16:59:12,257 [ERROR] LogOutputStream:75 - [STDERR_REDIRECT] WARNING: Couldn't flush system prefs: java.util.prefs.BackingStoreException: Couldn't get file lock.
2025-02-16 16:59:12,257 [ERROR] LogOutputStream:75 - [STDERR_REDIRECT] 
2025-02-16 16:59:42,256 [ERROR] LogOutputStream:75 - [STDERR_REDIRECT] Feb 16, 2025 4:59:42 PM java.util.prefs.FileSystemPreferences checkLockFile0ErrorCode
2025-02-16 16:59:42,256 [ERROR] LogOutputStream:75 - [STDERR_REDIRECT] WARNING: Could not lock System prefs. Unix error code 2.
2025-02-16 16:59:42,256 [ERROR] LogOutputStream:75 - [STDERR_REDIRECT] 
2025-02-16 16:59:42,256 [ERROR] LogOutputStream:75 - [STDERR_REDIRECT] Feb 16, 2025 4:59:42 PM java.util.prefs.FileSystemPreferences syncWorld
2025-02-16 16:59:42,256 [ERROR] LogOutputStream:75 - [STDERR_REDIRECT] WARNING: Couldn't flush system prefs: java.util.prefs.BackingStoreException: Couldn't get file lock.
2025-02-16 16:59:42,256 [ERROR] LogOutputStream:75 - [STDERR_REDIRECT] 
2025-02-16 17:00:12,257 [ERROR] LogOutputStream:75 - [STDERR_REDIRECT] Feb 16, 2025 5:00:12 PM java.util.prefs.FileSystemPreferences checkLockFile0ErrorCode
2025-02-16 17:00:12,257 [ERROR] LogOutputStream:75 - [STDERR_REDIRECT] WARNING: Could not lock System prefs. Unix error code 2.
2025-02-16 17:00:12,257 [ERROR] LogOutputStream:75 - [STDERR_REDIRECT] 
2025-02-16 17:00:12,257 [ERROR] LogOutputStream:75 - [STDERR_REDIRECT] Feb 16, 2025 5:00:12 PM java.util.prefs.FileSystemPreferences syncWorld
2025-02-16 17:00:12,257 [ERROR] LogOutputStream:75 - [STDERR_REDIRECT] WARNING: Couldn't flush system prefs: java.util.prefs.BackingStoreException: Couldn't get file lock.
2025-02-16 17:00:12,257 [ERROR] LogOutputStream:75 - [STDERR_REDIRECT] 
2025-02-16 17:00:42,256 [ERROR] LogOutputStream:75 - [STDERR_REDIRECT] Feb 16, 2025 5:00:42 PM java.util.prefs.FileSystemPreferences checkLockFile0ErrorCode
2025-02-16 17:00:42,256 [ERROR] LogOutputStream:75 - [STDERR_REDIRECT] WARNING: Could not lock System prefs. Unix error code 2.
2025-02-16 17:00:42,256 [ERROR] LogOutputStream:75 - [STDERR_REDIRECT] 
2025-02-16 17:00:42,256 [ERROR] LogOutputStream:75 - [STDERR_REDIRECT] Feb 16, 2025 5:00:42 PM java.util.prefs.FileSystemPreferences syncWorld
2025-02-16 17:00:42,256 [ERROR] LogOutputStream:75 - [STDERR_REDIRECT] WARNING: Couldn't flush system prefs: java.util.prefs.BackingStoreException: Couldn't get file lock.
2025-02-16 17:00:42,256 [ERROR] LogOutputStream:75 - [STDERR_REDIRECT] 
2025-02-16 17:01:12,257 [ERROR] LogOutputStream:75 - [STDERR_REDIRECT] Feb 16, 2025 5:01:12 PM java.util.prefs.FileSystemPreferences checkLockFile0ErrorCode
2025-02-16 17:01:12,257 [ERROR] LogOutputStream:75 - [STDERR_REDIRECT] WARNING: Could not lock System prefs. Unix error code 2.
2025-02-16 17:01:12,257 [ERROR] LogOutputStream:75 - [STDERR_REDIRECT] 
2025-02-16 17:01:12,257 [ERROR] LogOutputStream:75 - [STDERR_REDIRECT] Feb 16, 2025 5:01:12 PM java.util.prefs.FileSystemPreferences syncWorld
2025-02-16 17:01:12,257 [ERROR] LogOutputStream:75 - [STDERR_REDIRECT] WARNING: Couldn't flush system prefs: java.util.prefs.BackingStoreException: Couldn't get file lock.
2025-02-16 17:01:12,257 [ERROR] LogOutputStream:75 - [STDERR_REDIRECT] 
2025-02-16 17:01:42,257 [ERROR] LogOutputStream:75 - [STDERR_REDIRECT] Feb 16, 2025 5:01:42 PM java.util.prefs.FileSystemPreferences checkLockFile0ErrorCode
2025-02-16 17:01:42,257 [ERROR] LogOutputStream:75 - [STDERR_REDIRECT] WARNING: Could not lock System prefs. Unix error code 2.
2025-02-16 17:01:42,257 [ERROR] LogOutputStream:75 - [STDERR_REDIRECT] 
2025-02-16 17:01:42,257 [ERROR] LogOutputStream:75 - [STDERR_REDIRECT] Feb 16, 2025 5:01:42 PM java.util.prefs.FileSystemPreferences syncWorld
2025-02-16 17:01:42,257 [ERROR] LogOutputStream:75 - [STDERR_REDIRECT] WARNING: Couldn't flush system prefs: java.util.prefs.BackingStoreException: Couldn't get file lock.
2025-02-16 17:01:42,257 [ERROR] LogOutputStream:75 - [STDERR_REDIRECT] 
2025-02-16 17:02:12,257 [ERROR] LogOutputStream:75 - [STDERR_REDIRECT] Feb 16, 2025 5:02:12 PM java.util.prefs.FileSystemPreferences checkLockFile0ErrorCode
2025-02-16 17:02:12,258 [ERROR] LogOutputStream:75 - [STDERR_REDIRECT] WARNING: Could not lock System prefs. Unix error code 2.
2025-02-16 17:02:12,258 [ERROR] LogOutputStream:75 - [STDERR_REDIRECT] 
2025-02-16 17:02:12,258 [ERROR] LogOutputStream:75 - [STDERR_REDIRECT] Feb 16, 2025 5:02:12 PM java.util.prefs.FileSystemPreferences syncWorld
2025-02-16 17:02:12,258 [ERROR] LogOutputStream:75 - [STDERR_REDIRECT] WARNING: Couldn't flush system prefs: java.util.prefs.BackingStoreException: Couldn't get file lock.
2025-02-16 17:02:12,258 [ERROR] LogOutputStream:75 - [STDERR_REDIRECT] 
2025-02-16 17:02:42,258 [ERROR] LogOutputStream:75 - [STDERR_REDIRECT] Feb 16, 2025 5:02:42 PM java.util.prefs.FileSystemPreferences checkLockFile0ErrorCode
2025-02-16 17:02:42,258 [ERROR] LogOutputStream:75 - [STDERR_REDIRECT] WARNING: Could not lock System prefs. Unix error code 2.
2025-02-16 17:02:42,258 [ERROR] LogOutputStream:75 - [STDERR_REDIRECT] 
2025-02-16 17:02:42,258 [ERROR] LogOutputStream:75 - [STDERR_REDIRECT] Feb 16, 2025 5:02:42 PM java.util.prefs.FileSystemPreferences syncWorld
2025-02-16 17:02:42,258 [ERROR] LogOutputStream:75 - [STDERR_REDIRECT] WARNING: Couldn't flush system prefs: java.util.prefs.BackingStoreException: Couldn't get file lock.
2025-02-16 17:02:42,258 [ERROR] LogOutputStream:75 - [STDERR_REDIRECT] 
2025-02-16 17:03:12,258 [ERROR] LogOutputStream:75 - [STDERR_REDIRECT] Feb 16, 2025 5:03:12 PM java.util.prefs.FileSystemPreferences checkLockFile0ErrorCode
2025-02-16 17:03:12,259 [ERROR] LogOutputStream:75 - [STDERR_REDIRECT] WARNING: Could not lock System prefs. Unix error code 2.
2025-02-16 17:03:12,259 [ERROR] LogOutputStream:75 - [STDERR_REDIRECT] 
2025-02-16 17:03:12,259 [ERROR] LogOutputStream:75 - [STDERR_REDIRECT] Feb 16, 2025 5:03:12 PM java.util.prefs.FileSystemPreferences syncWorld
2025-02-16 17:03:12,259 [ERROR] LogOutputStream:75 - [STDERR_REDIRECT] WARNING: Couldn't flush system prefs: java.util.prefs.BackingStoreException: Couldn't get file lock.
2025-02-16 17:03:12,259 [ERROR] LogOutputStream:75 - [STDERR_REDIRECT] 
2025-02-16 17:03:42,258 [ERROR] LogOutputStream:75 - [STDERR_REDIRECT] Feb 16, 2025 5:03:42 PM java.util.prefs.FileSystemPreferences checkLockFile0ErrorCode
2025-02-16 17:03:42,258 [ERROR] LogOutputStream:75 - [STDERR_REDIRECT] WARNING: Could not lock System prefs. Unix error code 2.
2025-02-16 17:03:42,265 [ERROR] LogOutputStream:75 - [STDERR_REDIRECT] 
2025-02-16 17:03:42,265 [ERROR] LogOutputStream:75 - [STDERR_REDIRECT] Feb 16, 2025 5:03:42 PM java.util.prefs.FileSystemPreferences syncWorld
2025-02-16 17:03:42,265 [ERROR] LogOutputStream:75 - [STDERR_REDIRECT] WARNING: Couldn't flush system prefs: java.util.prefs.BackingStoreException: Couldn't get file lock.
2025-02-16 17:03:42,265 [ERROR] LogOutputStream:75 - [STDERR_REDIRECT] 
2025-02-16 17:04:12,258 [ERROR] LogOutputStream:75 - [STDERR_REDIRECT] Feb 16, 2025 5:04:12 PM java.util.prefs.FileSystemPreferences checkLockFile0ErrorCode
2025-02-16 17:04:12,258 [ERROR] LogOutputStream:75 - [STDERR_REDIRECT] WARNING: Could not lock System prefs. Unix error code 2.
2025-02-16 17:04:12,258 [ERROR] LogOutputStream:75 - [STDERR_REDIRECT] 
2025-02-16 17:04:12,258 [ERROR] LogOutputStream:75 - [STDERR_REDIRECT] Feb 16, 2025 5:04:12 PM java.util.prefs.FileSystemPreferences syncWorld
2025-02-16 17:04:12,258 [ERROR] LogOutputStream:75 - [STDERR_REDIRECT] WARNING: Couldn't flush system prefs: java.util.prefs.BackingStoreException: Couldn't get file lock.
2025-02-16 17:04:12,258 [ERROR] LogOutputStream:75 - [STDERR_REDIRECT] 
2025-02-16 17:04:42,259 [ERROR] LogOutputStream:75 - [STDERR_REDIRECT] Feb 16, 2025 5:04:42 PM java.util.prefs.FileSystemPreferences checkLockFile0ErrorCode
2025-02-16 17:04:42,259 [ERROR] LogOutputStream:75 - [STDERR_REDIRECT] WARNING: Could not lock System prefs. Unix error code 2.
2025-02-16 17:04:42,259 [ERROR] LogOutputStream:75 - [STDERR_REDIRECT] 
2025-02-16 17:04:42,259 [ERROR] LogOutputStream:75 - [STDERR_REDIRECT] Feb 16, 2025 5:04:42 PM java.util.prefs.FileSystemPreferences syncWorld
2025-02-16 17:04:42,259 [ERROR] LogOutputStream:75 - [STDERR_REDIRECT] WARNING: Couldn't flush system prefs: java.util.prefs.BackingStoreException: Couldn't get file lock.
2025-02-16 17:04:42,259 [ERROR] LogOutputStream:75 - [STDERR_REDIRECT] 
2025-02-16 17:05:12,258 [ERROR] LogOutputStream:75 - [STDERR_REDIRECT] Feb 16, 2025 5:05:12 PM java.util.prefs.FileSystemPreferences checkLockFile0ErrorCode
2025-02-16 17:05:12,258 [ERROR] LogOutputStream:75 - [STDERR_REDIRECT] WARNING: Could not lock System prefs. Unix error code 2.
2025-02-16 17:05:12,258 [ERROR] LogOutputStream:75 - [STDERR_REDIRECT] 
2025-02-16 17:05:12,258 [ERROR] LogOutputStream:75 - [STDERR_REDIRECT] Feb 16, 2025 5:05:12 PM java.util.prefs.FileSystemPreferences syncWorld
2025-02-16 17:05:12,258 [ERROR] LogOutputStream:75 - [STDERR_REDIRECT] WARNING: Couldn't flush system prefs: java.util.prefs.BackingStoreException: Couldn't get file lock.
2025-02-16 17:05:12,258 [ERROR] LogOutputStream:75 - [STDERR_REDIRECT] 
2025-02-16 17:05:42,258 [ERROR] LogOutputStream:75 - [STDERR_REDIRECT] Feb 16, 2025 5:05:42 PM java.util.prefs.FileSystemPreferences checkLockFile0ErrorCode
2025-02-16 17:05:42,258 [ERROR] LogOutputStream:75 - [STDERR_REDIRECT] WARNING: Could not lock System prefs. Unix error code 2.
2025-02-16 17:05:42,258 [ERROR] LogOutputStream:75 - [STDERR_REDIRECT] 
2025-02-16 17:05:42,259 [ERROR] LogOutputStream:75 - [STDERR_REDIRECT] Feb 16, 2025 5:05:42 PM java.util.prefs.FileSystemPreferences syncWorld
2025-02-16 17:05:42,259 [ERROR] LogOutputStream:75 - [STDERR_REDIRECT] WARNING: Couldn't flush system prefs: java.util.prefs.BackingStoreException: Couldn't get file lock.
2025-02-16 17:05:42,259 [ERROR] LogOutputStream:75 - [STDERR_REDIRECT] 
2025-02-16 17:06:12,258 [ERROR] LogOutputStream:75 - [STDERR_REDIRECT] Feb 16, 2025 5:06:12 PM java.util.prefs.FileSystemPreferences checkLockFile0ErrorCode
2025-02-16 17:06:12,258 [ERROR] LogOutputStream:75 - [STDERR_REDIRECT] WARNING: Could not lock System prefs. Unix error code 2.
2025-02-16 17:06:12,258 [ERROR] LogOutputStream:75 - [STDERR_REDIRECT] 
2025-02-16 17:06:12,258 [ERROR] LogOutputStream:75 - [STDERR_REDIRECT] Feb 16, 2025 5:06:12 PM java.util.prefs.FileSystemPreferences syncWorld
2025-02-16 17:06:12,258 [ERROR] LogOutputStream:75 - [STDERR_REDIRECT] WARNING: Couldn't flush system prefs: java.util.prefs.BackingStoreException: Couldn't get file lock.
2025-02-16 17:06:12,258 [ERROR] LogOutputStream:75 - [STDERR_REDIRECT] 
2025-02-16 17:06:42,258 [ERROR] LogOutputStream:75 - [STDERR_REDIRECT] Feb 16, 2025 5:06:42 PM java.util.prefs.FileSystemPreferences checkLockFile0ErrorCode
2025-02-16 17:06:42,258 [ERROR] LogOutputStream:75 - [STDERR_REDIRECT] WARNING: Could not lock System prefs. Unix error code 2.
2025-02-16 17:06:42,258 [ERROR] LogOutputStream:75 - [STDERR_REDIRECT] 
2025-02-16 17:06:42,259 [ERROR] LogOutputStream:75 - [STDERR_REDIRECT] Feb 16, 2025 5:06:42 PM java.util.prefs.FileSystemPreferences syncWorld
2025-02-16 17:06:42,259 [ERROR] LogOutputStream:75 - [STDERR_REDIRECT] WARNING: Couldn't flush system prefs: java.util.prefs.BackingStoreException: Couldn't get file lock.
2025-02-16 17:06:42,259 [ERROR] LogOutputStream:75 - [STDERR_REDIRECT] 
2025-02-16 17:07:12,258 [ERROR] LogOutputStream:75 - [STDERR_REDIRECT] Feb 16, 2025 5:07:12 PM java.util.prefs.FileSystemPreferences checkLockFile0ErrorCode
2025-02-16 17:07:12,258 [ERROR] LogOutputStream:75 - [STDERR_REDIRECT] WARNING: Could not lock System prefs. Unix error code 2.
2025-02-16 17:07:12,258 [ERROR] LogOutputStream:75 - [STDERR_REDIRECT] 
2025-02-16 17:07:12,258 [ERROR] LogOutputStream:75 - [STDERR_REDIRECT] Feb 16, 2025 5:07:12 PM java.util.prefs.FileSystemPreferences syncWorld
2025-02-16 17:07:12,258 [ERROR] LogOutputStream:75 - [STDERR_REDIRECT] WARNING: Couldn't flush system prefs: java.util.prefs.BackingStoreException: Couldn't get file lock.
2025-02-16 17:07:12,258 [ERROR] LogOutputStream:75 - [STDERR_REDIRECT] 
2025-02-16 17:07:42,258 [ERROR] LogOutputStream:75 - [STDERR_REDIRECT] Feb 16, 2025 5:07:42 PM java.util.prefs.FileSystemPreferences checkLockFile0ErrorCode
2025-02-16 17:07:42,258 [ERROR] LogOutputStream:75 - [STDERR_REDIRECT] WARNING: Could not lock System prefs. Unix error code 2.
2025-02-16 17:07:42,258 [ERROR] LogOutputStream:75 - [STDERR_REDIRECT] 
2025-02-16 17:07:42,259 [ERROR] LogOutputStream:75 - [STDERR_REDIRECT] Feb 16, 2025 5:07:42 PM java.util.prefs.FileSystemPreferences syncWorld
2025-02-16 17:07:42,259 [ERROR] LogOutputStream:75 - [STDERR_REDIRECT] WARNING: Couldn't flush system prefs: java.util.prefs.BackingStoreException: Couldn't get file lock.
2025-02-16 17:07:42,259 [ERROR] LogOutputStream:75 - [STDERR_REDIRECT] 
2025-02-16 17:08:12,258 [ERROR] LogOutputStream:75 - [STDERR_REDIRECT] Feb 16, 2025 5:08:12 PM java.util.prefs.FileSystemPreferences checkLockFile0ErrorCode
2025-02-16 17:08:12,258 [ERROR] LogOutputStream:75 - [STDERR_REDIRECT] WARNING: Could not lock System prefs. Unix error code 2.
2025-02-16 17:08:12,258 [ERROR] LogOutputStream:75 - [STDERR_REDIRECT] 
2025-02-16 17:08:12,258 [ERROR] LogOutputStream:75 - [STDERR_REDIRECT] Feb 16, 2025 5:08:12 PM java.util.prefs.FileSystemPreferences syncWorld
2025-02-16 17:08:12,258 [ERROR] LogOutputStream:75 - [STDERR_REDIRECT] WARNING: Couldn't flush system prefs: java.util.prefs.BackingStoreException: Couldn't get file lock.
2025-02-16 17:08:12,258 [ERROR] LogOutputStream:75 - [STDERR_REDIRECT] 
2025-02-16 17:08:42,258 [ERROR] LogOutputStream:75 - [STDERR_REDIRECT] Feb 16, 2025 5:08:42 PM java.util.prefs.FileSystemPreferences checkLockFile0ErrorCode
2025-02-16 17:08:42,258 [ERROR] LogOutputStream:75 - [STDERR_REDIRECT] WARNING: Could not lock System prefs. Unix error code 2.
2025-02-16 17:08:42,258 [ERROR] LogOutputStream:75 - [STDERR_REDIRECT] 
2025-02-16 17:08:42,258 [ERROR] LogOutputStream:75 - [STDERR_REDIRECT] Feb 16, 2025 5:08:42 PM java.util.prefs.FileSystemPreferences syncWorld
2025-02-16 17:08:42,258 [ERROR] LogOutputStream:75 - [STDERR_REDIRECT] WARNING: Couldn't flush system prefs: java.util.prefs.BackingStoreException: Couldn't get file lock.
2025-02-16 17:08:42,258 [ERROR] LogOutputStream:75 - [STDERR_REDIRECT] 
2025-02-16 17:09:12,258 [ERROR] LogOutputStream:75 - [STDERR_REDIRECT] Feb 16, 2025 5:09:12 PM java.util.prefs.FileSystemPreferences checkLockFile0ErrorCode
2025-02-16 17:09:12,259 [ERROR] LogOutputStream:75 - [STDERR_REDIRECT] WARNING: Could not lock System prefs. Unix error code 2.
2025-02-16 17:09:12,259 [ERROR] LogOutputStream:75 - [STDERR_REDIRECT] 
2025-02-16 17:09:12,259 [ERROR] LogOutputStream:75 - [STDERR_REDIRECT] Feb 16, 2025 5:09:12 PM java.util.prefs.FileSystemPreferences syncWorld
2025-02-16 17:09:12,259 [ERROR] LogOutputStream:75 - [STDERR_REDIRECT] WARNING: Couldn't flush system prefs: java.util.prefs.BackingStoreException: Couldn't get file lock.
2025-02-16 17:09:12,259 [ERROR] LogOutputStream:75 - [STDERR_REDIRECT] 
2025-02-16 17:09:42,259 [ERROR] LogOutputStream:75 - [STDERR_REDIRECT] Feb 16, 2025 5:09:42 PM java.util.prefs.FileSystemPreferences checkLockFile0ErrorCode
2025-02-16 17:09:42,259 [ERROR] LogOutputStream:75 - [STDERR_REDIRECT] WARNING: Could not lock System prefs. Unix error code 2.
2025-02-16 17:09:42,259 [ERROR] LogOutputStream:75 - [STDERR_REDIRECT] 
2025-02-16 17:09:42,259 [ERROR] LogOutputStream:75 - [STDERR_REDIRECT] Feb 16, 2025 5:09:42 PM java.util.prefs.FileSystemPreferences syncWorld
2025-02-16 17:09:42,259 [ERROR] LogOutputStream:75 - [STDERR_REDIRECT] WARNING: Couldn't flush system prefs: java.util.prefs.BackingStoreException: Couldn't get file lock.
2025-02-16 17:09:42,259 [ERROR] LogOutputStream:75 - [STDERR_REDIRECT] 
2025-02-16 17:10:12,259 [ERROR] LogOutputStream:75 - [STDERR_REDIRECT] Feb 16, 2025 5:10:12 PM java.util.prefs.FileSystemPreferences checkLockFile0ErrorCode
2025-02-16 17:10:12,259 [ERROR] LogOutputStream:75 - [STDERR_REDIRECT] WARNING: Could not lock System prefs. Unix error code 2.
2025-02-16 17:10:12,260 [ERROR] LogOutputStream:75 - [STDERR_REDIRECT] 
2025-02-16 17:10:12,260 [ERROR] LogOutputStream:75 - [STDERR_REDIRECT] Feb 16, 2025 5:10:12 PM java.util.prefs.FileSystemPreferences syncWorld
2025-02-16 17:10:12,260 [ERROR] LogOutputStream:75 - [STDERR_REDIRECT] WARNING: Couldn't flush system prefs: java.util.prefs.BackingStoreException: Couldn't get file lock.
2025-02-16 17:10:12,260 [ERROR] LogOutputStream:75 - [STDERR_REDIRECT] 
2025-02-16 17:10:42,259 [ERROR] LogOutputStream:75 - [STDERR_REDIRECT] Feb 16, 2025 5:10:42 PM java.util.prefs.FileSystemPreferences checkLockFile0ErrorCode
2025-02-16 17:10:42,259 [ERROR] LogOutputStream:75 - [STDERR_REDIRECT] WARNING: Could not lock System prefs. Unix error code 2.
2025-02-16 17:10:42,259 [ERROR] LogOutputStream:75 - [STDERR_REDIRECT] 
2025-02-16 17:10:42,259 [ERROR] LogOutputStream:75 - [STDERR_REDIRECT] Feb 16, 2025 5:10:42 PM java.util.prefs.FileSystemPreferences syncWorld
2025-02-16 17:10:42,259 [ERROR] LogOutputStream:75 - [STDERR_REDIRECT] WARNING: Couldn't flush system prefs: java.util.prefs.BackingStoreException: Couldn't get file lock.
2025-02-16 17:10:42,259 [ERROR] LogOutputStream:75 - [STDERR_REDIRECT] 
2025-02-16 17:11:12,260 [ERROR] LogOutputStream:75 - [STDERR_REDIRECT] Feb 16, 2025 5:11:12 PM java.util.prefs.FileSystemPreferences checkLockFile0ErrorCode
2025-02-16 17:11:12,260 [ERROR] LogOutputStream:75 - [STDERR_REDIRECT] WARNING: Could not lock System prefs. Unix error code 2.
2025-02-16 17:11:12,260 [ERROR] LogOutputStream:75 - [STDERR_REDIRECT] 
2025-02-16 17:11:12,260 [ERROR] LogOutputStream:75 - [STDERR_REDIRECT] Feb 16, 2025 5:11:12 PM java.util.prefs.FileSystemPreferences syncWorld
2025-02-16 17:11:12,260 [ERROR] LogOutputStream:75 - [STDERR_REDIRECT] WARNING: Couldn't flush system prefs: java.util.prefs.BackingStoreException: Couldn't get file lock.
2025-02-16 17:11:12,260 [ERROR] LogOutputStream:75 - [STDERR_REDIRECT] 
2025-02-16 17:11:42,260 [ERROR] LogOutputStream:75 - [STDERR_REDIRECT] Feb 16, 2025 5:11:42 PM java.util.prefs.FileSystemPreferences checkLockFile0ErrorCode
2025-02-16 17:11:42,260 [ERROR] LogOutputStream:75 - [STDERR_REDIRECT] WARNING: Could not lock System prefs. Unix error code 2.
2025-02-16 17:11:42,260 [ERROR] LogOutputStream:75 - [STDERR_REDIRECT] 
2025-02-16 17:11:42,260 [ERROR] LogOutputStream:75 - [STDERR_REDIRECT] Feb 16, 2025 5:11:42 PM java.util.prefs.FileSystemPreferences syncWorld
2025-02-16 17:11:42,261 [ERROR] LogOutputStream:75 - [STDERR_REDIRECT] WARNING: Couldn't flush system prefs: java.util.prefs.BackingStoreException: Couldn't get file lock.
2025-02-16 17:11:42,261 [ERROR] LogOutputStream:75 - [STDERR_REDIRECT] 
2025-02-16 17:12:12,260 [ERROR] LogOutputStream:75 - [STDERR_REDIRECT] Feb 16, 2025 5:12:12 PM java.util.prefs.FileSystemPreferences checkLockFile0ErrorCode
2025-02-16 17:12:12,260 [ERROR] LogOutputStream:75 - [STDERR_REDIRECT] WARNING: Could not lock System prefs. Unix error code 2.
2025-02-16 17:12:12,260 [ERROR] LogOutputStream:75 - [STDERR_REDIRECT] 
2025-02-16 17:12:12,260 [ERROR] LogOutputStream:75 - [STDERR_REDIRECT] Feb 16, 2025 5:12:12 PM java.util.prefs.FileSystemPreferences syncWorld
2025-02-16 17:12:12,260 [ERROR] LogOutputStream:75 - [STDERR_REDIRECT] WARNING: Couldn't flush system prefs: java.util.prefs.BackingStoreException: Couldn't get file lock.
2025-02-16 17:12:12,260 [ERROR] LogOutputStream:75 - [STDERR_REDIRECT] 
2025-02-16 17:12:42,260 [ERROR] LogOutputStream:75 - [STDERR_REDIRECT] Feb 16, 2025 5:12:42 PM java.util.prefs.FileSystemPreferences checkLockFile0ErrorCode
2025-02-16 17:12:42,260 [ERROR] LogOutputStream:75 - [STDERR_REDIRECT] WARNING: Could not lock System prefs. Unix error code 2.
2025-02-16 17:12:42,260 [ERROR] LogOutputStream:75 - [STDERR_REDIRECT] 
2025-02-16 17:12:42,260 [ERROR] LogOutputStream:75 - [STDERR_REDIRECT] Feb 16, 2025 5:12:42 PM java.util.prefs.FileSystemPreferences syncWorld
2025-02-16 17:12:42,260 [ERROR] LogOutputStream:75 - [STDERR_REDIRECT] WARNING: Couldn't flush system prefs: java.util.prefs.BackingStoreException: Couldn't get file lock.
2025-02-16 17:12:42,260 [ERROR] LogOutputStream:75 - [STDERR_REDIRECT] 
2025-02-16 17:13:12,260 [ERROR] LogOutputStream:75 - [STDERR_REDIRECT] Feb 16, 2025 5:13:12 PM java.util.prefs.FileSystemPreferences checkLockFile0ErrorCode
2025-02-16 17:13:12,260 [ERROR] LogOutputStream:75 - [STDERR_REDIRECT] WARNING: Could not lock System prefs. Unix error code 2.
2025-02-16 17:13:12,260 [ERROR] LogOutputStream:75 - [STDERR_REDIRECT] 
2025-02-16 17:13:12,260 [ERROR] LogOutputStream:75 - [STDERR_REDIRECT] Feb 16, 2025 5:13:12 PM java.util.prefs.FileSystemPreferences syncWorld
2025-02-16 17:13:12,260 [ERROR] LogOutputStream:75 - [STDERR_REDIRECT] WARNING: Couldn't flush system prefs: java.util.prefs.BackingStoreException: Couldn't get file lock.
2025-02-16 17:13:12,260 [ERROR] LogOutputStream:75 - [STDERR_REDIRECT] 
2025-02-16 17:13:42,261 [ERROR] LogOutputStream:75 - [STDERR_REDIRECT] Feb 16, 2025 5:13:42 PM java.util.prefs.FileSystemPreferences checkLockFile0ErrorCode
2025-02-16 17:13:42,261 [ERROR] LogOutputStream:75 - [STDERR_REDIRECT] WARNING: Could not lock System prefs. Unix error code 2.
2025-02-16 17:13:42,261 [ERROR] LogOutputStream:75 - [STDERR_REDIRECT] 
2025-02-16 17:13:42,261 [ERROR] LogOutputStream:75 - [STDERR_REDIRECT] Feb 16, 2025 5:13:42 PM java.util.prefs.FileSystemPreferences syncWorld
2025-02-16 17:13:42,261 [ERROR] LogOutputStream:75 - [STDERR_REDIRECT] WARNING: Couldn't flush system prefs: java.util.prefs.BackingStoreException: Couldn't get file lock.
2025-02-16 17:13:42,261 [ERROR] LogOutputStream:75 - [STDERR_REDIRECT] 
2025-02-16 17:14:12,261 [ERROR] LogOutputStream:75 - [STDERR_REDIRECT] Feb 16, 2025 5:14:12 PM java.util.prefs.FileSystemPreferences checkLockFile0ErrorCode
2025-02-16 17:14:12,261 [ERROR] LogOutputStream:75 - [STDERR_REDIRECT] WARNING: Could not lock System prefs. Unix error code 2.
2025-02-16 17:14:12,261 [ERROR] LogOutputStream:75 - [STDERR_REDIRECT] 
2025-02-16 17:14:12,261 [ERROR] LogOutputStream:75 - [STDERR_REDIRECT] Feb 16, 2025 5:14:12 PM java.util.prefs.FileSystemPreferences syncWorld
2025-02-16 17:14:12,262 [ERROR] LogOutputStream:75 - [STDERR_REDIRECT] WARNING: Couldn't flush system prefs: java.util.prefs.BackingStoreException: Couldn't get file lock.
2025-02-16 17:14:12,262 [ERROR] LogOutputStream:75 - [STDERR_REDIRECT] 
2025-02-16 17:14:42,261 [ERROR] LogOutputStream:75 - [STDERR_REDIRECT] Feb 16, 2025 5:14:42 PM java.util.prefs.FileSystemPreferences checkLockFile0ErrorCode
2025-02-16 17:14:42,261 [ERROR] LogOutputStream:75 - [STDERR_REDIRECT] WARNING: Could not lock System prefs. Unix error code 2.
2025-02-16 17:14:42,261 [ERROR] LogOutputStream:75 - [STDERR_REDIRECT] 
2025-02-16 17:14:42,261 [ERROR] LogOutputStream:75 - [STDERR_REDIRECT] Feb 16, 2025 5:14:42 PM java.util.prefs.FileSystemPreferences syncWorld
2025-02-16 17:14:42,261 [ERROR] LogOutputStream:75 - [STDERR_REDIRECT] WARNING: Couldn't flush system prefs: java.util.prefs.BackingStoreException: Couldn't get file lock.
2025-02-16 17:14:42,261 [ERROR] LogOutputStream:75 - [STDERR_REDIRECT] 
2025-02-16 17:15:12,261 [ERROR] LogOutputStream:75 - [STDERR_REDIRECT] Feb 16, 2025 5:15:12 PM java.util.prefs.FileSystemPreferences checkLockFile0ErrorCode
2025-02-16 17:15:12,261 [ERROR] LogOutputStream:75 - [STDERR_REDIRECT] WARNING: Could not lock System prefs. Unix error code 2.
2025-02-16 17:15:12,261 [ERROR] LogOutputStream:75 - [STDERR_REDIRECT] 
2025-02-16 17:15:12,261 [ERROR] LogOutputStream:75 - [STDERR_REDIRECT] Feb 16, 2025 5:15:12 PM java.util.prefs.FileSystemPreferences syncWorld
2025-02-16 17:15:12,261 [ERROR] LogOutputStream:75 - [STDERR_REDIRECT] WARNING: Couldn't flush system prefs: java.util.prefs.BackingStoreException: Couldn't get file lock.
2025-02-16 17:15:12,261 [ERROR] LogOutputStream:75 - [STDERR_REDIRECT] 
2025-02-16 17:15:42,262 [ERROR] LogOutputStream:75 - [STDERR_REDIRECT] Feb 16, 2025 5:15:42 PM java.util.prefs.FileSystemPreferences checkLockFile0ErrorCode
2025-02-16 17:15:42,262 [ERROR] LogOutputStream:75 - [STDERR_REDIRECT] WARNING: Could not lock System prefs. Unix error code 2.
2025-02-16 17:15:42,262 [ERROR] LogOutputStream:75 - [STDERR_REDIRECT] 
2025-02-16 17:15:42,262 [ERROR] LogOutputStream:75 - [STDERR_REDIRECT] Feb 16, 2025 5:15:42 PM java.util.prefs.FileSystemPreferences syncWorld
2025-02-16 17:15:42,262 [ERROR] LogOutputStream:75 - [STDERR_REDIRECT] WARNING: Couldn't flush system prefs: java.util.prefs.BackingStoreException: Couldn't get file lock.
2025-02-16 17:15:42,262 [ERROR] LogOutputStream:75 - [STDERR_REDIRECT] 
2025-02-16 17:16:12,261 [ERROR] LogOutputStream:75 - [STDERR_REDIRECT] Feb 16, 2025 5:16:12 PM java.util.prefs.FileSystemPreferences checkLockFile0ErrorCode
2025-02-16 17:16:12,261 [ERROR] LogOutputStream:75 - [STDERR_REDIRECT] WARNING: Could not lock System prefs. Unix error code 2.
2025-02-16 17:16:12,261 [ERROR] LogOutputStream:75 - [STDERR_REDIRECT] 
2025-02-16 17:16:12,261 [ERROR] LogOutputStream:75 - [STDERR_REDIRECT] Feb 16, 2025 5:16:12 PM java.util.prefs.FileSystemPreferences syncWorld
2025-02-16 17:16:12,261 [ERROR] LogOutputStream:75 - [STDERR_REDIRECT] WARNING: Couldn't flush system prefs: java.util.prefs.BackingStoreException: Couldn't get file lock.
2025-02-16 17:16:12,261 [ERROR] LogOutputStream:75 - [STDERR_REDIRECT] 
2025-02-16 17:16:42,261 [ERROR] LogOutputStream:75 - [STDERR_REDIRECT] Feb 16, 2025 5:16:42 PM java.util.prefs.FileSystemPreferences checkLockFile0ErrorCode
2025-02-16 17:16:42,261 [ERROR] LogOutputStream:75 - [STDERR_REDIRECT] WARNING: Could not lock System prefs. Unix error code 2.
2025-02-16 17:16:42,261 [ERROR] LogOutputStream:75 - [STDERR_REDIRECT] 
2025-02-16 17:16:42,261 [ERROR] LogOutputStream:75 - [STDERR_REDIRECT] Feb 16, 2025 5:16:42 PM java.util.prefs.FileSystemPreferences syncWorld
2025-02-16 17:16:42,261 [ERROR] LogOutputStream:75 - [STDERR_REDIRECT] WARNING: Couldn't flush system prefs: java.util.prefs.BackingStoreException: Couldn't get file lock.
2025-02-16 17:16:42,262 [ERROR] LogOutputStream:75 - [STDERR_REDIRECT] 
2025-02-16 17:17:12,261 [ERROR] LogOutputStream:75 - [STDERR_REDIRECT] Feb 16, 2025 5:17:12 PM java.util.prefs.FileSystemPreferences checkLockFile0ErrorCode
2025-02-16 17:17:12,261 [ERROR] LogOutputStream:75 - [STDERR_REDIRECT] WARNING: Could not lock System prefs. Unix error code 2.
2025-02-16 17:17:12,261 [ERROR] LogOutputStream:75 - [STDERR_REDIRECT] 
2025-02-16 17:17:12,261 [ERROR] LogOutputStream:75 - [STDERR_REDIRECT] Feb 16, 2025 5:17:12 PM java.util.prefs.FileSystemPreferences syncWorld
2025-02-16 17:17:12,261 [ERROR] LogOutputStream:75 - [STDERR_REDIRECT] WARNING: Couldn't flush system prefs: java.util.prefs.BackingStoreException: Couldn't get file lock.
2025-02-16 17:17:12,261 [ERROR] LogOutputStream:75 - [STDERR_REDIRECT] 
2025-02-16 17:17:42,261 [ERROR] LogOutputStream:75 - [STDERR_REDIRECT] Feb 16, 2025 5:17:42 PM java.util.prefs.FileSystemPreferences checkLockFile0ErrorCode
2025-02-16 17:17:42,261 [ERROR] LogOutputStream:75 - [STDERR_REDIRECT] WARNING: Could not lock System prefs. Unix error code 2.
2025-02-16 17:17:42,261 [ERROR] LogOutputStream:75 - [STDERR_REDIRECT] 
2025-02-16 17:17:42,261 [ERROR] LogOutputStream:75 - [STDERR_REDIRECT] Feb 16, 2025 5:17:42 PM java.util.prefs.FileSystemPreferences syncWorld
2025-02-16 17:17:42,261 [ERROR] LogOutputStream:75 - [STDERR_REDIRECT] WARNING: Couldn't flush system prefs: java.util.prefs.BackingStoreException: Couldn't get file lock.
2025-02-16 17:17:42,261 [ERROR] LogOutputStream:75 - [STDERR_REDIRECT] 
2025-02-16 17:18:12,262 [ERROR] LogOutputStream:75 - [STDERR_REDIRECT] Feb 16, 2025 5:18:12 PM java.util.prefs.FileSystemPreferences checkLockFile0ErrorCode
2025-02-16 17:18:12,262 [ERROR] LogOutputStream:75 - [STDERR_REDIRECT] WARNING: Could not lock System prefs. Unix error code 2.
2025-02-16 17:18:12,262 [ERROR] LogOutputStream:75 - [STDERR_REDIRECT] 
2025-02-16 17:18:12,262 [ERROR] LogOutputStream:75 - [STDERR_REDIRECT] Feb 16, 2025 5:18:12 PM java.util.prefs.FileSystemPreferences syncWorld
2025-02-16 17:18:12,262 [ERROR] LogOutputStream:75 - [STDERR_REDIRECT] WARNING: Couldn't flush system prefs: java.util.prefs.BackingStoreException: Couldn't get file lock.
2025-02-16 17:18:12,262 [ERROR] LogOutputStream:75 - [STDERR_REDIRECT] 
2025-02-16 17:18:42,262 [ERROR] LogOutputStream:75 - [STDERR_REDIRECT] Feb 16, 2025 5:18:42 PM java.util.prefs.FileSystemPreferences checkLockFile0ErrorCode
2025-02-16 17:18:42,262 [ERROR] LogOutputStream:75 - [STDERR_REDIRECT] WARNING: Could not lock System prefs. Unix error code 2.
2025-02-16 17:18:42,262 [ERROR] LogOutputStream:75 - [STDERR_REDIRECT] 
2025-02-16 17:18:42,262 [ERROR] LogOutputStream:75 - [STDERR_REDIRECT] Feb 16, 2025 5:18:42 PM java.util.prefs.FileSystemPreferences syncWorld
2025-02-16 17:18:42,262 [ERROR] LogOutputStream:75 - [STDERR_REDIRECT] WARNING: Couldn't flush system prefs: java.util.prefs.BackingStoreException: Couldn't get file lock.
2025-02-16 17:18:42,262 [ERROR] LogOutputStream:75 - [STDERR_REDIRECT] 
2025-02-16 17:19:12,263 [ERROR] LogOutputStream:75 - [STDERR_REDIRECT] Feb 16, 2025 5:19:12 PM java.util.prefs.FileSystemPreferences checkLockFile0ErrorCode
2025-02-16 17:19:12,263 [ERROR] LogOutputStream:75 - [STDERR_REDIRECT] WARNING: Could not lock System prefs. Unix error code 2.
2025-02-16 17:19:12,263 [ERROR] LogOutputStream:75 - [STDERR_REDIRECT] 
2025-02-16 17:19:12,263 [ERROR] LogOutputStream:75 - [STDERR_REDIRECT] Feb 16, 2025 5:19:12 PM java.util.prefs.FileSystemPreferences syncWorld
2025-02-16 17:19:12,263 [ERROR] LogOutputStream:75 - [STDERR_REDIRECT] WARNING: Couldn't flush system prefs: java.util.prefs.BackingStoreException: Couldn't get file lock.
2025-02-16 17:19:12,263 [ERROR] LogOutputStream:75 - [STDERR_REDIRECT] 
2025-02-16 17:19:42,262 [ERROR] LogOutputStream:75 - [STDERR_REDIRECT] Feb 16, 2025 5:19:42 PM java.util.prefs.FileSystemPreferences checkLockFile0ErrorCode
2025-02-16 17:19:42,262 [ERROR] LogOutputStream:75 - [STDERR_REDIRECT] WARNING: Could not lock System prefs. Unix error code 2.
2025-02-16 17:19:42,262 [ERROR] LogOutputStream:75 - [STDERR_REDIRECT] 
2025-02-16 17:19:42,262 [ERROR] LogOutputStream:75 - [STDERR_REDIRECT] Feb 16, 2025 5:19:42 PM java.util.prefs.FileSystemPreferences syncWorld
2025-02-16 17:19:42,262 [ERROR] LogOutputStream:75 - [STDERR_REDIRECT] WARNING: Couldn't flush system prefs: java.util.prefs.BackingStoreException: Couldn't get file lock.
2025-02-16 17:19:42,262 [ERROR] LogOutputStream:75 - [STDERR_REDIRECT] 
2025-02-16 17:20:12,262 [ERROR] LogOutputStream:75 - [STDERR_REDIRECT] Feb 16, 2025 5:20:12 PM java.util.prefs.FileSystemPreferences checkLockFile0ErrorCode
2025-02-16 17:20:12,263 [ERROR] LogOutputStream:75 - [STDERR_REDIRECT] WARNING: Could not lock System prefs. Unix error code 2.
2025-02-16 17:20:12,263 [ERROR] LogOutputStream:75 - [STDERR_REDIRECT] 
2025-02-16 17:20:12,263 [ERROR] LogOutputStream:75 - [STDERR_REDIRECT] Feb 16, 2025 5:20:12 PM java.util.prefs.FileSystemPreferences syncWorld
2025-02-16 17:20:12,263 [ERROR] LogOutputStream:75 - [STDERR_REDIRECT] WARNING: Couldn't flush system prefs: java.util.prefs.BackingStoreException: Couldn't get file lock.
2025-02-16 17:20:12,263 [ERROR] LogOutputStream:75 - [STDERR_REDIRECT] 
2025-02-16 17:20:42,262 [ERROR] LogOutputStream:75 - [STDERR_REDIRECT] Feb 16, 2025 5:20:42 PM java.util.prefs.FileSystemPreferences checkLockFile0ErrorCode
2025-02-16 17:20:42,262 [ERROR] LogOutputStream:75 - [STDERR_REDIRECT] WARNING: Could not lock System prefs. Unix error code 2.
2025-02-16 17:20:42,262 [ERROR] LogOutputStream:75 - [STDERR_REDIRECT] 
2025-02-16 17:20:42,262 [ERROR] LogOutputStream:75 - [STDERR_REDIRECT] Feb 16, 2025 5:20:42 PM java.util.prefs.FileSystemPreferences syncWorld
2025-02-16 17:20:42,262 [ERROR] LogOutputStream:75 - [STDERR_REDIRECT] WARNING: Couldn't flush system prefs: java.util.prefs.BackingStoreException: Couldn't get file lock.
2025-02-16 17:20:42,262 [ERROR] LogOutputStream:75 - [STDERR_REDIRECT] 
2025-02-16 17:21:12,262 [ERROR] LogOutputStream:75 - [STDERR_REDIRECT] Feb 16, 2025 5:21:12 PM java.util.prefs.FileSystemPreferences checkLockFile0ErrorCode
2025-02-16 17:21:12,262 [ERROR] LogOutputStream:75 - [STDERR_REDIRECT] WARNING: Could not lock System prefs. Unix error code 2.
2025-02-16 17:21:12,262 [ERROR] LogOutputStream:75 - [STDERR_REDIRECT] 
2025-02-16 17:21:12,262 [ERROR] LogOutputStream:75 - [STDERR_REDIRECT] Feb 16, 2025 5:21:12 PM java.util.prefs.FileSystemPreferences syncWorld
2025-02-16 17:21:12,262 [ERROR] LogOutputStream:75 - [STDERR_REDIRECT] WARNING: Couldn't flush system prefs: java.util.prefs.BackingStoreException: Couldn't get file lock.
2025-02-16 17:21:12,262 [ERROR] LogOutputStream:75 - [STDERR_REDIRECT] 
2025-02-16 17:21:42,261 [ERROR] LogOutputStream:75 - [STDERR_REDIRECT] Feb 16, 2025 5:21:42 PM java.util.prefs.FileSystemPreferences checkLockFile0ErrorCode
2025-02-16 17:21:42,261 [ERROR] LogOutputStream:75 - [STDERR_REDIRECT] WARNING: Could not lock System prefs. Unix error code 2.
2025-02-16 17:21:42,262 [ERROR] LogOutputStream:75 - [STDERR_REDIRECT] 
2025-02-16 17:21:42,262 [ERROR] LogOutputStream:75 - [STDERR_REDIRECT] Feb 16, 2025 5:21:42 PM java.util.prefs.FileSystemPreferences syncWorld
2025-02-16 17:21:42,262 [ERROR] LogOutputStream:75 - [STDERR_REDIRECT] WARNING: Couldn't flush system prefs: java.util.prefs.BackingStoreException: Couldn't get file lock.
2025-02-16 17:21:42,262 [ERROR] LogOutputStream:75 - [STDERR_REDIRECT] 
2025-02-16 17:22:12,262 [ERROR] LogOutputStream:75 - [STDERR_REDIRECT] Feb 16, 2025 5:22:12 PM java.util.prefs.FileSystemPreferences checkLockFile0ErrorCode
2025-02-16 17:22:12,262 [ERROR] LogOutputStream:75 - [STDERR_REDIRECT] WARNING: Could not lock System prefs. Unix error code 2.
2025-02-16 17:22:12,262 [ERROR] LogOutputStream:75 - [STDERR_REDIRECT] 
2025-02-16 17:22:12,262 [ERROR] LogOutputStream:75 - [STDERR_REDIRECT] Feb 16, 2025 5:22:12 PM java.util.prefs.FileSystemPreferences syncWorld
2025-02-16 17:22:12,262 [ERROR] LogOutputStream:75 - [STDERR_REDIRECT] WARNING: Couldn't flush system prefs: java.util.prefs.BackingStoreException: Couldn't get file lock.
2025-02-16 17:22:12,262 [ERROR] LogOutputStream:75 - [STDERR_REDIRECT] 
2025-02-16 17:22:42,262 [ERROR] LogOutputStream:75 - [STDERR_REDIRECT] Feb 16, 2025 5:22:42 PM java.util.prefs.FileSystemPreferences checkLockFile0ErrorCode
2025-02-16 17:22:42,262 [ERROR] LogOutputStream:75 - [STDERR_REDIRECT] WARNING: Could not lock System prefs. Unix error code 2.
2025-02-16 17:22:42,262 [ERROR] LogOutputStream:75 - [STDERR_REDIRECT] 
2025-02-16 17:22:42,262 [ERROR] LogOutputStream:75 - [STDERR_REDIRECT] Feb 16, 2025 5:22:42 PM java.util.prefs.FileSystemPreferences syncWorld
2025-02-16 17:22:42,263 [ERROR] LogOutputStream:75 - [STDERR_REDIRECT] WARNING: Couldn't flush system prefs: java.util.prefs.BackingStoreException: Couldn't get file lock.
2025-02-16 17:22:42,263 [ERROR] LogOutputStream:75 - [STDERR_REDIRECT] 
2025-02-16 17:23:12,262 [ERROR] LogOutputStream:75 - [STDERR_REDIRECT] Feb 16, 2025 5:23:12 PM java.util.prefs.FileSystemPreferences checkLockFile0ErrorCode
2025-02-16 17:23:12,262 [ERROR] LogOutputStream:75 - [STDERR_REDIRECT] WARNING: Could not lock System prefs. Unix error code 2.
2025-02-16 17:23:12,262 [ERROR] LogOutputStream:75 - [STDERR_REDIRECT] 
2025-02-16 17:23:12,262 [ERROR] LogOutputStream:75 - [STDERR_REDIRECT] Feb 16, 2025 5:23:12 PM java.util.prefs.FileSystemPreferences syncWorld
2025-02-16 17:23:12,262 [ERROR] LogOutputStream:75 - [STDERR_REDIRECT] WARNING: Couldn't flush system prefs: java.util.prefs.BackingStoreException: Couldn't get file lock.
2025-02-16 17:23:12,262 [ERROR] LogOutputStream:75 - [STDERR_REDIRECT] 
2025-02-16 17:23:42,262 [ERROR] LogOutputStream:75 - [STDERR_REDIRECT] Feb 16, 2025 5:23:42 PM java.util.prefs.FileSystemPreferences checkLockFile0ErrorCode
2025-02-16 17:23:42,262 [ERROR] LogOutputStream:75 - [STDERR_REDIRECT] WARNING: Could not lock System prefs. Unix error code 2.
2025-02-16 17:23:42,262 [ERROR] LogOutputStream:75 - [STDERR_REDIRECT] 
2025-02-16 17:23:42,262 [ERROR] LogOutputStream:75 - [STDERR_REDIRECT] Feb 16, 2025 5:23:42 PM java.util.prefs.FileSystemPreferences syncWorld
2025-02-16 17:23:42,262 [ERROR] LogOutputStream:75 - [STDERR_REDIRECT] WARNING: Couldn't flush system prefs: java.util.prefs.BackingStoreException: Couldn't get file lock.
2025-02-16 17:23:42,262 [ERROR] LogOutputStream:75 - [STDERR_REDIRECT] 
2025-02-16 17:24:12,263 [ERROR] LogOutputStream:75 - [STDERR_REDIRECT] Feb 16, 2025 5:24:12 PM java.util.prefs.FileSystemPreferences checkLockFile0ErrorCode
2025-02-16 17:24:12,263 [ERROR] LogOutputStream:75 - [STDERR_REDIRECT] WARNING: Could not lock System prefs. Unix error code 2.
2025-02-16 17:24:12,263 [ERROR] LogOutputStream:75 - [STDERR_REDIRECT] 
2025-02-16 17:24:12,263 [ERROR] LogOutputStream:75 - [STDERR_REDIRECT] Feb 16, 2025 5:24:12 PM java.util.prefs.FileSystemPreferences syncWorld
2025-02-16 17:24:12,263 [ERROR] LogOutputStream:75 - [STDERR_REDIRECT] WARNING: Couldn't flush system prefs: java.util.prefs.BackingStoreException: Couldn't get file lock.
2025-02-16 17:24:12,263 [ERROR] LogOutputStream:75 - [STDERR_REDIRECT] 
2025-02-16 17:24:42,263 [ERROR] LogOutputStream:75 - [STDERR_REDIRECT] Feb 16, 2025 5:24:42 PM java.util.prefs.FileSystemPreferences checkLockFile0ErrorCode
2025-02-16 17:24:42,263 [ERROR] LogOutputStream:75 - [STDERR_REDIRECT] WARNING: Could not lock System prefs. Unix error code 2.
2025-02-16 17:24:42,263 [ERROR] LogOutputStream:75 - [STDERR_REDIRECT] 
2025-02-16 17:24:42,263 [ERROR] LogOutputStream:75 - [STDERR_REDIRECT] Feb 16, 2025 5:24:42 PM java.util.prefs.FileSystemPreferences syncWorld
2025-02-16 17:24:42,263 [ERROR] LogOutputStream:75 - [STDERR_REDIRECT] WARNING: Couldn't flush system prefs: java.util.prefs.BackingStoreException: Couldn't get file lock.
2025-02-16 17:24:42,263 [ERROR] LogOutputStream:75 - [STDERR_REDIRECT] 
2025-02-16 17:25:12,264 [ERROR] LogOutputStream:75 - [STDERR_REDIRECT] Feb 16, 2025 5:25:12 PM java.util.prefs.FileSystemPreferences checkLockFile0ErrorCode
2025-02-16 17:25:12,264 [ERROR] LogOutputStream:75 - [STDERR_REDIRECT] WARNING: Could not lock System prefs. Unix error code 2.
2025-02-16 17:25:12,264 [ERROR] LogOutputStream:75 - [STDERR_REDIRECT] 
2025-02-16 17:25:12,264 [ERROR] LogOutputStream:75 - [STDERR_REDIRECT] Feb 16, 2025 5:25:12 PM java.util.prefs.FileSystemPreferences syncWorld
2025-02-16 17:25:12,264 [ERROR] LogOutputStream:75 - [STDERR_REDIRECT] WARNING: Couldn't flush system prefs: java.util.prefs.BackingStoreException: Couldn't get file lock.
2025-02-16 17:25:12,264 [ERROR] LogOutputStream:75 - [STDERR_REDIRECT] 
2025-02-16 17:25:42,263 [ERROR] LogOutputStream:75 - [STDERR_REDIRECT] Feb 16, 2025 5:25:42 PM java.util.prefs.FileSystemPreferences checkLockFile0ErrorCode
2025-02-16 17:25:42,263 [ERROR] LogOutputStream:75 - [STDERR_REDIRECT] WARNING: Could not lock System prefs. Unix error code 2.
2025-02-16 17:25:42,263 [ERROR] LogOutputStream:75 - [STDERR_REDIRECT] 
2025-02-16 17:25:42,263 [ERROR] LogOutputStream:75 - [STDERR_REDIRECT] Feb 16, 2025 5:25:42 PM java.util.prefs.FileSystemPreferences syncWorld
2025-02-16 17:25:42,263 [ERROR] LogOutputStream:75 - [STDERR_REDIRECT] WARNING: Couldn't flush system prefs: java.util.prefs.BackingStoreException: Couldn't get file lock.
2025-02-16 17:25:42,263 [ERROR] LogOutputStream:75 - [STDERR_REDIRECT] 
2025-02-16 17:26:12,264 [ERROR] LogOutputStream:75 - [STDERR_REDIRECT] Feb 16, 2025 5:26:12 PM java.util.prefs.FileSystemPreferences checkLockFile0ErrorCode
2025-02-16 17:26:12,264 [ERROR] LogOutputStream:75 - [STDERR_REDIRECT] WARNING: Could not lock System prefs. Unix error code 2.
2025-02-16 17:26:12,264 [ERROR] LogOutputStream:75 - [STDERR_REDIRECT] 
2025-02-16 17:26:12,264 [ERROR] LogOutputStream:75 - [STDERR_REDIRECT] Feb 16, 2025 5:26:12 PM java.util.prefs.FileSystemPreferences syncWorld
2025-02-16 17:26:12,264 [ERROR] LogOutputStream:75 - [STDERR_REDIRECT] WARNING: Couldn't flush system prefs: java.util.prefs.BackingStoreException: Couldn't get file lock.
2025-02-16 17:26:12,264 [ERROR] LogOutputStream:75 - [STDERR_REDIRECT] 
2025-02-16 17:26:42,264 [ERROR] LogOutputStream:75 - [STDERR_REDIRECT] Feb 16, 2025 5:26:42 PM java.util.prefs.FileSystemPreferences checkLockFile0ErrorCode
2025-02-16 17:26:42,264 [ERROR] LogOutputStream:75 - [STDERR_REDIRECT] WARNING: Could not lock System prefs. Unix error code 2.
2025-02-16 17:26:42,264 [ERROR] LogOutputStream:75 - [STDERR_REDIRECT] 
2025-02-16 17:26:42,264 [ERROR] LogOutputStream:75 - [STDERR_REDIRECT] Feb 16, 2025 5:26:42 PM java.util.prefs.FileSystemPreferences syncWorld
2025-02-16 17:26:42,264 [ERROR] LogOutputStream:75 - [STDERR_REDIRECT] WARNING: Couldn't flush system prefs: java.util.prefs.BackingStoreException: Couldn't get file lock.
2025-02-16 17:26:42,264 [ERROR] LogOutputStream:75 - [STDERR_REDIRECT] 
2025-02-16 17:27:12,264 [ERROR] LogOutputStream:75 - [STDERR_REDIRECT] Feb 16, 2025 5:27:12 PM java.util.prefs.FileSystemPreferences checkLockFile0ErrorCode
2025-02-16 17:27:12,265 [ERROR] LogOutputStream:75 - [STDERR_REDIRECT] WARNING: Could not lock System prefs. Unix error code 2.
2025-02-16 17:27:12,265 [ERROR] LogOutputStream:75 - [STDERR_REDIRECT] 
2025-02-16 17:27:12,265 [ERROR] LogOutputStream:75 - [STDERR_REDIRECT] Feb 16, 2025 5:27:12 PM java.util.prefs.FileSystemPreferences syncWorld
2025-02-16 17:27:12,265 [ERROR] LogOutputStream:75 - [STDERR_REDIRECT] WARNING: Couldn't flush system prefs: java.util.prefs.BackingStoreException: Couldn't get file lock.
2025-02-16 17:27:12,265 [ERROR] LogOutputStream:75 - [STDERR_REDIRECT] 
2025-02-16 17:27:42,264 [ERROR] LogOutputStream:75 - [STDERR_REDIRECT] Feb 16, 2025 5:27:42 PM java.util.prefs.FileSystemPreferences checkLockFile0ErrorCode
2025-02-16 17:27:42,264 [ERROR] LogOutputStream:75 - [STDERR_REDIRECT] WARNING: Could not lock System prefs. Unix error code 2.
2025-02-16 17:27:42,264 [ERROR] LogOutputStream:75 - [STDERR_REDIRECT] 
2025-02-16 17:27:42,264 [ERROR] LogOutputStream:75 - [STDERR_REDIRECT] Feb 16, 2025 5:27:42 PM java.util.prefs.FileSystemPreferences syncWorld
2025-02-16 17:27:42,264 [ERROR] LogOutputStream:75 - [STDERR_REDIRECT] WARNING: Couldn't flush system prefs: java.util.prefs.BackingStoreException: Couldn't get file lock.
2025-02-16 17:27:42,264 [ERROR] LogOutputStream:75 - [STDERR_REDIRECT] 
2025-02-16 17:28:12,264 [ERROR] LogOutputStream:75 - [STDERR_REDIRECT] Feb 16, 2025 5:28:12 PM java.util.prefs.FileSystemPreferences checkLockFile0ErrorCode
2025-02-16 17:28:12,264 [ERROR] LogOutputStream:75 - [STDERR_REDIRECT] WARNING: Could not lock System prefs. Unix error code 2.
2025-02-16 17:28:12,264 [ERROR] LogOutputStream:75 - [STDERR_REDIRECT] 
2025-02-16 17:28:12,264 [ERROR] LogOutputStream:75 - [STDERR_REDIRECT] Feb 16, 2025 5:28:12 PM java.util.prefs.FileSystemPreferences syncWorld
2025-02-16 17:28:12,264 [ERROR] LogOutputStream:75 - [STDERR_REDIRECT] WARNING: Couldn't flush system prefs: java.util.prefs.BackingStoreException: Couldn't get file lock.
2025-02-16 17:28:12,264 [ERROR] LogOutputStream:75 - [STDERR_REDIRECT] 
2025-02-16 17:28:42,264 [ERROR] LogOutputStream:75 - [STDERR_REDIRECT] Feb 16, 2025 5:28:42 PM java.util.prefs.FileSystemPreferences checkLockFile0ErrorCode
2025-02-16 17:28:42,264 [ERROR] LogOutputStream:75 - [STDERR_REDIRECT] WARNING: Could not lock System prefs. Unix error code 2.
2025-02-16 17:28:42,264 [ERROR] LogOutputStream:75 - [STDERR_REDIRECT] 
2025-02-16 17:28:42,264 [ERROR] LogOutputStream:75 - [STDERR_REDIRECT] Feb 16, 2025 5:28:42 PM java.util.prefs.FileSystemPreferences syncWorld
2025-02-16 17:28:42,264 [ERROR] LogOutputStream:75 - [STDERR_REDIRECT] WARNING: Couldn't flush system prefs: java.util.prefs.BackingStoreException: Couldn't get file lock.
2025-02-16 17:28:42,264 [ERROR] LogOutputStream:75 - [STDERR_REDIRECT] 
2025-02-16 17:29:12,264 [ERROR] LogOutputStream:75 - [STDERR_REDIRECT] Feb 16, 2025 5:29:12 PM java.util.prefs.FileSystemPreferences checkLockFile0ErrorCode
2025-02-16 17:29:12,264 [ERROR] LogOutputStream:75 - [STDERR_REDIRECT] WARNING: Could not lock System prefs. Unix error code 2.
2025-02-16 17:29:12,264 [ERROR] LogOutputStream:75 - [STDERR_REDIRECT] 
2025-02-16 17:29:12,264 [ERROR] LogOutputStream:75 - [STDERR_REDIRECT] Feb 16, 2025 5:29:12 PM java.util.prefs.FileSystemPreferences syncWorld
2025-02-16 17:29:12,264 [ERROR] LogOutputStream:75 - [STDERR_REDIRECT] WARNING: Couldn't flush system prefs: java.util.prefs.BackingStoreException: Couldn't get file lock.
2025-02-16 17:29:12,264 [ERROR] LogOutputStream:75 - [STDERR_REDIRECT] 
2025-02-16 17:29:42,264 [ERROR] LogOutputStream:75 - [STDERR_REDIRECT] Feb 16, 2025 5:29:42 PM java.util.prefs.FileSystemPreferences checkLockFile0ErrorCode
2025-02-16 17:29:42,265 [ERROR] LogOutputStream:75 - [STDERR_REDIRECT] WARNING: Could not lock System prefs. Unix error code 2.
2025-02-16 17:29:42,265 [ERROR] LogOutputStream:75 - [STDERR_REDIRECT] 
2025-02-16 17:29:42,265 [ERROR] LogOutputStream:75 - [STDERR_REDIRECT] Feb 16, 2025 5:29:42 PM java.util.prefs.FileSystemPreferences syncWorld
2025-02-16 17:29:42,265 [ERROR] LogOutputStream:75 - [STDERR_REDIRECT] WARNING: Couldn't flush system prefs: java.util.prefs.BackingStoreException: Couldn't get file lock.
2025-02-16 17:29:42,265 [ERROR] LogOutputStream:75 - [STDERR_REDIRECT] 
2025-02-16 17:30:12,264 [ERROR] LogOutputStream:75 - [STDERR_REDIRECT] Feb 16, 2025 5:30:12 PM java.util.prefs.FileSystemPreferences checkLockFile0ErrorCode
2025-02-16 17:30:12,264 [ERROR] LogOutputStream:75 - [STDERR_REDIRECT] WARNING: Could not lock System prefs. Unix error code 2.
2025-02-16 17:30:12,271 [ERROR] LogOutputStream:75 - [STDERR_REDIRECT] 
2025-02-16 17:30:12,271 [ERROR] LogOutputStream:75 - [STDERR_REDIRECT] Feb 16, 2025 5:30:12 PM java.util.prefs.FileSystemPreferences syncWorld
2025-02-16 17:30:12,271 [ERROR] LogOutputStream:75 - [STDERR_REDIRECT] WARNING: Couldn't flush system prefs: java.util.prefs.BackingStoreException: Couldn't get file lock.
2025-02-16 17:30:12,271 [ERROR] LogOutputStream:75 - [STDERR_REDIRECT] 
2025-02-16 17:30:42,264 [ERROR] LogOutputStream:75 - [STDERR_REDIRECT] Feb 16, 2025 5:30:42 PM java.util.prefs.FileSystemPreferences checkLockFile0ErrorCode
2025-02-16 17:30:42,264 [ERROR] LogOutputStream:75 - [STDERR_REDIRECT] WARNING: Could not lock System prefs. Unix error code 2.
2025-02-16 17:30:42,264 [ERROR] LogOutputStream:75 - [STDERR_REDIRECT] 
2025-02-16 17:30:42,264 [ERROR] LogOutputStream:75 - [STDERR_REDIRECT] Feb 16, 2025 5:30:42 PM java.util.prefs.FileSystemPreferences syncWorld
2025-02-16 17:30:42,264 [ERROR] LogOutputStream:75 - [STDERR_REDIRECT] WARNING: Couldn't flush system prefs: java.util.prefs.BackingStoreException: Couldn't get file lock.
2025-02-16 17:30:42,264 [ERROR] LogOutputStream:75 - [STDERR_REDIRECT] 
2025-02-16 17:31:12,264 [ERROR] LogOutputStream:75 - [STDERR_REDIRECT] Feb 16, 2025 5:31:12 PM java.util.prefs.FileSystemPreferences checkLockFile0ErrorCode
2025-02-16 17:31:12,264 [ERROR] LogOutputStream:75 - [STDERR_REDIRECT] WARNING: Could not lock System prefs. Unix error code 2.
2025-02-16 17:31:12,264 [ERROR] LogOutputStream:75 - [STDERR_REDIRECT] 
2025-02-16 17:31:12,265 [ERROR] LogOutputStream:75 - [STDERR_REDIRECT] Feb 16, 2025 5:31:12 PM java.util.prefs.FileSystemPreferences syncWorld
2025-02-16 17:31:12,265 [ERROR] LogOutputStream:75 - [STDERR_REDIRECT] WARNING: Couldn't flush system prefs: java.util.prefs.BackingStoreException: Couldn't get file lock.
2025-02-16 17:31:12,265 [ERROR] LogOutputStream:75 - [STDERR_REDIRECT] 
2025-02-16 17:31:42,264 [ERROR] LogOutputStream:75 - [STDERR_REDIRECT] Feb 16, 2025 5:31:42 PM java.util.prefs.FileSystemPreferences checkLockFile0ErrorCode
2025-02-16 17:31:42,264 [ERROR] LogOutputStream:75 - [STDERR_REDIRECT] WARNING: Could not lock System prefs. Unix error code 2.
2025-02-16 17:31:42,264 [ERROR] LogOutputStream:75 - [STDERR_REDIRECT] 
2025-02-16 17:31:42,264 [ERROR] LogOutputStream:75 - [STDERR_REDIRECT] Feb 16, 2025 5:31:42 PM java.util.prefs.FileSystemPreferences syncWorld
2025-02-16 17:31:42,264 [ERROR] LogOutputStream:75 - [STDERR_REDIRECT] WARNING: Couldn't flush system prefs: java.util.prefs.BackingStoreException: Couldn't get file lock.
2025-02-16 17:31:42,264 [ERROR] LogOutputStream:75 - [STDERR_REDIRECT] 
2025-02-16 17:32:12,264 [ERROR] LogOutputStream:75 - [STDERR_REDIRECT] Feb 16, 2025 5:32:12 PM java.util.prefs.FileSystemPreferences checkLockFile0ErrorCode
2025-02-16 17:32:12,264 [ERROR] LogOutputStream:75 - [STDERR_REDIRECT] WARNING: Could not lock System prefs. Unix error code 2.
2025-02-16 17:32:12,264 [ERROR] LogOutputStream:75 - [STDERR_REDIRECT] 
2025-02-16 17:32:12,264 [ERROR] LogOutputStream:75 - [STDERR_REDIRECT] Feb 16, 2025 5:32:12 PM java.util.prefs.FileSystemPreferences syncWorld
2025-02-16 17:32:12,264 [ERROR] LogOutputStream:75 - [STDERR_REDIRECT] WARNING: Couldn't flush system prefs: java.util.prefs.BackingStoreException: Couldn't get file lock.
2025-02-16 17:32:12,264 [ERROR] LogOutputStream:75 - [STDERR_REDIRECT] 
2025-02-16 17:32:42,264 [ERROR] LogOutputStream:75 - [STDERR_REDIRECT] Feb 16, 2025 5:32:42 PM java.util.prefs.FileSystemPreferences checkLockFile0ErrorCode
2025-02-16 17:32:42,264 [ERROR] LogOutputStream:75 - [STDERR_REDIRECT] WARNING: Could not lock System prefs. Unix error code 2.
2025-02-16 17:32:42,264 [ERROR] LogOutputStream:75 - [STDERR_REDIRECT] 
2025-02-16 17:32:42,264 [ERROR] LogOutputStream:75 - [STDERR_REDIRECT] Feb 16, 2025 5:32:42 PM java.util.prefs.FileSystemPreferences syncWorld
2025-02-16 17:32:42,264 [ERROR] LogOutputStream:75 - [STDERR_REDIRECT] WARNING: Couldn't flush system prefs: java.util.prefs.BackingStoreException: Couldn't get file lock.
2025-02-16 17:32:42,264 [ERROR] LogOutputStream:75 - [STDERR_REDIRECT] 
2025-02-16 17:33:12,264 [ERROR] LogOutputStream:75 - [STDERR_REDIRECT] Feb 16, 2025 5:33:12 PM java.util.prefs.FileSystemPreferences checkLockFile0ErrorCode
2025-02-16 17:33:12,264 [ERROR] LogOutputStream:75 - [STDERR_REDIRECT] WARNING: Could not lock System prefs. Unix error code 2.
2025-02-16 17:33:12,265 [ERROR] LogOutputStream:75 - [STDERR_REDIRECT] 
2025-02-16 17:33:12,265 [ERROR] LogOutputStream:75 - [STDERR_REDIRECT] Feb 16, 2025 5:33:12 PM java.util.prefs.FileSystemPreferences syncWorld
2025-02-16 17:33:12,265 [ERROR] LogOutputStream:75 - [STDERR_REDIRECT] WARNING: Couldn't flush system prefs: java.util.prefs.BackingStoreException: Couldn't get file lock.
2025-02-16 17:33:12,265 [ERROR] LogOutputStream:75 - [STDERR_REDIRECT] 
2025-02-16 17:33:42,264 [ERROR] LogOutputStream:75 - [STDERR_REDIRECT] Feb 16, 2025 5:33:42 PM java.util.prefs.FileSystemPreferences checkLockFile0ErrorCode
2025-02-16 17:33:42,264 [ERROR] LogOutputStream:75 - [STDERR_REDIRECT] WARNING: Could not lock System prefs. Unix error code 2.
2025-02-16 17:33:42,264 [ERROR] LogOutputStream:75 - [STDERR_REDIRECT] 
2025-02-16 17:33:42,264 [ERROR] LogOutputStream:75 - [STDERR_REDIRECT] Feb 16, 2025 5:33:42 PM java.util.prefs.FileSystemPreferences syncWorld
2025-02-16 17:33:42,264 [ERROR] LogOutputStream:75 - [STDERR_REDIRECT] WARNING: Couldn't flush system prefs: java.util.prefs.BackingStoreException: Couldn't get file lock.
2025-02-16 17:33:42,264 [ERROR] LogOutputStream:75 - [STDERR_REDIRECT] 
2025-02-16 17:34:12,264 [ERROR] LogOutputStream:75 - [STDERR_REDIRECT] Feb 16, 2025 5:34:12 PM java.util.prefs.FileSystemPreferences checkLockFile0ErrorCode
2025-02-16 17:34:12,264 [ERROR] LogOutputStream:75 - [STDERR_REDIRECT] WARNING: Could not lock System prefs. Unix error code 2.
2025-02-16 17:34:12,264 [ERROR] LogOutputStream:75 - [STDERR_REDIRECT] 
2025-02-16 17:34:12,264 [ERROR] LogOutputStream:75 - [STDERR_REDIRECT] Feb 16, 2025 5:34:12 PM java.util.prefs.FileSystemPreferences syncWorld
2025-02-16 17:34:12,264 [ERROR] LogOutputStream:75 - [STDERR_REDIRECT] WARNING: Couldn't flush system prefs: java.util.prefs.BackingStoreException: Couldn't get file lock.
2025-02-16 17:34:12,264 [ERROR] LogOutputStream:75 - [STDERR_REDIRECT] 
2025-02-16 17:34:42,265 [ERROR] LogOutputStream:75 - [STDERR_REDIRECT] Feb 16, 2025 5:34:42 PM java.util.prefs.FileSystemPreferences checkLockFile0ErrorCode
2025-02-16 17:34:42,265 [ERROR] LogOutputStream:75 - [STDERR_REDIRECT] WARNING: Could not lock System prefs. Unix error code 2.
2025-02-16 17:34:42,265 [ERROR] LogOutputStream:75 - [STDERR_REDIRECT] 
2025-02-16 17:34:42,265 [ERROR] LogOutputStream:75 - [STDERR_REDIRECT] Feb 16, 2025 5:34:42 PM java.util.prefs.FileSystemPreferences syncWorld
2025-02-16 17:34:42,265 [ERROR] LogOutputStream:75 - [STDERR_REDIRECT] WARNING: Couldn't flush system prefs: java.util.prefs.BackingStoreException: Couldn't get file lock.
2025-02-16 17:34:42,265 [ERROR] LogOutputStream:75 - [STDERR_REDIRECT] 
2025-02-16 17:35:12,265 [ERROR] LogOutputStream:75 - [STDERR_REDIRECT] Feb 16, 2025 5:35:12 PM java.util.prefs.FileSystemPreferences checkLockFile0ErrorCode
2025-02-16 17:35:12,265 [ERROR] LogOutputStream:75 - [STDERR_REDIRECT] WARNING: Could not lock System prefs. Unix error code 2.
2025-02-16 17:35:12,265 [ERROR] LogOutputStream:75 - [STDERR_REDIRECT] 
2025-02-16 17:35:12,265 [ERROR] LogOutputStream:75 - [STDERR_REDIRECT] Feb 16, 2025 5:35:12 PM java.util.prefs.FileSystemPreferences syncWorld
2025-02-16 17:35:12,265 [ERROR] LogOutputStream:75 - [STDERR_REDIRECT] WARNING: Couldn't flush system prefs: java.util.prefs.BackingStoreException: Couldn't get file lock.
2025-02-16 17:35:12,265 [ERROR] LogOutputStream:75 - [STDERR_REDIRECT] 
2025-02-16 17:35:42,266 [ERROR] LogOutputStream:75 - [STDERR_REDIRECT] Feb 16, 2025 5:35:42 PM java.util.prefs.FileSystemPreferences checkLockFile0ErrorCode
2025-02-16 17:35:42,266 [ERROR] LogOutputStream:75 - [STDERR_REDIRECT] WARNING: Could not lock System prefs. Unix error code 2.
2025-02-16 17:35:42,266 [ERROR] LogOutputStream:75 - [STDERR_REDIRECT] 
2025-02-16 17:35:42,266 [ERROR] LogOutputStream:75 - [STDERR_REDIRECT] Feb 16, 2025 5:35:42 PM java.util.prefs.FileSystemPreferences syncWorld
2025-02-16 17:35:42,266 [ERROR] LogOutputStream:75 - [STDERR_REDIRECT] WARNING: Couldn't flush system prefs: java.util.prefs.BackingStoreException: Couldn't get file lock.
2025-02-16 17:35:42,266 [ERROR] LogOutputStream:75 - [STDERR_REDIRECT] 
2025-02-16 17:36:12,265 [ERROR] LogOutputStream:75 - [STDERR_REDIRECT] Feb 16, 2025 5:36:12 PM java.util.prefs.FileSystemPreferences checkLockFile0ErrorCode
2025-02-16 17:36:12,265 [ERROR] LogOutputStream:75 - [STDERR_REDIRECT] WARNING: Could not lock System prefs. Unix error code 2.
2025-02-16 17:36:12,265 [ERROR] LogOutputStream:75 - [STDERR_REDIRECT] 
2025-02-16 17:36:12,265 [ERROR] LogOutputStream:75 - [STDERR_REDIRECT] Feb 16, 2025 5:36:12 PM java.util.prefs.FileSystemPreferences syncWorld
2025-02-16 17:36:12,265 [ERROR] LogOutputStream:75 - [STDERR_REDIRECT] WARNING: Couldn't flush system prefs: java.util.prefs.BackingStoreException: Couldn't get file lock.
2025-02-16 17:36:12,265 [ERROR] LogOutputStream:75 - [STDERR_REDIRECT] 
2025-02-16 17:36:42,265 [ERROR] LogOutputStream:75 - [STDERR_REDIRECT] Feb 16, 2025 5:36:42 PM java.util.prefs.FileSystemPreferences checkLockFile0ErrorCode
2025-02-16 17:36:42,265 [ERROR] LogOutputStream:75 - [STDERR_REDIRECT] WARNING: Could not lock System prefs. Unix error code 2.
2025-02-16 17:36:42,265 [ERROR] LogOutputStream:75 - [STDERR_REDIRECT] 
2025-02-16 17:36:42,266 [ERROR] LogOutputStream:75 - [STDERR_REDIRECT] Feb 16, 2025 5:36:42 PM java.util.prefs.FileSystemPreferences syncWorld
2025-02-16 17:36:42,266 [ERROR] LogOutputStream:75 - [STDERR_REDIRECT] WARNING: Couldn't flush system prefs: java.util.prefs.BackingStoreException: Couldn't get file lock.
2025-02-16 17:36:42,266 [ERROR] LogOutputStream:75 - [STDERR_REDIRECT] 
2025-02-16 17:37:12,265 [ERROR] LogOutputStream:75 - [STDERR_REDIRECT] Feb 16, 2025 5:37:12 PM java.util.prefs.FileSystemPreferences checkLockFile0ErrorCode
2025-02-16 17:37:12,265 [ERROR] LogOutputStream:75 - [STDERR_REDIRECT] WARNING: Could not lock System prefs. Unix error code 2.
2025-02-16 17:37:12,265 [ERROR] LogOutputStream:75 - [STDERR_REDIRECT] 
2025-02-16 17:37:12,265 [ERROR] LogOutputStream:75 - [STDERR_REDIRECT] Feb 16, 2025 5:37:12 PM java.util.prefs.FileSystemPreferences syncWorld
2025-02-16 17:37:12,265 [ERROR] LogOutputStream:75 - [STDERR_REDIRECT] WARNING: Couldn't flush system prefs: java.util.prefs.BackingStoreException: Couldn't get file lock.
2025-02-16 17:37:12,265 [ERROR] LogOutputStream:75 - [STDERR_REDIRECT] 
2025-02-16 17:37:42,265 [ERROR] LogOutputStream:75 - [STDERR_REDIRECT] Feb 16, 2025 5:37:42 PM java.util.prefs.FileSystemPreferences checkLockFile0ErrorCode
2025-02-16 17:37:42,265 [ERROR] LogOutputStream:75 - [STDERR_REDIRECT] WARNING: Could not lock System prefs. Unix error code 2.
2025-02-16 17:37:42,265 [ERROR] LogOutputStream:75 - [STDERR_REDIRECT] 
2025-02-16 17:37:42,265 [ERROR] LogOutputStream:75 - [STDERR_REDIRECT] Feb 16, 2025 5:37:42 PM java.util.prefs.FileSystemPreferences syncWorld
2025-02-16 17:37:42,265 [ERROR] LogOutputStream:75 - [STDERR_REDIRECT] WARNING: Couldn't flush system prefs: java.util.prefs.BackingStoreException: Couldn't get file lock.
2025-02-16 17:37:42,265 [ERROR] LogOutputStream:75 - [STDERR_REDIRECT] 
2025-02-16 17:38:12,265 [ERROR] LogOutputStream:75 - [STDERR_REDIRECT] Feb 16, 2025 5:38:12 PM java.util.prefs.FileSystemPreferences checkLockFile0ErrorCode
2025-02-16 17:38:12,265 [ERROR] LogOutputStream:75 - [STDERR_REDIRECT] WARNING: Could not lock System prefs. Unix error code 2.
2025-02-16 17:38:12,266 [ERROR] LogOutputStream:75 - [STDERR_REDIRECT] 
2025-02-16 17:38:12,266 [ERROR] LogOutputStream:75 - [STDERR_REDIRECT] Feb 16, 2025 5:38:12 PM java.util.prefs.FileSystemPreferences syncWorld
2025-02-16 17:38:12,266 [ERROR] LogOutputStream:75 - [STDERR_REDIRECT] WARNING: Couldn't flush system prefs: java.util.prefs.BackingStoreException: Couldn't get file lock.
2025-02-16 17:38:12,266 [ERROR] LogOutputStream:75 - [STDERR_REDIRECT] 
2025-02-16 17:38:42,266 [ERROR] LogOutputStream:75 - [STDERR_REDIRECT] Feb 16, 2025 5:38:42 PM java.util.prefs.FileSystemPreferences checkLockFile0ErrorCode
2025-02-16 17:38:42,266 [ERROR] LogOutputStream:75 - [STDERR_REDIRECT] WARNING: Could not lock System prefs. Unix error code 2.
2025-02-16 17:38:42,266 [ERROR] LogOutputStream:75 - [STDERR_REDIRECT] 
2025-02-16 17:38:42,266 [ERROR] LogOutputStream:75 - [STDERR_REDIRECT] Feb 16, 2025 5:38:42 PM java.util.prefs.FileSystemPreferences syncWorld
2025-02-16 17:38:42,266 [ERROR] LogOutputStream:75 - [STDERR_REDIRECT] WARNING: Couldn't flush system prefs: java.util.prefs.BackingStoreException: Couldn't get file lock.
2025-02-16 17:38:42,266 [ERROR] LogOutputStream:75 - [STDERR_REDIRECT] 
2025-02-16 17:39:12,266 [ERROR] LogOutputStream:75 - [STDERR_REDIRECT] Feb 16, 2025 5:39:12 PM java.util.prefs.FileSystemPreferences checkLockFile0ErrorCode
2025-02-16 17:39:12,266 [ERROR] LogOutputStream:75 - [STDERR_REDIRECT] WARNING: Could not lock System prefs. Unix error code 2.
2025-02-16 17:39:12,266 [ERROR] LogOutputStream:75 - [STDERR_REDIRECT] 
2025-02-16 17:39:12,266 [ERROR] LogOutputStream:75 - [STDERR_REDIRECT] Feb 16, 2025 5:39:12 PM java.util.prefs.FileSystemPreferences syncWorld
2025-02-16 17:39:12,267 [ERROR] LogOutputStream:75 - [STDERR_REDIRECT] WARNING: Couldn't flush system prefs: java.util.prefs.BackingStoreException: Couldn't get file lock.
2025-02-16 17:39:12,267 [ERROR] LogOutputStream:75 - [STDERR_REDIRECT] 
2025-02-16 17:39:42,266 [ERROR] LogOutputStream:75 - [STDERR_REDIRECT] Feb 16, 2025 5:39:42 PM java.util.prefs.FileSystemPreferences checkLockFile0ErrorCode
2025-02-16 17:39:42,266 [ERROR] LogOutputStream:75 - [STDERR_REDIRECT] WARNING: Could not lock System prefs. Unix error code 2.
2025-02-16 17:39:42,266 [ERROR] LogOutputStream:75 - [STDERR_REDIRECT] 
2025-02-16 17:39:42,266 [ERROR] LogOutputStream:75 - [STDERR_REDIRECT] Feb 16, 2025 5:39:42 PM java.util.prefs.FileSystemPreferences syncWorld
2025-02-16 17:39:42,266 [ERROR] LogOutputStream:75 - [STDERR_REDIRECT] WARNING: Couldn't flush system prefs: java.util.prefs.BackingStoreException: Couldn't get file lock.
2025-02-16 17:39:42,266 [ERROR] LogOutputStream:75 - [STDERR_REDIRECT] 
2025-02-16 17:40:12,266 [ERROR] LogOutputStream:75 - [STDERR_REDIRECT] Feb 16, 2025 5:40:12 PM java.util.prefs.FileSystemPreferences checkLockFile0ErrorCode
2025-02-16 17:40:12,266 [ERROR] LogOutputStream:75 - [STDERR_REDIRECT] WARNING: Could not lock System prefs. Unix error code 2.
2025-02-16 17:40:12,273 [ERROR] LogOutputStream:75 - [STDERR_REDIRECT] 
2025-02-16 17:40:12,273 [ERROR] LogOutputStream:75 - [STDERR_REDIRECT] Feb 16, 2025 5:40:12 PM java.util.prefs.FileSystemPreferences syncWorld
2025-02-16 17:40:12,273 [ERROR] LogOutputStream:75 - [STDERR_REDIRECT] WARNING: Couldn't flush system prefs: java.util.prefs.BackingStoreException: Couldn't get file lock.
2025-02-16 17:40:12,273 [ERROR] LogOutputStream:75 - [STDERR_REDIRECT] 
2025-02-16 17:40:42,266 [ERROR] LogOutputStream:75 - [STDERR_REDIRECT] Feb 16, 2025 5:40:42 PM java.util.prefs.FileSystemPreferences checkLockFile0ErrorCode
2025-02-16 17:40:42,266 [ERROR] LogOutputStream:75 - [STDERR_REDIRECT] WARNING: Could not lock System prefs. Unix error code 2.
2025-02-16 17:40:42,266 [ERROR] LogOutputStream:75 - [STDERR_REDIRECT] 
2025-02-16 17:40:42,266 [ERROR] LogOutputStream:75 - [STDERR_REDIRECT] Feb 16, 2025 5:40:42 PM java.util.prefs.FileSystemPreferences syncWorld
2025-02-16 17:40:42,266 [ERROR] LogOutputStream:75 - [STDERR_REDIRECT] WARNING: Couldn't flush system prefs: java.util.prefs.BackingStoreException: Couldn't get file lock.
2025-02-16 17:40:42,266 [ERROR] LogOutputStream:75 - [STDERR_REDIRECT] 
2025-02-16 17:41:12,266 [ERROR] LogOutputStream:75 - [STDERR_REDIRECT] Feb 16, 2025 5:41:12 PM java.util.prefs.FileSystemPreferences checkLockFile0ErrorCode
2025-02-16 17:41:12,266 [ERROR] LogOutputStream:75 - [STDERR_REDIRECT] WARNING: Could not lock System prefs. Unix error code 2.
2025-02-16 17:41:12,266 [ERROR] LogOutputStream:75 - [STDERR_REDIRECT] 
2025-02-16 17:41:12,266 [ERROR] LogOutputStream:75 - [STDERR_REDIRECT] Feb 16, 2025 5:41:12 PM java.util.prefs.FileSystemPreferences syncWorld
2025-02-16 17:41:12,266 [ERROR] LogOutputStream:75 - [STDERR_REDIRECT] WARNING: Couldn't flush system prefs: java.util.prefs.BackingStoreException: Couldn't get file lock.
2025-02-16 17:41:12,266 [ERROR] LogOutputStream:75 - [STDERR_REDIRECT] 
2025-02-16 17:41:42,267 [ERROR] LogOutputStream:75 - [STDERR_REDIRECT] Feb 16, 2025 5:41:42 PM java.util.prefs.FileSystemPreferences checkLockFile0ErrorCode
2025-02-16 17:41:42,267 [ERROR] LogOutputStream:75 - [STDERR_REDIRECT] WARNING: Could not lock System prefs. Unix error code 2.
2025-02-16 17:41:42,267 [ERROR] LogOutputStream:75 - [STDERR_REDIRECT] 
2025-02-16 17:41:42,267 [ERROR] LogOutputStream:75 - [STDERR_REDIRECT] Feb 16, 2025 5:41:42 PM java.util.prefs.FileSystemPreferences syncWorld
2025-02-16 17:41:42,267 [ERROR] LogOutputStream:75 - [STDERR_REDIRECT] WARNING: Couldn't flush system prefs: java.util.prefs.BackingStoreException: Couldn't get file lock.
2025-02-16 17:41:42,267 [ERROR] LogOutputStream:75 - [STDERR_REDIRECT] 
2025-02-16 17:42:12,267 [ERROR] LogOutputStream:75 - [STDERR_REDIRECT] Feb 16, 2025 5:42:12 PM java.util.prefs.FileSystemPreferences checkLockFile0ErrorCode
2025-02-16 17:42:12,267 [ERROR] LogOutputStream:75 - [STDERR_REDIRECT] WARNING: Could not lock System prefs. Unix error code 2.
2025-02-16 17:42:12,267 [ERROR] LogOutputStream:75 - [STDERR_REDIRECT] 
2025-02-16 17:42:12,267 [ERROR] LogOutputStream:75 - [STDERR_REDIRECT] Feb 16, 2025 5:42:12 PM java.util.prefs.FileSystemPreferences syncWorld
2025-02-16 17:42:12,267 [ERROR] LogOutputStream:75 - [STDERR_REDIRECT] WARNING: Couldn't flush system prefs: java.util.prefs.BackingStoreException: Couldn't get file lock.
2025-02-16 17:42:12,267 [ERROR] LogOutputStream:75 - [STDERR_REDIRECT] 
2025-02-16 17:42:42,268 [ERROR] LogOutputStream:75 - [STDERR_REDIRECT] Feb 16, 2025 5:42:42 PM java.util.prefs.FileSystemPreferences checkLockFile0ErrorCode
2025-02-16 17:42:42,268 [ERROR] LogOutputStream:75 - [STDERR_REDIRECT] WARNING: Could not lock System prefs. Unix error code 2.
2025-02-16 17:42:42,274 [ERROR] LogOutputStream:75 - [STDERR_REDIRECT] 
2025-02-16 17:42:42,274 [ERROR] LogOutputStream:75 - [STDERR_REDIRECT] Feb 16, 2025 5:42:42 PM java.util.prefs.FileSystemPreferences syncWorld
2025-02-16 17:42:42,274 [ERROR] LogOutputStream:75 - [STDERR_REDIRECT] WARNING: Couldn't flush system prefs: java.util.prefs.BackingStoreException: Couldn't get file lock.
2025-02-16 17:42:42,275 [ERROR] LogOutputStream:75 - [STDERR_REDIRECT] 
2025-02-16 17:43:12,268 [ERROR] LogOutputStream:75 - [STDERR_REDIRECT] Feb 16, 2025 5:43:12 PM java.util.prefs.FileSystemPreferences checkLockFile0ErrorCode
2025-02-16 17:43:12,268 [ERROR] LogOutputStream:75 - [STDERR_REDIRECT] WARNING: Could not lock System prefs. Unix error code 2.
2025-02-16 17:43:12,268 [ERROR] LogOutputStream:75 - [STDERR_REDIRECT] 
2025-02-16 17:43:12,268 [ERROR] LogOutputStream:75 - [STDERR_REDIRECT] Feb 16, 2025 5:43:12 PM java.util.prefs.FileSystemPreferences syncWorld
2025-02-16 17:43:12,268 [ERROR] LogOutputStream:75 - [STDERR_REDIRECT] WARNING: Couldn't flush system prefs: java.util.prefs.BackingStoreException: Couldn't get file lock.
2025-02-16 17:43:12,268 [ERROR] LogOutputStream:75 - [STDERR_REDIRECT] 
2025-02-16 17:43:42,268 [ERROR] LogOutputStream:75 - [STDERR_REDIRECT] Feb 16, 2025 5:43:42 PM java.util.prefs.FileSystemPreferences checkLockFile0ErrorCode
2025-02-16 17:43:42,268 [ERROR] LogOutputStream:75 - [STDERR_REDIRECT] WARNING: Could not lock System prefs. Unix error code 2.
2025-02-16 17:43:42,268 [ERROR] LogOutputStream:75 - [STDERR_REDIRECT] 
2025-02-16 17:43:42,268 [ERROR] LogOutputStream:75 - [STDERR_REDIRECT] Feb 16, 2025 5:43:42 PM java.util.prefs.FileSystemPreferences syncWorld
2025-02-16 17:43:42,268 [ERROR] LogOutputStream:75 - [STDERR_REDIRECT] WARNING: Couldn't flush system prefs: java.util.prefs.BackingStoreException: Couldn't get file lock.
2025-02-16 17:43:42,268 [ERROR] LogOutputStream:75 - [STDERR_REDIRECT] 
2025-02-16 17:44:12,268 [ERROR] LogOutputStream:75 - [STDERR_REDIRECT] Feb 16, 2025 5:44:12 PM java.util.prefs.FileSystemPreferences checkLockFile0ErrorCode
2025-02-16 17:44:12,268 [ERROR] LogOutputStream:75 - [STDERR_REDIRECT] WARNING: Could not lock System prefs. Unix error code 2.
2025-02-16 17:44:12,268 [ERROR] LogOutputStream:75 - [STDERR_REDIRECT] 
2025-02-16 17:44:12,269 [ERROR] LogOutputStream:75 - [STDERR_REDIRECT] Feb 16, 2025 5:44:12 PM java.util.prefs.FileSystemPreferences syncWorld
2025-02-16 17:44:12,269 [ERROR] LogOutputStream:75 - [STDERR_REDIRECT] WARNING: Couldn't flush system prefs: java.util.prefs.BackingStoreException: Couldn't get file lock.
2025-02-16 17:44:12,269 [ERROR] LogOutputStream:75 - [STDERR_REDIRECT] 
2025-02-16 17:44:42,269 [ERROR] LogOutputStream:75 - [STDERR_REDIRECT] Feb 16, 2025 5:44:42 PM java.util.prefs.FileSystemPreferences checkLockFile0ErrorCode
2025-02-16 17:44:42,269 [ERROR] LogOutputStream:75 - [STDERR_REDIRECT] WARNING: Could not lock System prefs. Unix error code 2.
2025-02-16 17:44:42,269 [ERROR] LogOutputStream:75 - [STDERR_REDIRECT] 
2025-02-16 17:44:42,269 [ERROR] LogOutputStream:75 - [STDERR_REDIRECT] Feb 16, 2025 5:44:42 PM java.util.prefs.FileSystemPreferences syncWorld
2025-02-16 17:44:42,269 [ERROR] LogOutputStream:75 - [STDERR_REDIRECT] WARNING: Couldn't flush system prefs: java.util.prefs.BackingStoreException: Couldn't get file lock.
2025-02-16 17:44:42,269 [ERROR] LogOutputStream:75 - [STDERR_REDIRECT] 
2025-02-16 17:45:12,269 [ERROR] LogOutputStream:75 - [STDERR_REDIRECT] Feb 16, 2025 5:45:12 PM java.util.prefs.FileSystemPreferences checkLockFile0ErrorCode
2025-02-16 17:45:12,269 [ERROR] LogOutputStream:75 - [STDERR_REDIRECT] WARNING: Could not lock System prefs. Unix error code 2.
2025-02-16 17:45:12,269 [ERROR] LogOutputStream:75 - [STDERR_REDIRECT] 
2025-02-16 17:45:12,270 [ERROR] LogOutputStream:75 - [STDERR_REDIRECT] Feb 16, 2025 5:45:12 PM java.util.prefs.FileSystemPreferences syncWorld
2025-02-16 17:45:12,270 [ERROR] LogOutputStream:75 - [STDERR_REDIRECT] WARNING: Couldn't flush system prefs: java.util.prefs.BackingStoreException: Couldn't get file lock.
2025-02-16 17:45:12,270 [ERROR] LogOutputStream:75 - [STDERR_REDIRECT] 
2025-02-16 17:45:42,269 [ERROR] LogOutputStream:75 - [STDERR_REDIRECT] Feb 16, 2025 5:45:42 PM java.util.prefs.FileSystemPreferences checkLockFile0ErrorCode
2025-02-16 17:45:42,269 [ERROR] LogOutputStream:75 - [STDERR_REDIRECT] WARNING: Could not lock System prefs. Unix error code 2.
2025-02-16 17:45:42,269 [ERROR] LogOutputStream:75 - [STDERR_REDIRECT] 
2025-02-16 17:45:42,269 [ERROR] LogOutputStream:75 - [STDERR_REDIRECT] Feb 16, 2025 5:45:42 PM java.util.prefs.FileSystemPreferences syncWorld
2025-02-16 17:45:42,269 [ERROR] LogOutputStream:75 - [STDERR_REDIRECT] WARNING: Couldn't flush system prefs: java.util.prefs.BackingStoreException: Couldn't get file lock.
2025-02-16 17:45:42,269 [ERROR] LogOutputStream:75 - [STDERR_REDIRECT] 
2025-02-16 17:46:12,270 [ERROR] LogOutputStream:75 - [STDERR_REDIRECT] Feb 16, 2025 5:46:12 PM java.util.prefs.FileSystemPreferences checkLockFile0ErrorCode
2025-02-16 17:46:12,270 [ERROR] LogOutputStream:75 - [STDERR_REDIRECT] WARNING: Could not lock System prefs. Unix error code 2.
2025-02-16 17:46:12,270 [ERROR] LogOutputStream:75 - [STDERR_REDIRECT] 
2025-02-16 17:46:12,270 [ERROR] LogOutputStream:75 - [STDERR_REDIRECT] Feb 16, 2025 5:46:12 PM java.util.prefs.FileSystemPreferences syncWorld
2025-02-16 17:46:12,270 [ERROR] LogOutputStream:75 - [STDERR_REDIRECT] WARNING: Couldn't flush system prefs: java.util.prefs.BackingStoreException: Couldn't get file lock.
2025-02-16 17:46:12,270 [ERROR] LogOutputStream:75 - [STDERR_REDIRECT] 
2025-02-16 17:46:42,270 [ERROR] LogOutputStream:75 - [STDERR_REDIRECT] Feb 16, 2025 5:46:42 PM java.util.prefs.FileSystemPreferences checkLockFile0ErrorCode
2025-02-16 17:46:42,270 [ERROR] LogOutputStream:75 - [STDERR_REDIRECT] WARNING: Could not lock System prefs. Unix error code 2.
2025-02-16 17:46:42,270 [ERROR] LogOutputStream:75 - [STDERR_REDIRECT] 
2025-02-16 17:46:42,271 [ERROR] LogOutputStream:75 - [STDERR_REDIRECT] Feb 16, 2025 5:46:42 PM java.util.prefs.FileSystemPreferences syncWorld
2025-02-16 17:46:42,271 [ERROR] LogOutputStream:75 - [STDERR_REDIRECT] WARNING: Couldn't flush system prefs: java.util.prefs.BackingStoreException: Couldn't get file lock.
2025-02-16 17:46:42,271 [ERROR] LogOutputStream:75 - [STDERR_REDIRECT] 
2025-02-16 17:47:12,270 [ERROR] LogOutputStream:75 - [STDERR_REDIRECT] Feb 16, 2025 5:47:12 PM java.util.prefs.FileSystemPreferences checkLockFile0ErrorCode
2025-02-16 17:47:12,270 [ERROR] LogOutputStream:75 - [STDERR_REDIRECT] WARNING: Could not lock System prefs. Unix error code 2.
2025-02-16 17:47:12,270 [ERROR] LogOutputStream:75 - [STDERR_REDIRECT] 
2025-02-16 17:47:12,270 [ERROR] LogOutputStream:75 - [STDERR_REDIRECT] Feb 16, 2025 5:47:12 PM java.util.prefs.FileSystemPreferences syncWorld
2025-02-16 17:47:12,270 [ERROR] LogOutputStream:75 - [STDERR_REDIRECT] WARNING: Couldn't flush system prefs: java.util.prefs.BackingStoreException: Couldn't get file lock.
2025-02-16 17:47:12,270 [ERROR] LogOutputStream:75 - [STDERR_REDIRECT] 
2025-02-16 17:47:42,271 [ERROR] LogOutputStream:75 - [STDERR_REDIRECT] Feb 16, 2025 5:47:42 PM java.util.prefs.FileSystemPreferences checkLockFile0ErrorCode
2025-02-16 17:47:42,271 [ERROR] LogOutputStream:75 - [STDERR_REDIRECT] WARNING: Could not lock System prefs. Unix error code 2.
2025-02-16 17:47:42,271 [ERROR] LogOutputStream:75 - [STDERR_REDIRECT] 
2025-02-16 17:47:42,271 [ERROR] LogOutputStream:75 - [STDERR_REDIRECT] Feb 16, 2025 5:47:42 PM java.util.prefs.FileSystemPreferences syncWorld
2025-02-16 17:47:42,271 [ERROR] LogOutputStream:75 - [STDERR_REDIRECT] WARNING: Couldn't flush system prefs: java.util.prefs.BackingStoreException: Couldn't get file lock.
2025-02-16 17:47:42,271 [ERROR] LogOutputStream:75 - [STDERR_REDIRECT] 
2025-02-16 17:48:12,272 [ERROR] LogOutputStream:75 - [STDERR_REDIRECT] Feb 16, 2025 5:48:12 PM java.util.prefs.FileSystemPreferences checkLockFile0ErrorCode
2025-02-16 17:48:12,272 [ERROR] LogOutputStream:75 - [STDERR_REDIRECT] WARNING: Could not lock System prefs. Unix error code 2.
2025-02-16 17:48:12,272 [ERROR] LogOutputStream:75 - [STDERR_REDIRECT] 
2025-02-16 17:48:12,272 [ERROR] LogOutputStream:75 - [STDERR_REDIRECT] Feb 16, 2025 5:48:12 PM java.util.prefs.FileSystemPreferences syncWorld
2025-02-16 17:48:12,272 [ERROR] LogOutputStream:75 - [STDERR_REDIRECT] WARNING: Couldn't flush system prefs: java.util.prefs.BackingStoreException: Couldn't get file lock.
2025-02-16 17:48:12,272 [ERROR] LogOutputStream:75 - [STDERR_REDIRECT] 
2025-02-16 17:48:42,272 [ERROR] LogOutputStream:75 - [STDERR_REDIRECT] Feb 16, 2025 5:48:42 PM java.util.prefs.FileSystemPreferences checkLockFile0ErrorCode
2025-02-16 17:48:42,272 [ERROR] LogOutputStream:75 - [STDERR_REDIRECT] WARNING: Could not lock System prefs. Unix error code 2.
2025-02-16 17:48:42,278 [ERROR] LogOutputStream:75 - [STDERR_REDIRECT] 
2025-02-16 17:48:42,278 [ERROR] LogOutputStream:75 - [STDERR_REDIRECT] Feb 16, 2025 5:48:42 PM java.util.prefs.FileSystemPreferences syncWorld
2025-02-16 17:48:42,279 [ERROR] LogOutputStream:75 - [STDERR_REDIRECT] WARNING: Couldn't flush system prefs: java.util.prefs.BackingStoreException: Couldn't get file lock.
2025-02-16 17:48:42,279 [ERROR] LogOutputStream:75 - [STDERR_REDIRECT] 
2025-02-16 17:49:12,272 [ERROR] LogOutputStream:75 - [STDERR_REDIRECT] Feb 16, 2025 5:49:12 PM java.util.prefs.FileSystemPreferences checkLockFile0ErrorCode
2025-02-16 17:49:12,272 [ERROR] LogOutputStream:75 - [STDERR_REDIRECT] WARNING: Could not lock System prefs. Unix error code 2.
2025-02-16 17:49:12,272 [ERROR] LogOutputStream:75 - [STDERR_REDIRECT] 
2025-02-16 17:49:12,272 [ERROR] LogOutputStream:75 - [STDERR_REDIRECT] Feb 16, 2025 5:49:12 PM java.util.prefs.FileSystemPreferences syncWorld
2025-02-16 17:49:12,272 [ERROR] LogOutputStream:75 - [STDERR_REDIRECT] WARNING: Couldn't flush system prefs: java.util.prefs.BackingStoreException: Couldn't get file lock.
2025-02-16 17:49:12,272 [ERROR] LogOutputStream:75 - [STDERR_REDIRECT] 
2025-02-16 17:49:42,273 [ERROR] LogOutputStream:75 - [STDERR_REDIRECT] Feb 16, 2025 5:49:42 PM java.util.prefs.FileSystemPreferences checkLockFile0ErrorCode
2025-02-16 17:49:42,273 [ERROR] LogOutputStream:75 - [STDERR_REDIRECT] WARNING: Could not lock System prefs. Unix error code 2.
2025-02-16 17:49:42,273 [ERROR] LogOutputStream:75 - [STDERR_REDIRECT] 
2025-02-16 17:49:42,273 [ERROR] LogOutputStream:75 - [STDERR_REDIRECT] Feb 16, 2025 5:49:42 PM java.util.prefs.FileSystemPreferences syncWorld
2025-02-16 17:49:42,273 [ERROR] LogOutputStream:75 - [STDERR_REDIRECT] WARNING: Couldn't flush system prefs: java.util.prefs.BackingStoreException: Couldn't get file lock.
2025-02-16 17:49:42,273 [ERROR] LogOutputStream:75 - [STDERR_REDIRECT] 
2025-02-16 17:50:12,272 [ERROR] LogOutputStream:75 - [STDERR_REDIRECT] Feb 16, 2025 5:50:12 PM java.util.prefs.FileSystemPreferences checkLockFile0ErrorCode
2025-02-16 17:50:12,272 [ERROR] LogOutputStream:75 - [STDERR_REDIRECT] WARNING: Could not lock System prefs. Unix error code 2.
2025-02-16 17:50:12,279 [ERROR] LogOutputStream:75 - [STDERR_REDIRECT] 
2025-02-16 17:50:12,279 [ERROR] LogOutputStream:75 - [STDERR_REDIRECT] Feb 16, 2025 5:50:12 PM java.util.prefs.FileSystemPreferences syncWorld
2025-02-16 17:50:12,279 [ERROR] LogOutputStream:75 - [STDERR_REDIRECT] WARNING: Couldn't flush system prefs: java.util.prefs.BackingStoreException: Couldn't get file lock.
2025-02-16 17:50:12,279 [ERROR] LogOutputStream:75 - [STDERR_REDIRECT] 
2025-02-16 17:50:42,272 [ERROR] LogOutputStream:75 - [STDERR_REDIRECT] Feb 16, 2025 5:50:42 PM java.util.prefs.FileSystemPreferences checkLockFile0ErrorCode
2025-02-16 17:50:42,272 [ERROR] LogOutputStream:75 - [STDERR_REDIRECT] WARNING: Could not lock System prefs. Unix error code 2.
2025-02-16 17:50:42,272 [ERROR] LogOutputStream:75 - [STDERR_REDIRECT] 
2025-02-16 17:50:42,273 [ERROR] LogOutputStream:75 - [STDERR_REDIRECT] Feb 16, 2025 5:50:42 PM java.util.prefs.FileSystemPreferences syncWorld
2025-02-16 17:50:42,273 [ERROR] LogOutputStream:75 - [STDERR_REDIRECT] WARNING: Couldn't flush system prefs: java.util.prefs.BackingStoreException: Couldn't get file lock.
2025-02-16 17:50:42,273 [ERROR] LogOutputStream:75 - [STDERR_REDIRECT] 
2025-02-16 17:51:12,272 [ERROR] LogOutputStream:75 - [STDERR_REDIRECT] Feb 16, 2025 5:51:12 PM java.util.prefs.FileSystemPreferences checkLockFile0ErrorCode
2025-02-16 17:51:12,272 [ERROR] LogOutputStream:75 - [STDERR_REDIRECT] WARNING: Could not lock System prefs. Unix error code 2.
2025-02-16 17:51:12,279 [ERROR] LogOutputStream:75 - [STDERR_REDIRECT] 
2025-02-16 17:51:12,279 [ERROR] LogOutputStream:75 - [STDERR_REDIRECT] Feb 16, 2025 5:51:12 PM java.util.prefs.FileSystemPreferences syncWorld
2025-02-16 17:51:12,279 [ERROR] LogOutputStream:75 - [STDERR_REDIRECT] WARNING: Couldn't flush system prefs: java.util.prefs.BackingStoreException: Couldn't get file lock.
2025-02-16 17:51:12,279 [ERROR] LogOutputStream:75 - [STDERR_REDIRECT] 
2025-02-16 17:51:42,272 [ERROR] LogOutputStream:75 - [STDERR_REDIRECT] Feb 16, 2025 5:51:42 PM java.util.prefs.FileSystemPreferences checkLockFile0ErrorCode
2025-02-16 17:51:42,272 [ERROR] LogOutputStream:75 - [STDERR_REDIRECT] WARNING: Could not lock System prefs. Unix error code 2.
2025-02-16 17:51:42,272 [ERROR] LogOutputStream:75 - [STDERR_REDIRECT] 
2025-02-16 17:51:42,272 [ERROR] LogOutputStream:75 - [STDERR_REDIRECT] Feb 16, 2025 5:51:42 PM java.util.prefs.FileSystemPreferences syncWorld
2025-02-16 17:51:42,272 [ERROR] LogOutputStream:75 - [STDERR_REDIRECT] WARNING: Couldn't flush system prefs: java.util.prefs.BackingStoreException: Couldn't get file lock.
2025-02-16 17:51:42,272 [ERROR] LogOutputStream:75 - [STDERR_REDIRECT] 
2025-02-16 17:52:12,272 [ERROR] LogOutputStream:75 - [STDERR_REDIRECT] Feb 16, 2025 5:52:12 PM java.util.prefs.FileSystemPreferences checkLockFile0ErrorCode
2025-02-16 17:52:12,273 [ERROR] LogOutputStream:75 - [STDERR_REDIRECT] WARNING: Could not lock System prefs. Unix error code 2.
2025-02-16 17:52:12,273 [ERROR] LogOutputStream:75 - [STDERR_REDIRECT] 
2025-02-16 17:52:12,273 [ERROR] LogOutputStream:75 - [STDERR_REDIRECT] Feb 16, 2025 5:52:12 PM java.util.prefs.FileSystemPreferences syncWorld
2025-02-16 17:52:12,273 [ERROR] LogOutputStream:75 - [STDERR_REDIRECT] WARNING: Couldn't flush system prefs: java.util.prefs.BackingStoreException: Couldn't get file lock.
2025-02-16 17:52:12,273 [ERROR] LogOutputStream:75 - [STDERR_REDIRECT] 
2025-02-16 17:52:42,273 [ERROR] LogOutputStream:75 - [STDERR_REDIRECT] Feb 16, 2025 5:52:42 PM java.util.prefs.FileSystemPreferences checkLockFile0ErrorCode
2025-02-16 17:52:42,273 [ERROR] LogOutputStream:75 - [STDERR_REDIRECT] WARNING: Could not lock System prefs. Unix error code 2.
2025-02-16 17:52:42,273 [ERROR] LogOutputStream:75 - [STDERR_REDIRECT] 
2025-02-16 17:52:42,273 [ERROR] LogOutputStream:75 - [STDERR_REDIRECT] Feb 16, 2025 5:52:42 PM java.util.prefs.FileSystemPreferences syncWorld
2025-02-16 17:52:42,274 [ERROR] LogOutputStream:75 - [STDERR_REDIRECT] WARNING: Couldn't flush system prefs: java.util.prefs.BackingStoreException: Couldn't get file lock.
2025-02-16 17:52:42,274 [ERROR] LogOutputStream:75 - [STDERR_REDIRECT] 
2025-02-16 17:53:12,273 [ERROR] LogOutputStream:75 - [STDERR_REDIRECT] Feb 16, 2025 5:53:12 PM java.util.prefs.FileSystemPreferences checkLockFile0ErrorCode
2025-02-16 17:53:12,273 [ERROR] LogOutputStream:75 - [STDERR_REDIRECT] WARNING: Could not lock System prefs. Unix error code 2.
2025-02-16 17:53:12,273 [ERROR] LogOutputStream:75 - [STDERR_REDIRECT] 
2025-02-16 17:53:12,273 [ERROR] LogOutputStream:75 - [STDERR_REDIRECT] Feb 16, 2025 5:53:12 PM java.util.prefs.FileSystemPreferences syncWorld
2025-02-16 17:53:12,273 [ERROR] LogOutputStream:75 - [STDERR_REDIRECT] WARNING: Couldn't flush system prefs: java.util.prefs.BackingStoreException: Couldn't get file lock.
2025-02-16 17:53:12,273 [ERROR] LogOutputStream:75 - [STDERR_REDIRECT] 
2025-02-16 17:53:42,273 [ERROR] LogOutputStream:75 - [STDERR_REDIRECT] Feb 16, 2025 5:53:42 PM java.util.prefs.FileSystemPreferences checkLockFile0ErrorCode
2025-02-16 17:53:42,274 [ERROR] LogOutputStream:75 - [STDERR_REDIRECT] WARNING: Could not lock System prefs. Unix error code 2.
2025-02-16 17:53:42,274 [ERROR] LogOutputStream:75 - [STDERR_REDIRECT] 
2025-02-16 17:53:42,274 [ERROR] LogOutputStream:75 - [STDERR_REDIRECT] Feb 16, 2025 5:53:42 PM java.util.prefs.FileSystemPreferences syncWorld
2025-02-16 17:53:42,274 [ERROR] LogOutputStream:75 - [STDERR_REDIRECT] WARNING: Couldn't flush system prefs: java.util.prefs.BackingStoreException: Couldn't get file lock.
2025-02-16 17:53:42,274 [ERROR] LogOutputStream:75 - [STDERR_REDIRECT] 
2025-02-16 17:54:12,273 [ERROR] LogOutputStream:75 - [STDERR_REDIRECT] Feb 16, 2025 5:54:12 PM java.util.prefs.FileSystemPreferences checkLockFile0ErrorCode
2025-02-16 17:54:12,273 [ERROR] LogOutputStream:75 - [STDERR_REDIRECT] WARNING: Could not lock System prefs. Unix error code 2.
2025-02-16 17:54:12,273 [ERROR] LogOutputStream:75 - [STDERR_REDIRECT] 
2025-02-16 17:54:12,273 [ERROR] LogOutputStream:75 - [STDERR_REDIRECT] Feb 16, 2025 5:54:12 PM java.util.prefs.FileSystemPreferences syncWorld
2025-02-16 17:54:12,273 [ERROR] LogOutputStream:75 - [STDERR_REDIRECT] WARNING: Couldn't flush system prefs: java.util.prefs.BackingStoreException: Couldn't get file lock.
2025-02-16 17:54:12,274 [ERROR] LogOutputStream:75 - [STDERR_REDIRECT] 
2025-02-16 17:54:42,273 [ERROR] LogOutputStream:75 - [STDERR_REDIRECT] Feb 16, 2025 5:54:42 PM java.util.prefs.FileSystemPreferences checkLockFile0ErrorCode
2025-02-16 17:54:42,273 [ERROR] LogOutputStream:75 - [STDERR_REDIRECT] WARNING: Could not lock System prefs. Unix error code 2.
2025-02-16 17:54:42,273 [ERROR] LogOutputStream:75 - [STDERR_REDIRECT] 
2025-02-16 17:54:42,273 [ERROR] LogOutputStream:75 - [STDERR_REDIRECT] Feb 16, 2025 5:54:42 PM java.util.prefs.FileSystemPreferences syncWorld
2025-02-16 17:54:42,273 [ERROR] LogOutputStream:75 - [STDERR_REDIRECT] WARNING: Couldn't flush system prefs: java.util.prefs.BackingStoreException: Couldn't get file lock.
2025-02-16 17:54:42,273 [ERROR] LogOutputStream:75 - [STDERR_REDIRECT] 
2025-02-16 17:55:12,273 [ERROR] LogOutputStream:75 - [STDERR_REDIRECT] Feb 16, 2025 5:55:12 PM java.util.prefs.FileSystemPreferences checkLockFile0ErrorCode
2025-02-16 17:55:12,273 [ERROR] LogOutputStream:75 - [STDERR_REDIRECT] WARNING: Could not lock System prefs. Unix error code 2.
2025-02-16 17:55:12,280 [ERROR] LogOutputStream:75 - [STDERR_REDIRECT] 
2025-02-16 17:55:12,280 [ERROR] LogOutputStream:75 - [STDERR_REDIRECT] Feb 16, 2025 5:55:12 PM java.util.prefs.FileSystemPreferences syncWorld
2025-02-16 17:55:12,280 [ERROR] LogOutputStream:75 - [STDERR_REDIRECT] WARNING: Couldn't flush system prefs: java.util.prefs.BackingStoreException: Couldn't get file lock.
2025-02-16 17:55:12,280 [ERROR] LogOutputStream:75 - [STDERR_REDIRECT] 
2025-02-16 17:55:42,273 [ERROR] LogOutputStream:75 - [STDERR_REDIRECT] Feb 16, 2025 5:55:42 PM java.util.prefs.FileSystemPreferences checkLockFile0ErrorCode
2025-02-16 17:55:42,273 [ERROR] LogOutputStream:75 - [STDERR_REDIRECT] WARNING: Could not lock System prefs. Unix error code 2.
2025-02-16 17:55:42,273 [ERROR] LogOutputStream:75 - [STDERR_REDIRECT] 
2025-02-16 17:55:42,274 [ERROR] LogOutputStream:75 - [STDERR_REDIRECT] Feb 16, 2025 5:55:42 PM java.util.prefs.FileSystemPreferences syncWorld
2025-02-16 17:55:42,274 [ERROR] LogOutputStream:75 - [STDERR_REDIRECT] WARNING: Couldn't flush system prefs: java.util.prefs.BackingStoreException: Couldn't get file lock.
2025-02-16 17:55:42,274 [ERROR] LogOutputStream:75 - [STDERR_REDIRECT] 
2025-02-16 17:56:12,273 [ERROR] LogOutputStream:75 - [STDERR_REDIRECT] Feb 16, 2025 5:56:12 PM java.util.prefs.FileSystemPreferences checkLockFile0ErrorCode
2025-02-16 17:56:12,273 [ERROR] LogOutputStream:75 - [STDERR_REDIRECT] WARNING: Could not lock System prefs. Unix error code 2.
2025-02-16 17:56:12,273 [ERROR] LogOutputStream:75 - [STDERR_REDIRECT] 
2025-02-16 17:56:12,273 [ERROR] LogOutputStream:75 - [STDERR_REDIRECT] Feb 16, 2025 5:56:12 PM java.util.prefs.FileSystemPreferences syncWorld
2025-02-16 17:56:12,273 [ERROR] LogOutputStream:75 - [STDERR_REDIRECT] WARNING: Couldn't flush system prefs: java.util.prefs.BackingStoreException: Couldn't get file lock.
2025-02-16 17:56:12,273 [ERROR] LogOutputStream:75 - [STDERR_REDIRECT] 
2025-02-16 17:56:42,274 [ERROR] LogOutputStream:75 - [STDERR_REDIRECT] Feb 16, 2025 5:56:42 PM java.util.prefs.FileSystemPreferences checkLockFile0ErrorCode
2025-02-16 17:56:42,274 [ERROR] LogOutputStream:75 - [STDERR_REDIRECT] WARNING: Could not lock System prefs. Unix error code 2.
2025-02-16 17:56:42,274 [ERROR] LogOutputStream:75 - [STDERR_REDIRECT] 
2025-02-16 17:56:42,274 [ERROR] LogOutputStream:75 - [STDERR_REDIRECT] Feb 16, 2025 5:56:42 PM java.util.prefs.FileSystemPreferences syncWorld
2025-02-16 17:56:42,274 [ERROR] LogOutputStream:75 - [STDERR_REDIRECT] WARNING: Couldn't flush system prefs: java.util.prefs.BackingStoreException: Couldn't get file lock.
2025-02-16 17:56:42,274 [ERROR] LogOutputStream:75 - [STDERR_REDIRECT] 
2025-02-16 17:57:12,274 [ERROR] LogOutputStream:75 - [STDERR_REDIRECT] Feb 16, 2025 5:57:12 PM java.util.prefs.FileSystemPreferences checkLockFile0ErrorCode
2025-02-16 17:57:12,274 [ERROR] LogOutputStream:75 - [STDERR_REDIRECT] WARNING: Could not lock System prefs. Unix error code 2.
2025-02-16 17:57:12,275 [ERROR] LogOutputStream:75 - [STDERR_REDIRECT] 
2025-02-16 17:57:12,275 [ERROR] LogOutputStream:75 - [STDERR_REDIRECT] Feb 16, 2025 5:57:12 PM java.util.prefs.FileSystemPreferences syncWorld
2025-02-16 17:57:12,275 [ERROR] LogOutputStream:75 - [STDERR_REDIRECT] WARNING: Couldn't flush system prefs: java.util.prefs.BackingStoreException: Couldn't get file lock.
2025-02-16 17:57:12,275 [ERROR] LogOutputStream:75 - [STDERR_REDIRECT] 
2025-02-16 17:57:42,274 [ERROR] LogOutputStream:75 - [STDERR_REDIRECT] Feb 16, 2025 5:57:42 PM java.util.prefs.FileSystemPreferences checkLockFile0ErrorCode
2025-02-16 17:57:42,274 [ERROR] LogOutputStream:75 - [STDERR_REDIRECT] WARNING: Could not lock System prefs. Unix error code 2.
2025-02-16 17:57:42,274 [ERROR] LogOutputStream:75 - [STDERR_REDIRECT] 
2025-02-16 17:57:42,274 [ERROR] LogOutputStream:75 - [STDERR_REDIRECT] Feb 16, 2025 5:57:42 PM java.util.prefs.FileSystemPreferences syncWorld
2025-02-16 17:57:42,274 [ERROR] LogOutputStream:75 - [STDERR_REDIRECT] WARNING: Couldn't flush system prefs: java.util.prefs.BackingStoreException: Couldn't get file lock.
2025-02-16 17:57:42,274 [ERROR] LogOutputStream:75 - [STDERR_REDIRECT] 
2025-02-16 17:58:12,274 [ERROR] LogOutputStream:75 - [STDERR_REDIRECT] Feb 16, 2025 5:58:12 PM java.util.prefs.FileSystemPreferences checkLockFile0ErrorCode
2025-02-16 17:58:12,274 [ERROR] LogOutputStream:75 - [STDERR_REDIRECT] WARNING: Could not lock System prefs. Unix error code 2.
2025-02-16 17:58:12,274 [ERROR] LogOutputStream:75 - [STDERR_REDIRECT] 
2025-02-16 17:58:12,274 [ERROR] LogOutputStream:75 - [STDERR_REDIRECT] Feb 16, 2025 5:58:12 PM java.util.prefs.FileSystemPreferences syncWorld
2025-02-16 17:58:12,274 [ERROR] LogOutputStream:75 - [STDERR_REDIRECT] WARNING: Couldn't flush system prefs: java.util.prefs.BackingStoreException: Couldn't get file lock.
2025-02-16 17:58:12,274 [ERROR] LogOutputStream:75 - [STDERR_REDIRECT] 
2025-02-16 17:58:42,274 [ERROR] LogOutputStream:75 - [STDERR_REDIRECT] Feb 16, 2025 5:58:42 PM java.util.prefs.FileSystemPreferences checkLockFile0ErrorCode
2025-02-16 17:58:42,274 [ERROR] LogOutputStream:75 - [STDERR_REDIRECT] WARNING: Could not lock System prefs. Unix error code 2.
2025-02-16 17:58:42,281 [ERROR] LogOutputStream:75 - [STDERR_REDIRECT] 
2025-02-16 17:58:42,281 [ERROR] LogOutputStream:75 - [STDERR_REDIRECT] Feb 16, 2025 5:58:42 PM java.util.prefs.FileSystemPreferences syncWorld
2025-02-16 17:58:42,281 [ERROR] LogOutputStream:75 - [STDERR_REDIRECT] WARNING: Couldn't flush system prefs: java.util.prefs.BackingStoreException: Couldn't get file lock.
2025-02-16 17:58:42,281 [ERROR] LogOutputStream:75 - [STDERR_REDIRECT] 
2025-02-16 17:59:12,275 [ERROR] LogOutputStream:75 - [STDERR_REDIRECT] Feb 16, 2025 5:59:12 PM java.util.prefs.FileSystemPreferences checkLockFile0ErrorCode
2025-02-16 17:59:12,275 [ERROR] LogOutputStream:75 - [STDERR_REDIRECT] WARNING: Could not lock System prefs. Unix error code 2.
2025-02-16 17:59:12,275 [ERROR] LogOutputStream:75 - [STDERR_REDIRECT] 
2025-02-16 17:59:12,282 [ERROR] LogOutputStream:75 - [STDERR_REDIRECT] Feb 16, 2025 5:59:12 PM java.util.prefs.FileSystemPreferences syncWorld
2025-02-16 17:59:12,282 [ERROR] LogOutputStream:75 - [STDERR_REDIRECT] WARNING: Couldn't flush system prefs: java.util.prefs.BackingStoreException: Couldn't get file lock.
2025-02-16 17:59:12,282 [ERROR] LogOutputStream:75 - [STDERR_REDIRECT] 
2025-02-16 17:59:42,275 [ERROR] LogOutputStream:75 - [STDERR_REDIRECT] Feb 16, 2025 5:59:42 PM java.util.prefs.FileSystemPreferences checkLockFile0ErrorCode
2025-02-16 17:59:42,275 [ERROR] LogOutputStream:75 - [STDERR_REDIRECT] WARNING: Could not lock System prefs. Unix error code 2.
2025-02-16 17:59:42,275 [ERROR] LogOutputStream:75 - [STDERR_REDIRECT] 
2025-02-16 17:59:42,275 [ERROR] LogOutputStream:75 - [STDERR_REDIRECT] Feb 16, 2025 5:59:42 PM java.util.prefs.FileSystemPreferences syncWorld
2025-02-16 17:59:42,275 [ERROR] LogOutputStream:75 - [STDERR_REDIRECT] WARNING: Couldn't flush system prefs: java.util.prefs.BackingStoreException: Couldn't get file lock.
2025-02-16 17:59:42,275 [ERROR] LogOutputStream:75 - [STDERR_REDIRECT] 
2025-02-16 18:00:12,276 [ERROR] LogOutputStream:75 - [STDERR_REDIRECT] Feb 16, 2025 6:00:12 PM java.util.prefs.FileSystemPreferences checkLockFile0ErrorCode
2025-02-16 18:00:12,276 [ERROR] LogOutputStream:75 - [STDERR_REDIRECT] WARNING: Could not lock System prefs. Unix error code 2.
2025-02-16 18:00:12,276 [ERROR] LogOutputStream:75 - [STDERR_REDIRECT] 
2025-02-16 18:00:12,276 [ERROR] LogOutputStream:75 - [STDERR_REDIRECT] Feb 16, 2025 6:00:12 PM java.util.prefs.FileSystemPreferences syncWorld
2025-02-16 18:00:12,276 [ERROR] LogOutputStream:75 - [STDERR_REDIRECT] WARNING: Couldn't flush system prefs: java.util.prefs.BackingStoreException: Couldn't get file lock.
2025-02-16 18:00:12,276 [ERROR] LogOutputStream:75 - [STDERR_REDIRECT] 
2025-02-16 18:00:42,276 [ERROR] LogOutputStream:75 - [STDERR_REDIRECT] Feb 16, 2025 6:00:42 PM java.util.prefs.FileSystemPreferences checkLockFile0ErrorCode
2025-02-16 18:00:42,276 [ERROR] LogOutputStream:75 - [STDERR_REDIRECT] WARNING: Could not lock System prefs. Unix error code 2.
2025-02-16 18:00:42,276 [ERROR] LogOutputStream:75 - [STDERR_REDIRECT] 
2025-02-16 18:00:42,276 [ERROR] LogOutputStream:75 - [STDERR_REDIRECT] Feb 16, 2025 6:00:42 PM java.util.prefs.FileSystemPreferences syncWorld
2025-02-16 18:00:42,276 [ERROR] LogOutputStream:75 - [STDERR_REDIRECT] WARNING: Couldn't flush system prefs: java.util.prefs.BackingStoreException: Couldn't get file lock.
2025-02-16 18:00:42,276 [ERROR] LogOutputStream:75 - [STDERR_REDIRECT] 
2025-02-16 18:01:12,276 [ERROR] LogOutputStream:75 - [STDERR_REDIRECT] Feb 16, 2025 6:01:12 PM java.util.prefs.FileSystemPreferences checkLockFile0ErrorCode
2025-02-16 18:01:12,276 [ERROR] LogOutputStream:75 - [STDERR_REDIRECT] WARNING: Could not lock System prefs. Unix error code 2.
2025-02-16 18:01:12,276 [ERROR] LogOutputStream:75 - [STDERR_REDIRECT] 
2025-02-16 18:01:12,277 [ERROR] LogOutputStream:75 - [STDERR_REDIRECT] Feb 16, 2025 6:01:12 PM java.util.prefs.FileSystemPreferences syncWorld
2025-02-16 18:01:12,277 [ERROR] LogOutputStream:75 - [STDERR_REDIRECT] WARNING: Couldn't flush system prefs: java.util.prefs.BackingStoreException: Couldn't get file lock.
2025-02-16 18:01:12,277 [ERROR] LogOutputStream:75 - [STDERR_REDIRECT] 
2025-02-16 18:01:42,276 [ERROR] LogOutputStream:75 - [STDERR_REDIRECT] Feb 16, 2025 6:01:42 PM java.util.prefs.FileSystemPreferences checkLockFile0ErrorCode
2025-02-16 18:01:42,276 [ERROR] LogOutputStream:75 - [STDERR_REDIRECT] WARNING: Could not lock System prefs. Unix error code 2.
2025-02-16 18:01:42,276 [ERROR] LogOutputStream:75 - [STDERR_REDIRECT] 
2025-02-16 18:01:42,276 [ERROR] LogOutputStream:75 - [STDERR_REDIRECT] Feb 16, 2025 6:01:42 PM java.util.prefs.FileSystemPreferences syncWorld
2025-02-16 18:01:42,276 [ERROR] LogOutputStream:75 - [STDERR_REDIRECT] WARNING: Couldn't flush system prefs: java.util.prefs.BackingStoreException: Couldn't get file lock.
2025-02-16 18:01:42,276 [ERROR] LogOutputStream:75 - [STDERR_REDIRECT] 
2025-02-16 18:02:12,276 [ERROR] LogOutputStream:75 - [STDERR_REDIRECT] Feb 16, 2025 6:02:12 PM java.util.prefs.FileSystemPreferences checkLockFile0ErrorCode
2025-02-16 18:02:12,276 [ERROR] LogOutputStream:75 - [STDERR_REDIRECT] WARNING: Could not lock System prefs. Unix error code 2.
2025-02-16 18:02:12,283 [ERROR] LogOutputStream:75 - [STDERR_REDIRECT] 
2025-02-16 18:02:12,283 [ERROR] LogOutputStream:75 - [STDERR_REDIRECT] Feb 16, 2025 6:02:12 PM java.util.prefs.FileSystemPreferences syncWorld
2025-02-16 18:02:12,283 [ERROR] LogOutputStream:75 - [STDERR_REDIRECT] WARNING: Couldn't flush system prefs: java.util.prefs.BackingStoreException: Couldn't get file lock.
2025-02-16 18:02:12,283 [ERROR] LogOutputStream:75 - [STDERR_REDIRECT] 
2025-02-16 18:02:42,276 [ERROR] LogOutputStream:75 - [STDERR_REDIRECT] Feb 16, 2025 6:02:42 PM java.util.prefs.FileSystemPreferences checkLockFile0ErrorCode
2025-02-16 18:02:42,276 [ERROR] LogOutputStream:75 - [STDERR_REDIRECT] WARNING: Could not lock System prefs. Unix error code 2.
2025-02-16 18:02:42,276 [ERROR] LogOutputStream:75 - [STDERR_REDIRECT] 
2025-02-16 18:02:42,276 [ERROR] LogOutputStream:75 - [STDERR_REDIRECT] Feb 16, 2025 6:02:42 PM java.util.prefs.FileSystemPreferences syncWorld
2025-02-16 18:02:42,276 [ERROR] LogOutputStream:75 - [STDERR_REDIRECT] WARNING: Couldn't flush system prefs: java.util.prefs.BackingStoreException: Couldn't get file lock.
2025-02-16 18:02:42,276 [ERROR] LogOutputStream:75 - [STDERR_REDIRECT] 
2025-02-16 18:03:12,276 [ERROR] LogOutputStream:75 - [STDERR_REDIRECT] Feb 16, 2025 6:03:12 PM java.util.prefs.FileSystemPreferences checkLockFile0ErrorCode
2025-02-16 18:03:12,276 [ERROR] LogOutputStream:75 - [STDERR_REDIRECT] WARNING: Could not lock System prefs. Unix error code 2.
2025-02-16 18:03:12,276 [ERROR] LogOutputStream:75 - [STDERR_REDIRECT] 
2025-02-16 18:03:12,276 [ERROR] LogOutputStream:75 - [STDERR_REDIRECT] Feb 16, 2025 6:03:12 PM java.util.prefs.FileSystemPreferences syncWorld
2025-02-16 18:03:12,277 [ERROR] LogOutputStream:75 - [STDERR_REDIRECT] WARNING: Couldn't flush system prefs: java.util.prefs.BackingStoreException: Couldn't get file lock.
2025-02-16 18:03:12,277 [ERROR] LogOutputStream:75 - [STDERR_REDIRECT] 
2025-02-16 18:03:42,276 [ERROR] LogOutputStream:75 - [STDERR_REDIRECT] Feb 16, 2025 6:03:42 PM java.util.prefs.FileSystemPreferences checkLockFile0ErrorCode
2025-02-16 18:03:42,276 [ERROR] LogOutputStream:75 - [STDERR_REDIRECT] WARNING: Could not lock System prefs. Unix error code 2.
2025-02-16 18:03:42,276 [ERROR] LogOutputStream:75 - [STDERR_REDIRECT] 
2025-02-16 18:03:42,276 [ERROR] LogOutputStream:75 - [STDERR_REDIRECT] Feb 16, 2025 6:03:42 PM java.util.prefs.FileSystemPreferences syncWorld
2025-02-16 18:03:42,276 [ERROR] LogOutputStream:75 - [STDERR_REDIRECT] WARNING: Couldn't flush system prefs: java.util.prefs.BackingStoreException: Couldn't get file lock.
2025-02-16 18:03:42,276 [ERROR] LogOutputStream:75 - [STDERR_REDIRECT] 
2025-02-16 18:04:12,276 [ERROR] LogOutputStream:75 - [STDERR_REDIRECT] Feb 16, 2025 6:04:12 PM java.util.prefs.FileSystemPreferences checkLockFile0ErrorCode
2025-02-16 18:04:12,276 [ERROR] LogOutputStream:75 - [STDERR_REDIRECT] WARNING: Could not lock System prefs. Unix error code 2.
2025-02-16 18:04:12,276 [ERROR] LogOutputStream:75 - [STDERR_REDIRECT] 
2025-02-16 18:04:12,276 [ERROR] LogOutputStream:75 - [STDERR_REDIRECT] Feb 16, 2025 6:04:12 PM java.util.prefs.FileSystemPreferences syncWorld
2025-02-16 18:04:12,277 [ERROR] LogOutputStream:75 - [STDERR_REDIRECT] WARNING: Couldn't flush system prefs: java.util.prefs.BackingStoreException: Couldn't get file lock.
2025-02-16 18:04:12,277 [ERROR] LogOutputStream:75 - [STDERR_REDIRECT] 
2025-02-16 18:04:42,276 [ERROR] LogOutputStream:75 - [STDERR_REDIRECT] Feb 16, 2025 6:04:42 PM java.util.prefs.FileSystemPreferences checkLockFile0ErrorCode
2025-02-16 18:04:42,276 [ERROR] LogOutputStream:75 - [STDERR_REDIRECT] WARNING: Could not lock System prefs. Unix error code 2.
2025-02-16 18:04:42,276 [ERROR] LogOutputStream:75 - [STDERR_REDIRECT] 
2025-02-16 18:04:42,276 [ERROR] LogOutputStream:75 - [STDERR_REDIRECT] Feb 16, 2025 6:04:42 PM java.util.prefs.FileSystemPreferences syncWorld
2025-02-16 18:04:42,276 [ERROR] LogOutputStream:75 - [STDERR_REDIRECT] WARNING: Couldn't flush system prefs: java.util.prefs.BackingStoreException: Couldn't get file lock.
2025-02-16 18:04:42,276 [ERROR] LogOutputStream:75 - [STDERR_REDIRECT] 
2025-02-16 18:05:12,276 [ERROR] LogOutputStream:75 - [STDERR_REDIRECT] Feb 16, 2025 6:05:12 PM java.util.prefs.FileSystemPreferences checkLockFile0ErrorCode
2025-02-16 18:05:12,276 [ERROR] LogOutputStream:75 - [STDERR_REDIRECT] WARNING: Could not lock System prefs. Unix error code 2.
2025-02-16 18:05:12,276 [ERROR] LogOutputStream:75 - [STDERR_REDIRECT] 
2025-02-16 18:05:12,277 [ERROR] LogOutputStream:75 - [STDERR_REDIRECT] Feb 16, 2025 6:05:12 PM java.util.prefs.FileSystemPreferences syncWorld
2025-02-16 18:05:12,277 [ERROR] LogOutputStream:75 - [STDERR_REDIRECT] WARNING: Couldn't flush system prefs: java.util.prefs.BackingStoreException: Couldn't get file lock.
2025-02-16 18:05:12,277 [ERROR] LogOutputStream:75 - [STDERR_REDIRECT] 
2025-02-16 18:05:42,276 [ERROR] LogOutputStream:75 - [STDERR_REDIRECT] Feb 16, 2025 6:05:42 PM java.util.prefs.FileSystemPreferences checkLockFile0ErrorCode
2025-02-16 18:05:42,276 [ERROR] LogOutputStream:75 - [STDERR_REDIRECT] WARNING: Could not lock System prefs. Unix error code 2.
2025-02-16 18:05:42,276 [ERROR] LogOutputStream:75 - [STDERR_REDIRECT] 
2025-02-16 18:05:42,276 [ERROR] LogOutputStream:75 - [STDERR_REDIRECT] Feb 16, 2025 6:05:42 PM java.util.prefs.FileSystemPreferences syncWorld
2025-02-16 18:05:42,276 [ERROR] LogOutputStream:75 - [STDERR_REDIRECT] WARNING: Couldn't flush system prefs: java.util.prefs.BackingStoreException: Couldn't get file lock.
2025-02-16 18:05:42,276 [ERROR] LogOutputStream:75 - [STDERR_REDIRECT] 
2025-02-16 18:06:12,276 [ERROR] LogOutputStream:75 - [STDERR_REDIRECT] Feb 16, 2025 6:06:12 PM java.util.prefs.FileSystemPreferences checkLockFile0ErrorCode
2025-02-16 18:06:12,276 [ERROR] LogOutputStream:75 - [STDERR_REDIRECT] WARNING: Could not lock System prefs. Unix error code 2.
2025-02-16 18:06:12,276 [ERROR] LogOutputStream:75 - [STDERR_REDIRECT] 
2025-02-16 18:06:12,276 [ERROR] LogOutputStream:75 - [STDERR_REDIRECT] Feb 16, 2025 6:06:12 PM java.util.prefs.FileSystemPreferences syncWorld
2025-02-16 18:06:12,276 [ERROR] LogOutputStream:75 - [STDERR_REDIRECT] WARNING: Couldn't flush system prefs: java.util.prefs.BackingStoreException: Couldn't get file lock.
2025-02-16 18:06:12,276 [ERROR] LogOutputStream:75 - [STDERR_REDIRECT] 
2025-02-16 18:06:42,277 [ERROR] LogOutputStream:75 - [STDERR_REDIRECT] Feb 16, 2025 6:06:42 PM java.util.prefs.FileSystemPreferences checkLockFile0ErrorCode
2025-02-16 18:06:42,277 [ERROR] LogOutputStream:75 - [STDERR_REDIRECT] WARNING: Could not lock System prefs. Unix error code 2.
2025-02-16 18:06:42,277 [ERROR] LogOutputStream:75 - [STDERR_REDIRECT] 
2025-02-16 18:06:42,277 [ERROR] LogOutputStream:75 - [STDERR_REDIRECT] Feb 16, 2025 6:06:42 PM java.util.prefs.FileSystemPreferences syncWorld
2025-02-16 18:06:42,277 [ERROR] LogOutputStream:75 - [STDERR_REDIRECT] WARNING: Couldn't flush system prefs: java.util.prefs.BackingStoreException: Couldn't get file lock.
2025-02-16 18:06:42,277 [ERROR] LogOutputStream:75 - [STDERR_REDIRECT] 
2025-02-16 18:07:12,277 [ERROR] LogOutputStream:75 - [STDERR_REDIRECT] Feb 16, 2025 6:07:12 PM java.util.prefs.FileSystemPreferences checkLockFile0ErrorCode
2025-02-16 18:07:12,277 [ERROR] LogOutputStream:75 - [STDERR_REDIRECT] WARNING: Could not lock System prefs. Unix error code 2.
2025-02-16 18:07:12,277 [ERROR] LogOutputStream:75 - [STDERR_REDIRECT] 
2025-02-16 18:07:12,277 [ERROR] LogOutputStream:75 - [STDERR_REDIRECT] Feb 16, 2025 6:07:12 PM java.util.prefs.FileSystemPreferences syncWorld
2025-02-16 18:07:12,278 [ERROR] LogOutputStream:75 - [STDERR_REDIRECT] WARNING: Couldn't flush system prefs: java.util.prefs.BackingStoreException: Couldn't get file lock.
2025-02-16 18:07:12,278 [ERROR] LogOutputStream:75 - [STDERR_REDIRECT] 
2025-02-16 18:07:42,277 [ERROR] LogOutputStream:75 - [STDERR_REDIRECT] Feb 16, 2025 6:07:42 PM java.util.prefs.FileSystemPreferences checkLockFile0ErrorCode
2025-02-16 18:07:42,277 [ERROR] LogOutputStream:75 - [STDERR_REDIRECT] WARNING: Could not lock System prefs. Unix error code 2.
2025-02-16 18:07:42,277 [ERROR] LogOutputStream:75 - [STDERR_REDIRECT] 
2025-02-16 18:07:42,277 [ERROR] LogOutputStream:75 - [STDERR_REDIRECT] Feb 16, 2025 6:07:42 PM java.util.prefs.FileSystemPreferences syncWorld
2025-02-16 18:07:42,277 [ERROR] LogOutputStream:75 - [STDERR_REDIRECT] WARNING: Couldn't flush system prefs: java.util.prefs.BackingStoreException: Couldn't get file lock.
2025-02-16 18:07:42,277 [ERROR] LogOutputStream:75 - [STDERR_REDIRECT] 
2025-02-16 18:08:12,277 [ERROR] LogOutputStream:75 - [STDERR_REDIRECT] Feb 16, 2025 6:08:12 PM java.util.prefs.FileSystemPreferences checkLockFile0ErrorCode
2025-02-16 18:08:12,277 [ERROR] LogOutputStream:75 - [STDERR_REDIRECT] WARNING: Could not lock System prefs. Unix error code 2.
2025-02-16 18:08:12,277 [ERROR] LogOutputStream:75 - [STDERR_REDIRECT] 
2025-02-16 18:08:12,277 [ERROR] LogOutputStream:75 - [STDERR_REDIRECT] Feb 16, 2025 6:08:12 PM java.util.prefs.FileSystemPreferences syncWorld
2025-02-16 18:08:12,278 [ERROR] LogOutputStream:75 - [STDERR_REDIRECT] WARNING: Couldn't flush system prefs: java.util.prefs.BackingStoreException: Couldn't get file lock.
2025-02-16 18:08:12,278 [ERROR] LogOutputStream:75 - [STDERR_REDIRECT] 
2025-02-16 18:08:42,277 [ERROR] LogOutputStream:75 - [STDERR_REDIRECT] Feb 16, 2025 6:08:42 PM java.util.prefs.FileSystemPreferences checkLockFile0ErrorCode
2025-02-16 18:08:42,277 [ERROR] LogOutputStream:75 - [STDERR_REDIRECT] WARNING: Could not lock System prefs. Unix error code 2.
2025-02-16 18:08:42,277 [ERROR] LogOutputStream:75 - [STDERR_REDIRECT] 
2025-02-16 18:08:42,277 [ERROR] LogOutputStream:75 - [STDERR_REDIRECT] Feb 16, 2025 6:08:42 PM java.util.prefs.FileSystemPreferences syncWorld
2025-02-16 18:08:42,277 [ERROR] LogOutputStream:75 - [STDERR_REDIRECT] WARNING: Couldn't flush system prefs: java.util.prefs.BackingStoreException: Couldn't get file lock.
2025-02-16 18:08:42,277 [ERROR] LogOutputStream:75 - [STDERR_REDIRECT] 
2025-02-16 18:09:12,277 [ERROR] LogOutputStream:75 - [STDERR_REDIRECT] Feb 16, 2025 6:09:12 PM java.util.prefs.FileSystemPreferences checkLockFile0ErrorCode
2025-02-16 18:09:12,278 [ERROR] LogOutputStream:75 - [STDERR_REDIRECT] WARNING: Could not lock System prefs. Unix error code 2.
2025-02-16 18:09:12,278 [ERROR] LogOutputStream:75 - [STDERR_REDIRECT] 
2025-02-16 18:09:12,278 [ERROR] LogOutputStream:75 - [STDERR_REDIRECT] Feb 16, 2025 6:09:12 PM java.util.prefs.FileSystemPreferences syncWorld
2025-02-16 18:09:12,278 [ERROR] LogOutputStream:75 - [STDERR_REDIRECT] WARNING: Couldn't flush system prefs: java.util.prefs.BackingStoreException: Couldn't get file lock.
2025-02-16 18:09:12,278 [ERROR] LogOutputStream:75 - [STDERR_REDIRECT] 
2025-02-16 18:09:42,277 [ERROR] LogOutputStream:75 - [STDERR_REDIRECT] Feb 16, 2025 6:09:42 PM java.util.prefs.FileSystemPreferences checkLockFile0ErrorCode
2025-02-16 18:09:42,277 [ERROR] LogOutputStream:75 - [STDERR_REDIRECT] WARNING: Could not lock System prefs. Unix error code 2.
2025-02-16 18:09:42,277 [ERROR] LogOutputStream:75 - [STDERR_REDIRECT] 
2025-02-16 18:09:42,277 [ERROR] LogOutputStream:75 - [STDERR_REDIRECT] Feb 16, 2025 6:09:42 PM java.util.prefs.FileSystemPreferences syncWorld
2025-02-16 18:09:42,277 [ERROR] LogOutputStream:75 - [STDERR_REDIRECT] WARNING: Couldn't flush system prefs: java.util.prefs.BackingStoreException: Couldn't get file lock.
2025-02-16 18:09:42,277 [ERROR] LogOutputStream:75 - [STDERR_REDIRECT] 
2025-02-16 18:10:12,277 [ERROR] LogOutputStream:75 - [STDERR_REDIRECT] Feb 16, 2025 6:10:12 PM java.util.prefs.FileSystemPreferences checkLockFile0ErrorCode
2025-02-16 18:10:12,277 [ERROR] LogOutputStream:75 - [STDERR_REDIRECT] WARNING: Could not lock System prefs. Unix error code 2.
2025-02-16 18:10:12,277 [ERROR] LogOutputStream:75 - [STDERR_REDIRECT] 
2025-02-16 18:10:12,278 [ERROR] LogOutputStream:75 - [STDERR_REDIRECT] Feb 16, 2025 6:10:12 PM java.util.prefs.FileSystemPreferences syncWorld
2025-02-16 18:10:12,278 [ERROR] LogOutputStream:75 - [STDERR_REDIRECT] WARNING: Couldn't flush system prefs: java.util.prefs.BackingStoreException: Couldn't get file lock.
2025-02-16 18:10:12,278 [ERROR] LogOutputStream:75 - [STDERR_REDIRECT] 
2025-02-16 18:10:42,277 [ERROR] LogOutputStream:75 - [STDERR_REDIRECT] Feb 16, 2025 6:10:42 PM java.util.prefs.FileSystemPreferences checkLockFile0ErrorCode
2025-02-16 18:10:42,277 [ERROR] LogOutputStream:75 - [STDERR_REDIRECT] WARNING: Could not lock System prefs. Unix error code 2.
2025-02-16 18:10:42,277 [ERROR] LogOutputStream:75 - [STDERR_REDIRECT] 
2025-02-16 18:10:42,277 [ERROR] LogOutputStream:75 - [STDERR_REDIRECT] Feb 16, 2025 6:10:42 PM java.util.prefs.FileSystemPreferences syncWorld
2025-02-16 18:10:42,277 [ERROR] LogOutputStream:75 - [STDERR_REDIRECT] WARNING: Couldn't flush system prefs: java.util.prefs.BackingStoreException: Couldn't get file lock.
2025-02-16 18:10:42,277 [ERROR] LogOutputStream:75 - [STDERR_REDIRECT] 
2025-02-16 18:11:12,277 [ERROR] LogOutputStream:75 - [STDERR_REDIRECT] Feb 16, 2025 6:11:12 PM java.util.prefs.FileSystemPreferences checkLockFile0ErrorCode
2025-02-16 18:11:12,277 [ERROR] LogOutputStream:75 - [STDERR_REDIRECT] WARNING: Could not lock System prefs. Unix error code 2.
2025-02-16 18:11:12,284 [ERROR] LogOutputStream:75 - [STDERR_REDIRECT] 
2025-02-16 18:11:12,284 [ERROR] LogOutputStream:75 - [STDERR_REDIRECT] Feb 16, 2025 6:11:12 PM java.util.prefs.FileSystemPreferences syncWorld
2025-02-16 18:11:12,284 [ERROR] LogOutputStream:75 - [STDERR_REDIRECT] WARNING: Couldn't flush system prefs: java.util.prefs.BackingStoreException: Couldn't get file lock.
2025-02-16 18:11:12,284 [ERROR] LogOutputStream:75 - [STDERR_REDIRECT] 
2025-02-16 18:11:42,277 [ERROR] LogOutputStream:75 - [STDERR_REDIRECT] Feb 16, 2025 6:11:42 PM java.util.prefs.FileSystemPreferences checkLockFile0ErrorCode
2025-02-16 18:11:42,277 [ERROR] LogOutputStream:75 - [STDERR_REDIRECT] WARNING: Could not lock System prefs. Unix error code 2.
2025-02-16 18:11:42,277 [ERROR] LogOutputStream:75 - [STDERR_REDIRECT] 
2025-02-16 18:11:42,278 [ERROR] LogOutputStream:75 - [STDERR_REDIRECT] Feb 16, 2025 6:11:42 PM java.util.prefs.FileSystemPreferences syncWorld
2025-02-16 18:11:42,278 [ERROR] LogOutputStream:75 - [STDERR_REDIRECT] WARNING: Couldn't flush system prefs: java.util.prefs.BackingStoreException: Couldn't get file lock.
2025-02-16 18:11:42,278 [ERROR] LogOutputStream:75 - [STDERR_REDIRECT] 
2025-02-16 18:12:12,277 [ERROR] LogOutputStream:75 - [STDERR_REDIRECT] Feb 16, 2025 6:12:12 PM java.util.prefs.FileSystemPreferences checkLockFile0ErrorCode
2025-02-16 18:12:12,277 [ERROR] LogOutputStream:75 - [STDERR_REDIRECT] WARNING: Could not lock System prefs. Unix error code 2.
2025-02-16 18:12:12,277 [ERROR] LogOutputStream:75 - [STDERR_REDIRECT] 
2025-02-16 18:12:12,277 [ERROR] LogOutputStream:75 - [STDERR_REDIRECT] Feb 16, 2025 6:12:12 PM java.util.prefs.FileSystemPreferences syncWorld
2025-02-16 18:12:12,277 [ERROR] LogOutputStream:75 - [STDERR_REDIRECT] WARNING: Couldn't flush system prefs: java.util.prefs.BackingStoreException: Couldn't get file lock.
2025-02-16 18:12:12,277 [ERROR] LogOutputStream:75 - [STDERR_REDIRECT] 
2025-02-16 18:12:42,277 [ERROR] LogOutputStream:75 - [STDERR_REDIRECT] Feb 16, 2025 6:12:42 PM java.util.prefs.FileSystemPreferences checkLockFile0ErrorCode
2025-02-16 18:12:42,277 [ERROR] LogOutputStream:75 - [STDERR_REDIRECT] WARNING: Could not lock System prefs. Unix error code 2.
2025-02-16 18:12:42,277 [ERROR] LogOutputStream:75 - [STDERR_REDIRECT] 
2025-02-16 18:12:42,277 [ERROR] LogOutputStream:75 - [STDERR_REDIRECT] Feb 16, 2025 6:12:42 PM java.util.prefs.FileSystemPreferences syncWorld
2025-02-16 18:12:42,278 [ERROR] LogOutputStream:75 - [STDERR_REDIRECT] WARNING: Couldn't flush system prefs: java.util.prefs.BackingStoreException: Couldn't get file lock.
2025-02-16 18:12:42,278 [ERROR] LogOutputStream:75 - [STDERR_REDIRECT] 
2025-02-16 18:13:12,277 [ERROR] LogOutputStream:75 - [STDERR_REDIRECT] Feb 16, 2025 6:13:12 PM java.util.prefs.FileSystemPreferences checkLockFile0ErrorCode
2025-02-16 18:13:12,277 [ERROR] LogOutputStream:75 - [STDERR_REDIRECT] WARNING: Could not lock System prefs. Unix error code 2.
2025-02-16 18:13:12,277 [ERROR] LogOutputStream:75 - [STDERR_REDIRECT] 
2025-02-16 18:13:12,277 [ERROR] LogOutputStream:75 - [STDERR_REDIRECT] Feb 16, 2025 6:13:12 PM java.util.prefs.FileSystemPreferences syncWorld
2025-02-16 18:13:12,277 [ERROR] LogOutputStream:75 - [STDERR_REDIRECT] WARNING: Couldn't flush system prefs: java.util.prefs.BackingStoreException: Couldn't get file lock.
2025-02-16 18:13:12,277 [ERROR] LogOutputStream:75 - [STDERR_REDIRECT] 
2025-02-16 18:13:42,277 [ERROR] LogOutputStream:75 - [STDERR_REDIRECT] Feb 16, 2025 6:13:42 PM java.util.prefs.FileSystemPreferences checkLockFile0ErrorCode
2025-02-16 18:13:42,277 [ERROR] LogOutputStream:75 - [STDERR_REDIRECT] WARNING: Could not lock System prefs. Unix error code 2.
2025-02-16 18:13:42,277 [ERROR] LogOutputStream:75 - [STDERR_REDIRECT] 
2025-02-16 18:13:42,278 [ERROR] LogOutputStream:75 - [STDERR_REDIRECT] Feb 16, 2025 6:13:42 PM java.util.prefs.FileSystemPreferences syncWorld
2025-02-16 18:13:42,278 [ERROR] LogOutputStream:75 - [STDERR_REDIRECT] WARNING: Couldn't flush system prefs: java.util.prefs.BackingStoreException: Couldn't get file lock.
2025-02-16 18:13:42,278 [ERROR] LogOutputStream:75 - [STDERR_REDIRECT] 
2025-02-16 18:14:12,277 [ERROR] LogOutputStream:75 - [STDERR_REDIRECT] Feb 16, 2025 6:14:12 PM java.util.prefs.FileSystemPreferences checkLockFile0ErrorCode
2025-02-16 18:14:12,277 [ERROR] LogOutputStream:75 - [STDERR_REDIRECT] WARNING: Could not lock System prefs. Unix error code 2.
2025-02-16 18:14:12,277 [ERROR] LogOutputStream:75 - [STDERR_REDIRECT] 
2025-02-16 18:14:12,277 [ERROR] LogOutputStream:75 - [STDERR_REDIRECT] Feb 16, 2025 6:14:12 PM java.util.prefs.FileSystemPreferences syncWorld
2025-02-16 18:14:12,277 [ERROR] LogOutputStream:75 - [STDERR_REDIRECT] WARNING: Couldn't flush system prefs: java.util.prefs.BackingStoreException: Couldn't get file lock.
2025-02-16 18:14:12,277 [ERROR] LogOutputStream:75 - [STDERR_REDIRECT] 
2025-02-16 18:14:42,277 [ERROR] LogOutputStream:75 - [STDERR_REDIRECT] Feb 16, 2025 6:14:42 PM java.util.prefs.FileSystemPreferences checkLockFile0ErrorCode
2025-02-16 18:14:42,277 [ERROR] LogOutputStream:75 - [STDERR_REDIRECT] WARNING: Could not lock System prefs. Unix error code 2.
2025-02-16 18:14:42,277 [ERROR] LogOutputStream:75 - [STDERR_REDIRECT] 
2025-02-16 18:14:42,277 [ERROR] LogOutputStream:75 - [STDERR_REDIRECT] Feb 16, 2025 6:14:42 PM java.util.prefs.FileSystemPreferences syncWorld
2025-02-16 18:14:42,277 [ERROR] LogOutputStream:75 - [STDERR_REDIRECT] WARNING: Couldn't flush system prefs: java.util.prefs.BackingStoreException: Couldn't get file lock.
2025-02-16 18:14:42,277 [ERROR] LogOutputStream:75 - [STDERR_REDIRECT] 
2025-02-16 18:15:12,277 [ERROR] LogOutputStream:75 - [STDERR_REDIRECT] Feb 16, 2025 6:15:12 PM java.util.prefs.FileSystemPreferences checkLockFile0ErrorCode
2025-02-16 18:15:12,278 [ERROR] LogOutputStream:75 - [STDERR_REDIRECT] WARNING: Could not lock System prefs. Unix error code 2.
2025-02-16 18:15:12,278 [ERROR] LogOutputStream:75 - [STDERR_REDIRECT] 
2025-02-16 18:15:12,278 [ERROR] LogOutputStream:75 - [STDERR_REDIRECT] Feb 16, 2025 6:15:12 PM java.util.prefs.FileSystemPreferences syncWorld
2025-02-16 18:15:12,278 [ERROR] LogOutputStream:75 - [STDERR_REDIRECT] WARNING: Couldn't flush system prefs: java.util.prefs.BackingStoreException: Couldn't get file lock.
2025-02-16 18:15:12,278 [ERROR] LogOutputStream:75 - [STDERR_REDIRECT] 
2025-02-16 18:15:42,278 [ERROR] LogOutputStream:75 - [STDERR_REDIRECT] Feb 16, 2025 6:15:42 PM java.util.prefs.FileSystemPreferences checkLockFile0ErrorCode
2025-02-16 18:15:42,278 [ERROR] LogOutputStream:75 - [STDERR_REDIRECT] WARNING: Could not lock System prefs. Unix error code 2.
2025-02-16 18:15:42,278 [ERROR] LogOutputStream:75 - [STDERR_REDIRECT] 
2025-02-16 18:15:42,278 [ERROR] LogOutputStream:75 - [STDERR_REDIRECT] Feb 16, 2025 6:15:42 PM java.util.prefs.FileSystemPreferences syncWorld
2025-02-16 18:15:42,278 [ERROR] LogOutputStream:75 - [STDERR_REDIRECT] WARNING: Couldn't flush system prefs: java.util.prefs.BackingStoreException: Couldn't get file lock.
2025-02-16 18:15:42,278 [ERROR] LogOutputStream:75 - [STDERR_REDIRECT] 
2025-02-16 18:16:12,279 [ERROR] LogOutputStream:75 - [STDERR_REDIRECT] Feb 16, 2025 6:16:12 PM java.util.prefs.FileSystemPreferences checkLockFile0ErrorCode
2025-02-16 18:16:12,279 [ERROR] LogOutputStream:75 - [STDERR_REDIRECT] WARNING: Could not lock System prefs. Unix error code 2.
2025-02-16 18:16:12,279 [ERROR] LogOutputStream:75 - [STDERR_REDIRECT] 
2025-02-16 18:16:12,279 [ERROR] LogOutputStream:75 - [STDERR_REDIRECT] Feb 16, 2025 6:16:12 PM java.util.prefs.FileSystemPreferences syncWorld
2025-02-16 18:16:12,279 [ERROR] LogOutputStream:75 - [STDERR_REDIRECT] WARNING: Couldn't flush system prefs: java.util.prefs.BackingStoreException: Couldn't get file lock.
2025-02-16 18:16:12,279 [ERROR] LogOutputStream:75 - [STDERR_REDIRECT] 
2025-02-16 18:16:42,278 [ERROR] LogOutputStream:75 - [STDERR_REDIRECT] Feb 16, 2025 6:16:42 PM java.util.prefs.FileSystemPreferences checkLockFile0ErrorCode
2025-02-16 18:16:42,278 [ERROR] LogOutputStream:75 - [STDERR_REDIRECT] WARNING: Could not lock System prefs. Unix error code 2.
2025-02-16 18:16:42,278 [ERROR] LogOutputStream:75 - [STDERR_REDIRECT] 
2025-02-16 18:16:42,278 [ERROR] LogOutputStream:75 - [STDERR_REDIRECT] Feb 16, 2025 6:16:42 PM java.util.prefs.FileSystemPreferences syncWorld
2025-02-16 18:16:42,278 [ERROR] LogOutputStream:75 - [STDERR_REDIRECT] WARNING: Couldn't flush system prefs: java.util.prefs.BackingStoreException: Couldn't get file lock.
2025-02-16 18:16:42,278 [ERROR] LogOutputStream:75 - [STDERR_REDIRECT] 
2025-02-16 18:17:12,278 [ERROR] LogOutputStream:75 - [STDERR_REDIRECT] Feb 16, 2025 6:17:12 PM java.util.prefs.FileSystemPreferences checkLockFile0ErrorCode
2025-02-16 18:17:12,278 [ERROR] LogOutputStream:75 - [STDERR_REDIRECT] WARNING: Could not lock System prefs. Unix error code 2.
2025-02-16 18:17:12,278 [ERROR] LogOutputStream:75 - [STDERR_REDIRECT] 
2025-02-16 18:17:12,279 [ERROR] LogOutputStream:75 - [STDERR_REDIRECT] Feb 16, 2025 6:17:12 PM java.util.prefs.FileSystemPreferences syncWorld
2025-02-16 18:17:12,279 [ERROR] LogOutputStream:75 - [STDERR_REDIRECT] WARNING: Couldn't flush system prefs: java.util.prefs.BackingStoreException: Couldn't get file lock.
2025-02-16 18:17:12,279 [ERROR] LogOutputStream:75 - [STDERR_REDIRECT] 
2025-02-16 18:17:42,278 [ERROR] LogOutputStream:75 - [STDERR_REDIRECT] Feb 16, 2025 6:17:42 PM java.util.prefs.FileSystemPreferences checkLockFile0ErrorCode
2025-02-16 18:17:42,278 [ERROR] LogOutputStream:75 - [STDERR_REDIRECT] WARNING: Could not lock System prefs. Unix error code 2.
2025-02-16 18:17:42,278 [ERROR] LogOutputStream:75 - [STDERR_REDIRECT] 
2025-02-16 18:17:42,278 [ERROR] LogOutputStream:75 - [STDERR_REDIRECT] Feb 16, 2025 6:17:42 PM java.util.prefs.FileSystemPreferences syncWorld
2025-02-16 18:17:42,278 [ERROR] LogOutputStream:75 - [STDERR_REDIRECT] WARNING: Couldn't flush system prefs: java.util.prefs.BackingStoreException: Couldn't get file lock.
2025-02-16 18:17:42,278 [ERROR] LogOutputStream:75 - [STDERR_REDIRECT] 
2025-02-16 18:18:12,278 [ERROR] LogOutputStream:75 - [STDERR_REDIRECT] Feb 16, 2025 6:18:12 PM java.util.prefs.FileSystemPreferences checkLockFile0ErrorCode
2025-02-16 18:18:12,278 [ERROR] LogOutputStream:75 - [STDERR_REDIRECT] WARNING: Could not lock System prefs. Unix error code 2.
2025-02-16 18:18:12,278 [ERROR] LogOutputStream:75 - [STDERR_REDIRECT] 
2025-02-16 18:18:12,278 [ERROR] LogOutputStream:75 - [STDERR_REDIRECT] Feb 16, 2025 6:18:12 PM java.util.prefs.FileSystemPreferences syncWorld
2025-02-16 18:18:12,278 [ERROR] LogOutputStream:75 - [STDERR_REDIRECT] WARNING: Couldn't flush system prefs: java.util.prefs.BackingStoreException: Couldn't get file lock.
2025-02-16 18:18:12,278 [ERROR] LogOutputStream:75 - [STDERR_REDIRECT] 
2025-02-16 18:18:42,279 [ERROR] LogOutputStream:75 - [STDERR_REDIRECT] Feb 16, 2025 6:18:42 PM java.util.prefs.FileSystemPreferences checkLockFile0ErrorCode
2025-02-16 18:18:42,279 [ERROR] LogOutputStream:75 - [STDERR_REDIRECT] WARNING: Could not lock System prefs. Unix error code 2.
2025-02-16 18:18:42,279 [ERROR] LogOutputStream:75 - [STDERR_REDIRECT] 
2025-02-16 18:18:42,279 [ERROR] LogOutputStream:75 - [STDERR_REDIRECT] Feb 16, 2025 6:18:42 PM java.util.prefs.FileSystemPreferences syncWorld
2025-02-16 18:18:42,279 [ERROR] LogOutputStream:75 - [STDERR_REDIRECT] WARNING: Couldn't flush system prefs: java.util.prefs.BackingStoreException: Couldn't get file lock.
2025-02-16 18:18:42,279 [ERROR] LogOutputStream:75 - [STDERR_REDIRECT] 
2025-02-16 18:19:12,279 [ERROR] LogOutputStream:75 - [STDERR_REDIRECT] Feb 16, 2025 6:19:12 PM java.util.prefs.FileSystemPreferences checkLockFile0ErrorCode
2025-02-16 18:19:12,279 [ERROR] LogOutputStream:75 - [STDERR_REDIRECT] WARNING: Could not lock System prefs. Unix error code 2.
2025-02-16 18:19:12,279 [ERROR] LogOutputStream:75 - [STDERR_REDIRECT] 
2025-02-16 18:19:12,279 [ERROR] LogOutputStream:75 - [STDERR_REDIRECT] Feb 16, 2025 6:19:12 PM java.util.prefs.FileSystemPreferences syncWorld
2025-02-16 18:19:12,279 [ERROR] LogOutputStream:75 - [STDERR_REDIRECT] WARNING: Couldn't flush system prefs: java.util.prefs.BackingStoreException: Couldn't get file lock.
2025-02-16 18:19:12,279 [ERROR] LogOutputStream:75 - [STDERR_REDIRECT] 
2025-02-16 18:19:42,280 [ERROR] LogOutputStream:75 - [STDERR_REDIRECT] Feb 16, 2025 6:19:42 PM java.util.prefs.FileSystemPreferences checkLockFile0ErrorCode
2025-02-16 18:19:42,280 [ERROR] LogOutputStream:75 - [STDERR_REDIRECT] WARNING: Could not lock System prefs. Unix error code 2.
2025-02-16 18:19:42,280 [ERROR] LogOutputStream:75 - [STDERR_REDIRECT] 
2025-02-16 18:19:42,280 [ERROR] LogOutputStream:75 - [STDERR_REDIRECT] Feb 16, 2025 6:19:42 PM java.util.prefs.FileSystemPreferences syncWorld
2025-02-16 18:19:42,280 [ERROR] LogOutputStream:75 - [STDERR_REDIRECT] WARNING: Couldn't flush system prefs: java.util.prefs.BackingStoreException: Couldn't get file lock.
2025-02-16 18:19:42,280 [ERROR] LogOutputStream:75 - [STDERR_REDIRECT] 
2025-02-16 18:20:12,280 [ERROR] LogOutputStream:75 - [STDERR_REDIRECT] Feb 16, 2025 6:20:12 PM java.util.prefs.FileSystemPreferences checkLockFile0ErrorCode
2025-02-16 18:20:12,280 [ERROR] LogOutputStream:75 - [STDERR_REDIRECT] WARNING: Could not lock System prefs. Unix error code 2.
2025-02-16 18:20:12,280 [ERROR] LogOutputStream:75 - [STDERR_REDIRECT] 
2025-02-16 18:20:12,281 [ERROR] LogOutputStream:75 - [STDERR_REDIRECT] Feb 16, 2025 6:20:12 PM java.util.prefs.FileSystemPreferences syncWorld
2025-02-16 18:20:12,281 [ERROR] LogOutputStream:75 - [STDERR_REDIRECT] WARNING: Couldn't flush system prefs: java.util.prefs.BackingStoreException: Couldn't get file lock.
2025-02-16 18:20:12,281 [ERROR] LogOutputStream:75 - [STDERR_REDIRECT] 
2025-02-16 18:20:42,280 [ERROR] LogOutputStream:75 - [STDERR_REDIRECT] Feb 16, 2025 6:20:42 PM java.util.prefs.FileSystemPreferences checkLockFile0ErrorCode
2025-02-16 18:20:42,280 [ERROR] LogOutputStream:75 - [STDERR_REDIRECT] WARNING: Could not lock System prefs. Unix error code 2.
2025-02-16 18:20:42,280 [ERROR] LogOutputStream:75 - [STDERR_REDIRECT] 
2025-02-16 18:20:42,280 [ERROR] LogOutputStream:75 - [STDERR_REDIRECT] Feb 16, 2025 6:20:42 PM java.util.prefs.FileSystemPreferences syncWorld
2025-02-16 18:20:42,280 [ERROR] LogOutputStream:75 - [STDERR_REDIRECT] WARNING: Couldn't flush system prefs: java.util.prefs.BackingStoreException: Couldn't get file lock.
2025-02-16 18:20:42,280 [ERROR] LogOutputStream:75 - [STDERR_REDIRECT] 
2025-02-16 18:21:12,280 [ERROR] LogOutputStream:75 - [STDERR_REDIRECT] Feb 16, 2025 6:21:12 PM java.util.prefs.FileSystemPreferences checkLockFile0ErrorCode
2025-02-16 18:21:12,280 [ERROR] LogOutputStream:75 - [STDERR_REDIRECT] WARNING: Could not lock System prefs. Unix error code 2.
2025-02-16 18:21:12,280 [ERROR] LogOutputStream:75 - [STDERR_REDIRECT] 
2025-02-16 18:21:12,280 [ERROR] LogOutputStream:75 - [STDERR_REDIRECT] Feb 16, 2025 6:21:12 PM java.util.prefs.FileSystemPreferences syncWorld
2025-02-16 18:21:12,280 [ERROR] LogOutputStream:75 - [STDERR_REDIRECT] WARNING: Couldn't flush system prefs: java.util.prefs.BackingStoreException: Couldn't get file lock.
2025-02-16 18:21:12,280 [ERROR] LogOutputStream:75 - [STDERR_REDIRECT] 
2025-02-16 18:21:42,281 [ERROR] LogOutputStream:75 - [STDERR_REDIRECT] Feb 16, 2025 6:21:42 PM java.util.prefs.FileSystemPreferences checkLockFile0ErrorCode
2025-02-16 18:21:42,281 [ERROR] LogOutputStream:75 - [STDERR_REDIRECT] WARNING: Could not lock System prefs. Unix error code 2.
2025-02-16 18:21:42,281 [ERROR] LogOutputStream:75 - [STDERR_REDIRECT] 
2025-02-16 18:21:42,281 [ERROR] LogOutputStream:75 - [STDERR_REDIRECT] Feb 16, 2025 6:21:42 PM java.util.prefs.FileSystemPreferences syncWorld
2025-02-16 18:21:42,281 [ERROR] LogOutputStream:75 - [STDERR_REDIRECT] WARNING: Couldn't flush system prefs: java.util.prefs.BackingStoreException: Couldn't get file lock.
2025-02-16 18:21:42,281 [ERROR] LogOutputStream:75 - [STDERR_REDIRECT] 
2025-02-16 18:22:12,280 [ERROR] LogOutputStream:75 - [STDERR_REDIRECT] Feb 16, 2025 6:22:12 PM java.util.prefs.FileSystemPreferences checkLockFile0ErrorCode
2025-02-16 18:22:12,280 [ERROR] LogOutputStream:75 - [STDERR_REDIRECT] WARNING: Could not lock System prefs. Unix error code 2.
2025-02-16 18:22:12,287 [ERROR] LogOutputStream:75 - [STDERR_REDIRECT] 
2025-02-16 18:22:12,287 [ERROR] LogOutputStream:75 - [STDERR_REDIRECT] Feb 16, 2025 6:22:12 PM java.util.prefs.FileSystemPreferences syncWorld
2025-02-16 18:22:12,287 [ERROR] LogOutputStream:75 - [STDERR_REDIRECT] WARNING: Couldn't flush system prefs: java.util.prefs.BackingStoreException: Couldn't get file lock.
2025-02-16 18:22:12,287 [ERROR] LogOutputStream:75 - [STDERR_REDIRECT] 
2025-02-16 18:22:42,280 [ERROR] LogOutputStream:75 - [STDERR_REDIRECT] Feb 16, 2025 6:22:42 PM java.util.prefs.FileSystemPreferences checkLockFile0ErrorCode
2025-02-16 18:22:42,280 [ERROR] LogOutputStream:75 - [STDERR_REDIRECT] WARNING: Could not lock System prefs. Unix error code 2.
2025-02-16 18:22:42,280 [ERROR] LogOutputStream:75 - [STDERR_REDIRECT] 
2025-02-16 18:22:42,280 [ERROR] LogOutputStream:75 - [STDERR_REDIRECT] Feb 16, 2025 6:22:42 PM java.util.prefs.FileSystemPreferences syncWorld
2025-02-16 18:22:42,280 [ERROR] LogOutputStream:75 - [STDERR_REDIRECT] WARNING: Couldn't flush system prefs: java.util.prefs.BackingStoreException: Couldn't get file lock.
2025-02-16 18:22:42,280 [ERROR] LogOutputStream:75 - [STDERR_REDIRECT] 
2025-02-16 18:23:12,280 [ERROR] LogOutputStream:75 - [STDERR_REDIRECT] Feb 16, 2025 6:23:12 PM java.util.prefs.FileSystemPreferences checkLockFile0ErrorCode
2025-02-16 18:23:12,281 [ERROR] LogOutputStream:75 - [STDERR_REDIRECT] WARNING: Could not lock System prefs. Unix error code 2.
2025-02-16 18:23:12,281 [ERROR] LogOutputStream:75 - [STDERR_REDIRECT] 
2025-02-16 18:23:12,281 [ERROR] LogOutputStream:75 - [STDERR_REDIRECT] Feb 16, 2025 6:23:12 PM java.util.prefs.FileSystemPreferences syncWorld
2025-02-16 18:23:12,281 [ERROR] LogOutputStream:75 - [STDERR_REDIRECT] WARNING: Couldn't flush system prefs: java.util.prefs.BackingStoreException: Couldn't get file lock.
2025-02-16 18:23:12,281 [ERROR] LogOutputStream:75 - [STDERR_REDIRECT] 
2025-02-16 18:23:42,280 [ERROR] LogOutputStream:75 - [STDERR_REDIRECT] Feb 16, 2025 6:23:42 PM java.util.prefs.FileSystemPreferences checkLockFile0ErrorCode
2025-02-16 18:23:42,280 [ERROR] LogOutputStream:75 - [STDERR_REDIRECT] WARNING: Could not lock System prefs. Unix error code 2.
2025-02-16 18:23:42,286 [ERROR] LogOutputStream:75 - [STDERR_REDIRECT] 
2025-02-16 18:23:42,286 [ERROR] LogOutputStream:75 - [STDERR_REDIRECT] Feb 16, 2025 6:23:42 PM java.util.prefs.FileSystemPreferences syncWorld
2025-02-16 18:23:42,286 [ERROR] LogOutputStream:75 - [STDERR_REDIRECT] WARNING: Couldn't flush system prefs: java.util.prefs.BackingStoreException: Couldn't get file lock.
2025-02-16 18:23:42,286 [ERROR] LogOutputStream:75 - [STDERR_REDIRECT] 
2025-02-16 18:24:12,281 [ERROR] LogOutputStream:75 - [STDERR_REDIRECT] Feb 16, 2025 6:24:12 PM java.util.prefs.FileSystemPreferences checkLockFile0ErrorCode
2025-02-16 18:24:12,281 [ERROR] LogOutputStream:75 - [STDERR_REDIRECT] WARNING: Could not lock System prefs. Unix error code 2.
2025-02-16 18:24:12,281 [ERROR] LogOutputStream:75 - [STDERR_REDIRECT] 
2025-02-16 18:24:12,281 [ERROR] LogOutputStream:75 - [STDERR_REDIRECT] Feb 16, 2025 6:24:12 PM java.util.prefs.FileSystemPreferences syncWorld
2025-02-16 18:24:12,281 [ERROR] LogOutputStream:75 - [STDERR_REDIRECT] WARNING: Couldn't flush system prefs: java.util.prefs.BackingStoreException: Couldn't get file lock.
2025-02-16 18:24:12,281 [ERROR] LogOutputStream:75 - [STDERR_REDIRECT] 
2025-02-16 18:24:42,281 [ERROR] LogOutputStream:75 - [STDERR_REDIRECT] Feb 16, 2025 6:24:42 PM java.util.prefs.FileSystemPreferences checkLockFile0ErrorCode
2025-02-16 18:24:42,281 [ERROR] LogOutputStream:75 - [STDERR_REDIRECT] WARNING: Could not lock System prefs. Unix error code 2.
2025-02-16 18:24:42,281 [ERROR] LogOutputStream:75 - [STDERR_REDIRECT] 
2025-02-16 18:24:42,281 [ERROR] LogOutputStream:75 - [STDERR_REDIRECT] Feb 16, 2025 6:24:42 PM java.util.prefs.FileSystemPreferences syncWorld
2025-02-16 18:24:42,281 [ERROR] LogOutputStream:75 - [STDERR_REDIRECT] WARNING: Couldn't flush system prefs: java.util.prefs.BackingStoreException: Couldn't get file lock.
2025-02-16 18:24:42,281 [ERROR] LogOutputStream:75 - [STDERR_REDIRECT] 
2025-02-16 18:25:12,281 [ERROR] LogOutputStream:75 - [STDERR_REDIRECT] Feb 16, 2025 6:25:12 PM java.util.prefs.FileSystemPreferences checkLockFile0ErrorCode
2025-02-16 18:25:12,281 [ERROR] LogOutputStream:75 - [STDERR_REDIRECT] WARNING: Could not lock System prefs. Unix error code 2.
2025-02-16 18:25:12,281 [ERROR] LogOutputStream:75 - [STDERR_REDIRECT] 
2025-02-16 18:25:12,281 [ERROR] LogOutputStream:75 - [STDERR_REDIRECT] Feb 16, 2025 6:25:12 PM java.util.prefs.FileSystemPreferences syncWorld
2025-02-16 18:25:12,282 [ERROR] LogOutputStream:75 - [STDERR_REDIRECT] WARNING: Couldn't flush system prefs: java.util.prefs.BackingStoreException: Couldn't get file lock.
2025-02-16 18:25:12,282 [ERROR] LogOutputStream:75 - [STDERR_REDIRECT] 
2025-02-16 18:25:42,281 [ERROR] LogOutputStream:75 - [STDERR_REDIRECT] Feb 16, 2025 6:25:42 PM java.util.prefs.FileSystemPreferences checkLockFile0ErrorCode
2025-02-16 18:25:42,281 [ERROR] LogOutputStream:75 - [STDERR_REDIRECT] WARNING: Could not lock System prefs. Unix error code 2.
2025-02-16 18:25:42,281 [ERROR] LogOutputStream:75 - [STDERR_REDIRECT] 
2025-02-16 18:25:42,281 [ERROR] LogOutputStream:75 - [STDERR_REDIRECT] Feb 16, 2025 6:25:42 PM java.util.prefs.FileSystemPreferences syncWorld
2025-02-16 18:25:42,281 [ERROR] LogOutputStream:75 - [STDERR_REDIRECT] WARNING: Couldn't flush system prefs: java.util.prefs.BackingStoreException: Couldn't get file lock.
2025-02-16 18:25:42,281 [ERROR] LogOutputStream:75 - [STDERR_REDIRECT] 
2025-02-16 18:26:12,281 [ERROR] LogOutputStream:75 - [STDERR_REDIRECT] Feb 16, 2025 6:26:12 PM java.util.prefs.FileSystemPreferences checkLockFile0ErrorCode
2025-02-16 18:26:12,281 [ERROR] LogOutputStream:75 - [STDERR_REDIRECT] WARNING: Could not lock System prefs. Unix error code 2.
2025-02-16 18:26:12,281 [ERROR] LogOutputStream:75 - [STDERR_REDIRECT] 
2025-02-16 18:26:12,281 [ERROR] LogOutputStream:75 - [STDERR_REDIRECT] Feb 16, 2025 6:26:12 PM java.util.prefs.FileSystemPreferences syncWorld
2025-02-16 18:26:12,281 [ERROR] LogOutputStream:75 - [STDERR_REDIRECT] WARNING: Couldn't flush system prefs: java.util.prefs.BackingStoreException: Couldn't get file lock.
2025-02-16 18:26:12,281 [ERROR] LogOutputStream:75 - [STDERR_REDIRECT] 
2025-02-16 18:26:42,282 [ERROR] LogOutputStream:75 - [STDERR_REDIRECT] Feb 16, 2025 6:26:42 PM java.util.prefs.FileSystemPreferences checkLockFile0ErrorCode
2025-02-16 18:26:42,282 [ERROR] LogOutputStream:75 - [STDERR_REDIRECT] WARNING: Could not lock System prefs. Unix error code 2.
2025-02-16 18:26:42,282 [ERROR] LogOutputStream:75 - [STDERR_REDIRECT] 
2025-02-16 18:26:42,282 [ERROR] LogOutputStream:75 - [STDERR_REDIRECT] Feb 16, 2025 6:26:42 PM java.util.prefs.FileSystemPreferences syncWorld
2025-02-16 18:26:42,282 [ERROR] LogOutputStream:75 - [STDERR_REDIRECT] WARNING: Couldn't flush system prefs: java.util.prefs.BackingStoreException: Couldn't get file lock.
2025-02-16 18:26:42,282 [ERROR] LogOutputStream:75 - [STDERR_REDIRECT] 
2025-02-16 18:27:12,282 [ERROR] LogOutputStream:75 - [STDERR_REDIRECT] Feb 16, 2025 6:27:12 PM java.util.prefs.FileSystemPreferences checkLockFile0ErrorCode
2025-02-16 18:27:12,282 [ERROR] LogOutputStream:75 - [STDERR_REDIRECT] WARNING: Could not lock System prefs. Unix error code 2.
2025-02-16 18:27:12,282 [ERROR] LogOutputStream:75 - [STDERR_REDIRECT] 
2025-02-16 18:27:12,282 [ERROR] LogOutputStream:75 - [STDERR_REDIRECT] Feb 16, 2025 6:27:12 PM java.util.prefs.FileSystemPreferences syncWorld
2025-02-16 18:27:12,282 [ERROR] LogOutputStream:75 - [STDERR_REDIRECT] WARNING: Couldn't flush system prefs: java.util.prefs.BackingStoreException: Couldn't get file lock.
2025-02-16 18:27:12,282 [ERROR] LogOutputStream:75 - [STDERR_REDIRECT] 
2025-02-16 18:27:42,282 [ERROR] LogOutputStream:75 - [STDERR_REDIRECT] Feb 16, 2025 6:27:42 PM java.util.prefs.FileSystemPreferences checkLockFile0ErrorCode
2025-02-16 18:27:42,283 [ERROR] LogOutputStream:75 - [STDERR_REDIRECT] WARNING: Could not lock System prefs. Unix error code 2.
2025-02-16 18:27:42,283 [ERROR] LogOutputStream:75 - [STDERR_REDIRECT] 
2025-02-16 18:27:42,283 [ERROR] LogOutputStream:75 - [STDERR_REDIRECT] Feb 16, 2025 6:27:42 PM java.util.prefs.FileSystemPreferences syncWorld
2025-02-16 18:27:42,283 [ERROR] LogOutputStream:75 - [STDERR_REDIRECT] WARNING: Couldn't flush system prefs: java.util.prefs.BackingStoreException: Couldn't get file lock.
2025-02-16 18:27:42,283 [ERROR] LogOutputStream:75 - [STDERR_REDIRECT] 
2025-02-16 18:28:12,283 [ERROR] LogOutputStream:75 - [STDERR_REDIRECT] Feb 16, 2025 6:28:12 PM java.util.prefs.FileSystemPreferences checkLockFile0ErrorCode
2025-02-16 18:28:12,283 [ERROR] LogOutputStream:75 - [STDERR_REDIRECT] WARNING: Could not lock System prefs. Unix error code 2.
2025-02-16 18:28:12,283 [ERROR] LogOutputStream:75 - [STDERR_REDIRECT] 
2025-02-16 18:28:12,283 [ERROR] LogOutputStream:75 - [STDERR_REDIRECT] Feb 16, 2025 6:28:12 PM java.util.prefs.FileSystemPreferences syncWorld
2025-02-16 18:28:12,283 [ERROR] LogOutputStream:75 - [STDERR_REDIRECT] WARNING: Couldn't flush system prefs: java.util.prefs.BackingStoreException: Couldn't get file lock.
2025-02-16 18:28:12,283 [ERROR] LogOutputStream:75 - [STDERR_REDIRECT] 
2025-02-16 18:28:42,284 [ERROR] LogOutputStream:75 - [STDERR_REDIRECT] Feb 16, 2025 6:28:42 PM java.util.prefs.FileSystemPreferences checkLockFile0ErrorCode
2025-02-16 18:28:42,284 [ERROR] LogOutputStream:75 - [STDERR_REDIRECT] WARNING: Could not lock System prefs. Unix error code 2.
2025-02-16 18:28:42,284 [ERROR] LogOutputStream:75 - [STDERR_REDIRECT] 
2025-02-16 18:28:42,284 [ERROR] LogOutputStream:75 - [STDERR_REDIRECT] Feb 16, 2025 6:28:42 PM java.util.prefs.FileSystemPreferences syncWorld
2025-02-16 18:28:42,284 [ERROR] LogOutputStream:75 - [STDERR_REDIRECT] WARNING: Couldn't flush system prefs: java.util.prefs.BackingStoreException: Couldn't get file lock.
2025-02-16 18:28:42,284 [ERROR] LogOutputStream:75 - [STDERR_REDIRECT] 
2025-02-16 18:29:12,283 [ERROR] LogOutputStream:75 - [STDERR_REDIRECT] Feb 16, 2025 6:29:12 PM java.util.prefs.FileSystemPreferences checkLockFile0ErrorCode
2025-02-16 18:29:12,283 [ERROR] LogOutputStream:75 - [STDERR_REDIRECT] WARNING: Could not lock System prefs. Unix error code 2.
2025-02-16 18:29:12,283 [ERROR] LogOutputStream:75 - [STDERR_REDIRECT] 
2025-02-16 18:29:12,283 [ERROR] LogOutputStream:75 - [STDERR_REDIRECT] Feb 16, 2025 6:29:12 PM java.util.prefs.FileSystemPreferences syncWorld
2025-02-16 18:29:12,283 [ERROR] LogOutputStream:75 - [STDERR_REDIRECT] WARNING: Couldn't flush system prefs: java.util.prefs.BackingStoreException: Couldn't get file lock.
2025-02-16 18:29:12,283 [ERROR] LogOutputStream:75 - [STDERR_REDIRECT] 
2025-02-16 18:29:42,283 [ERROR] LogOutputStream:75 - [STDERR_REDIRECT] Feb 16, 2025 6:29:42 PM java.util.prefs.FileSystemPreferences checkLockFile0ErrorCode
2025-02-16 18:29:42,284 [ERROR] LogOutputStream:75 - [STDERR_REDIRECT] WARNING: Could not lock System prefs. Unix error code 2.
2025-02-16 18:29:42,284 [ERROR] LogOutputStream:75 - [STDERR_REDIRECT] 
2025-02-16 18:29:42,284 [ERROR] LogOutputStream:75 - [STDERR_REDIRECT] Feb 16, 2025 6:29:42 PM java.util.prefs.FileSystemPreferences syncWorld
2025-02-16 18:29:42,284 [ERROR] LogOutputStream:75 - [STDERR_REDIRECT] WARNING: Couldn't flush system prefs: java.util.prefs.BackingStoreException: Couldn't get file lock.
2025-02-16 18:29:42,284 [ERROR] LogOutputStream:75 - [STDERR_REDIRECT] 
2025-02-16 18:30:12,284 [ERROR] LogOutputStream:75 - [STDERR_REDIRECT] Feb 16, 2025 6:30:12 PM java.util.prefs.FileSystemPreferences checkLockFile0ErrorCode
2025-02-16 18:30:12,284 [ERROR] LogOutputStream:75 - [STDERR_REDIRECT] WARNING: Could not lock System prefs. Unix error code 2.
2025-02-16 18:30:12,284 [ERROR] LogOutputStream:75 - [STDERR_REDIRECT] 
2025-02-16 18:30:12,284 [ERROR] LogOutputStream:75 - [STDERR_REDIRECT] Feb 16, 2025 6:30:12 PM java.util.prefs.FileSystemPreferences syncWorld
2025-02-16 18:30:12,284 [ERROR] LogOutputStream:75 - [STDERR_REDIRECT] WARNING: Couldn't flush system prefs: java.util.prefs.BackingStoreException: Couldn't get file lock.
2025-02-16 18:30:12,284 [ERROR] LogOutputStream:75 - [STDERR_REDIRECT] 
2025-02-16 18:30:42,284 [ERROR] LogOutputStream:75 - [STDERR_REDIRECT] Feb 16, 2025 6:30:42 PM java.util.prefs.FileSystemPreferences checkLockFile0ErrorCode
2025-02-16 18:30:42,285 [ERROR] LogOutputStream:75 - [STDERR_REDIRECT] WARNING: Could not lock System prefs. Unix error code 2.
2025-02-16 18:30:42,285 [ERROR] LogOutputStream:75 - [STDERR_REDIRECT] 
2025-02-16 18:30:42,285 [ERROR] LogOutputStream:75 - [STDERR_REDIRECT] Feb 16, 2025 6:30:42 PM java.util.prefs.FileSystemPreferences syncWorld
2025-02-16 18:30:42,285 [ERROR] LogOutputStream:75 - [STDERR_REDIRECT] WARNING: Couldn't flush system prefs: java.util.prefs.BackingStoreException: Couldn't get file lock.
2025-02-16 18:30:42,285 [ERROR] LogOutputStream:75 - [STDERR_REDIRECT] 
2025-02-16 18:31:12,284 [ERROR] LogOutputStream:75 - [STDERR_REDIRECT] Feb 16, 2025 6:31:12 PM java.util.prefs.FileSystemPreferences checkLockFile0ErrorCode
2025-02-16 18:31:12,284 [ERROR] LogOutputStream:75 - [STDERR_REDIRECT] WARNING: Could not lock System prefs. Unix error code 2.
2025-02-16 18:31:12,284 [ERROR] LogOutputStream:75 - [STDERR_REDIRECT] 
2025-02-16 18:31:12,284 [ERROR] LogOutputStream:75 - [STDERR_REDIRECT] Feb 16, 2025 6:31:12 PM java.util.prefs.FileSystemPreferences syncWorld
2025-02-16 18:31:12,284 [ERROR] LogOutputStream:75 - [STDERR_REDIRECT] WARNING: Couldn't flush system prefs: java.util.prefs.BackingStoreException: Couldn't get file lock.
2025-02-16 18:31:12,284 [ERROR] LogOutputStream:75 - [STDERR_REDIRECT] 
2025-02-16 18:31:42,284 [ERROR] LogOutputStream:75 - [STDERR_REDIRECT] Feb 16, 2025 6:31:42 PM java.util.prefs.FileSystemPreferences checkLockFile0ErrorCode
2025-02-16 18:31:42,284 [ERROR] LogOutputStream:75 - [STDERR_REDIRECT] WARNING: Could not lock System prefs. Unix error code 2.
2025-02-16 18:31:42,284 [ERROR] LogOutputStream:75 - [STDERR_REDIRECT] 
2025-02-16 18:31:42,285 [ERROR] LogOutputStream:75 - [STDERR_REDIRECT] Feb 16, 2025 6:31:42 PM java.util.prefs.FileSystemPreferences syncWorld
2025-02-16 18:31:42,285 [ERROR] LogOutputStream:75 - [STDERR_REDIRECT] WARNING: Couldn't flush system prefs: java.util.prefs.BackingStoreException: Couldn't get file lock.
2025-02-16 18:31:42,285 [ERROR] LogOutputStream:75 - [STDERR_REDIRECT] 
2025-02-16 18:32:12,284 [ERROR] LogOutputStream:75 - [STDERR_REDIRECT] Feb 16, 2025 6:32:12 PM java.util.prefs.FileSystemPreferences checkLockFile0ErrorCode
2025-02-16 18:32:12,284 [ERROR] LogOutputStream:75 - [STDERR_REDIRECT] WARNING: Could not lock System prefs. Unix error code 2.
2025-02-16 18:32:12,284 [ERROR] LogOutputStream:75 - [STDERR_REDIRECT] 
2025-02-16 18:32:12,284 [ERROR] LogOutputStream:75 - [STDERR_REDIRECT] Feb 16, 2025 6:32:12 PM java.util.prefs.FileSystemPreferences syncWorld
2025-02-16 18:32:12,284 [ERROR] LogOutputStream:75 - [STDERR_REDIRECT] WARNING: Couldn't flush system prefs: java.util.prefs.BackingStoreException: Couldn't get file lock.
2025-02-16 18:32:12,284 [ERROR] LogOutputStream:75 - [STDERR_REDIRECT] 
2025-02-16 18:32:42,284 [ERROR] LogOutputStream:75 - [STDERR_REDIRECT] Feb 16, 2025 6:32:42 PM java.util.prefs.FileSystemPreferences checkLockFile0ErrorCode
2025-02-16 18:32:42,284 [ERROR] LogOutputStream:75 - [STDERR_REDIRECT] WARNING: Could not lock System prefs. Unix error code 2.
2025-02-16 18:32:42,284 [ERROR] LogOutputStream:75 - [STDERR_REDIRECT] 
2025-02-16 18:32:42,285 [ERROR] LogOutputStream:75 - [STDERR_REDIRECT] Feb 16, 2025 6:32:42 PM java.util.prefs.FileSystemPreferences syncWorld
2025-02-16 18:32:42,285 [ERROR] LogOutputStream:75 - [STDERR_REDIRECT] WARNING: Couldn't flush system prefs: java.util.prefs.BackingStoreException: Couldn't get file lock.
2025-02-16 18:32:42,285 [ERROR] LogOutputStream:75 - [STDERR_REDIRECT] 
2025-02-16 18:33:12,284 [ERROR] LogOutputStream:75 - [STDERR_REDIRECT] Feb 16, 2025 6:33:12 PM java.util.prefs.FileSystemPreferences checkLockFile0ErrorCode
2025-02-16 18:33:12,284 [ERROR] LogOutputStream:75 - [STDERR_REDIRECT] WARNING: Could not lock System prefs. Unix error code 2.
2025-02-16 18:33:12,284 [ERROR] LogOutputStream:75 - [STDERR_REDIRECT] 
2025-02-16 18:33:12,284 [ERROR] LogOutputStream:75 - [STDERR_REDIRECT] Feb 16, 2025 6:33:12 PM java.util.prefs.FileSystemPreferences syncWorld
2025-02-16 18:33:12,284 [ERROR] LogOutputStream:75 - [STDERR_REDIRECT] WARNING: Couldn't flush system prefs: java.util.prefs.BackingStoreException: Couldn't get file lock.
2025-02-16 18:33:12,284 [ERROR] LogOutputStream:75 - [STDERR_REDIRECT] 
2025-02-16 18:33:42,284 [ERROR] LogOutputStream:75 - [STDERR_REDIRECT] Feb 16, 2025 6:33:42 PM java.util.prefs.FileSystemPreferences checkLockFile0ErrorCode
2025-02-16 18:33:42,284 [ERROR] LogOutputStream:75 - [STDERR_REDIRECT] WARNING: Could not lock System prefs. Unix error code 2.
2025-02-16 18:33:42,284 [ERROR] LogOutputStream:75 - [STDERR_REDIRECT] 
2025-02-16 18:33:42,284 [ERROR] LogOutputStream:75 - [STDERR_REDIRECT] Feb 16, 2025 6:33:42 PM java.util.prefs.FileSystemPreferences syncWorld
2025-02-16 18:33:42,284 [ERROR] LogOutputStream:75 - [STDERR_REDIRECT] WARNING: Couldn't flush system prefs: java.util.prefs.BackingStoreException: Couldn't get file lock.
2025-02-16 18:33:42,284 [ERROR] LogOutputStream:75 - [STDERR_REDIRECT] 
2025-02-16 18:34:12,285 [ERROR] LogOutputStream:75 - [STDERR_REDIRECT] Feb 16, 2025 6:34:12 PM java.util.prefs.FileSystemPreferences checkLockFile0ErrorCode
2025-02-16 18:34:12,285 [ERROR] LogOutputStream:75 - [STDERR_REDIRECT] WARNING: Could not lock System prefs. Unix error code 2.
2025-02-16 18:34:12,285 [ERROR] LogOutputStream:75 - [STDERR_REDIRECT] 
2025-02-16 18:34:12,285 [ERROR] LogOutputStream:75 - [STDERR_REDIRECT] Feb 16, 2025 6:34:12 PM java.util.prefs.FileSystemPreferences syncWorld
2025-02-16 18:34:12,285 [ERROR] LogOutputStream:75 - [STDERR_REDIRECT] WARNING: Couldn't flush system prefs: java.util.prefs.BackingStoreException: Couldn't get file lock.
2025-02-16 18:34:12,285 [ERROR] LogOutputStream:75 - [STDERR_REDIRECT] 
2025-02-16 18:34:42,284 [ERROR] LogOutputStream:75 - [STDERR_REDIRECT] Feb 16, 2025 6:34:42 PM java.util.prefs.FileSystemPreferences checkLockFile0ErrorCode
2025-02-16 18:34:42,284 [ERROR] LogOutputStream:75 - [STDERR_REDIRECT] WARNING: Could not lock System prefs. Unix error code 2.
2025-02-16 18:34:42,284 [ERROR] LogOutputStream:75 - [STDERR_REDIRECT] 
2025-02-16 18:34:42,284 [ERROR] LogOutputStream:75 - [STDERR_REDIRECT] Feb 16, 2025 6:34:42 PM java.util.prefs.FileSystemPreferences syncWorld
2025-02-16 18:34:42,284 [ERROR] LogOutputStream:75 - [STDERR_REDIRECT] WARNING: Couldn't flush system prefs: java.util.prefs.BackingStoreException: Couldn't get file lock.
2025-02-16 18:34:42,284 [ERROR] LogOutputStream:75 - [STDERR_REDIRECT] 
2025-02-16 18:35:12,284 [ERROR] LogOutputStream:75 - [STDERR_REDIRECT] Feb 16, 2025 6:35:12 PM java.util.prefs.FileSystemPreferences checkLockFile0ErrorCode
2025-02-16 18:35:12,284 [ERROR] LogOutputStream:75 - [STDERR_REDIRECT] WARNING: Could not lock System prefs. Unix error code 2.
2025-02-16 18:35:12,284 [ERROR] LogOutputStream:75 - [STDERR_REDIRECT] 
2025-02-16 18:35:12,285 [ERROR] LogOutputStream:75 - [STDERR_REDIRECT] Feb 16, 2025 6:35:12 PM java.util.prefs.FileSystemPreferences syncWorld
2025-02-16 18:35:12,285 [ERROR] LogOutputStream:75 - [STDERR_REDIRECT] WARNING: Couldn't flush system prefs: java.util.prefs.BackingStoreException: Couldn't get file lock.
2025-02-16 18:35:12,285 [ERROR] LogOutputStream:75 - [STDERR_REDIRECT] 
2025-02-16 18:35:42,284 [ERROR] LogOutputStream:75 - [STDERR_REDIRECT] Feb 16, 2025 6:35:42 PM java.util.prefs.FileSystemPreferences checkLockFile0ErrorCode
2025-02-16 18:35:42,284 [ERROR] LogOutputStream:75 - [STDERR_REDIRECT] WARNING: Could not lock System prefs. Unix error code 2.
2025-02-16 18:35:42,284 [ERROR] LogOutputStream:75 - [STDERR_REDIRECT] 
2025-02-16 18:35:42,284 [ERROR] LogOutputStream:75 - [STDERR_REDIRECT] Feb 16, 2025 6:35:42 PM java.util.prefs.FileSystemPreferences syncWorld
2025-02-16 18:35:42,284 [ERROR] LogOutputStream:75 - [STDERR_REDIRECT] WARNING: Couldn't flush system prefs: java.util.prefs.BackingStoreException: Couldn't get file lock.
2025-02-16 18:35:42,284 [ERROR] LogOutputStream:75 - [STDERR_REDIRECT] 
2025-02-16 18:36:12,284 [ERROR] LogOutputStream:75 - [STDERR_REDIRECT] Feb 16, 2025 6:36:12 PM java.util.prefs.FileSystemPreferences checkLockFile0ErrorCode
2025-02-16 18:36:12,284 [ERROR] LogOutputStream:75 - [STDERR_REDIRECT] WARNING: Could not lock System prefs. Unix error code 2.
2025-02-16 18:36:12,284 [ERROR] LogOutputStream:75 - [STDERR_REDIRECT] 
2025-02-16 18:36:12,284 [ERROR] LogOutputStream:75 - [STDERR_REDIRECT] Feb 16, 2025 6:36:12 PM java.util.prefs.FileSystemPreferences syncWorld
2025-02-16 18:36:12,284 [ERROR] LogOutputStream:75 - [STDERR_REDIRECT] WARNING: Couldn't flush system prefs: java.util.prefs.BackingStoreException: Couldn't get file lock.
2025-02-16 18:36:12,284 [ERROR] LogOutputStream:75 - [STDERR_REDIRECT] 
2025-02-16 18:36:42,284 [ERROR] LogOutputStream:75 - [STDERR_REDIRECT] Feb 16, 2025 6:36:42 PM java.util.prefs.FileSystemPreferences checkLockFile0ErrorCode
2025-02-16 18:36:42,284 [ERROR] LogOutputStream:75 - [STDERR_REDIRECT] WARNING: Could not lock System prefs. Unix error code 2.
2025-02-16 18:36:42,284 [ERROR] LogOutputStream:75 - [STDERR_REDIRECT] 
2025-02-16 18:36:42,284 [ERROR] LogOutputStream:75 - [STDERR_REDIRECT] Feb 16, 2025 6:36:42 PM java.util.prefs.FileSystemPreferences syncWorld
2025-02-16 18:36:42,284 [ERROR] LogOutputStream:75 - [STDERR_REDIRECT] WARNING: Couldn't flush system prefs: java.util.prefs.BackingStoreException: Couldn't get file lock.
2025-02-16 18:36:42,284 [ERROR] LogOutputStream:75 - [STDERR_REDIRECT] 
2025-02-16 18:37:12,284 [ERROR] LogOutputStream:75 - [STDERR_REDIRECT] Feb 16, 2025 6:37:12 PM java.util.prefs.FileSystemPreferences checkLockFile0ErrorCode
2025-02-16 18:37:12,284 [ERROR] LogOutputStream:75 - [STDERR_REDIRECT] WARNING: Could not lock System prefs. Unix error code 2.
2025-02-16 18:37:12,284 [ERROR] LogOutputStream:75 - [STDERR_REDIRECT] 
2025-02-16 18:37:12,284 [ERROR] LogOutputStream:75 - [STDERR_REDIRECT] Feb 16, 2025 6:37:12 PM java.util.prefs.FileSystemPreferences syncWorld
2025-02-16 18:37:12,284 [ERROR] LogOutputStream:75 - [STDERR_REDIRECT] WARNING: Couldn't flush system prefs: java.util.prefs.BackingStoreException: Couldn't get file lock.
2025-02-16 18:37:12,284 [ERROR] LogOutputStream:75 - [STDERR_REDIRECT] 
2025-02-16 18:37:42,284 [ERROR] LogOutputStream:75 - [STDERR_REDIRECT] Feb 16, 2025 6:37:42 PM java.util.prefs.FileSystemPreferences checkLockFile0ErrorCode
2025-02-16 18:37:42,284 [ERROR] LogOutputStream:75 - [STDERR_REDIRECT] WARNING: Could not lock System prefs. Unix error code 2.
2025-02-16 18:37:42,284 [ERROR] LogOutputStream:75 - [STDERR_REDIRECT] 
2025-02-16 18:37:42,285 [ERROR] LogOutputStream:75 - [STDERR_REDIRECT] Feb 16, 2025 6:37:42 PM java.util.prefs.FileSystemPreferences syncWorld
2025-02-16 18:37:42,285 [ERROR] LogOutputStream:75 - [STDERR_REDIRECT] WARNING: Couldn't flush system prefs: java.util.prefs.BackingStoreException: Couldn't get file lock.
2025-02-16 18:37:42,285 [ERROR] LogOutputStream:75 - [STDERR_REDIRECT] 
2025-02-16 18:38:12,284 [ERROR] LogOutputStream:75 - [STDERR_REDIRECT] Feb 16, 2025 6:38:12 PM java.util.prefs.FileSystemPreferences checkLockFile0ErrorCode
2025-02-16 18:38:12,284 [ERROR] LogOutputStream:75 - [STDERR_REDIRECT] WARNING: Could not lock System prefs. Unix error code 2.
2025-02-16 18:38:12,284 [ERROR] LogOutputStream:75 - [STDERR_REDIRECT] 
2025-02-16 18:38:12,284 [ERROR] LogOutputStream:75 - [STDERR_REDIRECT] Feb 16, 2025 6:38:12 PM java.util.prefs.FileSystemPreferences syncWorld
2025-02-16 18:38:12,284 [ERROR] LogOutputStream:75 - [STDERR_REDIRECT] WARNING: Couldn't flush system prefs: java.util.prefs.BackingStoreException: Couldn't get file lock.
2025-02-16 18:38:12,284 [ERROR] LogOutputStream:75 - [STDERR_REDIRECT] 
2025-02-16 18:38:42,284 [ERROR] LogOutputStream:75 - [STDERR_REDIRECT] Feb 16, 2025 6:38:42 PM java.util.prefs.FileSystemPreferences checkLockFile0ErrorCode
2025-02-16 18:38:42,284 [ERROR] LogOutputStream:75 - [STDERR_REDIRECT] WARNING: Could not lock System prefs. Unix error code 2.
2025-02-16 18:38:42,284 [ERROR] LogOutputStream:75 - [STDERR_REDIRECT] 
2025-02-16 18:38:42,284 [ERROR] LogOutputStream:75 - [STDERR_REDIRECT] Feb 16, 2025 6:38:42 PM java.util.prefs.FileSystemPreferences syncWorld
2025-02-16 18:38:42,285 [ERROR] LogOutputStream:75 - [STDERR_REDIRECT] WARNING: Couldn't flush system prefs: java.util.prefs.BackingStoreException: Couldn't get file lock.
2025-02-16 18:38:42,285 [ERROR] LogOutputStream:75 - [STDERR_REDIRECT] 
2025-02-16 18:39:12,284 [ERROR] LogOutputStream:75 - [STDERR_REDIRECT] Feb 16, 2025 6:39:12 PM java.util.prefs.FileSystemPreferences checkLockFile0ErrorCode
2025-02-16 18:39:12,284 [ERROR] LogOutputStream:75 - [STDERR_REDIRECT] WARNING: Could not lock System prefs. Unix error code 2.
2025-02-16 18:39:12,284 [ERROR] LogOutputStream:75 - [STDERR_REDIRECT] 
2025-02-16 18:39:12,284 [ERROR] LogOutputStream:75 - [STDERR_REDIRECT] Feb 16, 2025 6:39:12 PM java.util.prefs.FileSystemPreferences syncWorld
2025-02-16 18:39:12,284 [ERROR] LogOutputStream:75 - [STDERR_REDIRECT] WARNING: Couldn't flush system prefs: java.util.prefs.BackingStoreException: Couldn't get file lock.
2025-02-16 18:39:12,284 [ERROR] LogOutputStream:75 - [STDERR_REDIRECT] 
2025-02-16 18:39:42,284 [ERROR] LogOutputStream:75 - [STDERR_REDIRECT] Feb 16, 2025 6:39:42 PM java.util.prefs.FileSystemPreferences checkLockFile0ErrorCode
2025-02-16 18:39:42,284 [ERROR] LogOutputStream:75 - [STDERR_REDIRECT] WARNING: Could not lock System prefs. Unix error code 2.
2025-02-16 18:39:42,284 [ERROR] LogOutputStream:75 - [STDERR_REDIRECT] 
2025-02-16 18:39:42,285 [ERROR] LogOutputStream:75 - [STDERR_REDIRECT] Feb 16, 2025 6:39:42 PM java.util.prefs.FileSystemPreferences syncWorld
2025-02-16 18:39:42,285 [ERROR] LogOutputStream:75 - [STDERR_REDIRECT] WARNING: Couldn't flush system prefs: java.util.prefs.BackingStoreException: Couldn't get file lock.
2025-02-16 18:39:42,285 [ERROR] LogOutputStream:75 - [STDERR_REDIRECT] 
2025-02-16 18:40:12,284 [ERROR] LogOutputStream:75 - [STDERR_REDIRECT] Feb 16, 2025 6:40:12 PM java.util.prefs.FileSystemPreferences checkLockFile0ErrorCode
2025-02-16 18:40:12,284 [ERROR] LogOutputStream:75 - [STDERR_REDIRECT] WARNING: Could not lock System prefs. Unix error code 2.
2025-02-16 18:40:12,284 [ERROR] LogOutputStream:75 - [STDERR_REDIRECT] 
2025-02-16 18:40:12,284 [ERROR] LogOutputStream:75 - [STDERR_REDIRECT] Feb 16, 2025 6:40:12 PM java.util.prefs.FileSystemPreferences syncWorld
2025-02-16 18:40:12,284 [ERROR] LogOutputStream:75 - [STDERR_REDIRECT] WARNING: Couldn't flush system prefs: java.util.prefs.BackingStoreException: Couldn't get file lock.
2025-02-16 18:40:12,285 [ERROR] LogOutputStream:75 - [STDERR_REDIRECT] 
2025-02-16 18:40:42,284 [ERROR] LogOutputStream:75 - [STDERR_REDIRECT] Feb 16, 2025 6:40:42 PM java.util.prefs.FileSystemPreferences checkLockFile0ErrorCode
2025-02-16 18:40:42,284 [ERROR] LogOutputStream:75 - [STDERR_REDIRECT] WARNING: Could not lock System prefs. Unix error code 2.
2025-02-16 18:40:42,284 [ERROR] LogOutputStream:75 - [STDERR_REDIRECT] 
2025-02-16 18:40:42,284 [ERROR] LogOutputStream:75 - [STDERR_REDIRECT] Feb 16, 2025 6:40:42 PM java.util.prefs.FileSystemPreferences syncWorld
2025-02-16 18:40:42,284 [ERROR] LogOutputStream:75 - [STDERR_REDIRECT] WARNING: Couldn't flush system prefs: java.util.prefs.BackingStoreException: Couldn't get file lock.
2025-02-16 18:40:42,284 [ERROR] LogOutputStream:75 - [STDERR_REDIRECT] 
2025-02-16 18:41:12,284 [ERROR] LogOutputStream:75 - [STDERR_REDIRECT] Feb 16, 2025 6:41:12 PM java.util.prefs.FileSystemPreferences checkLockFile0ErrorCode
2025-02-16 18:41:12,285 [ERROR] LogOutputStream:75 - [STDERR_REDIRECT] WARNING: Could not lock System prefs. Unix error code 2.
2025-02-16 18:41:12,285 [ERROR] LogOutputStream:75 - [STDERR_REDIRECT] 
2025-02-16 18:41:12,285 [ERROR] LogOutputStream:75 - [STDERR_REDIRECT] Feb 16, 2025 6:41:12 PM java.util.prefs.FileSystemPreferences syncWorld
2025-02-16 18:41:12,285 [ERROR] LogOutputStream:75 - [STDERR_REDIRECT] WARNING: Couldn't flush system prefs: java.util.prefs.BackingStoreException: Couldn't get file lock.
2025-02-16 18:41:12,285 [ERROR] LogOutputStream:75 - [STDERR_REDIRECT] 
2025-02-16 18:41:42,284 [ERROR] LogOutputStream:75 - [STDERR_REDIRECT] Feb 16, 2025 6:41:42 PM java.util.prefs.FileSystemPreferences checkLockFile0ErrorCode
2025-02-16 18:41:42,284 [ERROR] LogOutputStream:75 - [STDERR_REDIRECT] WARNING: Could not lock System prefs. Unix error code 2.
2025-02-16 18:41:42,291 [ERROR] LogOutputStream:75 - [STDERR_REDIRECT] 
2025-02-16 18:41:42,291 [ERROR] LogOutputStream:75 - [STDERR_REDIRECT] Feb 16, 2025 6:41:42 PM java.util.prefs.FileSystemPreferences syncWorld
2025-02-16 18:41:42,291 [ERROR] LogOutputStream:75 - [STDERR_REDIRECT] WARNING: Couldn't flush system prefs: java.util.prefs.BackingStoreException: Couldn't get file lock.
2025-02-16 18:41:42,291 [ERROR] LogOutputStream:75 - [STDERR_REDIRECT] 
2025-02-16 18:42:12,284 [ERROR] LogOutputStream:75 - [STDERR_REDIRECT] Feb 16, 2025 6:42:12 PM java.util.prefs.FileSystemPreferences checkLockFile0ErrorCode
2025-02-16 18:42:12,284 [ERROR] LogOutputStream:75 - [STDERR_REDIRECT] WARNING: Could not lock System prefs. Unix error code 2.
2025-02-16 18:42:12,284 [ERROR] LogOutputStream:75 - [STDERR_REDIRECT] 
2025-02-16 18:42:12,284 [ERROR] LogOutputStream:75 - [STDERR_REDIRECT] Feb 16, 2025 6:42:12 PM java.util.prefs.FileSystemPreferences syncWorld
2025-02-16 18:42:12,284 [ERROR] LogOutputStream:75 - [STDERR_REDIRECT] WARNING: Couldn't flush system prefs: java.util.prefs.BackingStoreException: Couldn't get file lock.
2025-02-16 18:42:12,284 [ERROR] LogOutputStream:75 - [STDERR_REDIRECT] 
2025-02-16 18:42:42,285 [ERROR] LogOutputStream:75 - [STDERR_REDIRECT] Feb 16, 2025 6:42:42 PM java.util.prefs.FileSystemPreferences checkLockFile0ErrorCode
2025-02-16 18:42:42,285 [ERROR] LogOutputStream:75 - [STDERR_REDIRECT] WARNING: Could not lock System prefs. Unix error code 2.
2025-02-16 18:42:42,285 [ERROR] LogOutputStream:75 - [STDERR_REDIRECT] 
2025-02-16 18:42:42,285 [ERROR] LogOutputStream:75 - [STDERR_REDIRECT] Feb 16, 2025 6:42:42 PM java.util.prefs.FileSystemPreferences syncWorld
2025-02-16 18:42:42,285 [ERROR] LogOutputStream:75 - [STDERR_REDIRECT] WARNING: Couldn't flush system prefs: java.util.prefs.BackingStoreException: Couldn't get file lock.
2025-02-16 18:42:42,285 [ERROR] LogOutputStream:75 - [STDERR_REDIRECT] 
2025-02-16 18:43:12,285 [ERROR] LogOutputStream:75 - [STDERR_REDIRECT] Feb 16, 2025 6:43:12 PM java.util.prefs.FileSystemPreferences checkLockFile0ErrorCode
2025-02-16 18:43:12,285 [ERROR] LogOutputStream:75 - [STDERR_REDIRECT] WARNING: Could not lock System prefs. Unix error code 2.
2025-02-16 18:43:12,285 [ERROR] LogOutputStream:75 - [STDERR_REDIRECT] 
2025-02-16 18:43:12,285 [ERROR] LogOutputStream:75 - [STDERR_REDIRECT] Feb 16, 2025 6:43:12 PM java.util.prefs.FileSystemPreferences syncWorld
2025-02-16 18:43:12,285 [ERROR] LogOutputStream:75 - [STDERR_REDIRECT] WARNING: Couldn't flush system prefs: java.util.prefs.BackingStoreException: Couldn't get file lock.
2025-02-16 18:43:12,285 [ERROR] LogOutputStream:75 - [STDERR_REDIRECT] 
2025-02-16 18:43:42,285 [ERROR] LogOutputStream:75 - [STDERR_REDIRECT] Feb 16, 2025 6:43:42 PM java.util.prefs.FileSystemPreferences checkLockFile0ErrorCode
2025-02-16 18:43:42,285 [ERROR] LogOutputStream:75 - [STDERR_REDIRECT] WARNING: Could not lock System prefs. Unix error code 2.
2025-02-16 18:43:42,285 [ERROR] LogOutputStream:75 - [STDERR_REDIRECT] 
2025-02-16 18:43:42,286 [ERROR] LogOutputStream:75 - [STDERR_REDIRECT] Feb 16, 2025 6:43:42 PM java.util.prefs.FileSystemPreferences syncWorld
2025-02-16 18:43:42,286 [ERROR] LogOutputStream:75 - [STDERR_REDIRECT] WARNING: Couldn't flush system prefs: java.util.prefs.BackingStoreException: Couldn't get file lock.
2025-02-16 18:43:42,286 [ERROR] LogOutputStream:75 - [STDERR_REDIRECT] 
2025-02-16 18:44:12,285 [ERROR] LogOutputStream:75 - [STDERR_REDIRECT] Feb 16, 2025 6:44:12 PM java.util.prefs.FileSystemPreferences checkLockFile0ErrorCode
2025-02-16 18:44:12,285 [ERROR] LogOutputStream:75 - [STDERR_REDIRECT] WARNING: Could not lock System prefs. Unix error code 2.
2025-02-16 18:44:12,285 [ERROR] LogOutputStream:75 - [STDERR_REDIRECT] 
2025-02-16 18:44:12,285 [ERROR] LogOutputStream:75 - [STDERR_REDIRECT] Feb 16, 2025 6:44:12 PM java.util.prefs.FileSystemPreferences syncWorld
2025-02-16 18:44:12,285 [ERROR] LogOutputStream:75 - [STDERR_REDIRECT] WARNING: Couldn't flush system prefs: java.util.prefs.BackingStoreException: Couldn't get file lock.
2025-02-16 18:44:12,285 [ERROR] LogOutputStream:75 - [STDERR_REDIRECT] 
2025-02-16 18:44:42,285 [ERROR] LogOutputStream:75 - [STDERR_REDIRECT] Feb 16, 2025 6:44:42 PM java.util.prefs.FileSystemPreferences checkLockFile0ErrorCode
2025-02-16 18:44:42,285 [ERROR] LogOutputStream:75 - [STDERR_REDIRECT] WARNING: Could not lock System prefs. Unix error code 2.
2025-02-16 18:44:42,285 [ERROR] LogOutputStream:75 - [STDERR_REDIRECT] 
2025-02-16 18:44:42,285 [ERROR] LogOutputStream:75 - [STDERR_REDIRECT] Feb 16, 2025 6:44:42 PM java.util.prefs.FileSystemPreferences syncWorld
2025-02-16 18:44:42,285 [ERROR] LogOutputStream:75 - [STDERR_REDIRECT] WARNING: Couldn't flush system prefs: java.util.prefs.BackingStoreException: Couldn't get file lock.
2025-02-16 18:44:42,285 [ERROR] LogOutputStream:75 - [STDERR_REDIRECT] 
2025-02-16 18:45:12,286 [ERROR] LogOutputStream:75 - [STDERR_REDIRECT] Feb 16, 2025 6:45:12 PM java.util.prefs.FileSystemPreferences checkLockFile0ErrorCode
2025-02-16 18:45:12,286 [ERROR] LogOutputStream:75 - [STDERR_REDIRECT] WARNING: Could not lock System prefs. Unix error code 2.
2025-02-16 18:45:12,286 [ERROR] LogOutputStream:75 - [STDERR_REDIRECT] 
2025-02-16 18:45:12,286 [ERROR] LogOutputStream:75 - [STDERR_REDIRECT] Feb 16, 2025 6:45:12 PM java.util.prefs.FileSystemPreferences syncWorld
2025-02-16 18:45:12,286 [ERROR] LogOutputStream:75 - [STDERR_REDIRECT] WARNING: Couldn't flush system prefs: java.util.prefs.BackingStoreException: Couldn't get file lock.
2025-02-16 18:45:12,286 [ERROR] LogOutputStream:75 - [STDERR_REDIRECT] 
2025-02-16 18:45:42,285 [ERROR] LogOutputStream:75 - [STDERR_REDIRECT] Feb 16, 2025 6:45:42 PM java.util.prefs.FileSystemPreferences checkLockFile0ErrorCode
2025-02-16 18:45:42,285 [ERROR] LogOutputStream:75 - [STDERR_REDIRECT] WARNING: Could not lock System prefs. Unix error code 2.
2025-02-16 18:45:42,285 [ERROR] LogOutputStream:75 - [STDERR_REDIRECT] 
2025-02-16 18:45:42,285 [ERROR] LogOutputStream:75 - [STDERR_REDIRECT] Feb 16, 2025 6:45:42 PM java.util.prefs.FileSystemPreferences syncWorld
2025-02-16 18:45:42,285 [ERROR] LogOutputStream:75 - [STDERR_REDIRECT] WARNING: Couldn't flush system prefs: java.util.prefs.BackingStoreException: Couldn't get file lock.
2025-02-16 18:45:42,285 [ERROR] LogOutputStream:75 - [STDERR_REDIRECT] 
2025-02-16 18:46:12,286 [ERROR] LogOutputStream:75 - [STDERR_REDIRECT] Feb 16, 2025 6:46:12 PM java.util.prefs.FileSystemPreferences checkLockFile0ErrorCode
2025-02-16 18:46:12,286 [ERROR] LogOutputStream:75 - [STDERR_REDIRECT] WARNING: Could not lock System prefs. Unix error code 2.
2025-02-16 18:46:12,286 [ERROR] LogOutputStream:75 - [STDERR_REDIRECT] 
2025-02-16 18:46:12,286 [ERROR] LogOutputStream:75 - [STDERR_REDIRECT] Feb 16, 2025 6:46:12 PM java.util.prefs.FileSystemPreferences syncWorld
2025-02-16 18:46:12,286 [ERROR] LogOutputStream:75 - [STDERR_REDIRECT] WARNING: Couldn't flush system prefs: java.util.prefs.BackingStoreException: Couldn't get file lock.
2025-02-16 18:46:12,286 [ERROR] LogOutputStream:75 - [STDERR_REDIRECT] 
2025-02-16 18:46:42,286 [ERROR] LogOutputStream:75 - [STDERR_REDIRECT] Feb 16, 2025 6:46:42 PM java.util.prefs.FileSystemPreferences checkLockFile0ErrorCode
2025-02-16 18:46:42,286 [ERROR] LogOutputStream:75 - [STDERR_REDIRECT] WARNING: Could not lock System prefs. Unix error code 2.
2025-02-16 18:46:42,286 [ERROR] LogOutputStream:75 - [STDERR_REDIRECT] 
2025-02-16 18:46:42,286 [ERROR] LogOutputStream:75 - [STDERR_REDIRECT] Feb 16, 2025 6:46:42 PM java.util.prefs.FileSystemPreferences syncWorld
2025-02-16 18:46:42,286 [ERROR] LogOutputStream:75 - [STDERR_REDIRECT] WARNING: Couldn't flush system prefs: java.util.prefs.BackingStoreException: Couldn't get file lock.
2025-02-16 18:46:42,286 [ERROR] LogOutputStream:75 - [STDERR_REDIRECT] 
2025-02-16 18:47:12,287 [ERROR] LogOutputStream:75 - [STDERR_REDIRECT] Feb 16, 2025 6:47:12 PM java.util.prefs.FileSystemPreferences checkLockFile0ErrorCode
2025-02-16 18:47:12,287 [ERROR] LogOutputStream:75 - [STDERR_REDIRECT] WARNING: Could not lock System prefs. Unix error code 2.
2025-02-16 18:47:12,287 [ERROR] LogOutputStream:75 - [STDERR_REDIRECT] 
2025-02-16 18:47:12,287 [ERROR] LogOutputStream:75 - [STDERR_REDIRECT] Feb 16, 2025 6:47:12 PM java.util.prefs.FileSystemPreferences syncWorld
2025-02-16 18:47:12,287 [ERROR] LogOutputStream:75 - [STDERR_REDIRECT] WARNING: Couldn't flush system prefs: java.util.prefs.BackingStoreException: Couldn't get file lock.
2025-02-16 18:47:12,287 [ERROR] LogOutputStream:75 - [STDERR_REDIRECT] 
2025-02-16 18:47:42,287 [ERROR] LogOutputStream:75 - [STDERR_REDIRECT] Feb 16, 2025 6:47:42 PM java.util.prefs.FileSystemPreferences checkLockFile0ErrorCode
2025-02-16 18:47:42,287 [ERROR] LogOutputStream:75 - [STDERR_REDIRECT] WARNING: Could not lock System prefs. Unix error code 2.
2025-02-16 18:47:42,287 [ERROR] LogOutputStream:75 - [STDERR_REDIRECT] 
2025-02-16 18:47:42,287 [ERROR] LogOutputStream:75 - [STDERR_REDIRECT] Feb 16, 2025 6:47:42 PM java.util.prefs.FileSystemPreferences syncWorld
2025-02-16 18:47:42,287 [ERROR] LogOutputStream:75 - [STDERR_REDIRECT] WARNING: Couldn't flush system prefs: java.util.prefs.BackingStoreException: Couldn't get file lock.
2025-02-16 18:47:42,287 [ERROR] LogOutputStream:75 - [STDERR_REDIRECT] 
2025-02-16 18:48:12,288 [ERROR] LogOutputStream:75 - [STDERR_REDIRECT] Feb 16, 2025 6:48:12 PM java.util.prefs.FileSystemPreferences checkLockFile0ErrorCode
2025-02-16 18:48:12,288 [ERROR] LogOutputStream:75 - [STDERR_REDIRECT] WARNING: Could not lock System prefs. Unix error code 2.
2025-02-16 18:48:12,288 [ERROR] LogOutputStream:75 - [STDERR_REDIRECT] 
2025-02-16 18:48:12,288 [ERROR] LogOutputStream:75 - [STDERR_REDIRECT] Feb 16, 2025 6:48:12 PM java.util.prefs.FileSystemPreferences syncWorld
2025-02-16 18:48:12,288 [ERROR] LogOutputStream:75 - [STDERR_REDIRECT] WARNING: Couldn't flush system prefs: java.util.prefs.BackingStoreException: Couldn't get file lock.
2025-02-16 18:48:12,288 [ERROR] LogOutputStream:75 - [STDERR_REDIRECT] 
2025-02-16 18:48:42,288 [ERROR] LogOutputStream:75 - [STDERR_REDIRECT] Feb 16, 2025 6:48:42 PM java.util.prefs.FileSystemPreferences checkLockFile0ErrorCode
2025-02-16 18:48:42,288 [ERROR] LogOutputStream:75 - [STDERR_REDIRECT] WARNING: Could not lock System prefs. Unix error code 2.
2025-02-16 18:48:42,289 [ERROR] LogOutputStream:75 - [STDERR_REDIRECT] 
2025-02-16 18:48:42,289 [ERROR] LogOutputStream:75 - [STDERR_REDIRECT] Feb 16, 2025 6:48:42 PM java.util.prefs.FileSystemPreferences syncWorld
2025-02-16 18:48:42,289 [ERROR] LogOutputStream:75 - [STDERR_REDIRECT] WARNING: Couldn't flush system prefs: java.util.prefs.BackingStoreException: Couldn't get file lock.
2025-02-16 18:48:42,289 [ERROR] LogOutputStream:75 - [STDERR_REDIRECT] 
2025-02-16 18:49:12,288 [ERROR] LogOutputStream:75 - [STDERR_REDIRECT] Feb 16, 2025 6:49:12 PM java.util.prefs.FileSystemPreferences checkLockFile0ErrorCode
2025-02-16 18:49:12,288 [ERROR] LogOutputStream:75 - [STDERR_REDIRECT] WARNING: Could not lock System prefs. Unix error code 2.
2025-02-16 18:49:12,288 [ERROR] LogOutputStream:75 - [STDERR_REDIRECT] 
2025-02-16 18:49:12,288 [ERROR] LogOutputStream:75 - [STDERR_REDIRECT] Feb 16, 2025 6:49:12 PM java.util.prefs.FileSystemPreferences syncWorld
2025-02-16 18:49:12,288 [ERROR] LogOutputStream:75 - [STDERR_REDIRECT] WARNING: Couldn't flush system prefs: java.util.prefs.BackingStoreException: Couldn't get file lock.
2025-02-16 18:49:12,288 [ERROR] LogOutputStream:75 - [STDERR_REDIRECT] 
2025-02-16 18:49:42,288 [ERROR] LogOutputStream:75 - [STDERR_REDIRECT] Feb 16, 2025 6:49:42 PM java.util.prefs.FileSystemPreferences checkLockFile0ErrorCode
2025-02-16 18:49:42,288 [ERROR] LogOutputStream:75 - [STDERR_REDIRECT] WARNING: Could not lock System prefs. Unix error code 2.
2025-02-16 18:49:42,288 [ERROR] LogOutputStream:75 - [STDERR_REDIRECT] 
2025-02-16 18:49:42,289 [ERROR] LogOutputStream:75 - [STDERR_REDIRECT] Feb 16, 2025 6:49:42 PM java.util.prefs.FileSystemPreferences syncWorld
2025-02-16 18:49:42,289 [ERROR] LogOutputStream:75 - [STDERR_REDIRECT] WARNING: Couldn't flush system prefs: java.util.prefs.BackingStoreException: Couldn't get file lock.
2025-02-16 18:49:42,289 [ERROR] LogOutputStream:75 - [STDERR_REDIRECT] 
2025-02-16 18:50:12,288 [ERROR] LogOutputStream:75 - [STDERR_REDIRECT] Feb 16, 2025 6:50:12 PM java.util.prefs.FileSystemPreferences checkLockFile0ErrorCode
2025-02-16 18:50:12,288 [ERROR] LogOutputStream:75 - [STDERR_REDIRECT] WARNING: Could not lock System prefs. Unix error code 2.
2025-02-16 18:50:12,288 [ERROR] LogOutputStream:75 - [STDERR_REDIRECT] 
2025-02-16 18:50:12,288 [ERROR] LogOutputStream:75 - [STDERR_REDIRECT] Feb 16, 2025 6:50:12 PM java.util.prefs.FileSystemPreferences syncWorld
2025-02-16 18:50:12,288 [ERROR] LogOutputStream:75 - [STDERR_REDIRECT] WARNING: Couldn't flush system prefs: java.util.prefs.BackingStoreException: Couldn't get file lock.
2025-02-16 18:50:12,288 [ERROR] LogOutputStream:75 - [STDERR_REDIRECT] 
2025-02-16 18:50:42,288 [ERROR] LogOutputStream:75 - [STDERR_REDIRECT] Feb 16, 2025 6:50:42 PM java.util.prefs.FileSystemPreferences checkLockFile0ErrorCode
2025-02-16 18:50:42,288 [ERROR] LogOutputStream:75 - [STDERR_REDIRECT] WARNING: Could not lock System prefs. Unix error code 2.
2025-02-16 18:50:42,288 [ERROR] LogOutputStream:75 - [STDERR_REDIRECT] 
2025-02-16 18:50:42,288 [ERROR] LogOutputStream:75 - [STDERR_REDIRECT] Feb 16, 2025 6:50:42 PM java.util.prefs.FileSystemPreferences syncWorld
2025-02-16 18:50:42,288 [ERROR] LogOutputStream:75 - [STDERR_REDIRECT] WARNING: Couldn't flush system prefs: java.util.prefs.BackingStoreException: Couldn't get file lock.
2025-02-16 18:50:42,288 [ERROR] LogOutputStream:75 - [STDERR_REDIRECT] 
2025-02-16 18:51:12,289 [ERROR] LogOutputStream:75 - [STDERR_REDIRECT] Feb 16, 2025 6:51:12 PM java.util.prefs.FileSystemPreferences checkLockFile0ErrorCode
2025-02-16 18:51:12,289 [ERROR] LogOutputStream:75 - [STDERR_REDIRECT] WARNING: Could not lock System prefs. Unix error code 2.
2025-02-16 18:51:12,289 [ERROR] LogOutputStream:75 - [STDERR_REDIRECT] 
2025-02-16 18:51:12,289 [ERROR] LogOutputStream:75 - [STDERR_REDIRECT] Feb 16, 2025 6:51:12 PM java.util.prefs.FileSystemPreferences syncWorld
2025-02-16 18:51:12,289 [ERROR] LogOutputStream:75 - [STDERR_REDIRECT] WARNING: Couldn't flush system prefs: java.util.prefs.BackingStoreException: Couldn't get file lock.
2025-02-16 18:51:12,289 [ERROR] LogOutputStream:75 - [STDERR_REDIRECT] 
2025-02-16 18:51:42,289 [ERROR] LogOutputStream:75 - [STDERR_REDIRECT] Feb 16, 2025 6:51:42 PM java.util.prefs.FileSystemPreferences checkLockFile0ErrorCode
2025-02-16 18:51:42,289 [ERROR] LogOutputStream:75 - [STDERR_REDIRECT] WARNING: Could not lock System prefs. Unix error code 2.
2025-02-16 18:51:42,289 [ERROR] LogOutputStream:75 - [STDERR_REDIRECT] 
2025-02-16 18:51:42,289 [ERROR] LogOutputStream:75 - [STDERR_REDIRECT] Feb 16, 2025 6:51:42 PM java.util.prefs.FileSystemPreferences syncWorld
2025-02-16 18:51:42,289 [ERROR] LogOutputStream:75 - [STDERR_REDIRECT] WARNING: Couldn't flush system prefs: java.util.prefs.BackingStoreException: Couldn't get file lock.
2025-02-16 18:51:42,289 [ERROR] LogOutputStream:75 - [STDERR_REDIRECT] 
2025-02-16 18:52:12,290 [ERROR] LogOutputStream:75 - [STDERR_REDIRECT] Feb 16, 2025 6:52:12 PM java.util.prefs.FileSystemPreferences checkLockFile0ErrorCode
2025-02-16 18:52:12,290 [ERROR] LogOutputStream:75 - [STDERR_REDIRECT] WARNING: Could not lock System prefs. Unix error code 2.
2025-02-16 18:52:12,290 [ERROR] LogOutputStream:75 - [STDERR_REDIRECT] 
2025-02-16 18:52:12,290 [ERROR] LogOutputStream:75 - [STDERR_REDIRECT] Feb 16, 2025 6:52:12 PM java.util.prefs.FileSystemPreferences syncWorld
2025-02-16 18:52:12,290 [ERROR] LogOutputStream:75 - [STDERR_REDIRECT] WARNING: Couldn't flush system prefs: java.util.prefs.BackingStoreException: Couldn't get file lock.
2025-02-16 18:52:12,290 [ERROR] LogOutputStream:75 - [STDERR_REDIRECT] 
2025-02-16 18:52:42,289 [ERROR] LogOutputStream:75 - [STDERR_REDIRECT] Feb 16, 2025 6:52:42 PM java.util.prefs.FileSystemPreferences checkLockFile0ErrorCode
2025-02-16 18:52:42,289 [ERROR] LogOutputStream:75 - [STDERR_REDIRECT] WARNING: Could not lock System prefs. Unix error code 2.
2025-02-16 18:52:42,289 [ERROR] LogOutputStream:75 - [STDERR_REDIRECT] 
2025-02-16 18:52:42,289 [ERROR] LogOutputStream:75 - [STDERR_REDIRECT] Feb 16, 2025 6:52:42 PM java.util.prefs.FileSystemPreferences syncWorld
2025-02-16 18:52:42,289 [ERROR] LogOutputStream:75 - [STDERR_REDIRECT] WARNING: Couldn't flush system prefs: java.util.prefs.BackingStoreException: Couldn't get file lock.
2025-02-16 18:52:42,289 [ERROR] LogOutputStream:75 - [STDERR_REDIRECT] 
2025-02-16 18:53:12,290 [ERROR] LogOutputStream:75 - [STDERR_REDIRECT] Feb 16, 2025 6:53:12 PM java.util.prefs.FileSystemPreferences checkLockFile0ErrorCode
2025-02-16 18:53:12,290 [ERROR] LogOutputStream:75 - [STDERR_REDIRECT] WARNING: Could not lock System prefs. Unix error code 2.
2025-02-16 18:53:12,296 [ERROR] LogOutputStream:75 - [STDERR_REDIRECT] 
2025-02-16 18:53:12,296 [ERROR] LogOutputStream:75 - [STDERR_REDIRECT] Feb 16, 2025 6:53:12 PM java.util.prefs.FileSystemPreferences syncWorld
2025-02-16 18:53:12,296 [ERROR] LogOutputStream:75 - [STDERR_REDIRECT] WARNING: Couldn't flush system prefs: java.util.prefs.BackingStoreException: Couldn't get file lock.
2025-02-16 18:53:12,296 [ERROR] LogOutputStream:75 - [STDERR_REDIRECT] 
2025-02-16 18:53:42,289 [ERROR] LogOutputStream:75 - [STDERR_REDIRECT] Feb 16, 2025 6:53:42 PM java.util.prefs.FileSystemPreferences checkLockFile0ErrorCode
2025-02-16 18:53:42,289 [ERROR] LogOutputStream:75 - [STDERR_REDIRECT] WARNING: Could not lock System prefs. Unix error code 2.
2025-02-16 18:53:42,289 [ERROR] LogOutputStream:75 - [STDERR_REDIRECT] 
2025-02-16 18:53:42,289 [ERROR] LogOutputStream:75 - [STDERR_REDIRECT] Feb 16, 2025 6:53:42 PM java.util.prefs.FileSystemPreferences syncWorld
2025-02-16 18:53:42,289 [ERROR] LogOutputStream:75 - [STDERR_REDIRECT] WARNING: Couldn't flush system prefs: java.util.prefs.BackingStoreException: Couldn't get file lock.
2025-02-16 18:53:42,289 [ERROR] LogOutputStream:75 - [STDERR_REDIRECT] 
2025-02-16 18:54:12,290 [ERROR] LogOutputStream:75 - [STDERR_REDIRECT] Feb 16, 2025 6:54:12 PM java.util.prefs.FileSystemPreferences checkLockFile0ErrorCode
2025-02-16 18:54:12,290 [ERROR] LogOutputStream:75 - [STDERR_REDIRECT] WARNING: Could not lock System prefs. Unix error code 2.
2025-02-16 18:54:12,290 [ERROR] LogOutputStream:75 - [STDERR_REDIRECT] 
2025-02-16 18:54:12,290 [ERROR] LogOutputStream:75 - [STDERR_REDIRECT] Feb 16, 2025 6:54:12 PM java.util.prefs.FileSystemPreferences syncWorld
2025-02-16 18:54:12,290 [ERROR] LogOutputStream:75 - [STDERR_REDIRECT] WARNING: Couldn't flush system prefs: java.util.prefs.BackingStoreException: Couldn't get file lock.
2025-02-16 18:54:12,290 [ERROR] LogOutputStream:75 - [STDERR_REDIRECT] 
2025-02-16 18:54:42,290 [ERROR] LogOutputStream:75 - [STDERR_REDIRECT] Feb 16, 2025 6:54:42 PM java.util.prefs.FileSystemPreferences checkLockFile0ErrorCode
2025-02-16 18:54:42,290 [ERROR] LogOutputStream:75 - [STDERR_REDIRECT] WARNING: Could not lock System prefs. Unix error code 2.
2025-02-16 18:54:42,290 [ERROR] LogOutputStream:75 - [STDERR_REDIRECT] 
2025-02-16 18:54:42,291 [ERROR] LogOutputStream:75 - [STDERR_REDIRECT] Feb 16, 2025 6:54:42 PM java.util.prefs.FileSystemPreferences syncWorld
2025-02-16 18:54:42,291 [ERROR] LogOutputStream:75 - [STDERR_REDIRECT] WARNING: Couldn't flush system prefs: java.util.prefs.BackingStoreException: Couldn't get file lock.
2025-02-16 18:54:42,291 [ERROR] LogOutputStream:75 - [STDERR_REDIRECT] 
2025-02-16 18:55:12,290 [ERROR] LogOutputStream:75 - [STDERR_REDIRECT] Feb 16, 2025 6:55:12 PM java.util.prefs.FileSystemPreferences checkLockFile0ErrorCode
2025-02-16 18:55:12,290 [ERROR] LogOutputStream:75 - [STDERR_REDIRECT] WARNING: Could not lock System prefs. Unix error code 2.
2025-02-16 18:55:12,290 [ERROR] LogOutputStream:75 - [STDERR_REDIRECT] 
2025-02-16 18:55:12,290 [ERROR] LogOutputStream:75 - [STDERR_REDIRECT] Feb 16, 2025 6:55:12 PM java.util.prefs.FileSystemPreferences syncWorld
2025-02-16 18:55:12,290 [ERROR] LogOutputStream:75 - [STDERR_REDIRECT] WARNING: Couldn't flush system prefs: java.util.prefs.BackingStoreException: Couldn't get file lock.
2025-02-16 18:55:12,290 [ERROR] LogOutputStream:75 - [STDERR_REDIRECT] 
2025-02-16 18:55:42,290 [ERROR] LogOutputStream:75 - [STDERR_REDIRECT] Feb 16, 2025 6:55:42 PM java.util.prefs.FileSystemPreferences checkLockFile0ErrorCode
2025-02-16 18:55:42,290 [ERROR] LogOutputStream:75 - [STDERR_REDIRECT] WARNING: Could not lock System prefs. Unix error code 2.
2025-02-16 18:55:42,290 [ERROR] LogOutputStream:75 - [STDERR_REDIRECT] 
2025-02-16 18:55:42,290 [ERROR] LogOutputStream:75 - [STDERR_REDIRECT] Feb 16, 2025 6:55:42 PM java.util.prefs.FileSystemPreferences syncWorld
2025-02-16 18:55:42,290 [ERROR] LogOutputStream:75 - [STDERR_REDIRECT] WARNING: Couldn't flush system prefs: java.util.prefs.BackingStoreException: Couldn't get file lock.
2025-02-16 18:55:42,290 [ERROR] LogOutputStream:75 - [STDERR_REDIRECT] 
2025-02-16 18:56:12,290 [ERROR] LogOutputStream:75 - [STDERR_REDIRECT] Feb 16, 2025 6:56:12 PM java.util.prefs.FileSystemPreferences checkLockFile0ErrorCode
2025-02-16 18:56:12,291 [ERROR] LogOutputStream:75 - [STDERR_REDIRECT] WARNING: Could not lock System prefs. Unix error code 2.
2025-02-16 18:56:12,291 [ERROR] LogOutputStream:75 - [STDERR_REDIRECT] 
2025-02-16 18:56:12,291 [ERROR] LogOutputStream:75 - [STDERR_REDIRECT] Feb 16, 2025 6:56:12 PM java.util.prefs.FileSystemPreferences syncWorld
2025-02-16 18:56:12,291 [ERROR] LogOutputStream:75 - [STDERR_REDIRECT] WARNING: Couldn't flush system prefs: java.util.prefs.BackingStoreException: Couldn't get file lock.
2025-02-16 18:56:12,291 [ERROR] LogOutputStream:75 - [STDERR_REDIRECT] 
2025-02-16 18:56:42,291 [ERROR] LogOutputStream:75 - [STDERR_REDIRECT] Feb 16, 2025 6:56:42 PM java.util.prefs.FileSystemPreferences checkLockFile0ErrorCode
2025-02-16 18:56:42,291 [ERROR] LogOutputStream:75 - [STDERR_REDIRECT] WARNING: Could not lock System prefs. Unix error code 2.
2025-02-16 18:56:42,291 [ERROR] LogOutputStream:75 - [STDERR_REDIRECT] 
2025-02-16 18:56:42,291 [ERROR] LogOutputStream:75 - [STDERR_REDIRECT] Feb 16, 2025 6:56:42 PM java.util.prefs.FileSystemPreferences syncWorld
2025-02-16 18:56:42,291 [ERROR] LogOutputStream:75 - [STDERR_REDIRECT] WARNING: Couldn't flush system prefs: java.util.prefs.BackingStoreException: Couldn't get file lock.
2025-02-16 18:56:42,291 [ERROR] LogOutputStream:75 - [STDERR_REDIRECT] 
2025-02-16 18:57:12,291 [ERROR] LogOutputStream:75 - [STDERR_REDIRECT] Feb 16, 2025 6:57:12 PM java.util.prefs.FileSystemPreferences checkLockFile0ErrorCode
2025-02-16 18:57:12,291 [ERROR] LogOutputStream:75 - [STDERR_REDIRECT] WARNING: Could not lock System prefs. Unix error code 2.
2025-02-16 18:57:12,291 [ERROR] LogOutputStream:75 - [STDERR_REDIRECT] 
2025-02-16 18:57:12,291 [ERROR] LogOutputStream:75 - [STDERR_REDIRECT] Feb 16, 2025 6:57:12 PM java.util.prefs.FileSystemPreferences syncWorld
2025-02-16 18:57:12,291 [ERROR] LogOutputStream:75 - [STDERR_REDIRECT] WARNING: Couldn't flush system prefs: java.util.prefs.BackingStoreException: Couldn't get file lock.
2025-02-16 18:57:12,291 [ERROR] LogOutputStream:75 - [STDERR_REDIRECT] 
2025-02-16 18:57:42,291 [ERROR] LogOutputStream:75 - [STDERR_REDIRECT] Feb 16, 2025 6:57:42 PM java.util.prefs.FileSystemPreferences checkLockFile0ErrorCode
2025-02-16 18:57:42,292 [ERROR] LogOutputStream:75 - [STDERR_REDIRECT] WARNING: Could not lock System prefs. Unix error code 2.
2025-02-16 18:57:42,292 [ERROR] LogOutputStream:75 - [STDERR_REDIRECT] 
2025-02-16 18:57:42,292 [ERROR] LogOutputStream:75 - [STDERR_REDIRECT] Feb 16, 2025 6:57:42 PM java.util.prefs.FileSystemPreferences syncWorld
2025-02-16 18:57:42,292 [ERROR] LogOutputStream:75 - [STDERR_REDIRECT] WARNING: Couldn't flush system prefs: java.util.prefs.BackingStoreException: Couldn't get file lock.
2025-02-16 18:57:42,292 [ERROR] LogOutputStream:75 - [STDERR_REDIRECT] 
2025-02-16 18:58:12,292 [ERROR] LogOutputStream:75 - [STDERR_REDIRECT] Feb 16, 2025 6:58:12 PM java.util.prefs.FileSystemPreferences checkLockFile0ErrorCode
2025-02-16 18:58:12,292 [ERROR] LogOutputStream:75 - [STDERR_REDIRECT] WARNING: Could not lock System prefs. Unix error code 2.
2025-02-16 18:58:12,292 [ERROR] LogOutputStream:75 - [STDERR_REDIRECT] 
2025-02-16 18:58:12,292 [ERROR] LogOutputStream:75 - [STDERR_REDIRECT] Feb 16, 2025 6:58:12 PM java.util.prefs.FileSystemPreferences syncWorld
2025-02-16 18:58:12,292 [ERROR] LogOutputStream:75 - [STDERR_REDIRECT] WARNING: Couldn't flush system prefs: java.util.prefs.BackingStoreException: Couldn't get file lock.
2025-02-16 18:58:12,292 [ERROR] LogOutputStream:75 - [STDERR_REDIRECT] 
2025-02-16 18:58:42,293 [ERROR] LogOutputStream:75 - [STDERR_REDIRECT] Feb 16, 2025 6:58:42 PM java.util.prefs.FileSystemPreferences checkLockFile0ErrorCode
2025-02-16 18:58:42,293 [ERROR] LogOutputStream:75 - [STDERR_REDIRECT] WARNING: Could not lock System prefs. Unix error code 2.
2025-02-16 18:58:42,293 [ERROR] LogOutputStream:75 - [STDERR_REDIRECT] 
2025-02-16 18:58:42,293 [ERROR] LogOutputStream:75 - [STDERR_REDIRECT] Feb 16, 2025 6:58:42 PM java.util.prefs.FileSystemPreferences syncWorld
2025-02-16 18:58:42,293 [ERROR] LogOutputStream:75 - [STDERR_REDIRECT] WARNING: Couldn't flush system prefs: java.util.prefs.BackingStoreException: Couldn't get file lock.
2025-02-16 18:58:42,293 [ERROR] LogOutputStream:75 - [STDERR_REDIRECT] 
2025-02-16 18:59:12,293 [ERROR] LogOutputStream:75 - [STDERR_REDIRECT] Feb 16, 2025 6:59:12 PM java.util.prefs.FileSystemPreferences checkLockFile0ErrorCode
2025-02-16 18:59:12,293 [ERROR] LogOutputStream:75 - [STDERR_REDIRECT] WARNING: Could not lock System prefs. Unix error code 2.
2025-02-16 18:59:12,293 [ERROR] LogOutputStream:75 - [STDERR_REDIRECT] 
2025-02-16 18:59:12,293 [ERROR] LogOutputStream:75 - [STDERR_REDIRECT] Feb 16, 2025 6:59:12 PM java.util.prefs.FileSystemPreferences syncWorld
2025-02-16 18:59:12,293 [ERROR] LogOutputStream:75 - [STDERR_REDIRECT] WARNING: Couldn't flush system prefs: java.util.prefs.BackingStoreException: Couldn't get file lock.
2025-02-16 18:59:12,293 [ERROR] LogOutputStream:75 - [STDERR_REDIRECT] 
2025-02-16 18:59:42,294 [ERROR] LogOutputStream:75 - [STDERR_REDIRECT] Feb 16, 2025 6:59:42 PM java.util.prefs.FileSystemPreferences checkLockFile0ErrorCode
2025-02-16 18:59:42,294 [ERROR] LogOutputStream:75 - [STDERR_REDIRECT] WARNING: Could not lock System prefs. Unix error code 2.
2025-02-16 18:59:42,294 [ERROR] LogOutputStream:75 - [STDERR_REDIRECT] 
2025-02-16 18:59:42,294 [ERROR] LogOutputStream:75 - [STDERR_REDIRECT] Feb 16, 2025 6:59:42 PM java.util.prefs.FileSystemPreferences syncWorld
2025-02-16 18:59:42,294 [ERROR] LogOutputStream:75 - [STDERR_REDIRECT] WARNING: Couldn't flush system prefs: java.util.prefs.BackingStoreException: Couldn't get file lock.
2025-02-16 18:59:42,294 [ERROR] LogOutputStream:75 - [STDERR_REDIRECT] 
2025-02-16 19:00:12,293 [ERROR] LogOutputStream:75 - [STDERR_REDIRECT] Feb 16, 2025 7:00:12 PM java.util.prefs.FileSystemPreferences checkLockFile0ErrorCode
2025-02-16 19:00:12,293 [ERROR] LogOutputStream:75 - [STDERR_REDIRECT] WARNING: Could not lock System prefs. Unix error code 2.
2025-02-16 19:00:12,293 [ERROR] LogOutputStream:75 - [STDERR_REDIRECT] 
2025-02-16 19:00:12,293 [ERROR] LogOutputStream:75 - [STDERR_REDIRECT] Feb 16, 2025 7:00:12 PM java.util.prefs.FileSystemPreferences syncWorld
2025-02-16 19:00:12,293 [ERROR] LogOutputStream:75 - [STDERR_REDIRECT] WARNING: Couldn't flush system prefs: java.util.prefs.BackingStoreException: Couldn't get file lock.
2025-02-16 19:00:12,293 [ERROR] LogOutputStream:75 - [STDERR_REDIRECT] 
2025-02-16 19:00:42,294 [ERROR] LogOutputStream:75 - [STDERR_REDIRECT] Feb 16, 2025 7:00:42 PM java.util.prefs.FileSystemPreferences checkLockFile0ErrorCode
2025-02-16 19:00:42,294 [ERROR] LogOutputStream:75 - [STDERR_REDIRECT] WARNING: Could not lock System prefs. Unix error code 2.
2025-02-16 19:00:42,294 [ERROR] LogOutputStream:75 - [STDERR_REDIRECT] 
2025-02-16 19:00:42,294 [ERROR] LogOutputStream:75 - [STDERR_REDIRECT] Feb 16, 2025 7:00:42 PM java.util.prefs.FileSystemPreferences syncWorld
2025-02-16 19:00:42,294 [ERROR] LogOutputStream:75 - [STDERR_REDIRECT] WARNING: Couldn't flush system prefs: java.util.prefs.BackingStoreException: Couldn't get file lock.
2025-02-16 19:00:42,294 [ERROR] LogOutputStream:75 - [STDERR_REDIRECT] 
2025-02-16 19:01:12,293 [ERROR] LogOutputStream:75 - [STDERR_REDIRECT] Feb 16, 2025 7:01:12 PM java.util.prefs.FileSystemPreferences checkLockFile0ErrorCode
2025-02-16 19:01:12,293 [ERROR] LogOutputStream:75 - [STDERR_REDIRECT] WARNING: Could not lock System prefs. Unix error code 2.
2025-02-16 19:01:12,293 [ERROR] LogOutputStream:75 - [STDERR_REDIRECT] 
2025-02-16 19:01:12,293 [ERROR] LogOutputStream:75 - [STDERR_REDIRECT] Feb 16, 2025 7:01:12 PM java.util.prefs.FileSystemPreferences syncWorld
2025-02-16 19:01:12,293 [ERROR] LogOutputStream:75 - [STDERR_REDIRECT] WARNING: Couldn't flush system prefs: java.util.prefs.BackingStoreException: Couldn't get file lock.
2025-02-16 19:01:12,293 [ERROR] LogOutputStream:75 - [STDERR_REDIRECT] 
2025-02-16 19:01:42,293 [ERROR] LogOutputStream:75 - [STDERR_REDIRECT] Feb 16, 2025 7:01:42 PM java.util.prefs.FileSystemPreferences checkLockFile0ErrorCode
2025-02-16 19:01:42,294 [ERROR] LogOutputStream:75 - [STDERR_REDIRECT] WARNING: Could not lock System prefs. Unix error code 2.
2025-02-16 19:01:42,294 [ERROR] LogOutputStream:75 - [STDERR_REDIRECT] 
2025-02-16 19:01:42,294 [ERROR] LogOutputStream:75 - [STDERR_REDIRECT] Feb 16, 2025 7:01:42 PM java.util.prefs.FileSystemPreferences syncWorld
2025-02-16 19:01:42,294 [ERROR] LogOutputStream:75 - [STDERR_REDIRECT] WARNING: Couldn't flush system prefs: java.util.prefs.BackingStoreException: Couldn't get file lock.
2025-02-16 19:01:42,294 [ERROR] LogOutputStream:75 - [STDERR_REDIRECT] 
2025-02-16 19:02:12,293 [ERROR] LogOutputStream:75 - [STDERR_REDIRECT] Feb 16, 2025 7:02:12 PM java.util.prefs.FileSystemPreferences checkLockFile0ErrorCode
2025-02-16 19:02:12,293 [ERROR] LogOutputStream:75 - [STDERR_REDIRECT] WARNING: Could not lock System prefs. Unix error code 2.
2025-02-16 19:02:12,300 [ERROR] LogOutputStream:75 - [STDERR_REDIRECT] 
2025-02-16 19:02:12,300 [ERROR] LogOutputStream:75 - [STDERR_REDIRECT] Feb 16, 2025 7:02:12 PM java.util.prefs.FileSystemPreferences syncWorld
2025-02-16 19:02:12,300 [ERROR] LogOutputStream:75 - [STDERR_REDIRECT] WARNING: Couldn't flush system prefs: java.util.prefs.BackingStoreException: Couldn't get file lock.
2025-02-16 19:02:12,300 [ERROR] LogOutputStream:75 - [STDERR_REDIRECT] 
2025-02-16 19:02:42,293 [ERROR] LogOutputStream:75 - [STDERR_REDIRECT] Feb 16, 2025 7:02:42 PM java.util.prefs.FileSystemPreferences checkLockFile0ErrorCode
2025-02-16 19:02:42,293 [ERROR] LogOutputStream:75 - [STDERR_REDIRECT] WARNING: Could not lock System prefs. Unix error code 2.
2025-02-16 19:02:42,293 [ERROR] LogOutputStream:75 - [STDERR_REDIRECT] 
2025-02-16 19:02:42,293 [ERROR] LogOutputStream:75 - [STDERR_REDIRECT] Feb 16, 2025 7:02:42 PM java.util.prefs.FileSystemPreferences syncWorld
2025-02-16 19:02:42,293 [ERROR] LogOutputStream:75 - [STDERR_REDIRECT] WARNING: Couldn't flush system prefs: java.util.prefs.BackingStoreException: Couldn't get file lock.
2025-02-16 19:02:42,293 [ERROR] LogOutputStream:75 - [STDERR_REDIRECT] 
2025-02-16 19:03:12,294 [ERROR] LogOutputStream:75 - [STDERR_REDIRECT] Feb 16, 2025 7:03:12 PM java.util.prefs.FileSystemPreferences checkLockFile0ErrorCode
2025-02-16 19:03:12,294 [ERROR] LogOutputStream:75 - [STDERR_REDIRECT] WARNING: Could not lock System prefs. Unix error code 2.
2025-02-16 19:03:12,294 [ERROR] LogOutputStream:75 - [STDERR_REDIRECT] 
2025-02-16 19:03:12,294 [ERROR] LogOutputStream:75 - [STDERR_REDIRECT] Feb 16, 2025 7:03:12 PM java.util.prefs.FileSystemPreferences syncWorld
2025-02-16 19:03:12,294 [ERROR] LogOutputStream:75 - [STDERR_REDIRECT] WARNING: Couldn't flush system prefs: java.util.prefs.BackingStoreException: Couldn't get file lock.
2025-02-16 19:03:12,294 [ERROR] LogOutputStream:75 - [STDERR_REDIRECT] 
2025-02-16 19:03:42,293 [ERROR] LogOutputStream:75 - [STDERR_REDIRECT] Feb 16, 2025 7:03:42 PM java.util.prefs.FileSystemPreferences checkLockFile0ErrorCode
2025-02-16 19:03:42,293 [ERROR] LogOutputStream:75 - [STDERR_REDIRECT] WARNING: Could not lock System prefs. Unix error code 2.
2025-02-16 19:03:42,300 [ERROR] LogOutputStream:75 - [STDERR_REDIRECT] 
2025-02-16 19:03:42,300 [ERROR] LogOutputStream:75 - [STDERR_REDIRECT] Feb 16, 2025 7:03:42 PM java.util.prefs.FileSystemPreferences syncWorld
2025-02-16 19:03:42,300 [ERROR] LogOutputStream:75 - [STDERR_REDIRECT] WARNING: Couldn't flush system prefs: java.util.prefs.BackingStoreException: Couldn't get file lock.
2025-02-16 19:03:42,300 [ERROR] LogOutputStream:75 - [STDERR_REDIRECT] 
2025-02-16 19:04:12,293 [ERROR] LogOutputStream:75 - [STDERR_REDIRECT] Feb 16, 2025 7:04:12 PM java.util.prefs.FileSystemPreferences checkLockFile0ErrorCode
2025-02-16 19:04:12,293 [ERROR] LogOutputStream:75 - [STDERR_REDIRECT] WARNING: Could not lock System prefs. Unix error code 2.
2025-02-16 19:04:12,293 [ERROR] LogOutputStream:75 - [STDERR_REDIRECT] 
2025-02-16 19:04:12,293 [ERROR] LogOutputStream:75 - [STDERR_REDIRECT] Feb 16, 2025 7:04:12 PM java.util.prefs.FileSystemPreferences syncWorld
2025-02-16 19:04:12,293 [ERROR] LogOutputStream:75 - [STDERR_REDIRECT] WARNING: Couldn't flush system prefs: java.util.prefs.BackingStoreException: Couldn't get file lock.
2025-02-16 19:04:12,293 [ERROR] LogOutputStream:75 - [STDERR_REDIRECT] 
2025-02-16 19:04:42,294 [ERROR] LogOutputStream:75 - [STDERR_REDIRECT] Feb 16, 2025 7:04:42 PM java.util.prefs.FileSystemPreferences checkLockFile0ErrorCode
2025-02-16 19:04:42,294 [ERROR] LogOutputStream:75 - [STDERR_REDIRECT] WARNING: Could not lock System prefs. Unix error code 2.
2025-02-16 19:04:42,294 [ERROR] LogOutputStream:75 - [STDERR_REDIRECT] 
2025-02-16 19:04:42,294 [ERROR] LogOutputStream:75 - [STDERR_REDIRECT] Feb 16, 2025 7:04:42 PM java.util.prefs.FileSystemPreferences syncWorld
2025-02-16 19:04:42,294 [ERROR] LogOutputStream:75 - [STDERR_REDIRECT] WARNING: Couldn't flush system prefs: java.util.prefs.BackingStoreException: Couldn't get file lock.
2025-02-16 19:04:42,294 [ERROR] LogOutputStream:75 - [STDERR_REDIRECT] 
2025-02-16 19:05:12,294 [ERROR] LogOutputStream:75 - [STDERR_REDIRECT] Feb 16, 2025 7:05:12 PM java.util.prefs.FileSystemPreferences checkLockFile0ErrorCode
2025-02-16 19:05:12,294 [ERROR] LogOutputStream:75 - [STDERR_REDIRECT] WARNING: Could not lock System prefs. Unix error code 2.
2025-02-16 19:05:12,294 [ERROR] LogOutputStream:75 - [STDERR_REDIRECT] 
2025-02-16 19:05:12,294 [ERROR] LogOutputStream:75 - [STDERR_REDIRECT] Feb 16, 2025 7:05:12 PM java.util.prefs.FileSystemPreferences syncWorld
2025-02-16 19:05:12,294 [ERROR] LogOutputStream:75 - [STDERR_REDIRECT] WARNING: Couldn't flush system prefs: java.util.prefs.BackingStoreException: Couldn't get file lock.
2025-02-16 19:05:12,294 [ERROR] LogOutputStream:75 - [STDERR_REDIRECT] 
2025-02-16 19:05:42,294 [ERROR] LogOutputStream:75 - [STDERR_REDIRECT] Feb 16, 2025 7:05:42 PM java.util.prefs.FileSystemPreferences checkLockFile0ErrorCode
2025-02-16 19:05:42,294 [ERROR] LogOutputStream:75 - [STDERR_REDIRECT] WARNING: Could not lock System prefs. Unix error code 2.
2025-02-16 19:05:42,294 [ERROR] LogOutputStream:75 - [STDERR_REDIRECT] 
2025-02-16 19:05:42,295 [ERROR] LogOutputStream:75 - [STDERR_REDIRECT] Feb 16, 2025 7:05:42 PM java.util.prefs.FileSystemPreferences syncWorld
2025-02-16 19:05:42,295 [ERROR] LogOutputStream:75 - [STDERR_REDIRECT] WARNING: Couldn't flush system prefs: java.util.prefs.BackingStoreException: Couldn't get file lock.
2025-02-16 19:05:42,295 [ERROR] LogOutputStream:75 - [STDERR_REDIRECT] 
2025-02-16 19:06:12,293 [ERROR] LogOutputStream:75 - [STDERR_REDIRECT] Feb 16, 2025 7:06:12 PM java.util.prefs.FileSystemPreferences checkLockFile0ErrorCode
2025-02-16 19:06:12,294 [ERROR] LogOutputStream:75 - [STDERR_REDIRECT] WARNING: Could not lock System prefs. Unix error code 2.
2025-02-16 19:06:12,294 [ERROR] LogOutputStream:75 - [STDERR_REDIRECT] 
2025-02-16 19:06:12,294 [ERROR] LogOutputStream:75 - [STDERR_REDIRECT] Feb 16, 2025 7:06:12 PM java.util.prefs.FileSystemPreferences syncWorld
2025-02-16 19:06:12,294 [ERROR] LogOutputStream:75 - [STDERR_REDIRECT] WARNING: Couldn't flush system prefs: java.util.prefs.BackingStoreException: Couldn't get file lock.
2025-02-16 19:06:12,294 [ERROR] LogOutputStream:75 - [STDERR_REDIRECT] 
2025-02-16 19:06:42,294 [ERROR] LogOutputStream:75 - [STDERR_REDIRECT] Feb 16, 2025 7:06:42 PM java.util.prefs.FileSystemPreferences checkLockFile0ErrorCode
2025-02-16 19:06:42,294 [ERROR] LogOutputStream:75 - [STDERR_REDIRECT] WARNING: Could not lock System prefs. Unix error code 2.
2025-02-16 19:06:42,300 [ERROR] LogOutputStream:75 - [STDERR_REDIRECT] 
2025-02-16 19:06:42,301 [ERROR] LogOutputStream:75 - [STDERR_REDIRECT] Feb 16, 2025 7:06:42 PM java.util.prefs.FileSystemPreferences syncWorld
2025-02-16 19:06:42,301 [ERROR] LogOutputStream:75 - [STDERR_REDIRECT] WARNING: Couldn't flush system prefs: java.util.prefs.BackingStoreException: Couldn't get file lock.
2025-02-16 19:06:42,301 [ERROR] LogOutputStream:75 - [STDERR_REDIRECT] 
2025-02-16 19:07:12,294 [ERROR] LogOutputStream:75 - [STDERR_REDIRECT] Feb 16, 2025 7:07:12 PM java.util.prefs.FileSystemPreferences checkLockFile0ErrorCode
2025-02-16 19:07:12,294 [ERROR] LogOutputStream:75 - [STDERR_REDIRECT] WARNING: Could not lock System prefs. Unix error code 2.
2025-02-16 19:07:12,294 [ERROR] LogOutputStream:75 - [STDERR_REDIRECT] 
2025-02-16 19:07:12,294 [ERROR] LogOutputStream:75 - [STDERR_REDIRECT] Feb 16, 2025 7:07:12 PM java.util.prefs.FileSystemPreferences syncWorld
2025-02-16 19:07:12,294 [ERROR] LogOutputStream:75 - [STDERR_REDIRECT] WARNING: Couldn't flush system prefs: java.util.prefs.BackingStoreException: Couldn't get file lock.
2025-02-16 19:07:12,294 [ERROR] LogOutputStream:75 - [STDERR_REDIRECT] 
2025-02-16 19:07:42,295 [ERROR] LogOutputStream:75 - [STDERR_REDIRECT] Feb 16, 2025 7:07:42 PM java.util.prefs.FileSystemPreferences checkLockFile0ErrorCode
2025-02-16 19:07:42,295 [ERROR] LogOutputStream:75 - [STDERR_REDIRECT] WARNING: Could not lock System prefs. Unix error code 2.
2025-02-16 19:07:42,295 [ERROR] LogOutputStream:75 - [STDERR_REDIRECT] 
2025-02-16 19:07:42,295 [ERROR] LogOutputStream:75 - [STDERR_REDIRECT] Feb 16, 2025 7:07:42 PM java.util.prefs.FileSystemPreferences syncWorld
2025-02-16 19:07:42,295 [ERROR] LogOutputStream:75 - [STDERR_REDIRECT] WARNING: Couldn't flush system prefs: java.util.prefs.BackingStoreException: Couldn't get file lock.
2025-02-16 19:07:42,295 [ERROR] LogOutputStream:75 - [STDERR_REDIRECT] 
2025-02-16 19:08:12,294 [ERROR] LogOutputStream:75 - [STDERR_REDIRECT] Feb 16, 2025 7:08:12 PM java.util.prefs.FileSystemPreferences checkLockFile0ErrorCode
2025-02-16 19:08:12,294 [ERROR] LogOutputStream:75 - [STDERR_REDIRECT] WARNING: Could not lock System prefs. Unix error code 2.
2025-02-16 19:08:12,294 [ERROR] LogOutputStream:75 - [STDERR_REDIRECT] 
2025-02-16 19:08:12,294 [ERROR] LogOutputStream:75 - [STDERR_REDIRECT] Feb 16, 2025 7:08:12 PM java.util.prefs.FileSystemPreferences syncWorld
2025-02-16 19:08:12,294 [ERROR] LogOutputStream:75 - [STDERR_REDIRECT] WARNING: Couldn't flush system prefs: java.util.prefs.BackingStoreException: Couldn't get file lock.
2025-02-16 19:08:12,294 [ERROR] LogOutputStream:75 - [STDERR_REDIRECT] 
2025-02-16 19:08:42,295 [ERROR] LogOutputStream:75 - [STDERR_REDIRECT] Feb 16, 2025 7:08:42 PM java.util.prefs.FileSystemPreferences checkLockFile0ErrorCode
2025-02-16 19:08:42,295 [ERROR] LogOutputStream:75 - [STDERR_REDIRECT] WARNING: Could not lock System prefs. Unix error code 2.
2025-02-16 19:08:42,295 [ERROR] LogOutputStream:75 - [STDERR_REDIRECT] 
2025-02-16 19:08:42,295 [ERROR] LogOutputStream:75 - [STDERR_REDIRECT] Feb 16, 2025 7:08:42 PM java.util.prefs.FileSystemPreferences syncWorld
2025-02-16 19:08:42,295 [ERROR] LogOutputStream:75 - [STDERR_REDIRECT] WARNING: Couldn't flush system prefs: java.util.prefs.BackingStoreException: Couldn't get file lock.
2025-02-16 19:08:42,295 [ERROR] LogOutputStream:75 - [STDERR_REDIRECT] 
2025-02-16 19:09:12,295 [ERROR] LogOutputStream:75 - [STDERR_REDIRECT] Feb 16, 2025 7:09:12 PM java.util.prefs.FileSystemPreferences checkLockFile0ErrorCode
2025-02-16 19:09:12,295 [ERROR] LogOutputStream:75 - [STDERR_REDIRECT] WARNING: Could not lock System prefs. Unix error code 2.
2025-02-16 19:09:12,295 [ERROR] LogOutputStream:75 - [STDERR_REDIRECT] 
2025-02-16 19:09:12,295 [ERROR] LogOutputStream:75 - [STDERR_REDIRECT] Feb 16, 2025 7:09:12 PM java.util.prefs.FileSystemPreferences syncWorld
2025-02-16 19:09:12,295 [ERROR] LogOutputStream:75 - [STDERR_REDIRECT] WARNING: Couldn't flush system prefs: java.util.prefs.BackingStoreException: Couldn't get file lock.
2025-02-16 19:09:12,295 [ERROR] LogOutputStream:75 - [STDERR_REDIRECT] 
2025-02-16 19:09:42,295 [ERROR] LogOutputStream:75 - [STDERR_REDIRECT] Feb 16, 2025 7:09:42 PM java.util.prefs.FileSystemPreferences checkLockFile0ErrorCode
2025-02-16 19:09:42,295 [ERROR] LogOutputStream:75 - [STDERR_REDIRECT] WARNING: Could not lock System prefs. Unix error code 2.
2025-02-16 19:09:42,296 [ERROR] LogOutputStream:75 - [STDERR_REDIRECT] 
2025-02-16 19:09:42,296 [ERROR] LogOutputStream:75 - [STDERR_REDIRECT] Feb 16, 2025 7:09:42 PM java.util.prefs.FileSystemPreferences syncWorld
2025-02-16 19:09:42,296 [ERROR] LogOutputStream:75 - [STDERR_REDIRECT] WARNING: Couldn't flush system prefs: java.util.prefs.BackingStoreException: Couldn't get file lock.
2025-02-16 19:09:42,296 [ERROR] LogOutputStream:75 - [STDERR_REDIRECT] 
2025-02-16 19:10:12,295 [ERROR] LogOutputStream:75 - [STDERR_REDIRECT] Feb 16, 2025 7:10:12 PM java.util.prefs.FileSystemPreferences checkLockFile0ErrorCode
2025-02-16 19:10:12,295 [ERROR] LogOutputStream:75 - [STDERR_REDIRECT] WARNING: Could not lock System prefs. Unix error code 2.
2025-02-16 19:10:12,295 [ERROR] LogOutputStream:75 - [STDERR_REDIRECT] 
2025-02-16 19:10:12,295 [ERROR] LogOutputStream:75 - [STDERR_REDIRECT] Feb 16, 2025 7:10:12 PM java.util.prefs.FileSystemPreferences syncWorld
2025-02-16 19:10:12,295 [ERROR] LogOutputStream:75 - [STDERR_REDIRECT] WARNING: Couldn't flush system prefs: java.util.prefs.BackingStoreException: Couldn't get file lock.
2025-02-16 19:10:12,295 [ERROR] LogOutputStream:75 - [STDERR_REDIRECT] 
2025-02-16 19:10:42,295 [ERROR] LogOutputStream:75 - [STDERR_REDIRECT] Feb 16, 2025 7:10:42 PM java.util.prefs.FileSystemPreferences checkLockFile0ErrorCode
2025-02-16 19:10:42,295 [ERROR] LogOutputStream:75 - [STDERR_REDIRECT] WARNING: Could not lock System prefs. Unix error code 2.
2025-02-16 19:10:42,295 [ERROR] LogOutputStream:75 - [STDERR_REDIRECT] 
2025-02-16 19:10:42,296 [ERROR] LogOutputStream:75 - [STDERR_REDIRECT] Feb 16, 2025 7:10:42 PM java.util.prefs.FileSystemPreferences syncWorld
2025-02-16 19:10:42,296 [ERROR] LogOutputStream:75 - [STDERR_REDIRECT] WARNING: Couldn't flush system prefs: java.util.prefs.BackingStoreException: Couldn't get file lock.
2025-02-16 19:10:42,296 [ERROR] LogOutputStream:75 - [STDERR_REDIRECT] 
2025-02-16 19:11:12,295 [ERROR] LogOutputStream:75 - [STDERR_REDIRECT] Feb 16, 2025 7:11:12 PM java.util.prefs.FileSystemPreferences checkLockFile0ErrorCode
2025-02-16 19:11:12,295 [ERROR] LogOutputStream:75 - [STDERR_REDIRECT] WARNING: Could not lock System prefs. Unix error code 2.
2025-02-16 19:11:12,295 [ERROR] LogOutputStream:75 - [STDERR_REDIRECT] 
2025-02-16 19:11:12,295 [ERROR] LogOutputStream:75 - [STDERR_REDIRECT] Feb 16, 2025 7:11:12 PM java.util.prefs.FileSystemPreferences syncWorld
2025-02-16 19:11:12,295 [ERROR] LogOutputStream:75 - [STDERR_REDIRECT] WARNING: Couldn't flush system prefs: java.util.prefs.BackingStoreException: Couldn't get file lock.
2025-02-16 19:11:12,295 [ERROR] LogOutputStream:75 - [STDERR_REDIRECT] 
2025-02-16 19:11:42,295 [ERROR] LogOutputStream:75 - [STDERR_REDIRECT] Feb 16, 2025 7:11:42 PM java.util.prefs.FileSystemPreferences checkLockFile0ErrorCode
2025-02-16 19:11:42,295 [ERROR] LogOutputStream:75 - [STDERR_REDIRECT] WARNING: Could not lock System prefs. Unix error code 2.
2025-02-16 19:11:42,295 [ERROR] LogOutputStream:75 - [STDERR_REDIRECT] 
2025-02-16 19:11:42,295 [ERROR] LogOutputStream:75 - [STDERR_REDIRECT] Feb 16, 2025 7:11:42 PM java.util.prefs.FileSystemPreferences syncWorld
2025-02-16 19:11:42,296 [ERROR] LogOutputStream:75 - [STDERR_REDIRECT] WARNING: Couldn't flush system prefs: java.util.prefs.BackingStoreException: Couldn't get file lock.
2025-02-16 19:11:42,296 [ERROR] LogOutputStream:75 - [STDERR_REDIRECT] 
2025-02-16 19:12:12,295 [ERROR] LogOutputStream:75 - [STDERR_REDIRECT] Feb 16, 2025 7:12:12 PM java.util.prefs.FileSystemPreferences checkLockFile0ErrorCode
2025-02-16 19:12:12,295 [ERROR] LogOutputStream:75 - [STDERR_REDIRECT] WARNING: Could not lock System prefs. Unix error code 2.
2025-02-16 19:12:12,295 [ERROR] LogOutputStream:75 - [STDERR_REDIRECT] 
2025-02-16 19:12:12,295 [ERROR] LogOutputStream:75 - [STDERR_REDIRECT] Feb 16, 2025 7:12:12 PM java.util.prefs.FileSystemPreferences syncWorld
2025-02-16 19:12:12,295 [ERROR] LogOutputStream:75 - [STDERR_REDIRECT] WARNING: Couldn't flush system prefs: java.util.prefs.BackingStoreException: Couldn't get file lock.
2025-02-16 19:12:12,295 [ERROR] LogOutputStream:75 - [STDERR_REDIRECT] 
2025-02-16 19:12:42,295 [ERROR] LogOutputStream:75 - [STDERR_REDIRECT] Feb 16, 2025 7:12:42 PM java.util.prefs.FileSystemPreferences checkLockFile0ErrorCode
2025-02-16 19:12:42,295 [ERROR] LogOutputStream:75 - [STDERR_REDIRECT] WARNING: Could not lock System prefs. Unix error code 2.
2025-02-16 19:12:42,295 [ERROR] LogOutputStream:75 - [STDERR_REDIRECT] 
2025-02-16 19:12:42,296 [ERROR] LogOutputStream:75 - [STDERR_REDIRECT] Feb 16, 2025 7:12:42 PM java.util.prefs.FileSystemPreferences syncWorld
2025-02-16 19:12:42,296 [ERROR] LogOutputStream:75 - [STDERR_REDIRECT] WARNING: Couldn't flush system prefs: java.util.prefs.BackingStoreException: Couldn't get file lock.
2025-02-16 19:12:42,296 [ERROR] LogOutputStream:75 - [STDERR_REDIRECT] 
2025-02-16 19:13:12,295 [ERROR] LogOutputStream:75 - [STDERR_REDIRECT] Feb 16, 2025 7:13:12 PM java.util.prefs.FileSystemPreferences checkLockFile0ErrorCode
2025-02-16 19:13:12,295 [ERROR] LogOutputStream:75 - [STDERR_REDIRECT] WARNING: Could not lock System prefs. Unix error code 2.
2025-02-16 19:13:12,295 [ERROR] LogOutputStream:75 - [STDERR_REDIRECT] 
2025-02-16 19:13:12,295 [ERROR] LogOutputStream:75 - [STDERR_REDIRECT] Feb 16, 2025 7:13:12 PM java.util.prefs.FileSystemPreferences syncWorld
2025-02-16 19:13:12,295 [ERROR] LogOutputStream:75 - [STDERR_REDIRECT] WARNING: Couldn't flush system prefs: java.util.prefs.BackingStoreException: Couldn't get file lock.
2025-02-16 19:13:12,295 [ERROR] LogOutputStream:75 - [STDERR_REDIRECT] 
2025-02-16 19:13:42,295 [ERROR] LogOutputStream:75 - [STDERR_REDIRECT] Feb 16, 2025 7:13:42 PM java.util.prefs.FileSystemPreferences checkLockFile0ErrorCode
2025-02-16 19:13:42,295 [ERROR] LogOutputStream:75 - [STDERR_REDIRECT] WARNING: Could not lock System prefs. Unix error code 2.
2025-02-16 19:13:42,295 [ERROR] LogOutputStream:75 - [STDERR_REDIRECT] 
2025-02-16 19:13:42,295 [ERROR] LogOutputStream:75 - [STDERR_REDIRECT] Feb 16, 2025 7:13:42 PM java.util.prefs.FileSystemPreferences syncWorld
2025-02-16 19:13:42,295 [ERROR] LogOutputStream:75 - [STDERR_REDIRECT] WARNING: Couldn't flush system prefs: java.util.prefs.BackingStoreException: Couldn't get file lock.
2025-02-16 19:13:42,295 [ERROR] LogOutputStream:75 - [STDERR_REDIRECT] 
2025-02-16 19:14:12,295 [ERROR] LogOutputStream:75 - [STDERR_REDIRECT] Feb 16, 2025 7:14:12 PM java.util.prefs.FileSystemPreferences checkLockFile0ErrorCode
2025-02-16 19:14:12,296 [ERROR] LogOutputStream:75 - [STDERR_REDIRECT] WARNING: Could not lock System prefs. Unix error code 2.
2025-02-16 19:14:12,296 [ERROR] LogOutputStream:75 - [STDERR_REDIRECT] 
2025-02-16 19:14:12,296 [ERROR] LogOutputStream:75 - [STDERR_REDIRECT] Feb 16, 2025 7:14:12 PM java.util.prefs.FileSystemPreferences syncWorld
2025-02-16 19:14:12,296 [ERROR] LogOutputStream:75 - [STDERR_REDIRECT] WARNING: Couldn't flush system prefs: java.util.prefs.BackingStoreException: Couldn't get file lock.
2025-02-16 19:14:12,296 [ERROR] LogOutputStream:75 - [STDERR_REDIRECT] 
2025-02-16 19:14:42,295 [ERROR] LogOutputStream:75 - [STDERR_REDIRECT] Feb 16, 2025 7:14:42 PM java.util.prefs.FileSystemPreferences checkLockFile0ErrorCode
2025-02-16 19:14:42,295 [ERROR] LogOutputStream:75 - [STDERR_REDIRECT] WARNING: Could not lock System prefs. Unix error code 2.
2025-02-16 19:14:42,295 [ERROR] LogOutputStream:75 - [STDERR_REDIRECT] 
2025-02-16 19:14:42,295 [ERROR] LogOutputStream:75 - [STDERR_REDIRECT] Feb 16, 2025 7:14:42 PM java.util.prefs.FileSystemPreferences syncWorld
2025-02-16 19:14:42,295 [ERROR] LogOutputStream:75 - [STDERR_REDIRECT] WARNING: Couldn't flush system prefs: java.util.prefs.BackingStoreException: Couldn't get file lock.
2025-02-16 19:14:42,295 [ERROR] LogOutputStream:75 - [STDERR_REDIRECT] 
2025-02-16 19:15:12,295 [ERROR] LogOutputStream:75 - [STDERR_REDIRECT] Feb 16, 2025 7:15:12 PM java.util.prefs.FileSystemPreferences checkLockFile0ErrorCode
2025-02-16 19:15:12,295 [ERROR] LogOutputStream:75 - [STDERR_REDIRECT] WARNING: Could not lock System prefs. Unix error code 2.
2025-02-16 19:15:12,295 [ERROR] LogOutputStream:75 - [STDERR_REDIRECT] 
2025-02-16 19:15:12,296 [ERROR] LogOutputStream:75 - [STDERR_REDIRECT] Feb 16, 2025 7:15:12 PM java.util.prefs.FileSystemPreferences syncWorld
2025-02-16 19:15:12,296 [ERROR] LogOutputStream:75 - [STDERR_REDIRECT] WARNING: Couldn't flush system prefs: java.util.prefs.BackingStoreException: Couldn't get file lock.
2025-02-16 19:15:12,296 [ERROR] LogOutputStream:75 - [STDERR_REDIRECT] 
2025-02-16 19:15:42,295 [ERROR] LogOutputStream:75 - [STDERR_REDIRECT] Feb 16, 2025 7:15:42 PM java.util.prefs.FileSystemPreferences checkLockFile0ErrorCode
2025-02-16 19:15:42,295 [ERROR] LogOutputStream:75 - [STDERR_REDIRECT] WARNING: Could not lock System prefs. Unix error code 2.
2025-02-16 19:15:42,295 [ERROR] LogOutputStream:75 - [STDERR_REDIRECT] 
2025-02-16 19:15:42,295 [ERROR] LogOutputStream:75 - [STDERR_REDIRECT] Feb 16, 2025 7:15:42 PM java.util.prefs.FileSystemPreferences syncWorld
2025-02-16 19:15:42,295 [ERROR] LogOutputStream:75 - [STDERR_REDIRECT] WARNING: Couldn't flush system prefs: java.util.prefs.BackingStoreException: Couldn't get file lock.
2025-02-16 19:15:42,295 [ERROR] LogOutputStream:75 - [STDERR_REDIRECT] 
2025-02-16 19:16:12,295 [ERROR] LogOutputStream:75 - [STDERR_REDIRECT] Feb 16, 2025 7:16:12 PM java.util.prefs.FileSystemPreferences checkLockFile0ErrorCode
2025-02-16 19:16:12,295 [ERROR] LogOutputStream:75 - [STDERR_REDIRECT] WARNING: Could not lock System prefs. Unix error code 2.
2025-02-16 19:16:12,295 [ERROR] LogOutputStream:75 - [STDERR_REDIRECT] 
2025-02-16 19:16:12,295 [ERROR] LogOutputStream:75 - [STDERR_REDIRECT] Feb 16, 2025 7:16:12 PM java.util.prefs.FileSystemPreferences syncWorld
2025-02-16 19:16:12,295 [ERROR] LogOutputStream:75 - [STDERR_REDIRECT] WARNING: Couldn't flush system prefs: java.util.prefs.BackingStoreException: Couldn't get file lock.
2025-02-16 19:16:12,295 [ERROR] LogOutputStream:75 - [STDERR_REDIRECT] 
2025-02-16 19:16:42,295 [ERROR] LogOutputStream:75 - [STDERR_REDIRECT] Feb 16, 2025 7:16:42 PM java.util.prefs.FileSystemPreferences checkLockFile0ErrorCode
2025-02-16 19:16:42,295 [ERROR] LogOutputStream:75 - [STDERR_REDIRECT] WARNING: Could not lock System prefs. Unix error code 2.
2025-02-16 19:16:42,295 [ERROR] LogOutputStream:75 - [STDERR_REDIRECT] 
2025-02-16 19:16:42,295 [ERROR] LogOutputStream:75 - [STDERR_REDIRECT] Feb 16, 2025 7:16:42 PM java.util.prefs.FileSystemPreferences syncWorld
2025-02-16 19:16:42,296 [ERROR] LogOutputStream:75 - [STDERR_REDIRECT] WARNING: Couldn't flush system prefs: java.util.prefs.BackingStoreException: Couldn't get file lock.
2025-02-16 19:16:42,296 [ERROR] LogOutputStream:75 - [STDERR_REDIRECT] 
2025-02-16 19:17:12,295 [ERROR] LogOutputStream:75 - [STDERR_REDIRECT] Feb 16, 2025 7:17:12 PM java.util.prefs.FileSystemPreferences checkLockFile0ErrorCode
2025-02-16 19:17:12,295 [ERROR] LogOutputStream:75 - [STDERR_REDIRECT] WARNING: Could not lock System prefs. Unix error code 2.
2025-02-16 19:17:12,295 [ERROR] LogOutputStream:75 - [STDERR_REDIRECT] 
2025-02-16 19:17:12,295 [ERROR] LogOutputStream:75 - [STDERR_REDIRECT] Feb 16, 2025 7:17:12 PM java.util.prefs.FileSystemPreferences syncWorld
2025-02-16 19:17:12,295 [ERROR] LogOutputStream:75 - [STDERR_REDIRECT] WARNING: Couldn't flush system prefs: java.util.prefs.BackingStoreException: Couldn't get file lock.
2025-02-16 19:17:12,295 [ERROR] LogOutputStream:75 - [STDERR_REDIRECT] 
2025-02-16 19:17:42,295 [ERROR] LogOutputStream:75 - [STDERR_REDIRECT] Feb 16, 2025 7:17:42 PM java.util.prefs.FileSystemPreferences checkLockFile0ErrorCode
2025-02-16 19:17:42,295 [ERROR] LogOutputStream:75 - [STDERR_REDIRECT] WARNING: Could not lock System prefs. Unix error code 2.
2025-02-16 19:17:42,295 [ERROR] LogOutputStream:75 - [STDERR_REDIRECT] 
2025-02-16 19:17:42,295 [ERROR] LogOutputStream:75 - [STDERR_REDIRECT] Feb 16, 2025 7:17:42 PM java.util.prefs.FileSystemPreferences syncWorld
2025-02-16 19:17:42,295 [ERROR] LogOutputStream:75 - [STDERR_REDIRECT] WARNING: Couldn't flush system prefs: java.util.prefs.BackingStoreException: Couldn't get file lock.
2025-02-16 19:17:42,295 [ERROR] LogOutputStream:75 - [STDERR_REDIRECT] 
2025-02-16 19:18:12,296 [ERROR] LogOutputStream:75 - [STDERR_REDIRECT] Feb 16, 2025 7:18:12 PM java.util.prefs.FileSystemPreferences checkLockFile0ErrorCode
2025-02-16 19:18:12,296 [ERROR] LogOutputStream:75 - [STDERR_REDIRECT] WARNING: Could not lock System prefs. Unix error code 2.
2025-02-16 19:18:12,296 [ERROR] LogOutputStream:75 - [STDERR_REDIRECT] 
2025-02-16 19:18:12,296 [ERROR] LogOutputStream:75 - [STDERR_REDIRECT] Feb 16, 2025 7:18:12 PM java.util.prefs.FileSystemPreferences syncWorld
2025-02-16 19:18:12,296 [ERROR] LogOutputStream:75 - [STDERR_REDIRECT] WARNING: Couldn't flush system prefs: java.util.prefs.BackingStoreException: Couldn't get file lock.
2025-02-16 19:18:12,296 [ERROR] LogOutputStream:75 - [STDERR_REDIRECT] 
2025-02-16 19:18:42,295 [ERROR] LogOutputStream:75 - [STDERR_REDIRECT] Feb 16, 2025 7:18:42 PM java.util.prefs.FileSystemPreferences checkLockFile0ErrorCode
2025-02-16 19:18:42,295 [ERROR] LogOutputStream:75 - [STDERR_REDIRECT] WARNING: Could not lock System prefs. Unix error code 2.
2025-02-16 19:18:42,295 [ERROR] LogOutputStream:75 - [STDERR_REDIRECT] 
2025-02-16 19:18:42,295 [ERROR] LogOutputStream:75 - [STDERR_REDIRECT] Feb 16, 2025 7:18:42 PM java.util.prefs.FileSystemPreferences syncWorld
2025-02-16 19:18:42,295 [ERROR] LogOutputStream:75 - [STDERR_REDIRECT] WARNING: Couldn't flush system prefs: java.util.prefs.BackingStoreException: Couldn't get file lock.
2025-02-16 19:18:42,295 [ERROR] LogOutputStream:75 - [STDERR_REDIRECT] 
2025-02-16 19:19:12,296 [ERROR] LogOutputStream:75 - [STDERR_REDIRECT] Feb 16, 2025 7:19:12 PM java.util.prefs.FileSystemPreferences checkLockFile0ErrorCode
2025-02-16 19:19:12,296 [ERROR] LogOutputStream:75 - [STDERR_REDIRECT] WARNING: Could not lock System prefs. Unix error code 2.
2025-02-16 19:19:12,296 [ERROR] LogOutputStream:75 - [STDERR_REDIRECT] 
2025-02-16 19:19:12,296 [ERROR] LogOutputStream:75 - [STDERR_REDIRECT] Feb 16, 2025 7:19:12 PM java.util.prefs.FileSystemPreferences syncWorld
2025-02-16 19:19:12,296 [ERROR] LogOutputStream:75 - [STDERR_REDIRECT] WARNING: Couldn't flush system prefs: java.util.prefs.BackingStoreException: Couldn't get file lock.
2025-02-16 19:19:12,296 [ERROR] LogOutputStream:75 - [STDERR_REDIRECT] 
2025-02-16 19:19:42,295 [ERROR] LogOutputStream:75 - [STDERR_REDIRECT] Feb 16, 2025 7:19:42 PM java.util.prefs.FileSystemPreferences checkLockFile0ErrorCode
2025-02-16 19:19:42,295 [ERROR] LogOutputStream:75 - [STDERR_REDIRECT] WARNING: Could not lock System prefs. Unix error code 2.
2025-02-16 19:19:42,295 [ERROR] LogOutputStream:75 - [STDERR_REDIRECT] 
2025-02-16 19:19:42,295 [ERROR] LogOutputStream:75 - [STDERR_REDIRECT] Feb 16, 2025 7:19:42 PM java.util.prefs.FileSystemPreferences syncWorld
2025-02-16 19:19:42,295 [ERROR] LogOutputStream:75 - [STDERR_REDIRECT] WARNING: Couldn't flush system prefs: java.util.prefs.BackingStoreException: Couldn't get file lock.
2025-02-16 19:19:42,295 [ERROR] LogOutputStream:75 - [STDERR_REDIRECT] 
2025-02-16 19:20:12,296 [ERROR] LogOutputStream:75 - [STDERR_REDIRECT] Feb 16, 2025 7:20:12 PM java.util.prefs.FileSystemPreferences checkLockFile0ErrorCode
2025-02-16 19:20:12,296 [ERROR] LogOutputStream:75 - [STDERR_REDIRECT] WARNING: Could not lock System prefs. Unix error code 2.
2025-02-16 19:20:12,296 [ERROR] LogOutputStream:75 - [STDERR_REDIRECT] 
2025-02-16 19:20:12,296 [ERROR] LogOutputStream:75 - [STDERR_REDIRECT] Feb 16, 2025 7:20:12 PM java.util.prefs.FileSystemPreferences syncWorld
2025-02-16 19:20:12,296 [ERROR] LogOutputStream:75 - [STDERR_REDIRECT] WARNING: Couldn't flush system prefs: java.util.prefs.BackingStoreException: Couldn't get file lock.
2025-02-16 19:20:12,296 [ERROR] LogOutputStream:75 - [STDERR_REDIRECT] 
2025-02-16 19:20:42,296 [ERROR] LogOutputStream:75 - [STDERR_REDIRECT] Feb 16, 2025 7:20:42 PM java.util.prefs.FileSystemPreferences checkLockFile0ErrorCode
2025-02-16 19:20:42,296 [ERROR] LogOutputStream:75 - [STDERR_REDIRECT] WARNING: Could not lock System prefs. Unix error code 2.
2025-02-16 19:20:42,296 [ERROR] LogOutputStream:75 - [STDERR_REDIRECT] 
2025-02-16 19:20:42,296 [ERROR] LogOutputStream:75 - [STDERR_REDIRECT] Feb 16, 2025 7:20:42 PM java.util.prefs.FileSystemPreferences syncWorld
2025-02-16 19:20:42,296 [ERROR] LogOutputStream:75 - [STDERR_REDIRECT] WARNING: Couldn't flush system prefs: java.util.prefs.BackingStoreException: Couldn't get file lock.
2025-02-16 19:20:42,296 [ERROR] LogOutputStream:75 - [STDERR_REDIRECT] 
2025-02-16 19:21:12,296 [ERROR] LogOutputStream:75 - [STDERR_REDIRECT] Feb 16, 2025 7:21:12 PM java.util.prefs.FileSystemPreferences checkLockFile0ErrorCode
2025-02-16 19:21:12,296 [ERROR] LogOutputStream:75 - [STDERR_REDIRECT] WARNING: Could not lock System prefs. Unix error code 2.
2025-02-16 19:21:12,296 [ERROR] LogOutputStream:75 - [STDERR_REDIRECT] 
2025-02-16 19:21:12,296 [ERROR] LogOutputStream:75 - [STDERR_REDIRECT] Feb 16, 2025 7:21:12 PM java.util.prefs.FileSystemPreferences syncWorld
2025-02-16 19:21:12,297 [ERROR] LogOutputStream:75 - [STDERR_REDIRECT] WARNING: Couldn't flush system prefs: java.util.prefs.BackingStoreException: Couldn't get file lock.
2025-02-16 19:21:12,297 [ERROR] LogOutputStream:75 - [STDERR_REDIRECT] 
2025-02-16 19:21:42,296 [ERROR] LogOutputStream:75 - [STDERR_REDIRECT] Feb 16, 2025 7:21:42 PM java.util.prefs.FileSystemPreferences checkLockFile0ErrorCode
2025-02-16 19:21:42,296 [ERROR] LogOutputStream:75 - [STDERR_REDIRECT] WARNING: Could not lock System prefs. Unix error code 2.
2025-02-16 19:21:42,296 [ERROR] LogOutputStream:75 - [STDERR_REDIRECT] 
2025-02-16 19:21:42,296 [ERROR] LogOutputStream:75 - [STDERR_REDIRECT] Feb 16, 2025 7:21:42 PM java.util.prefs.FileSystemPreferences syncWorld
2025-02-16 19:21:42,296 [ERROR] LogOutputStream:75 - [STDERR_REDIRECT] WARNING: Couldn't flush system prefs: java.util.prefs.BackingStoreException: Couldn't get file lock.
2025-02-16 19:21:42,296 [ERROR] LogOutputStream:75 - [STDERR_REDIRECT] 
2025-02-16 19:22:12,296 [ERROR] LogOutputStream:75 - [STDERR_REDIRECT] Feb 16, 2025 7:22:12 PM java.util.prefs.FileSystemPreferences checkLockFile0ErrorCode
2025-02-16 19:22:12,296 [ERROR] LogOutputStream:75 - [STDERR_REDIRECT] WARNING: Could not lock System prefs. Unix error code 2.
2025-02-16 19:22:12,296 [ERROR] LogOutputStream:75 - [STDERR_REDIRECT] 
2025-02-16 19:22:12,296 [ERROR] LogOutputStream:75 - [STDERR_REDIRECT] Feb 16, 2025 7:22:12 PM java.util.prefs.FileSystemPreferences syncWorld
2025-02-16 19:22:12,296 [ERROR] LogOutputStream:75 - [STDERR_REDIRECT] WARNING: Couldn't flush system prefs: java.util.prefs.BackingStoreException: Couldn't get file lock.
2025-02-16 19:22:12,296 [ERROR] LogOutputStream:75 - [STDERR_REDIRECT] 
2025-02-16 19:22:42,297 [ERROR] LogOutputStream:75 - [STDERR_REDIRECT] Feb 16, 2025 7:22:42 PM java.util.prefs.FileSystemPreferences checkLockFile0ErrorCode
2025-02-16 19:22:42,297 [ERROR] LogOutputStream:75 - [STDERR_REDIRECT] WARNING: Could not lock System prefs. Unix error code 2.
2025-02-16 19:22:42,303 [ERROR] LogOutputStream:75 - [STDERR_REDIRECT] 
2025-02-16 19:22:42,303 [ERROR] LogOutputStream:75 - [STDERR_REDIRECT] Feb 16, 2025 7:22:42 PM java.util.prefs.FileSystemPreferences syncWorld
2025-02-16 19:22:42,303 [ERROR] LogOutputStream:75 - [STDERR_REDIRECT] WARNING: Couldn't flush system prefs: java.util.prefs.BackingStoreException: Couldn't get file lock.
2025-02-16 19:22:42,303 [ERROR] LogOutputStream:75 - [STDERR_REDIRECT] 
2025-02-16 19:23:12,297 [ERROR] LogOutputStream:75 - [STDERR_REDIRECT] Feb 16, 2025 7:23:12 PM java.util.prefs.FileSystemPreferences checkLockFile0ErrorCode
2025-02-16 19:23:12,297 [ERROR] LogOutputStream:75 - [STDERR_REDIRECT] WARNING: Could not lock System prefs. Unix error code 2.
2025-02-16 19:23:12,297 [ERROR] LogOutputStream:75 - [STDERR_REDIRECT] 
2025-02-16 19:23:12,298 [ERROR] LogOutputStream:75 - [STDERR_REDIRECT] Feb 16, 2025 7:23:12 PM java.util.prefs.FileSystemPreferences syncWorld
2025-02-16 19:23:12,298 [ERROR] LogOutputStream:75 - [STDERR_REDIRECT] WARNING: Couldn't flush system prefs: java.util.prefs.BackingStoreException: Couldn't get file lock.
2025-02-16 19:23:12,298 [ERROR] LogOutputStream:75 - [STDERR_REDIRECT] 
2025-02-16 19:23:42,297 [ERROR] LogOutputStream:75 - [STDERR_REDIRECT] Feb 16, 2025 7:23:42 PM java.util.prefs.FileSystemPreferences checkLockFile0ErrorCode
2025-02-16 19:23:42,297 [ERROR] LogOutputStream:75 - [STDERR_REDIRECT] WARNING: Could not lock System prefs. Unix error code 2.
2025-02-16 19:23:42,297 [ERROR] LogOutputStream:75 - [STDERR_REDIRECT] 
2025-02-16 19:23:42,297 [ERROR] LogOutputStream:75 - [STDERR_REDIRECT] Feb 16, 2025 7:23:42 PM java.util.prefs.FileSystemPreferences syncWorld
2025-02-16 19:23:42,297 [ERROR] LogOutputStream:75 - [STDERR_REDIRECT] WARNING: Couldn't flush system prefs: java.util.prefs.BackingStoreException: Couldn't get file lock.
2025-02-16 19:23:42,297 [ERROR] LogOutputStream:75 - [STDERR_REDIRECT] 
2025-02-16 19:24:12,297 [ERROR] LogOutputStream:75 - [STDERR_REDIRECT] Feb 16, 2025 7:24:12 PM java.util.prefs.FileSystemPreferences checkLockFile0ErrorCode
2025-02-16 19:24:12,297 [ERROR] LogOutputStream:75 - [STDERR_REDIRECT] WARNING: Could not lock System prefs. Unix error code 2.
2025-02-16 19:24:12,297 [ERROR] LogOutputStream:75 - [STDERR_REDIRECT] 
2025-02-16 19:24:12,297 [ERROR] LogOutputStream:75 - [STDERR_REDIRECT] Feb 16, 2025 7:24:12 PM java.util.prefs.FileSystemPreferences syncWorld
2025-02-16 19:24:12,298 [ERROR] LogOutputStream:75 - [STDERR_REDIRECT] WARNING: Couldn't flush system prefs: java.util.prefs.BackingStoreException: Couldn't get file lock.
2025-02-16 19:24:12,298 [ERROR] LogOutputStream:75 - [STDERR_REDIRECT] 
2025-02-16 19:24:42,297 [ERROR] LogOutputStream:75 - [STDERR_REDIRECT] Feb 16, 2025 7:24:42 PM java.util.prefs.FileSystemPreferences checkLockFile0ErrorCode
2025-02-16 19:24:42,297 [ERROR] LogOutputStream:75 - [STDERR_REDIRECT] WARNING: Could not lock System prefs. Unix error code 2.
2025-02-16 19:24:42,297 [ERROR] LogOutputStream:75 - [STDERR_REDIRECT] 
2025-02-16 19:24:42,297 [ERROR] LogOutputStream:75 - [STDERR_REDIRECT] Feb 16, 2025 7:24:42 PM java.util.prefs.FileSystemPreferences syncWorld
2025-02-16 19:24:42,297 [ERROR] LogOutputStream:75 - [STDERR_REDIRECT] WARNING: Couldn't flush system prefs: java.util.prefs.BackingStoreException: Couldn't get file lock.
2025-02-16 19:24:42,297 [ERROR] LogOutputStream:75 - [STDERR_REDIRECT] 
2025-02-16 19:25:12,297 [ERROR] LogOutputStream:75 - [STDERR_REDIRECT] Feb 16, 2025 7:25:12 PM java.util.prefs.FileSystemPreferences checkLockFile0ErrorCode
2025-02-16 19:25:12,297 [ERROR] LogOutputStream:75 - [STDERR_REDIRECT] WARNING: Could not lock System prefs. Unix error code 2.
2025-02-16 19:25:12,297 [ERROR] LogOutputStream:75 - [STDERR_REDIRECT] 
2025-02-16 19:25:12,297 [ERROR] LogOutputStream:75 - [STDERR_REDIRECT] Feb 16, 2025 7:25:12 PM java.util.prefs.FileSystemPreferences syncWorld
2025-02-16 19:25:12,297 [ERROR] LogOutputStream:75 - [STDERR_REDIRECT] WARNING: Couldn't flush system prefs: java.util.prefs.BackingStoreException: Couldn't get file lock.
2025-02-16 19:25:12,297 [ERROR] LogOutputStream:75 - [STDERR_REDIRECT] 
2025-02-16 19:25:42,297 [ERROR] LogOutputStream:75 - [STDERR_REDIRECT] Feb 16, 2025 7:25:42 PM java.util.prefs.FileSystemPreferences checkLockFile0ErrorCode
2025-02-16 19:25:42,298 [ERROR] LogOutputStream:75 - [STDERR_REDIRECT] WARNING: Could not lock System prefs. Unix error code 2.
2025-02-16 19:25:42,298 [ERROR] LogOutputStream:75 - [STDERR_REDIRECT] 
2025-02-16 19:25:42,298 [ERROR] LogOutputStream:75 - [STDERR_REDIRECT] Feb 16, 2025 7:25:42 PM java.util.prefs.FileSystemPreferences syncWorld
2025-02-16 19:25:42,298 [ERROR] LogOutputStream:75 - [STDERR_REDIRECT] WARNING: Couldn't flush system prefs: java.util.prefs.BackingStoreException: Couldn't get file lock.
2025-02-16 19:25:42,298 [ERROR] LogOutputStream:75 - [STDERR_REDIRECT] 
2025-02-16 19:26:12,297 [ERROR] LogOutputStream:75 - [STDERR_REDIRECT] Feb 16, 2025 7:26:12 PM java.util.prefs.FileSystemPreferences checkLockFile0ErrorCode
2025-02-16 19:26:12,297 [ERROR] LogOutputStream:75 - [STDERR_REDIRECT] WARNING: Could not lock System prefs. Unix error code 2.
2025-02-16 19:26:12,297 [ERROR] LogOutputStream:75 - [STDERR_REDIRECT] 
2025-02-16 19:26:12,297 [ERROR] LogOutputStream:75 - [STDERR_REDIRECT] Feb 16, 2025 7:26:12 PM java.util.prefs.FileSystemPreferences syncWorld
2025-02-16 19:26:12,297 [ERROR] LogOutputStream:75 - [STDERR_REDIRECT] WARNING: Couldn't flush system prefs: java.util.prefs.BackingStoreException: Couldn't get file lock.
2025-02-16 19:26:12,297 [ERROR] LogOutputStream:75 - [STDERR_REDIRECT] 
2025-02-16 19:26:42,297 [ERROR] LogOutputStream:75 - [STDERR_REDIRECT] Feb 16, 2025 7:26:42 PM java.util.prefs.FileSystemPreferences checkLockFile0ErrorCode
2025-02-16 19:26:42,297 [ERROR] LogOutputStream:75 - [STDERR_REDIRECT] WARNING: Could not lock System prefs. Unix error code 2.
2025-02-16 19:26:42,297 [ERROR] LogOutputStream:75 - [STDERR_REDIRECT] 
2025-02-16 19:26:42,297 [ERROR] LogOutputStream:75 - [STDERR_REDIRECT] Feb 16, 2025 7:26:42 PM java.util.prefs.FileSystemPreferences syncWorld
2025-02-16 19:26:42,298 [ERROR] LogOutputStream:75 - [STDERR_REDIRECT] WARNING: Couldn't flush system prefs: java.util.prefs.BackingStoreException: Couldn't get file lock.
2025-02-16 19:26:42,298 [ERROR] LogOutputStream:75 - [STDERR_REDIRECT] 
2025-02-16 19:27:12,297 [ERROR] LogOutputStream:75 - [STDERR_REDIRECT] Feb 16, 2025 7:27:12 PM java.util.prefs.FileSystemPreferences checkLockFile0ErrorCode
2025-02-16 19:27:12,297 [ERROR] LogOutputStream:75 - [STDERR_REDIRECT] WARNING: Could not lock System prefs. Unix error code 2.
2025-02-16 19:27:12,297 [ERROR] LogOutputStream:75 - [STDERR_REDIRECT] 
2025-02-16 19:27:12,297 [ERROR] LogOutputStream:75 - [STDERR_REDIRECT] Feb 16, 2025 7:27:12 PM java.util.prefs.FileSystemPreferences syncWorld
2025-02-16 19:27:12,297 [ERROR] LogOutputStream:75 - [STDERR_REDIRECT] WARNING: Couldn't flush system prefs: java.util.prefs.BackingStoreException: Couldn't get file lock.
2025-02-16 19:27:12,297 [ERROR] LogOutputStream:75 - [STDERR_REDIRECT] 
2025-02-16 19:27:42,297 [ERROR] LogOutputStream:75 - [STDERR_REDIRECT] Feb 16, 2025 7:27:42 PM java.util.prefs.FileSystemPreferences checkLockFile0ErrorCode
2025-02-16 19:27:42,297 [ERROR] LogOutputStream:75 - [STDERR_REDIRECT] WARNING: Could not lock System prefs. Unix error code 2.
2025-02-16 19:27:42,297 [ERROR] LogOutputStream:75 - [STDERR_REDIRECT] 
2025-02-16 19:27:42,297 [ERROR] LogOutputStream:75 - [STDERR_REDIRECT] Feb 16, 2025 7:27:42 PM java.util.prefs.FileSystemPreferences syncWorld
2025-02-16 19:27:42,297 [ERROR] LogOutputStream:75 - [STDERR_REDIRECT] WARNING: Couldn't flush system prefs: java.util.prefs.BackingStoreException: Couldn't get file lock.
2025-02-16 19:27:42,297 [ERROR] LogOutputStream:75 - [STDERR_REDIRECT] 
2025-02-16 19:28:12,297 [ERROR] LogOutputStream:75 - [STDERR_REDIRECT] Feb 16, 2025 7:28:12 PM java.util.prefs.FileSystemPreferences checkLockFile0ErrorCode
2025-02-16 19:28:12,297 [ERROR] LogOutputStream:75 - [STDERR_REDIRECT] WARNING: Could not lock System prefs. Unix error code 2.
2025-02-16 19:28:12,297 [ERROR] LogOutputStream:75 - [STDERR_REDIRECT] 
2025-02-16 19:28:12,297 [ERROR] LogOutputStream:75 - [STDERR_REDIRECT] Feb 16, 2025 7:28:12 PM java.util.prefs.FileSystemPreferences syncWorld
2025-02-16 19:28:12,298 [ERROR] LogOutputStream:75 - [STDERR_REDIRECT] WARNING: Couldn't flush system prefs: java.util.prefs.BackingStoreException: Couldn't get file lock.
2025-02-16 19:28:12,298 [ERROR] LogOutputStream:75 - [STDERR_REDIRECT] 
2025-02-16 19:28:42,298 [ERROR] LogOutputStream:75 - [STDERR_REDIRECT] Feb 16, 2025 7:28:42 PM java.util.prefs.FileSystemPreferences checkLockFile0ErrorCode
2025-02-16 19:28:42,298 [ERROR] LogOutputStream:75 - [STDERR_REDIRECT] WARNING: Could not lock System prefs. Unix error code 2.
2025-02-16 19:28:42,298 [ERROR] LogOutputStream:75 - [STDERR_REDIRECT] 
2025-02-16 19:28:42,298 [ERROR] LogOutputStream:75 - [STDERR_REDIRECT] Feb 16, 2025 7:28:42 PM java.util.prefs.FileSystemPreferences syncWorld
2025-02-16 19:28:42,298 [ERROR] LogOutputStream:75 - [STDERR_REDIRECT] WARNING: Couldn't flush system prefs: java.util.prefs.BackingStoreException: Couldn't get file lock.
2025-02-16 19:28:42,298 [ERROR] LogOutputStream:75 - [STDERR_REDIRECT] 
2025-02-16 19:29:12,298 [ERROR] LogOutputStream:75 - [STDERR_REDIRECT] Feb 16, 2025 7:29:12 PM java.util.prefs.FileSystemPreferences checkLockFile0ErrorCode
2025-02-16 19:29:12,298 [ERROR] LogOutputStream:75 - [STDERR_REDIRECT] WARNING: Could not lock System prefs. Unix error code 2.
2025-02-16 19:29:12,298 [ERROR] LogOutputStream:75 - [STDERR_REDIRECT] 
2025-02-16 19:29:12,298 [ERROR] LogOutputStream:75 - [STDERR_REDIRECT] Feb 16, 2025 7:29:12 PM java.util.prefs.FileSystemPreferences syncWorld
2025-02-16 19:29:12,298 [ERROR] LogOutputStream:75 - [STDERR_REDIRECT] WARNING: Couldn't flush system prefs: java.util.prefs.BackingStoreException: Couldn't get file lock.
2025-02-16 19:29:12,298 [ERROR] LogOutputStream:75 - [STDERR_REDIRECT] 
2025-02-16 19:29:42,298 [ERROR] LogOutputStream:75 - [STDERR_REDIRECT] Feb 16, 2025 7:29:42 PM java.util.prefs.FileSystemPreferences checkLockFile0ErrorCode
2025-02-16 19:29:42,298 [ERROR] LogOutputStream:75 - [STDERR_REDIRECT] WARNING: Could not lock System prefs. Unix error code 2.
2025-02-16 19:29:42,305 [ERROR] LogOutputStream:75 - [STDERR_REDIRECT] 
2025-02-16 19:29:42,305 [ERROR] LogOutputStream:75 - [STDERR_REDIRECT] Feb 16, 2025 7:29:42 PM java.util.prefs.FileSystemPreferences syncWorld
2025-02-16 19:29:42,305 [ERROR] LogOutputStream:75 - [STDERR_REDIRECT] WARNING: Couldn't flush system prefs: java.util.prefs.BackingStoreException: Couldn't get file lock.
2025-02-16 19:29:42,305 [ERROR] LogOutputStream:75 - [STDERR_REDIRECT] 
2025-02-16 19:30:12,298 [ERROR] LogOutputStream:75 - [STDERR_REDIRECT] Feb 16, 2025 7:30:12 PM java.util.prefs.FileSystemPreferences checkLockFile0ErrorCode
2025-02-16 19:30:12,298 [ERROR] LogOutputStream:75 - [STDERR_REDIRECT] WARNING: Could not lock System prefs. Unix error code 2.
2025-02-16 19:30:12,298 [ERROR] LogOutputStream:75 - [STDERR_REDIRECT] 
2025-02-16 19:30:12,298 [ERROR] LogOutputStream:75 - [STDERR_REDIRECT] Feb 16, 2025 7:30:12 PM java.util.prefs.FileSystemPreferences syncWorld
2025-02-16 19:30:12,298 [ERROR] LogOutputStream:75 - [STDERR_REDIRECT] WARNING: Couldn't flush system prefs: java.util.prefs.BackingStoreException: Couldn't get file lock.
2025-02-16 19:30:12,298 [ERROR] LogOutputStream:75 - [STDERR_REDIRECT] 
2025-02-16 19:30:42,299 [ERROR] LogOutputStream:75 - [STDERR_REDIRECT] Feb 16, 2025 7:30:42 PM java.util.prefs.FileSystemPreferences checkLockFile0ErrorCode
2025-02-16 19:30:42,299 [ERROR] LogOutputStream:75 - [STDERR_REDIRECT] WARNING: Could not lock System prefs. Unix error code 2.
2025-02-16 19:30:42,299 [ERROR] LogOutputStream:75 - [STDERR_REDIRECT] 
2025-02-16 19:30:42,299 [ERROR] LogOutputStream:75 - [STDERR_REDIRECT] Feb 16, 2025 7:30:42 PM java.util.prefs.FileSystemPreferences syncWorld
2025-02-16 19:30:42,299 [ERROR] LogOutputStream:75 - [STDERR_REDIRECT] WARNING: Couldn't flush system prefs: java.util.prefs.BackingStoreException: Couldn't get file lock.
2025-02-16 19:30:42,299 [ERROR] LogOutputStream:75 - [STDERR_REDIRECT] 
2025-02-16 19:31:12,299 [ERROR] LogOutputStream:75 - [STDERR_REDIRECT] Feb 16, 2025 7:31:12 PM java.util.prefs.FileSystemPreferences checkLockFile0ErrorCode
2025-02-16 19:31:12,299 [ERROR] LogOutputStream:75 - [STDERR_REDIRECT] WARNING: Could not lock System prefs. Unix error code 2.
2025-02-16 19:31:12,299 [ERROR] LogOutputStream:75 - [STDERR_REDIRECT] 
2025-02-16 19:31:12,299 [ERROR] LogOutputStream:75 - [STDERR_REDIRECT] Feb 16, 2025 7:31:12 PM java.util.prefs.FileSystemPreferences syncWorld
2025-02-16 19:31:12,299 [ERROR] LogOutputStream:75 - [STDERR_REDIRECT] WARNING: Couldn't flush system prefs: java.util.prefs.BackingStoreException: Couldn't get file lock.
2025-02-16 19:31:12,299 [ERROR] LogOutputStream:75 - [STDERR_REDIRECT] 
2025-02-16 19:31:42,299 [ERROR] LogOutputStream:75 - [STDERR_REDIRECT] Feb 16, 2025 7:31:42 PM java.util.prefs.FileSystemPreferences checkLockFile0ErrorCode
2025-02-16 19:31:42,299 [ERROR] LogOutputStream:75 - [STDERR_REDIRECT] WARNING: Could not lock System prefs. Unix error code 2.
2025-02-16 19:31:42,299 [ERROR] LogOutputStream:75 - [STDERR_REDIRECT] 
2025-02-16 19:31:42,299 [ERROR] LogOutputStream:75 - [STDERR_REDIRECT] Feb 16, 2025 7:31:42 PM java.util.prefs.FileSystemPreferences syncWorld
2025-02-16 19:31:42,299 [ERROR] LogOutputStream:75 - [STDERR_REDIRECT] WARNING: Couldn't flush system prefs: java.util.prefs.BackingStoreException: Couldn't get file lock.
2025-02-16 19:31:42,300 [ERROR] LogOutputStream:75 - [STDERR_REDIRECT] 
2025-02-16 19:32:12,299 [ERROR] LogOutputStream:75 - [STDERR_REDIRECT] Feb 16, 2025 7:32:12 PM java.util.prefs.FileSystemPreferences checkLockFile0ErrorCode
2025-02-16 19:32:12,299 [ERROR] LogOutputStream:75 - [STDERR_REDIRECT] WARNING: Could not lock System prefs. Unix error code 2.
2025-02-16 19:32:12,305 [ERROR] LogOutputStream:75 - [STDERR_REDIRECT] 
2025-02-16 19:32:12,305 [ERROR] LogOutputStream:75 - [STDERR_REDIRECT] Feb 16, 2025 7:32:12 PM java.util.prefs.FileSystemPreferences syncWorld
2025-02-16 19:32:12,305 [ERROR] LogOutputStream:75 - [STDERR_REDIRECT] WARNING: Couldn't flush system prefs: java.util.prefs.BackingStoreException: Couldn't get file lock.
2025-02-16 19:32:12,305 [ERROR] LogOutputStream:75 - [STDERR_REDIRECT] 
2025-02-16 19:32:42,299 [ERROR] LogOutputStream:75 - [STDERR_REDIRECT] Feb 16, 2025 7:32:42 PM java.util.prefs.FileSystemPreferences checkLockFile0ErrorCode
2025-02-16 19:32:42,299 [ERROR] LogOutputStream:75 - [STDERR_REDIRECT] WARNING: Could not lock System prefs. Unix error code 2.
2025-02-16 19:32:42,299 [ERROR] LogOutputStream:75 - [STDERR_REDIRECT] 
2025-02-16 19:32:42,300 [ERROR] LogOutputStream:75 - [STDERR_REDIRECT] Feb 16, 2025 7:32:42 PM java.util.prefs.FileSystemPreferences syncWorld
2025-02-16 19:32:42,300 [ERROR] LogOutputStream:75 - [STDERR_REDIRECT] WARNING: Couldn't flush system prefs: java.util.prefs.BackingStoreException: Couldn't get file lock.
2025-02-16 19:32:42,300 [ERROR] LogOutputStream:75 - [STDERR_REDIRECT] 
2025-02-16 19:33:12,299 [ERROR] LogOutputStream:75 - [STDERR_REDIRECT] Feb 16, 2025 7:33:12 PM java.util.prefs.FileSystemPreferences checkLockFile0ErrorCode
2025-02-16 19:33:12,299 [ERROR] LogOutputStream:75 - [STDERR_REDIRECT] WARNING: Could not lock System prefs. Unix error code 2.
2025-02-16 19:33:12,299 [ERROR] LogOutputStream:75 - [STDERR_REDIRECT] 
2025-02-16 19:33:12,299 [ERROR] LogOutputStream:75 - [STDERR_REDIRECT] Feb 16, 2025 7:33:12 PM java.util.prefs.FileSystemPreferences syncWorld
2025-02-16 19:33:12,299 [ERROR] LogOutputStream:75 - [STDERR_REDIRECT] WARNING: Couldn't flush system prefs: java.util.prefs.BackingStoreException: Couldn't get file lock.
2025-02-16 19:33:12,299 [ERROR] LogOutputStream:75 - [STDERR_REDIRECT] 
2025-02-16 19:33:42,299 [ERROR] LogOutputStream:75 - [STDERR_REDIRECT] Feb 16, 2025 7:33:42 PM java.util.prefs.FileSystemPreferences checkLockFile0ErrorCode
2025-02-16 19:33:42,299 [ERROR] LogOutputStream:75 - [STDERR_REDIRECT] WARNING: Could not lock System prefs. Unix error code 2.
2025-02-16 19:33:42,299 [ERROR] LogOutputStream:75 - [STDERR_REDIRECT] 
2025-02-16 19:33:42,299 [ERROR] LogOutputStream:75 - [STDERR_REDIRECT] Feb 16, 2025 7:33:42 PM java.util.prefs.FileSystemPreferences syncWorld
2025-02-16 19:33:42,299 [ERROR] LogOutputStream:75 - [STDERR_REDIRECT] WARNING: Couldn't flush system prefs: java.util.prefs.BackingStoreException: Couldn't get file lock.
2025-02-16 19:33:42,299 [ERROR] LogOutputStream:75 - [STDERR_REDIRECT] 
2025-02-16 19:34:12,300 [ERROR] LogOutputStream:75 - [STDERR_REDIRECT] Feb 16, 2025 7:34:12 PM java.util.prefs.FileSystemPreferences checkLockFile0ErrorCode
2025-02-16 19:34:12,300 [ERROR] LogOutputStream:75 - [STDERR_REDIRECT] WARNING: Could not lock System prefs. Unix error code 2.
2025-02-16 19:34:12,300 [ERROR] LogOutputStream:75 - [STDERR_REDIRECT] 
2025-02-16 19:34:12,300 [ERROR] LogOutputStream:75 - [STDERR_REDIRECT] Feb 16, 2025 7:34:12 PM java.util.prefs.FileSystemPreferences syncWorld
2025-02-16 19:34:12,300 [ERROR] LogOutputStream:75 - [STDERR_REDIRECT] WARNING: Couldn't flush system prefs: java.util.prefs.BackingStoreException: Couldn't get file lock.
2025-02-16 19:34:12,300 [ERROR] LogOutputStream:75 - [STDERR_REDIRECT] 
2025-02-16 19:34:42,300 [ERROR] LogOutputStream:75 - [STDERR_REDIRECT] Feb 16, 2025 7:34:42 PM java.util.prefs.FileSystemPreferences checkLockFile0ErrorCode
2025-02-16 19:34:42,300 [ERROR] LogOutputStream:75 - [STDERR_REDIRECT] WARNING: Could not lock System prefs. Unix error code 2.
2025-02-16 19:34:42,300 [ERROR] LogOutputStream:75 - [STDERR_REDIRECT] 
2025-02-16 19:34:42,300 [ERROR] LogOutputStream:75 - [STDERR_REDIRECT] Feb 16, 2025 7:34:42 PM java.util.prefs.FileSystemPreferences syncWorld
2025-02-16 19:34:42,300 [ERROR] LogOutputStream:75 - [STDERR_REDIRECT] WARNING: Couldn't flush system prefs: java.util.prefs.BackingStoreException: Couldn't get file lock.
2025-02-16 19:34:42,300 [ERROR] LogOutputStream:75 - [STDERR_REDIRECT] 
2025-02-16 19:35:12,301 [ERROR] LogOutputStream:75 - [STDERR_REDIRECT] Feb 16, 2025 7:35:12 PM java.util.prefs.FileSystemPreferences checkLockFile0ErrorCode
2025-02-16 19:35:12,301 [ERROR] LogOutputStream:75 - [STDERR_REDIRECT] WARNING: Could not lock System prefs. Unix error code 2.
2025-02-16 19:35:12,301 [ERROR] LogOutputStream:75 - [STDERR_REDIRECT] 
2025-02-16 19:35:12,301 [ERROR] LogOutputStream:75 - [STDERR_REDIRECT] Feb 16, 2025 7:35:12 PM java.util.prefs.FileSystemPreferences syncWorld
2025-02-16 19:35:12,301 [ERROR] LogOutputStream:75 - [STDERR_REDIRECT] WARNING: Couldn't flush system prefs: java.util.prefs.BackingStoreException: Couldn't get file lock.
2025-02-16 19:35:12,301 [ERROR] LogOutputStream:75 - [STDERR_REDIRECT] 
2025-02-16 19:35:42,301 [ERROR] LogOutputStream:75 - [STDERR_REDIRECT] Feb 16, 2025 7:35:42 PM java.util.prefs.FileSystemPreferences checkLockFile0ErrorCode
2025-02-16 19:35:42,301 [ERROR] LogOutputStream:75 - [STDERR_REDIRECT] WARNING: Could not lock System prefs. Unix error code 2.
2025-02-16 19:35:42,301 [ERROR] LogOutputStream:75 - [STDERR_REDIRECT] 
2025-02-16 19:35:42,301 [ERROR] LogOutputStream:75 - [STDERR_REDIRECT] Feb 16, 2025 7:35:42 PM java.util.prefs.FileSystemPreferences syncWorld
2025-02-16 19:35:42,301 [ERROR] LogOutputStream:75 - [STDERR_REDIRECT] WARNING: Couldn't flush system prefs: java.util.prefs.BackingStoreException: Couldn't get file lock.
2025-02-16 19:35:42,301 [ERROR] LogOutputStream:75 - [STDERR_REDIRECT] 
2025-02-16 19:36:12,302 [ERROR] LogOutputStream:75 - [STDERR_REDIRECT] Feb 16, 2025 7:36:12 PM java.util.prefs.FileSystemPreferences checkLockFile0ErrorCode
2025-02-16 19:36:12,302 [ERROR] LogOutputStream:75 - [STDERR_REDIRECT] WARNING: Could not lock System prefs. Unix error code 2.
2025-02-16 19:36:12,302 [ERROR] LogOutputStream:75 - [STDERR_REDIRECT] 
2025-02-16 19:36:12,302 [ERROR] LogOutputStream:75 - [STDERR_REDIRECT] Feb 16, 2025 7:36:12 PM java.util.prefs.FileSystemPreferences syncWorld
2025-02-16 19:36:12,302 [ERROR] LogOutputStream:75 - [STDERR_REDIRECT] WARNING: Couldn't flush system prefs: java.util.prefs.BackingStoreException: Couldn't get file lock.
2025-02-16 19:36:12,302 [ERROR] LogOutputStream:75 - [STDERR_REDIRECT] 
2025-02-16 19:36:42,301 [ERROR] LogOutputStream:75 - [STDERR_REDIRECT] Feb 16, 2025 7:36:42 PM java.util.prefs.FileSystemPreferences checkLockFile0ErrorCode
2025-02-16 19:36:42,301 [ERROR] LogOutputStream:75 - [STDERR_REDIRECT] WARNING: Could not lock System prefs. Unix error code 2.
2025-02-16 19:36:42,301 [ERROR] LogOutputStream:75 - [STDERR_REDIRECT] 
2025-02-16 19:36:42,301 [ERROR] LogOutputStream:75 - [STDERR_REDIRECT] Feb 16, 2025 7:36:42 PM java.util.prefs.FileSystemPreferences syncWorld
2025-02-16 19:36:42,301 [ERROR] LogOutputStream:75 - [STDERR_REDIRECT] WARNING: Couldn't flush system prefs: java.util.prefs.BackingStoreException: Couldn't get file lock.
2025-02-16 19:36:42,301 [ERROR] LogOutputStream:75 - [STDERR_REDIRECT] 
2025-02-16 19:37:12,301 [ERROR] LogOutputStream:75 - [STDERR_REDIRECT] Feb 16, 2025 7:37:12 PM java.util.prefs.FileSystemPreferences checkLockFile0ErrorCode
2025-02-16 19:37:12,302 [ERROR] LogOutputStream:75 - [STDERR_REDIRECT] WARNING: Could not lock System prefs. Unix error code 2.
2025-02-16 19:37:12,302 [ERROR] LogOutputStream:75 - [STDERR_REDIRECT] 
2025-02-16 19:37:12,302 [ERROR] LogOutputStream:75 - [STDERR_REDIRECT] Feb 16, 2025 7:37:12 PM java.util.prefs.FileSystemPreferences syncWorld
2025-02-16 19:37:12,302 [ERROR] LogOutputStream:75 - [STDERR_REDIRECT] WARNING: Couldn't flush system prefs: java.util.prefs.BackingStoreException: Couldn't get file lock.
2025-02-16 19:37:12,302 [ERROR] LogOutputStream:75 - [STDERR_REDIRECT] 
2025-02-16 19:37:42,301 [ERROR] LogOutputStream:75 - [STDERR_REDIRECT] Feb 16, 2025 7:37:42 PM java.util.prefs.FileSystemPreferences checkLockFile0ErrorCode
2025-02-16 19:37:42,301 [ERROR] LogOutputStream:75 - [STDERR_REDIRECT] WARNING: Could not lock System prefs. Unix error code 2.
2025-02-16 19:37:42,301 [ERROR] LogOutputStream:75 - [STDERR_REDIRECT] 
2025-02-16 19:37:42,301 [ERROR] LogOutputStream:75 - [STDERR_REDIRECT] Feb 16, 2025 7:37:42 PM java.util.prefs.FileSystemPreferences syncWorld
2025-02-16 19:37:42,301 [ERROR] LogOutputStream:75 - [STDERR_REDIRECT] WARNING: Couldn't flush system prefs: java.util.prefs.BackingStoreException: Couldn't get file lock.
2025-02-16 19:37:42,301 [ERROR] LogOutputStream:75 - [STDERR_REDIRECT] 
2025-02-16 19:38:12,301 [ERROR] LogOutputStream:75 - [STDERR_REDIRECT] Feb 16, 2025 7:38:12 PM java.util.prefs.FileSystemPreferences checkLockFile0ErrorCode
2025-02-16 19:38:12,301 [ERROR] LogOutputStream:75 - [STDERR_REDIRECT] WARNING: Could not lock System prefs. Unix error code 2.
2025-02-16 19:38:12,301 [ERROR] LogOutputStream:75 - [STDERR_REDIRECT] 
2025-02-16 19:38:12,302 [ERROR] LogOutputStream:75 - [STDERR_REDIRECT] Feb 16, 2025 7:38:12 PM java.util.prefs.FileSystemPreferences syncWorld
2025-02-16 19:38:12,302 [ERROR] LogOutputStream:75 - [STDERR_REDIRECT] WARNING: Couldn't flush system prefs: java.util.prefs.BackingStoreException: Couldn't get file lock.
2025-02-16 19:38:12,302 [ERROR] LogOutputStream:75 - [STDERR_REDIRECT] 
2025-02-16 19:38:42,301 [ERROR] LogOutputStream:75 - [STDERR_REDIRECT] Feb 16, 2025 7:38:42 PM java.util.prefs.FileSystemPreferences checkLockFile0ErrorCode
2025-02-16 19:38:42,301 [ERROR] LogOutputStream:75 - [STDERR_REDIRECT] WARNING: Could not lock System prefs. Unix error code 2.
2025-02-16 19:38:42,301 [ERROR] LogOutputStream:75 - [STDERR_REDIRECT] 
2025-02-16 19:38:42,301 [ERROR] LogOutputStream:75 - [STDERR_REDIRECT] Feb 16, 2025 7:38:42 PM java.util.prefs.FileSystemPreferences syncWorld
2025-02-16 19:38:42,301 [ERROR] LogOutputStream:75 - [STDERR_REDIRECT] WARNING: Couldn't flush system prefs: java.util.prefs.BackingStoreException: Couldn't get file lock.
2025-02-16 19:38:42,301 [ERROR] LogOutputStream:75 - [STDERR_REDIRECT] 
2025-02-16 19:39:12,301 [ERROR] LogOutputStream:75 - [STDERR_REDIRECT] Feb 16, 2025 7:39:12 PM java.util.prefs.FileSystemPreferences checkLockFile0ErrorCode
2025-02-16 19:39:12,302 [ERROR] LogOutputStream:75 - [STDERR_REDIRECT] WARNING: Could not lock System prefs. Unix error code 2.
2025-02-16 19:39:12,302 [ERROR] LogOutputStream:75 - [STDERR_REDIRECT] 
2025-02-16 19:39:12,302 [ERROR] LogOutputStream:75 - [STDERR_REDIRECT] Feb 16, 2025 7:39:12 PM java.util.prefs.FileSystemPreferences syncWorld
2025-02-16 19:39:12,302 [ERROR] LogOutputStream:75 - [STDERR_REDIRECT] WARNING: Couldn't flush system prefs: java.util.prefs.BackingStoreException: Couldn't get file lock.
2025-02-16 19:39:12,302 [ERROR] LogOutputStream:75 - [STDERR_REDIRECT] 
2025-02-16 19:39:42,301 [ERROR] LogOutputStream:75 - [STDERR_REDIRECT] Feb 16, 2025 7:39:42 PM java.util.prefs.FileSystemPreferences checkLockFile0ErrorCode
2025-02-16 19:39:42,301 [ERROR] LogOutputStream:75 - [STDERR_REDIRECT] WARNING: Could not lock System prefs. Unix error code 2.
2025-02-16 19:39:42,307 [ERROR] LogOutputStream:75 - [STDERR_REDIRECT] 
2025-02-16 19:39:42,307 [ERROR] LogOutputStream:75 - [STDERR_REDIRECT] Feb 16, 2025 7:39:42 PM java.util.prefs.FileSystemPreferences syncWorld
2025-02-16 19:39:42,308 [ERROR] LogOutputStream:75 - [STDERR_REDIRECT] WARNING: Couldn't flush system prefs: java.util.prefs.BackingStoreException: Couldn't get file lock.
2025-02-16 19:39:42,308 [ERROR] LogOutputStream:75 - [STDERR_REDIRECT] 
2025-02-16 19:40:12,301 [ERROR] LogOutputStream:75 - [STDERR_REDIRECT] Feb 16, 2025 7:40:12 PM java.util.prefs.FileSystemPreferences checkLockFile0ErrorCode
2025-02-16 19:40:12,301 [ERROR] LogOutputStream:75 - [STDERR_REDIRECT] WARNING: Could not lock System prefs. Unix error code 2.
2025-02-16 19:40:12,301 [ERROR] LogOutputStream:75 - [STDERR_REDIRECT] 
2025-02-16 19:40:12,301 [ERROR] LogOutputStream:75 - [STDERR_REDIRECT] Feb 16, 2025 7:40:12 PM java.util.prefs.FileSystemPreferences syncWorld
2025-02-16 19:40:12,301 [ERROR] LogOutputStream:75 - [STDERR_REDIRECT] WARNING: Couldn't flush system prefs: java.util.prefs.BackingStoreException: Couldn't get file lock.
2025-02-16 19:40:12,301 [ERROR] LogOutputStream:75 - [STDERR_REDIRECT] 
2025-02-16 19:40:42,301 [ERROR] LogOutputStream:75 - [STDERR_REDIRECT] Feb 16, 2025 7:40:42 PM java.util.prefs.FileSystemPreferences checkLockFile0ErrorCode
2025-02-16 19:40:42,301 [ERROR] LogOutputStream:75 - [STDERR_REDIRECT] WARNING: Could not lock System prefs. Unix error code 2.
2025-02-16 19:40:42,301 [ERROR] LogOutputStream:75 - [STDERR_REDIRECT] 
2025-02-16 19:40:42,301 [ERROR] LogOutputStream:75 - [STDERR_REDIRECT] Feb 16, 2025 7:40:42 PM java.util.prefs.FileSystemPreferences syncWorld
2025-02-16 19:40:42,301 [ERROR] LogOutputStream:75 - [STDERR_REDIRECT] WARNING: Couldn't flush system prefs: java.util.prefs.BackingStoreException: Couldn't get file lock.
2025-02-16 19:40:42,301 [ERROR] LogOutputStream:75 - [STDERR_REDIRECT] 
2025-02-16 19:41:12,302 [ERROR] LogOutputStream:75 - [STDERR_REDIRECT] Feb 16, 2025 7:41:12 PM java.util.prefs.FileSystemPreferences checkLockFile0ErrorCode
2025-02-16 19:41:12,302 [ERROR] LogOutputStream:75 - [STDERR_REDIRECT] WARNING: Could not lock System prefs. Unix error code 2.
2025-02-16 19:41:12,302 [ERROR] LogOutputStream:75 - [STDERR_REDIRECT] 
2025-02-16 19:41:12,302 [ERROR] LogOutputStream:75 - [STDERR_REDIRECT] Feb 16, 2025 7:41:12 PM java.util.prefs.FileSystemPreferences syncWorld
2025-02-16 19:41:12,308 [ERROR] LogOutputStream:75 - [STDERR_REDIRECT] WARNING: Couldn't flush system prefs: java.util.prefs.BackingStoreException: Couldn't get file lock.
2025-02-16 19:41:12,308 [ERROR] LogOutputStream:75 - [STDERR_REDIRECT] 
2025-02-16 19:41:42,301 [ERROR] LogOutputStream:75 - [STDERR_REDIRECT] Feb 16, 2025 7:41:42 PM java.util.prefs.FileSystemPreferences checkLockFile0ErrorCode
2025-02-16 19:41:42,301 [ERROR] LogOutputStream:75 - [STDERR_REDIRECT] WARNING: Could not lock System prefs. Unix error code 2.
2025-02-16 19:41:42,301 [ERROR] LogOutputStream:75 - [STDERR_REDIRECT] 
2025-02-16 19:41:42,302 [ERROR] LogOutputStream:75 - [STDERR_REDIRECT] Feb 16, 2025 7:41:42 PM java.util.prefs.FileSystemPreferences syncWorld
2025-02-16 19:41:42,302 [ERROR] LogOutputStream:75 - [STDERR_REDIRECT] WARNING: Couldn't flush system prefs: java.util.prefs.BackingStoreException: Couldn't get file lock.
2025-02-16 19:41:42,302 [ERROR] LogOutputStream:75 - [STDERR_REDIRECT] 
2025-02-16 19:42:12,301 [ERROR] LogOutputStream:75 - [STDERR_REDIRECT] Feb 16, 2025 7:42:12 PM java.util.prefs.FileSystemPreferences checkLockFile0ErrorCode
2025-02-16 19:42:12,301 [ERROR] LogOutputStream:75 - [STDERR_REDIRECT] WARNING: Could not lock System prefs. Unix error code 2.
2025-02-16 19:42:12,301 [ERROR] LogOutputStream:75 - [STDERR_REDIRECT] 
2025-02-16 19:42:12,301 [ERROR] LogOutputStream:75 - [STDERR_REDIRECT] Feb 16, 2025 7:42:12 PM java.util.prefs.FileSystemPreferences syncWorld
2025-02-16 19:42:12,301 [ERROR] LogOutputStream:75 - [STDERR_REDIRECT] WARNING: Couldn't flush system prefs: java.util.prefs.BackingStoreException: Couldn't get file lock.
2025-02-16 19:42:12,301 [ERROR] LogOutputStream:75 - [STDERR_REDIRECT] 
2025-02-16 19:42:42,301 [ERROR] LogOutputStream:75 - [STDERR_REDIRECT] Feb 16, 2025 7:42:42 PM java.util.prefs.FileSystemPreferences checkLockFile0ErrorCode
2025-02-16 19:42:42,301 [ERROR] LogOutputStream:75 - [STDERR_REDIRECT] WARNING: Could not lock System prefs. Unix error code 2.
2025-02-16 19:42:42,301 [ERROR] LogOutputStream:75 - [STDERR_REDIRECT] 
2025-02-16 19:42:42,301 [ERROR] LogOutputStream:75 - [STDERR_REDIRECT] Feb 16, 2025 7:42:42 PM java.util.prefs.FileSystemPreferences syncWorld
2025-02-16 19:42:42,301 [ERROR] LogOutputStream:75 - [STDERR_REDIRECT] WARNING: Couldn't flush system prefs: java.util.prefs.BackingStoreException: Couldn't get file lock.
2025-02-16 19:42:42,302 [ERROR] LogOutputStream:75 - [STDERR_REDIRECT] 
2025-02-16 19:43:12,301 [ERROR] LogOutputStream:75 - [STDERR_REDIRECT] Feb 16, 2025 7:43:12 PM java.util.prefs.FileSystemPreferences checkLockFile0ErrorCode
2025-02-16 19:43:12,301 [ERROR] LogOutputStream:75 - [STDERR_REDIRECT] WARNING: Could not lock System prefs. Unix error code 2.
2025-02-16 19:43:12,301 [ERROR] LogOutputStream:75 - [STDERR_REDIRECT] 
2025-02-16 19:43:12,301 [ERROR] LogOutputStream:75 - [STDERR_REDIRECT] Feb 16, 2025 7:43:12 PM java.util.prefs.FileSystemPreferences syncWorld
2025-02-16 19:43:12,301 [ERROR] LogOutputStream:75 - [STDERR_REDIRECT] WARNING: Couldn't flush system prefs: java.util.prefs.BackingStoreException: Couldn't get file lock.
2025-02-16 19:43:12,301 [ERROR] LogOutputStream:75 - [STDERR_REDIRECT] 
2025-02-16 19:43:42,301 [ERROR] LogOutputStream:75 - [STDERR_REDIRECT] Feb 16, 2025 7:43:42 PM java.util.prefs.FileSystemPreferences checkLockFile0ErrorCode
2025-02-16 19:43:42,301 [ERROR] LogOutputStream:75 - [STDERR_REDIRECT] WARNING: Could not lock System prefs. Unix error code 2.
2025-02-16 19:43:42,301 [ERROR] LogOutputStream:75 - [STDERR_REDIRECT] 
2025-02-16 19:43:42,301 [ERROR] LogOutputStream:75 - [STDERR_REDIRECT] Feb 16, 2025 7:43:42 PM java.util.prefs.FileSystemPreferences syncWorld
2025-02-16 19:43:42,301 [ERROR] LogOutputStream:75 - [STDERR_REDIRECT] WARNING: Couldn't flush system prefs: java.util.prefs.BackingStoreException: Couldn't get file lock.
2025-02-16 19:43:42,301 [ERROR] LogOutputStream:75 - [STDERR_REDIRECT] 
2025-02-16 19:44:12,301 [ERROR] LogOutputStream:75 - [STDERR_REDIRECT] Feb 16, 2025 7:44:12 PM java.util.prefs.FileSystemPreferences checkLockFile0ErrorCode
2025-02-16 19:44:12,301 [ERROR] LogOutputStream:75 - [STDERR_REDIRECT] WARNING: Could not lock System prefs. Unix error code 2.
2025-02-16 19:44:12,301 [ERROR] LogOutputStream:75 - [STDERR_REDIRECT] 
2025-02-16 19:44:12,302 [ERROR] LogOutputStream:75 - [STDERR_REDIRECT] Feb 16, 2025 7:44:12 PM java.util.prefs.FileSystemPreferences syncWorld
2025-02-16 19:44:12,302 [ERROR] LogOutputStream:75 - [STDERR_REDIRECT] WARNING: Couldn't flush system prefs: java.util.prefs.BackingStoreException: Couldn't get file lock.
2025-02-16 19:44:12,302 [ERROR] LogOutputStream:75 - [STDERR_REDIRECT] 
2025-02-16 19:44:42,302 [ERROR] LogOutputStream:75 - [STDERR_REDIRECT] Feb 16, 2025 7:44:42 PM java.util.prefs.FileSystemPreferences checkLockFile0ErrorCode
2025-02-16 19:44:42,302 [ERROR] LogOutputStream:75 - [STDERR_REDIRECT] WARNING: Could not lock System prefs. Unix error code 2.
2025-02-16 19:44:42,302 [ERROR] LogOutputStream:75 - [STDERR_REDIRECT] 
2025-02-16 19:44:42,302 [ERROR] LogOutputStream:75 - [STDERR_REDIRECT] Feb 16, 2025 7:44:42 PM java.util.prefs.FileSystemPreferences syncWorld
2025-02-16 19:44:42,302 [ERROR] LogOutputStream:75 - [STDERR_REDIRECT] WARNING: Couldn't flush system prefs: java.util.prefs.BackingStoreException: Couldn't get file lock.
2025-02-16 19:44:42,302 [ERROR] LogOutputStream:75 - [STDERR_REDIRECT] 
2025-02-16 19:45:12,302 [ERROR] LogOutputStream:75 - [STDERR_REDIRECT] Feb 16, 2025 7:45:12 PM java.util.prefs.FileSystemPreferences checkLockFile0ErrorCode
2025-02-16 19:45:12,302 [ERROR] LogOutputStream:75 - [STDERR_REDIRECT] WARNING: Could not lock System prefs. Unix error code 2.
2025-02-16 19:45:12,302 [ERROR] LogOutputStream:75 - [STDERR_REDIRECT] 
2025-02-16 19:45:12,302 [ERROR] LogOutputStream:75 - [STDERR_REDIRECT] Feb 16, 2025 7:45:12 PM java.util.prefs.FileSystemPreferences syncWorld
2025-02-16 19:45:12,302 [ERROR] LogOutputStream:75 - [STDERR_REDIRECT] WARNING: Couldn't flush system prefs: java.util.prefs.BackingStoreException: Couldn't get file lock.
2025-02-16 19:45:12,302 [ERROR] LogOutputStream:75 - [STDERR_REDIRECT] 
2025-02-16 19:45:42,303 [ERROR] LogOutputStream:75 - [STDERR_REDIRECT] Feb 16, 2025 7:45:42 PM java.util.prefs.FileSystemPreferences checkLockFile0ErrorCode
2025-02-16 19:45:42,303 [ERROR] LogOutputStream:75 - [STDERR_REDIRECT] WARNING: Could not lock System prefs. Unix error code 2.
2025-02-16 19:45:42,303 [ERROR] LogOutputStream:75 - [STDERR_REDIRECT] 
2025-02-16 19:45:42,303 [ERROR] LogOutputStream:75 - [STDERR_REDIRECT] Feb 16, 2025 7:45:42 PM java.util.prefs.FileSystemPreferences syncWorld
2025-02-16 19:45:42,303 [ERROR] LogOutputStream:75 - [STDERR_REDIRECT] WARNING: Couldn't flush system prefs: java.util.prefs.BackingStoreException: Couldn't get file lock.
2025-02-16 19:45:42,303 [ERROR] LogOutputStream:75 - [STDERR_REDIRECT] 
2025-02-16 19:46:12,302 [ERROR] LogOutputStream:75 - [STDERR_REDIRECT] Feb 16, 2025 7:46:12 PM java.util.prefs.FileSystemPreferences checkLockFile0ErrorCode
2025-02-16 19:46:12,302 [ERROR] LogOutputStream:75 - [STDERR_REDIRECT] WARNING: Could not lock System prefs. Unix error code 2.
2025-02-16 19:46:12,302 [ERROR] LogOutputStream:75 - [STDERR_REDIRECT] 
2025-02-16 19:46:12,302 [ERROR] LogOutputStream:75 - [STDERR_REDIRECT] Feb 16, 2025 7:46:12 PM java.util.prefs.FileSystemPreferences syncWorld
2025-02-16 19:46:12,302 [ERROR] LogOutputStream:75 - [STDERR_REDIRECT] WARNING: Couldn't flush system prefs: java.util.prefs.BackingStoreException: Couldn't get file lock.
2025-02-16 19:46:12,302 [ERROR] LogOutputStream:75 - [STDERR_REDIRECT] 
2025-02-16 19:46:42,303 [ERROR] LogOutputStream:75 - [STDERR_REDIRECT] Feb 16, 2025 7:46:42 PM java.util.prefs.FileSystemPreferences checkLockFile0ErrorCode
2025-02-16 19:46:42,303 [ERROR] LogOutputStream:75 - [STDERR_REDIRECT] WARNING: Could not lock System prefs. Unix error code 2.
2025-02-16 19:46:42,303 [ERROR] LogOutputStream:75 - [STDERR_REDIRECT] 
2025-02-16 19:46:42,303 [ERROR] LogOutputStream:75 - [STDERR_REDIRECT] Feb 16, 2025 7:46:42 PM java.util.prefs.FileSystemPreferences syncWorld
2025-02-16 19:46:42,303 [ERROR] LogOutputStream:75 - [STDERR_REDIRECT] WARNING: Couldn't flush system prefs: java.util.prefs.BackingStoreException: Couldn't get file lock.
2025-02-16 19:46:42,303 [ERROR] LogOutputStream:75 - [STDERR_REDIRECT] 
2025-02-16 19:47:12,302 [ERROR] LogOutputStream:75 - [STDERR_REDIRECT] Feb 16, 2025 7:47:12 PM java.util.prefs.FileSystemPreferences checkLockFile0ErrorCode
2025-02-16 19:47:12,302 [ERROR] LogOutputStream:75 - [STDERR_REDIRECT] WARNING: Could not lock System prefs. Unix error code 2.
2025-02-16 19:47:12,302 [ERROR] LogOutputStream:75 - [STDERR_REDIRECT] 
2025-02-16 19:47:12,302 [ERROR] LogOutputStream:75 - [STDERR_REDIRECT] Feb 16, 2025 7:47:12 PM java.util.prefs.FileSystemPreferences syncWorld
2025-02-16 19:47:12,302 [ERROR] LogOutputStream:75 - [STDERR_REDIRECT] WARNING: Couldn't flush system prefs: java.util.prefs.BackingStoreException: Couldn't get file lock.
2025-02-16 19:47:12,302 [ERROR] LogOutputStream:75 - [STDERR_REDIRECT] 
2025-02-16 19:47:42,303 [ERROR] LogOutputStream:75 - [STDERR_REDIRECT] Feb 16, 2025 7:47:42 PM java.util.prefs.FileSystemPreferences checkLockFile0ErrorCode
2025-02-16 19:47:42,303 [ERROR] LogOutputStream:75 - [STDERR_REDIRECT] WARNING: Could not lock System prefs. Unix error code 2.
2025-02-16 19:47:42,303 [ERROR] LogOutputStream:75 - [STDERR_REDIRECT] 
2025-02-16 19:47:42,303 [ERROR] LogOutputStream:75 - [STDERR_REDIRECT] Feb 16, 2025 7:47:42 PM java.util.prefs.FileSystemPreferences syncWorld
2025-02-16 19:47:42,303 [ERROR] LogOutputStream:75 - [STDERR_REDIRECT] WARNING: Couldn't flush system prefs: java.util.prefs.BackingStoreException: Couldn't get file lock.
2025-02-16 19:47:42,303 [ERROR] LogOutputStream:75 - [STDERR_REDIRECT] 
2025-02-16 19:48:12,303 [ERROR] LogOutputStream:75 - [STDERR_REDIRECT] Feb 16, 2025 7:48:12 PM java.util.prefs.FileSystemPreferences checkLockFile0ErrorCode
2025-02-16 19:48:12,303 [ERROR] LogOutputStream:75 - [STDERR_REDIRECT] WARNING: Could not lock System prefs. Unix error code 2.
2025-02-16 19:48:12,310 [ERROR] LogOutputStream:75 - [STDERR_REDIRECT] 
2025-02-16 19:48:12,310 [ERROR] LogOutputStream:75 - [STDERR_REDIRECT] Feb 16, 2025 7:48:12 PM java.util.prefs.FileSystemPreferences syncWorld
2025-02-16 19:48:12,310 [ERROR] LogOutputStream:75 - [STDERR_REDIRECT] WARNING: Couldn't flush system prefs: java.util.prefs.BackingStoreException: Couldn't get file lock.
2025-02-16 19:48:12,310 [ERROR] LogOutputStream:75 - [STDERR_REDIRECT] 
2025-02-16 19:48:42,303 [ERROR] LogOutputStream:75 - [STDERR_REDIRECT] Feb 16, 2025 7:48:42 PM java.util.prefs.FileSystemPreferences checkLockFile0ErrorCode
2025-02-16 19:48:42,303 [ERROR] LogOutputStream:75 - [STDERR_REDIRECT] WARNING: Could not lock System prefs. Unix error code 2.
2025-02-16 19:48:42,303 [ERROR] LogOutputStream:75 - [STDERR_REDIRECT] 
2025-02-16 19:48:42,303 [ERROR] LogOutputStream:75 - [STDERR_REDIRECT] Feb 16, 2025 7:48:42 PM java.util.prefs.FileSystemPreferences syncWorld
2025-02-16 19:48:42,303 [ERROR] LogOutputStream:75 - [STDERR_REDIRECT] WARNING: Couldn't flush system prefs: java.util.prefs.BackingStoreException: Couldn't get file lock.
2025-02-16 19:48:42,303 [ERROR] LogOutputStream:75 - [STDERR_REDIRECT] 
2025-02-16 19:49:12,303 [ERROR] LogOutputStream:75 - [STDERR_REDIRECT] Feb 16, 2025 7:49:12 PM java.util.prefs.FileSystemPreferences checkLockFile0ErrorCode
2025-02-16 19:49:12,304 [ERROR] LogOutputStream:75 - [STDERR_REDIRECT] WARNING: Could not lock System prefs. Unix error code 2.
2025-02-16 19:49:12,304 [ERROR] LogOutputStream:75 - [STDERR_REDIRECT] 
2025-02-16 19:49:12,304 [ERROR] LogOutputStream:75 - [STDERR_REDIRECT] Feb 16, 2025 7:49:12 PM java.util.prefs.FileSystemPreferences syncWorld
2025-02-16 19:49:12,304 [ERROR] LogOutputStream:75 - [STDERR_REDIRECT] WARNING: Couldn't flush system prefs: java.util.prefs.BackingStoreException: Couldn't get file lock.
2025-02-16 19:49:12,304 [ERROR] LogOutputStream:75 - [STDERR_REDIRECT] 
2025-02-16 19:49:42,304 [ERROR] LogOutputStream:75 - [STDERR_REDIRECT] Feb 16, 2025 7:49:42 PM java.util.prefs.FileSystemPreferences checkLockFile0ErrorCode
2025-02-16 19:49:42,304 [ERROR] LogOutputStream:75 - [STDERR_REDIRECT] WARNING: Could not lock System prefs. Unix error code 2.
2025-02-16 19:49:42,304 [ERROR] LogOutputStream:75 - [STDERR_REDIRECT] 
2025-02-16 19:49:42,304 [ERROR] LogOutputStream:75 - [STDERR_REDIRECT] Feb 16, 2025 7:49:42 PM java.util.prefs.FileSystemPreferences syncWorld
2025-02-16 19:49:42,304 [ERROR] LogOutputStream:75 - [STDERR_REDIRECT] WARNING: Couldn't flush system prefs: java.util.prefs.BackingStoreException: Couldn't get file lock.
2025-02-16 19:49:42,304 [ERROR] LogOutputStream:75 - [STDERR_REDIRECT] 
2025-02-16 19:50:12,304 [ERROR] LogOutputStream:75 - [STDERR_REDIRECT] Feb 16, 2025 7:50:12 PM java.util.prefs.FileSystemPreferences checkLockFile0ErrorCode
2025-02-16 19:50:12,304 [ERROR] LogOutputStream:75 - [STDERR_REDIRECT] WARNING: Could not lock System prefs. Unix error code 2.
2025-02-16 19:50:12,304 [ERROR] LogOutputStream:75 - [STDERR_REDIRECT] 
2025-02-16 19:50:12,305 [ERROR] LogOutputStream:75 - [STDERR_REDIRECT] Feb 16, 2025 7:50:12 PM java.util.prefs.FileSystemPreferences syncWorld
2025-02-16 19:50:12,305 [ERROR] LogOutputStream:75 - [STDERR_REDIRECT] WARNING: Couldn't flush system prefs: java.util.prefs.BackingStoreException: Couldn't get file lock.
2025-02-16 19:50:12,305 [ERROR] LogOutputStream:75 - [STDERR_REDIRECT] 
2025-02-16 19:50:42,304 [ERROR] LogOutputStream:75 - [STDERR_REDIRECT] Feb 16, 2025 7:50:42 PM java.util.prefs.FileSystemPreferences checkLockFile0ErrorCode
2025-02-16 19:50:42,304 [ERROR] LogOutputStream:75 - [STDERR_REDIRECT] WARNING: Could not lock System prefs. Unix error code 2.
2025-02-16 19:50:42,304 [ERROR] LogOutputStream:75 - [STDERR_REDIRECT] 
2025-02-16 19:50:42,304 [ERROR] LogOutputStream:75 - [STDERR_REDIRECT] Feb 16, 2025 7:50:42 PM java.util.prefs.FileSystemPreferences syncWorld
2025-02-16 19:50:42,304 [ERROR] LogOutputStream:75 - [STDERR_REDIRECT] WARNING: Couldn't flush system prefs: java.util.prefs.BackingStoreException: Couldn't get file lock.
2025-02-16 19:50:42,304 [ERROR] LogOutputStream:75 - [STDERR_REDIRECT] 
2025-02-16 19:51:12,304 [ERROR] LogOutputStream:75 - [STDERR_REDIRECT] Feb 16, 2025 7:51:12 PM java.util.prefs.FileSystemPreferences checkLockFile0ErrorCode
2025-02-16 19:51:12,304 [ERROR] LogOutputStream:75 - [STDERR_REDIRECT] WARNING: Could not lock System prefs. Unix error code 2.
2025-02-16 19:51:12,304 [ERROR] LogOutputStream:75 - [STDERR_REDIRECT] 
2025-02-16 19:51:12,305 [ERROR] LogOutputStream:75 - [STDERR_REDIRECT] Feb 16, 2025 7:51:12 PM java.util.prefs.FileSystemPreferences syncWorld
2025-02-16 19:51:12,305 [ERROR] LogOutputStream:75 - [STDERR_REDIRECT] WARNING: Couldn't flush system prefs: java.util.prefs.BackingStoreException: Couldn't get file lock.
2025-02-16 19:51:12,305 [ERROR] LogOutputStream:75 - [STDERR_REDIRECT] 
2025-02-16 19:51:42,304 [ERROR] LogOutputStream:75 - [STDERR_REDIRECT] Feb 16, 2025 7:51:42 PM java.util.prefs.FileSystemPreferences checkLockFile0ErrorCode
2025-02-16 19:51:42,304 [ERROR] LogOutputStream:75 - [STDERR_REDIRECT] WARNING: Could not lock System prefs. Unix error code 2.
2025-02-16 19:51:42,304 [ERROR] LogOutputStream:75 - [STDERR_REDIRECT] 
2025-02-16 19:51:42,304 [ERROR] LogOutputStream:75 - [STDERR_REDIRECT] Feb 16, 2025 7:51:42 PM java.util.prefs.FileSystemPreferences syncWorld
2025-02-16 19:51:42,304 [ERROR] LogOutputStream:75 - [STDERR_REDIRECT] WARNING: Couldn't flush system prefs: java.util.prefs.BackingStoreException: Couldn't get file lock.
2025-02-16 19:51:42,304 [ERROR] LogOutputStream:75 - [STDERR_REDIRECT] 
2025-02-16 19:52:12,304 [ERROR] LogOutputStream:75 - [STDERR_REDIRECT] Feb 16, 2025 7:52:12 PM java.util.prefs.FileSystemPreferences checkLockFile0ErrorCode
2025-02-16 19:52:12,304 [ERROR] LogOutputStream:75 - [STDERR_REDIRECT] WARNING: Could not lock System prefs. Unix error code 2.
2025-02-16 19:52:12,304 [ERROR] LogOutputStream:75 - [STDERR_REDIRECT] 
2025-02-16 19:52:12,305 [ERROR] LogOutputStream:75 - [STDERR_REDIRECT] Feb 16, 2025 7:52:12 PM java.util.prefs.FileSystemPreferences syncWorld
2025-02-16 19:52:12,305 [ERROR] LogOutputStream:75 - [STDERR_REDIRECT] WARNING: Couldn't flush system prefs: java.util.prefs.BackingStoreException: Couldn't get file lock.
2025-02-16 19:52:12,305 [ERROR] LogOutputStream:75 - [STDERR_REDIRECT] 
2025-02-16 19:52:42,304 [ERROR] LogOutputStream:75 - [STDERR_REDIRECT] Feb 16, 2025 7:52:42 PM java.util.prefs.FileSystemPreferences checkLockFile0ErrorCode
2025-02-16 19:52:42,304 [ERROR] LogOutputStream:75 - [STDERR_REDIRECT] WARNING: Could not lock System prefs. Unix error code 2.
2025-02-16 19:52:42,304 [ERROR] LogOutputStream:75 - [STDERR_REDIRECT] 
2025-02-16 19:52:42,304 [ERROR] LogOutputStream:75 - [STDERR_REDIRECT] Feb 16, 2025 7:52:42 PM java.util.prefs.FileSystemPreferences syncWorld
2025-02-16 19:52:42,304 [ERROR] LogOutputStream:75 - [STDERR_REDIRECT] WARNING: Couldn't flush system prefs: java.util.prefs.BackingStoreException: Couldn't get file lock.
2025-02-16 19:52:42,304 [ERROR] LogOutputStream:75 - [STDERR_REDIRECT] 
2025-02-16 19:53:12,304 [ERROR] LogOutputStream:75 - [STDERR_REDIRECT] Feb 16, 2025 7:53:12 PM java.util.prefs.FileSystemPreferences checkLockFile0ErrorCode
2025-02-16 19:53:12,304 [ERROR] LogOutputStream:75 - [STDERR_REDIRECT] WARNING: Could not lock System prefs. Unix error code 2.
2025-02-16 19:53:12,304 [ERROR] LogOutputStream:75 - [STDERR_REDIRECT] 
2025-02-16 19:53:12,304 [ERROR] LogOutputStream:75 - [STDERR_REDIRECT] Feb 16, 2025 7:53:12 PM java.util.prefs.FileSystemPreferences syncWorld
2025-02-16 19:53:12,304 [ERROR] LogOutputStream:75 - [STDERR_REDIRECT] WARNING: Couldn't flush system prefs: java.util.prefs.BackingStoreException: Couldn't get file lock.
2025-02-16 19:53:12,304 [ERROR] LogOutputStream:75 - [STDERR_REDIRECT] 
2025-02-16 19:53:42,305 [ERROR] LogOutputStream:75 - [STDERR_REDIRECT] Feb 16, 2025 7:53:42 PM java.util.prefs.FileSystemPreferences checkLockFile0ErrorCode
2025-02-16 19:53:42,305 [ERROR] LogOutputStream:75 - [STDERR_REDIRECT] WARNING: Could not lock System prefs. Unix error code 2.
2025-02-16 19:53:42,305 [ERROR] LogOutputStream:75 - [STDERR_REDIRECT] 
2025-02-16 19:53:42,305 [ERROR] LogOutputStream:75 - [STDERR_REDIRECT] Feb 16, 2025 7:53:42 PM java.util.prefs.FileSystemPreferences syncWorld
2025-02-16 19:53:42,305 [ERROR] LogOutputStream:75 - [STDERR_REDIRECT] WARNING: Couldn't flush system prefs: java.util.prefs.BackingStoreException: Couldn't get file lock.
2025-02-16 19:53:42,305 [ERROR] LogOutputStream:75 - [STDERR_REDIRECT] 
2025-02-16 19:54:12,304 [ERROR] LogOutputStream:75 - [STDERR_REDIRECT] Feb 16, 2025 7:54:12 PM java.util.prefs.FileSystemPreferences checkLockFile0ErrorCode
2025-02-16 19:54:12,304 [ERROR] LogOutputStream:75 - [STDERR_REDIRECT] WARNING: Could not lock System prefs. Unix error code 2.
2025-02-16 19:54:12,304 [ERROR] LogOutputStream:75 - [STDERR_REDIRECT] 
2025-02-16 19:54:12,304 [ERROR] LogOutputStream:75 - [STDERR_REDIRECT] Feb 16, 2025 7:54:12 PM java.util.prefs.FileSystemPreferences syncWorld
2025-02-16 19:54:12,304 [ERROR] LogOutputStream:75 - [STDERR_REDIRECT] WARNING: Couldn't flush system prefs: java.util.prefs.BackingStoreException: Couldn't get file lock.
2025-02-16 19:54:12,304 [ERROR] LogOutputStream:75 - [STDERR_REDIRECT] 
2025-02-16 19:54:42,304 [ERROR] LogOutputStream:75 - [STDERR_REDIRECT] Feb 16, 2025 7:54:42 PM java.util.prefs.FileSystemPreferences checkLockFile0ErrorCode
2025-02-16 19:54:42,304 [ERROR] LogOutputStream:75 - [STDERR_REDIRECT] WARNING: Could not lock System prefs. Unix error code 2.
2025-02-16 19:54:42,304 [ERROR] LogOutputStream:75 - [STDERR_REDIRECT] 
2025-02-16 19:54:42,304 [ERROR] LogOutputStream:75 - [STDERR_REDIRECT] Feb 16, 2025 7:54:42 PM java.util.prefs.FileSystemPreferences syncWorld
2025-02-16 19:54:42,304 [ERROR] LogOutputStream:75 - [STDERR_REDIRECT] WARNING: Couldn't flush system prefs: java.util.prefs.BackingStoreException: Couldn't get file lock.
2025-02-16 19:54:42,304 [ERROR] LogOutputStream:75 - [STDERR_REDIRECT] 
2025-02-16 19:55:12,305 [ERROR] LogOutputStream:75 - [STDERR_REDIRECT] Feb 16, 2025 7:55:12 PM java.util.prefs.FileSystemPreferences checkLockFile0ErrorCode
2025-02-16 19:55:12,305 [ERROR] LogOutputStream:75 - [STDERR_REDIRECT] WARNING: Could not lock System prefs. Unix error code 2.
2025-02-16 19:55:12,305 [ERROR] LogOutputStream:75 - [STDERR_REDIRECT] 
2025-02-16 19:55:12,305 [ERROR] LogOutputStream:75 - [STDERR_REDIRECT] Feb 16, 2025 7:55:12 PM java.util.prefs.FileSystemPreferences syncWorld
2025-02-16 19:55:12,305 [ERROR] LogOutputStream:75 - [STDERR_REDIRECT] WARNING: Couldn't flush system prefs: java.util.prefs.BackingStoreException: Couldn't get file lock.
2025-02-16 19:55:12,305 [ERROR] LogOutputStream:75 - [STDERR_REDIRECT] 
2025-02-16 19:55:42,305 [ERROR] LogOutputStream:75 - [STDERR_REDIRECT] Feb 16, 2025 7:55:42 PM java.util.prefs.FileSystemPreferences checkLockFile0ErrorCode
2025-02-16 19:55:42,305 [ERROR] LogOutputStream:75 - [STDERR_REDIRECT] WARNING: Could not lock System prefs. Unix error code 2.
2025-02-16 19:55:42,305 [ERROR] LogOutputStream:75 - [STDERR_REDIRECT] 
2025-02-16 19:55:42,305 [ERROR] LogOutputStream:75 - [STDERR_REDIRECT] Feb 16, 2025 7:55:42 PM java.util.prefs.FileSystemPreferences syncWorld
2025-02-16 19:55:42,305 [ERROR] LogOutputStream:75 - [STDERR_REDIRECT] WARNING: Couldn't flush system prefs: java.util.prefs.BackingStoreException: Couldn't get file lock.
2025-02-16 19:55:42,305 [ERROR] LogOutputStream:75 - [STDERR_REDIRECT] 
2025-02-16 19:56:12,306 [ERROR] LogOutputStream:75 - [STDERR_REDIRECT] Feb 16, 2025 7:56:12 PM java.util.prefs.FileSystemPreferences checkLockFile0ErrorCode
2025-02-16 19:56:12,306 [ERROR] LogOutputStream:75 - [STDERR_REDIRECT] WARNING: Could not lock System prefs. Unix error code 2.
2025-02-16 19:56:12,306 [ERROR] LogOutputStream:75 - [STDERR_REDIRECT] 
2025-02-16 19:56:12,306 [ERROR] LogOutputStream:75 - [STDERR_REDIRECT] Feb 16, 2025 7:56:12 PM java.util.prefs.FileSystemPreferences syncWorld
2025-02-16 19:56:12,306 [ERROR] LogOutputStream:75 - [STDERR_REDIRECT] WARNING: Couldn't flush system prefs: java.util.prefs.BackingStoreException: Couldn't get file lock.
2025-02-16 19:56:12,306 [ERROR] LogOutputStream:75 - [STDERR_REDIRECT] 
2025-02-16 19:56:42,305 [ERROR] LogOutputStream:75 - [STDERR_REDIRECT] Feb 16, 2025 7:56:42 PM java.util.prefs.FileSystemPreferences checkLockFile0ErrorCode
2025-02-16 19:56:42,305 [ERROR] LogOutputStream:75 - [STDERR_REDIRECT] WARNING: Could not lock System prefs. Unix error code 2.
2025-02-16 19:56:42,305 [ERROR] LogOutputStream:75 - [STDERR_REDIRECT] 
2025-02-16 19:56:42,305 [ERROR] LogOutputStream:75 - [STDERR_REDIRECT] Feb 16, 2025 7:56:42 PM java.util.prefs.FileSystemPreferences syncWorld
2025-02-16 19:56:42,305 [ERROR] LogOutputStream:75 - [STDERR_REDIRECT] WARNING: Couldn't flush system prefs: java.util.prefs.BackingStoreException: Couldn't get file lock.
2025-02-16 19:56:42,305 [ERROR] LogOutputStream:75 - [STDERR_REDIRECT] 
2025-02-16 19:57:12,305 [ERROR] LogOutputStream:75 - [STDERR_REDIRECT] Feb 16, 2025 7:57:12 PM java.util.prefs.FileSystemPreferences checkLockFile0ErrorCode
2025-02-16 19:57:12,305 [ERROR] LogOutputStream:75 - [STDERR_REDIRECT] WARNING: Could not lock System prefs. Unix error code 2.
2025-02-16 19:57:12,305 [ERROR] LogOutputStream:75 - [STDERR_REDIRECT] 
2025-02-16 19:57:12,306 [ERROR] LogOutputStream:75 - [STDERR_REDIRECT] Feb 16, 2025 7:57:12 PM java.util.prefs.FileSystemPreferences syncWorld
2025-02-16 19:57:12,306 [ERROR] LogOutputStream:75 - [STDERR_REDIRECT] WARNING: Couldn't flush system prefs: java.util.prefs.BackingStoreException: Couldn't get file lock.
2025-02-16 19:57:12,306 [ERROR] LogOutputStream:75 - [STDERR_REDIRECT] 
2025-02-16 19:57:42,305 [ERROR] LogOutputStream:75 - [STDERR_REDIRECT] Feb 16, 2025 7:57:42 PM java.util.prefs.FileSystemPreferences checkLockFile0ErrorCode
2025-02-16 19:57:42,305 [ERROR] LogOutputStream:75 - [STDERR_REDIRECT] WARNING: Could not lock System prefs. Unix error code 2.
2025-02-16 19:57:42,305 [ERROR] LogOutputStream:75 - [STDERR_REDIRECT] 
2025-02-16 19:57:42,305 [ERROR] LogOutputStream:75 - [STDERR_REDIRECT] Feb 16, 2025 7:57:42 PM java.util.prefs.FileSystemPreferences syncWorld
2025-02-16 19:57:42,305 [ERROR] LogOutputStream:75 - [STDERR_REDIRECT] WARNING: Couldn't flush system prefs: java.util.prefs.BackingStoreException: Couldn't get file lock.
2025-02-16 19:57:42,305 [ERROR] LogOutputStream:75 - [STDERR_REDIRECT] 
2025-02-16 19:58:12,306 [ERROR] LogOutputStream:75 - [STDERR_REDIRECT] Feb 16, 2025 7:58:12 PM java.util.prefs.FileSystemPreferences checkLockFile0ErrorCode
2025-02-16 19:58:12,306 [ERROR] LogOutputStream:75 - [STDERR_REDIRECT] WARNING: Could not lock System prefs. Unix error code 2.
2025-02-16 19:58:12,306 [ERROR] LogOutputStream:75 - [STDERR_REDIRECT] 
2025-02-16 19:58:12,306 [ERROR] LogOutputStream:75 - [STDERR_REDIRECT] Feb 16, 2025 7:58:12 PM java.util.prefs.FileSystemPreferences syncWorld
2025-02-16 19:58:12,306 [ERROR] LogOutputStream:75 - [STDERR_REDIRECT] WARNING: Couldn't flush system prefs: java.util.prefs.BackingStoreException: Couldn't get file lock.
2025-02-16 19:58:12,306 [ERROR] LogOutputStream:75 - [STDERR_REDIRECT] 
2025-02-16 19:58:42,305 [ERROR] LogOutputStream:75 - [STDERR_REDIRECT] Feb 16, 2025 7:58:42 PM java.util.prefs.FileSystemPreferences checkLockFile0ErrorCode
2025-02-16 19:58:42,305 [ERROR] LogOutputStream:75 - [STDERR_REDIRECT] WARNING: Could not lock System prefs. Unix error code 2.
2025-02-16 19:58:42,305 [ERROR] LogOutputStream:75 - [STDERR_REDIRECT] 
2025-02-16 19:58:42,305 [ERROR] LogOutputStream:75 - [STDERR_REDIRECT] Feb 16, 2025 7:58:42 PM java.util.prefs.FileSystemPreferences syncWorld
2025-02-16 19:58:42,305 [ERROR] LogOutputStream:75 - [STDERR_REDIRECT] WARNING: Couldn't flush system prefs: java.util.prefs.BackingStoreException: Couldn't get file lock.
2025-02-16 19:58:42,305 [ERROR] LogOutputStream:75 - [STDERR_REDIRECT] 
2025-02-16 19:59:12,305 [ERROR] LogOutputStream:75 - [STDERR_REDIRECT] Feb 16, 2025 7:59:12 PM java.util.prefs.FileSystemPreferences checkLockFile0ErrorCode
2025-02-16 19:59:12,305 [ERROR] LogOutputStream:75 - [STDERR_REDIRECT] WARNING: Could not lock System prefs. Unix error code 2.
2025-02-16 19:59:12,305 [ERROR] LogOutputStream:75 - [STDERR_REDIRECT] 
2025-02-16 19:59:12,305 [ERROR] LogOutputStream:75 - [STDERR_REDIRECT] Feb 16, 2025 7:59:12 PM java.util.prefs.FileSystemPreferences syncWorld
2025-02-16 19:59:12,306 [ERROR] LogOutputStream:75 - [STDERR_REDIRECT] WARNING: Couldn't flush system prefs: java.util.prefs.BackingStoreException: Couldn't get file lock.
2025-02-16 19:59:12,306 [ERROR] LogOutputStream:75 - [STDERR_REDIRECT] 
2025-02-16 19:59:42,304 [ERROR] LogOutputStream:75 - [STDERR_REDIRECT] Feb 16, 2025 7:59:42 PM java.util.prefs.FileSystemPreferences checkLockFile0ErrorCode
2025-02-16 19:59:42,305 [ERROR] LogOutputStream:75 - [STDERR_REDIRECT] WARNING: Could not lock System prefs. Unix error code 2.
2025-02-16 19:59:42,305 [ERROR] LogOutputStream:75 - [STDERR_REDIRECT] 
2025-02-16 19:59:42,305 [ERROR] LogOutputStream:75 - [STDERR_REDIRECT] Feb 16, 2025 7:59:42 PM java.util.prefs.FileSystemPreferences syncWorld
2025-02-16 19:59:42,305 [ERROR] LogOutputStream:75 - [STDERR_REDIRECT] WARNING: Couldn't flush system prefs: java.util.prefs.BackingStoreException: Couldn't get file lock.
2025-02-16 19:59:42,305 [ERROR] LogOutputStream:75 - [STDERR_REDIRECT] 
2025-02-16 20:00:12,305 [ERROR] LogOutputStream:75 - [STDERR_REDIRECT] Feb 16, 2025 8:00:12 PM java.util.prefs.FileSystemPreferences checkLockFile0ErrorCode
2025-02-16 20:00:12,305 [ERROR] LogOutputStream:75 - [STDERR_REDIRECT] WARNING: Could not lock System prefs. Unix error code 2.
2025-02-16 20:00:12,305 [ERROR] LogOutputStream:75 - [STDERR_REDIRECT] 
2025-02-16 20:00:12,305 [ERROR] LogOutputStream:75 - [STDERR_REDIRECT] Feb 16, 2025 8:00:12 PM java.util.prefs.FileSystemPreferences syncWorld
2025-02-16 20:00:12,305 [ERROR] LogOutputStream:75 - [STDERR_REDIRECT] WARNING: Couldn't flush system prefs: java.util.prefs.BackingStoreException: Couldn't get file lock.
2025-02-16 20:00:12,305 [ERROR] LogOutputStream:75 - [STDERR_REDIRECT] 
2025-02-16 20:00:42,305 [ERROR] LogOutputStream:75 - [STDERR_REDIRECT] Feb 16, 2025 8:00:42 PM java.util.prefs.FileSystemPreferences checkLockFile0ErrorCode
2025-02-16 20:00:42,305 [ERROR] LogOutputStream:75 - [STDERR_REDIRECT] WARNING: Could not lock System prefs. Unix error code 2.
2025-02-16 20:00:42,305 [ERROR] LogOutputStream:75 - [STDERR_REDIRECT] 
2025-02-16 20:00:42,306 [ERROR] LogOutputStream:75 - [STDERR_REDIRECT] Feb 16, 2025 8:00:42 PM java.util.prefs.FileSystemPreferences syncWorld
2025-02-16 20:00:42,306 [ERROR] LogOutputStream:75 - [STDERR_REDIRECT] WARNING: Couldn't flush system prefs: java.util.prefs.BackingStoreException: Couldn't get file lock.
2025-02-16 20:00:42,306 [ERROR] LogOutputStream:75 - [STDERR_REDIRECT] 
2025-02-16 20:01:12,305 [ERROR] LogOutputStream:75 - [STDERR_REDIRECT] Feb 16, 2025 8:01:12 PM java.util.prefs.FileSystemPreferences checkLockFile0ErrorCode
2025-02-16 20:01:12,305 [ERROR] LogOutputStream:75 - [STDERR_REDIRECT] WARNING: Could not lock System prefs. Unix error code 2.
2025-02-16 20:01:12,305 [ERROR] LogOutputStream:75 - [STDERR_REDIRECT] 
2025-02-16 20:01:12,305 [ERROR] LogOutputStream:75 - [STDERR_REDIRECT] Feb 16, 2025 8:01:12 PM java.util.prefs.FileSystemPreferences syncWorld
2025-02-16 20:01:12,305 [ERROR] LogOutputStream:75 - [STDERR_REDIRECT] WARNING: Couldn't flush system prefs: java.util.prefs.BackingStoreException: Couldn't get file lock.
2025-02-16 20:01:12,305 [ERROR] LogOutputStream:75 - [STDERR_REDIRECT] 
2025-02-16 20:01:42,305 [ERROR] LogOutputStream:75 - [STDERR_REDIRECT] Feb 16, 2025 8:01:42 PM java.util.prefs.FileSystemPreferences checkLockFile0ErrorCode
2025-02-16 20:01:42,305 [ERROR] LogOutputStream:75 - [STDERR_REDIRECT] WARNING: Could not lock System prefs. Unix error code 2.
2025-02-16 20:01:42,305 [ERROR] LogOutputStream:75 - [STDERR_REDIRECT] 
2025-02-16 20:01:42,305 [ERROR] LogOutputStream:75 - [STDERR_REDIRECT] Feb 16, 2025 8:01:42 PM java.util.prefs.FileSystemPreferences syncWorld
2025-02-16 20:01:42,305 [ERROR] LogOutputStream:75 - [STDERR_REDIRECT] WARNING: Couldn't flush system prefs: java.util.prefs.BackingStoreException: Couldn't get file lock.
2025-02-16 20:01:42,305 [ERROR] LogOutputStream:75 - [STDERR_REDIRECT] 
2025-02-16 20:02:12,305 [ERROR] LogOutputStream:75 - [STDERR_REDIRECT] Feb 16, 2025 8:02:12 PM java.util.prefs.FileSystemPreferences checkLockFile0ErrorCode
2025-02-16 20:02:12,305 [ERROR] LogOutputStream:75 - [STDERR_REDIRECT] WARNING: Could not lock System prefs. Unix error code 2.
2025-02-16 20:02:12,305 [ERROR] LogOutputStream:75 - [STDERR_REDIRECT] 
2025-02-16 20:02:12,305 [ERROR] LogOutputStream:75 - [STDERR_REDIRECT] Feb 16, 2025 8:02:12 PM java.util.prefs.FileSystemPreferences syncWorld
2025-02-16 20:02:12,305 [ERROR] LogOutputStream:75 - [STDERR_REDIRECT] WARNING: Couldn't flush system prefs: java.util.prefs.BackingStoreException: Couldn't get file lock.
2025-02-16 20:02:12,305 [ERROR] LogOutputStream:75 - [STDERR_REDIRECT] 
2025-02-16 20:02:42,305 [ERROR] LogOutputStream:75 - [STDERR_REDIRECT] Feb 16, 2025 8:02:42 PM java.util.prefs.FileSystemPreferences checkLockFile0ErrorCode
2025-02-16 20:02:42,305 [ERROR] LogOutputStream:75 - [STDERR_REDIRECT] WARNING: Could not lock System prefs. Unix error code 2.
2025-02-16 20:02:42,305 [ERROR] LogOutputStream:75 - [STDERR_REDIRECT] 
2025-02-16 20:02:42,306 [ERROR] LogOutputStream:75 - [STDERR_REDIRECT] Feb 16, 2025 8:02:42 PM java.util.prefs.FileSystemPreferences syncWorld
2025-02-16 20:02:42,306 [ERROR] LogOutputStream:75 - [STDERR_REDIRECT] WARNING: Couldn't flush system prefs: java.util.prefs.BackingStoreException: Couldn't get file lock.
2025-02-16 20:02:42,306 [ERROR] LogOutputStream:75 - [STDERR_REDIRECT] 
2025-02-16 20:03:12,305 [ERROR] LogOutputStream:75 - [STDERR_REDIRECT] Feb 16, 2025 8:03:12 PM java.util.prefs.FileSystemPreferences checkLockFile0ErrorCode
2025-02-16 20:03:12,305 [ERROR] LogOutputStream:75 - [STDERR_REDIRECT] WARNING: Could not lock System prefs. Unix error code 2.
2025-02-16 20:03:12,305 [ERROR] LogOutputStream:75 - [STDERR_REDIRECT] 
2025-02-16 20:03:12,305 [ERROR] LogOutputStream:75 - [STDERR_REDIRECT] Feb 16, 2025 8:03:12 PM java.util.prefs.FileSystemPreferences syncWorld
2025-02-16 20:03:12,305 [ERROR] LogOutputStream:75 - [STDERR_REDIRECT] WARNING: Couldn't flush system prefs: java.util.prefs.BackingStoreException: Couldn't get file lock.
2025-02-16 20:03:12,305 [ERROR] LogOutputStream:75 - [STDERR_REDIRECT] 
2025-02-16 20:03:42,305 [ERROR] LogOutputStream:75 - [STDERR_REDIRECT] Feb 16, 2025 8:03:42 PM java.util.prefs.FileSystemPreferences checkLockFile0ErrorCode
2025-02-16 20:03:42,305 [ERROR] LogOutputStream:75 - [STDERR_REDIRECT] WARNING: Could not lock System prefs. Unix error code 2.
2025-02-16 20:03:42,305 [ERROR] LogOutputStream:75 - [STDERR_REDIRECT] 
2025-02-16 20:03:42,306 [ERROR] LogOutputStream:75 - [STDERR_REDIRECT] Feb 16, 2025 8:03:42 PM java.util.prefs.FileSystemPreferences syncWorld
2025-02-16 20:03:42,306 [ERROR] LogOutputStream:75 - [STDERR_REDIRECT] WARNING: Couldn't flush system prefs: java.util.prefs.BackingStoreException: Couldn't get file lock.
2025-02-16 20:03:42,306 [ERROR] LogOutputStream:75 - [STDERR_REDIRECT] 
2025-02-16 20:04:12,305 [ERROR] LogOutputStream:75 - [STDERR_REDIRECT] Feb 16, 2025 8:04:12 PM java.util.prefs.FileSystemPreferences checkLockFile0ErrorCode
2025-02-16 20:04:12,305 [ERROR] LogOutputStream:75 - [STDERR_REDIRECT] WARNING: Could not lock System prefs. Unix error code 2.
2025-02-16 20:04:12,305 [ERROR] LogOutputStream:75 - [STDERR_REDIRECT] 
2025-02-16 20:04:12,305 [ERROR] LogOutputStream:75 - [STDERR_REDIRECT] Feb 16, 2025 8:04:12 PM java.util.prefs.FileSystemPreferences syncWorld
2025-02-16 20:04:12,305 [ERROR] LogOutputStream:75 - [STDERR_REDIRECT] WARNING: Couldn't flush system prefs: java.util.prefs.BackingStoreException: Couldn't get file lock.
2025-02-16 20:04:12,305 [ERROR] LogOutputStream:75 - [STDERR_REDIRECT] 
2025-02-16 20:04:42,305 [ERROR] LogOutputStream:75 - [STDERR_REDIRECT] Feb 16, 2025 8:04:42 PM java.util.prefs.FileSystemPreferences checkLockFile0ErrorCode
2025-02-16 20:04:42,305 [ERROR] LogOutputStream:75 - [STDERR_REDIRECT] WARNING: Could not lock System prefs. Unix error code 2.
2025-02-16 20:04:42,305 [ERROR] LogOutputStream:75 - [STDERR_REDIRECT] 
2025-02-16 20:04:42,306 [ERROR] LogOutputStream:75 - [STDERR_REDIRECT] Feb 16, 2025 8:04:42 PM java.util.prefs.FileSystemPreferences syncWorld
2025-02-16 20:04:42,306 [ERROR] LogOutputStream:75 - [STDERR_REDIRECT] WARNING: Couldn't flush system prefs: java.util.prefs.BackingStoreException: Couldn't get file lock.
2025-02-16 20:04:42,306 [ERROR] LogOutputStream:75 - [STDERR_REDIRECT] 
2025-02-16 20:05:12,305 [ERROR] LogOutputStream:75 - [STDERR_REDIRECT] Feb 16, 2025 8:05:12 PM java.util.prefs.FileSystemPreferences checkLockFile0ErrorCode
2025-02-16 20:05:12,305 [ERROR] LogOutputStream:75 - [STDERR_REDIRECT] WARNING: Could not lock System prefs. Unix error code 2.
2025-02-16 20:05:12,305 [ERROR] LogOutputStream:75 - [STDERR_REDIRECT] 
2025-02-16 20:05:12,305 [ERROR] LogOutputStream:75 - [STDERR_REDIRECT] Feb 16, 2025 8:05:12 PM java.util.prefs.FileSystemPreferences syncWorld
2025-02-16 20:05:12,305 [ERROR] LogOutputStream:75 - [STDERR_REDIRECT] WARNING: Couldn't flush system prefs: java.util.prefs.BackingStoreException: Couldn't get file lock.
2025-02-16 20:05:12,305 [ERROR] LogOutputStream:75 - [STDERR_REDIRECT] 
2025-02-16 20:05:42,305 [ERROR] LogOutputStream:75 - [STDERR_REDIRECT] Feb 16, 2025 8:05:42 PM java.util.prefs.FileSystemPreferences checkLockFile0ErrorCode
2025-02-16 20:05:42,305 [ERROR] LogOutputStream:75 - [STDERR_REDIRECT] WARNING: Could not lock System prefs. Unix error code 2.
2025-02-16 20:05:42,305 [ERROR] LogOutputStream:75 - [STDERR_REDIRECT] 
2025-02-16 20:05:42,305 [ERROR] LogOutputStream:75 - [STDERR_REDIRECT] Feb 16, 2025 8:05:42 PM java.util.prefs.FileSystemPreferences syncWorld
2025-02-16 20:05:42,305 [ERROR] LogOutputStream:75 - [STDERR_REDIRECT] WARNING: Couldn't flush system prefs: java.util.prefs.BackingStoreException: Couldn't get file lock.
2025-02-16 20:05:42,305 [ERROR] LogOutputStream:75 - [STDERR_REDIRECT] 
2025-02-16 20:06:12,306 [ERROR] LogOutputStream:75 - [STDERR_REDIRECT] Feb 16, 2025 8:06:12 PM java.util.prefs.FileSystemPreferences checkLockFile0ErrorCode
2025-02-16 20:06:12,306 [ERROR] LogOutputStream:75 - [STDERR_REDIRECT] WARNING: Could not lock System prefs. Unix error code 2.
2025-02-16 20:06:12,306 [ERROR] LogOutputStream:75 - [STDERR_REDIRECT] 
2025-02-16 20:06:12,306 [ERROR] LogOutputStream:75 - [STDERR_REDIRECT] Feb 16, 2025 8:06:12 PM java.util.prefs.FileSystemPreferences syncWorld
2025-02-16 20:06:12,306 [ERROR] LogOutputStream:75 - [STDERR_REDIRECT] WARNING: Couldn't flush system prefs: java.util.prefs.BackingStoreException: Couldn't get file lock.
2025-02-16 20:06:12,306 [ERROR] LogOutputStream:75 - [STDERR_REDIRECT] 
2025-02-16 20:06:42,305 [ERROR] LogOutputStream:75 - [STDERR_REDIRECT] Feb 16, 2025 8:06:42 PM java.util.prefs.FileSystemPreferences checkLockFile0ErrorCode
2025-02-16 20:06:42,305 [ERROR] LogOutputStream:75 - [STDERR_REDIRECT] WARNING: Could not lock System prefs. Unix error code 2.
2025-02-16 20:06:42,311 [ERROR] LogOutputStream:75 - [STDERR_REDIRECT] 
2025-02-16 20:06:42,312 [ERROR] LogOutputStream:75 - [STDERR_REDIRECT] Feb 16, 2025 8:06:42 PM java.util.prefs.FileSystemPreferences syncWorld
2025-02-16 20:06:42,312 [ERROR] LogOutputStream:75 - [STDERR_REDIRECT] WARNING: Couldn't flush system prefs: java.util.prefs.BackingStoreException: Couldn't get file lock.
2025-02-16 20:06:42,312 [ERROR] LogOutputStream:75 - [STDERR_REDIRECT] 
2025-02-16 20:07:12,305 [ERROR] LogOutputStream:75 - [STDERR_REDIRECT] Feb 16, 2025 8:07:12 PM java.util.prefs.FileSystemPreferences checkLockFile0ErrorCode
2025-02-16 20:07:12,305 [ERROR] LogOutputStream:75 - [STDERR_REDIRECT] WARNING: Could not lock System prefs. Unix error code 2.
2025-02-16 20:07:12,305 [ERROR] LogOutputStream:75 - [STDERR_REDIRECT] 
2025-02-16 20:07:12,305 [ERROR] LogOutputStream:75 - [STDERR_REDIRECT] Feb 16, 2025 8:07:12 PM java.util.prefs.FileSystemPreferences syncWorld
2025-02-16 20:07:12,305 [ERROR] LogOutputStream:75 - [STDERR_REDIRECT] WARNING: Couldn't flush system prefs: java.util.prefs.BackingStoreException: Couldn't get file lock.
2025-02-16 20:07:12,305 [ERROR] LogOutputStream:75 - [STDERR_REDIRECT] 
2025-02-16 20:07:42,305 [ERROR] LogOutputStream:75 - [STDERR_REDIRECT] Feb 16, 2025 8:07:42 PM java.util.prefs.FileSystemPreferences checkLockFile0ErrorCode
2025-02-16 20:07:42,305 [ERROR] LogOutputStream:75 - [STDERR_REDIRECT] WARNING: Could not lock System prefs. Unix error code 2.
2025-02-16 20:07:42,305 [ERROR] LogOutputStream:75 - [STDERR_REDIRECT] 
2025-02-16 20:07:42,306 [ERROR] LogOutputStream:75 - [STDERR_REDIRECT] Feb 16, 2025 8:07:42 PM java.util.prefs.FileSystemPreferences syncWorld
2025-02-16 20:07:42,306 [ERROR] LogOutputStream:75 - [STDERR_REDIRECT] WARNING: Couldn't flush system prefs: java.util.prefs.BackingStoreException: Couldn't get file lock.
2025-02-16 20:07:42,306 [ERROR] LogOutputStream:75 - [STDERR_REDIRECT] 
2025-02-16 20:08:12,305 [ERROR] LogOutputStream:75 - [STDERR_REDIRECT] Feb 16, 2025 8:08:12 PM java.util.prefs.FileSystemPreferences checkLockFile0ErrorCode
2025-02-16 20:08:12,305 [ERROR] LogOutputStream:75 - [STDERR_REDIRECT] WARNING: Could not lock System prefs. Unix error code 2.
2025-02-16 20:08:12,305 [ERROR] LogOutputStream:75 - [STDERR_REDIRECT] 
2025-02-16 20:08:12,305 [ERROR] LogOutputStream:75 - [STDERR_REDIRECT] Feb 16, 2025 8:08:12 PM java.util.prefs.FileSystemPreferences syncWorld
2025-02-16 20:08:12,305 [ERROR] LogOutputStream:75 - [STDERR_REDIRECT] WARNING: Couldn't flush system prefs: java.util.prefs.BackingStoreException: Couldn't get file lock.
2025-02-16 20:08:12,305 [ERROR] LogOutputStream:75 - [STDERR_REDIRECT] 
2025-02-16 20:08:42,306 [ERROR] LogOutputStream:75 - [STDERR_REDIRECT] Feb 16, 2025 8:08:42 PM java.util.prefs.FileSystemPreferences checkLockFile0ErrorCode
2025-02-16 20:08:42,306 [ERROR] LogOutputStream:75 - [STDERR_REDIRECT] WARNING: Could not lock System prefs. Unix error code 2.
2025-02-16 20:08:42,306 [ERROR] LogOutputStream:75 - [STDERR_REDIRECT] 
2025-02-16 20:08:42,306 [ERROR] LogOutputStream:75 - [STDERR_REDIRECT] Feb 16, 2025 8:08:42 PM java.util.prefs.FileSystemPreferences syncWorld
2025-02-16 20:08:42,306 [ERROR] LogOutputStream:75 - [STDERR_REDIRECT] WARNING: Couldn't flush system prefs: java.util.prefs.BackingStoreException: Couldn't get file lock.
2025-02-16 20:08:42,306 [ERROR] LogOutputStream:75 - [STDERR_REDIRECT] 
2025-02-16 20:09:12,305 [ERROR] LogOutputStream:75 - [STDERR_REDIRECT] Feb 16, 2025 8:09:12 PM java.util.prefs.FileSystemPreferences checkLockFile0ErrorCode
2025-02-16 20:09:12,305 [ERROR] LogOutputStream:75 - [STDERR_REDIRECT] WARNING: Could not lock System prefs. Unix error code 2.
2025-02-16 20:09:12,305 [ERROR] LogOutputStream:75 - [STDERR_REDIRECT] 
2025-02-16 20:09:12,312 [ERROR] LogOutputStream:75 - [STDERR_REDIRECT] Feb 16, 2025 8:09:12 PM java.util.prefs.FileSystemPreferences syncWorld
2025-02-16 20:09:12,312 [ERROR] LogOutputStream:75 - [STDERR_REDIRECT] WARNING: Couldn't flush system prefs: java.util.prefs.BackingStoreException: Couldn't get file lock.
2025-02-16 20:09:12,312 [ERROR] LogOutputStream:75 - [STDERR_REDIRECT] 
2025-02-16 20:09:42,305 [ERROR] LogOutputStream:75 - [STDERR_REDIRECT] Feb 16, 2025 8:09:42 PM java.util.prefs.FileSystemPreferences checkLockFile0ErrorCode
2025-02-16 20:09:42,305 [ERROR] LogOutputStream:75 - [STDERR_REDIRECT] WARNING: Could not lock System prefs. Unix error code 2.
2025-02-16 20:09:42,305 [ERROR] LogOutputStream:75 - [STDERR_REDIRECT] 
2025-02-16 20:09:42,305 [ERROR] LogOutputStream:75 - [STDERR_REDIRECT] Feb 16, 2025 8:09:42 PM java.util.prefs.FileSystemPreferences syncWorld
2025-02-16 20:09:42,305 [ERROR] LogOutputStream:75 - [STDERR_REDIRECT] WARNING: Couldn't flush system prefs: java.util.prefs.BackingStoreException: Couldn't get file lock.
2025-02-16 20:09:42,305 [ERROR] LogOutputStream:75 - [STDERR_REDIRECT] 
2025-02-16 20:10:12,306 [ERROR] LogOutputStream:75 - [STDERR_REDIRECT] Feb 16, 2025 8:10:12 PM java.util.prefs.FileSystemPreferences checkLockFile0ErrorCode
2025-02-16 20:10:12,306 [ERROR] LogOutputStream:75 - [STDERR_REDIRECT] WARNING: Could not lock System prefs. Unix error code 2.
2025-02-16 20:10:12,306 [ERROR] LogOutputStream:75 - [STDERR_REDIRECT] 
2025-02-16 20:10:12,306 [ERROR] LogOutputStream:75 - [STDERR_REDIRECT] Feb 16, 2025 8:10:12 PM java.util.prefs.FileSystemPreferences syncWorld
2025-02-16 20:10:12,306 [ERROR] LogOutputStream:75 - [STDERR_REDIRECT] WARNING: Couldn't flush system prefs: java.util.prefs.BackingStoreException: Couldn't get file lock.
2025-02-16 20:10:12,306 [ERROR] LogOutputStream:75 - [STDERR_REDIRECT] 
2025-02-16 20:10:42,305 [ERROR] LogOutputStream:75 - [STDERR_REDIRECT] Feb 16, 2025 8:10:42 PM java.util.prefs.FileSystemPreferences checkLockFile0ErrorCode
2025-02-16 20:10:42,305 [ERROR] LogOutputStream:75 - [STDERR_REDIRECT] WARNING: Could not lock System prefs. Unix error code 2.
2025-02-16 20:10:42,305 [ERROR] LogOutputStream:75 - [STDERR_REDIRECT] 
2025-02-16 20:10:42,305 [ERROR] LogOutputStream:75 - [STDERR_REDIRECT] Feb 16, 2025 8:10:42 PM java.util.prefs.FileSystemPreferences syncWorld
2025-02-16 20:10:42,305 [ERROR] LogOutputStream:75 - [STDERR_REDIRECT] WARNING: Couldn't flush system prefs: java.util.prefs.BackingStoreException: Couldn't get file lock.
2025-02-16 20:10:42,305 [ERROR] LogOutputStream:75 - [STDERR_REDIRECT] 
2025-02-16 20:11:12,305 [ERROR] LogOutputStream:75 - [STDERR_REDIRECT] Feb 16, 2025 8:11:12 PM java.util.prefs.FileSystemPreferences checkLockFile0ErrorCode
2025-02-16 20:11:12,305 [ERROR] LogOutputStream:75 - [STDERR_REDIRECT] WARNING: Could not lock System prefs. Unix error code 2.
2025-02-16 20:11:12,305 [ERROR] LogOutputStream:75 - [STDERR_REDIRECT] 
2025-02-16 20:11:12,305 [ERROR] LogOutputStream:75 - [STDERR_REDIRECT] Feb 16, 2025 8:11:12 PM java.util.prefs.FileSystemPreferences syncWorld
2025-02-16 20:11:12,306 [ERROR] LogOutputStream:75 - [STDERR_REDIRECT] WARNING: Couldn't flush system prefs: java.util.prefs.BackingStoreException: Couldn't get file lock.
2025-02-16 20:11:12,306 [ERROR] LogOutputStream:75 - [STDERR_REDIRECT] 
2025-02-16 20:11:42,305 [ERROR] LogOutputStream:75 - [STDERR_REDIRECT] Feb 16, 2025 8:11:42 PM java.util.prefs.FileSystemPreferences checkLockFile0ErrorCode
2025-02-16 20:11:42,305 [ERROR] LogOutputStream:75 - [STDERR_REDIRECT] WARNING: Could not lock System prefs. Unix error code 2.
2025-02-16 20:11:42,305 [ERROR] LogOutputStream:75 - [STDERR_REDIRECT] 
2025-02-16 20:11:42,305 [ERROR] LogOutputStream:75 - [STDERR_REDIRECT] Feb 16, 2025 8:11:42 PM java.util.prefs.FileSystemPreferences syncWorld
2025-02-16 20:11:42,305 [ERROR] LogOutputStream:75 - [STDERR_REDIRECT] WARNING: Couldn't flush system prefs: java.util.prefs.BackingStoreException: Couldn't get file lock.
2025-02-16 20:11:42,305 [ERROR] LogOutputStream:75 - [STDERR_REDIRECT] 
2025-02-16 20:12:12,305 [ERROR] LogOutputStream:75 - [STDERR_REDIRECT] Feb 16, 2025 8:12:12 PM java.util.prefs.FileSystemPreferences checkLockFile0ErrorCode
2025-02-16 20:12:12,305 [ERROR] LogOutputStream:75 - [STDERR_REDIRECT] WARNING: Could not lock System prefs. Unix error code 2.
2025-02-16 20:12:12,306 [ERROR] LogOutputStream:75 - [STDERR_REDIRECT] 
2025-02-16 20:12:12,306 [ERROR] LogOutputStream:75 - [STDERR_REDIRECT] Feb 16, 2025 8:12:12 PM java.util.prefs.FileSystemPreferences syncWorld
2025-02-16 20:12:12,306 [ERROR] LogOutputStream:75 - [STDERR_REDIRECT] WARNING: Couldn't flush system prefs: java.util.prefs.BackingStoreException: Couldn't get file lock.
2025-02-16 20:12:12,306 [ERROR] LogOutputStream:75 - [STDERR_REDIRECT] 
2025-02-16 20:12:42,305 [ERROR] LogOutputStream:75 - [STDERR_REDIRECT] Feb 16, 2025 8:12:42 PM java.util.prefs.FileSystemPreferences checkLockFile0ErrorCode
2025-02-16 20:12:42,305 [ERROR] LogOutputStream:75 - [STDERR_REDIRECT] WARNING: Could not lock System prefs. Unix error code 2.
2025-02-16 20:12:42,305 [ERROR] LogOutputStream:75 - [STDERR_REDIRECT] 
2025-02-16 20:12:42,305 [ERROR] LogOutputStream:75 - [STDERR_REDIRECT] Feb 16, 2025 8:12:42 PM java.util.prefs.FileSystemPreferences syncWorld
2025-02-16 20:12:42,305 [ERROR] LogOutputStream:75 - [STDERR_REDIRECT] WARNING: Couldn't flush system prefs: java.util.prefs.BackingStoreException: Couldn't get file lock.
2025-02-16 20:12:42,305 [ERROR] LogOutputStream:75 - [STDERR_REDIRECT] 
2025-02-16 20:13:12,305 [ERROR] LogOutputStream:75 - [STDERR_REDIRECT] Feb 16, 2025 8:13:12 PM java.util.prefs.FileSystemPreferences checkLockFile0ErrorCode
2025-02-16 20:13:12,305 [ERROR] LogOutputStream:75 - [STDERR_REDIRECT] WARNING: Could not lock System prefs. Unix error code 2.
2025-02-16 20:13:12,305 [ERROR] LogOutputStream:75 - [STDERR_REDIRECT] 
2025-02-16 20:13:12,306 [ERROR] LogOutputStream:75 - [STDERR_REDIRECT] Feb 16, 2025 8:13:12 PM java.util.prefs.FileSystemPreferences syncWorld
2025-02-16 20:13:12,306 [ERROR] LogOutputStream:75 - [STDERR_REDIRECT] WARNING: Couldn't flush system prefs: java.util.prefs.BackingStoreException: Couldn't get file lock.
2025-02-16 20:13:12,306 [ERROR] LogOutputStream:75 - [STDERR_REDIRECT] 
2025-02-16 20:13:42,305 [ERROR] LogOutputStream:75 - [STDERR_REDIRECT] Feb 16, 2025 8:13:42 PM java.util.prefs.FileSystemPreferences checkLockFile0ErrorCode
2025-02-16 20:13:42,305 [ERROR] LogOutputStream:75 - [STDERR_REDIRECT] WARNING: Could not lock System prefs. Unix error code 2.
2025-02-16 20:13:42,305 [ERROR] LogOutputStream:75 - [STDERR_REDIRECT] 
2025-02-16 20:13:42,305 [ERROR] LogOutputStream:75 - [STDERR_REDIRECT] Feb 16, 2025 8:13:42 PM java.util.prefs.FileSystemPreferences syncWorld
2025-02-16 20:13:42,305 [ERROR] LogOutputStream:75 - [STDERR_REDIRECT] WARNING: Couldn't flush system prefs: java.util.prefs.BackingStoreException: Couldn't get file lock.
2025-02-16 20:13:42,305 [ERROR] LogOutputStream:75 - [STDERR_REDIRECT] 
2025-02-16 20:14:12,305 [ERROR] LogOutputStream:75 - [STDERR_REDIRECT] Feb 16, 2025 8:14:12 PM java.util.prefs.FileSystemPreferences checkLockFile0ErrorCode
2025-02-16 20:14:12,305 [ERROR] LogOutputStream:75 - [STDERR_REDIRECT] WARNING: Could not lock System prefs. Unix error code 2.
2025-02-16 20:14:12,305 [ERROR] LogOutputStream:75 - [STDERR_REDIRECT] 
2025-02-16 20:14:12,305 [ERROR] LogOutputStream:75 - [STDERR_REDIRECT] Feb 16, 2025 8:14:12 PM java.util.prefs.FileSystemPreferences syncWorld
2025-02-16 20:14:12,305 [ERROR] LogOutputStream:75 - [STDERR_REDIRECT] WARNING: Couldn't flush system prefs: java.util.prefs.BackingStoreException: Couldn't get file lock.
2025-02-16 20:14:12,306 [ERROR] LogOutputStream:75 - [STDERR_REDIRECT] 
2025-02-16 20:14:42,304 [ERROR] LogOutputStream:75 - [STDERR_REDIRECT] Feb 16, 2025 8:14:42 PM java.util.prefs.FileSystemPreferences checkLockFile0ErrorCode
2025-02-16 20:14:42,305 [ERROR] LogOutputStream:75 - [STDERR_REDIRECT] WARNING: Could not lock System prefs. Unix error code 2.
2025-02-16 20:14:42,305 [ERROR] LogOutputStream:75 - [STDERR_REDIRECT] 
2025-02-16 20:14:42,305 [ERROR] LogOutputStream:75 - [STDERR_REDIRECT] Feb 16, 2025 8:14:42 PM java.util.prefs.FileSystemPreferences syncWorld
2025-02-16 20:14:42,305 [ERROR] LogOutputStream:75 - [STDERR_REDIRECT] WARNING: Couldn't flush system prefs: java.util.prefs.BackingStoreException: Couldn't get file lock.
2025-02-16 20:14:42,305 [ERROR] LogOutputStream:75 - [STDERR_REDIRECT] 
2025-02-16 20:15:12,305 [ERROR] LogOutputStream:75 - [STDERR_REDIRECT] Feb 16, 2025 8:15:12 PM java.util.prefs.FileSystemPreferences checkLockFile0ErrorCode
2025-02-16 20:15:12,305 [ERROR] LogOutputStream:75 - [STDERR_REDIRECT] WARNING: Could not lock System prefs. Unix error code 2.
2025-02-16 20:15:12,305 [ERROR] LogOutputStream:75 - [STDERR_REDIRECT] 
2025-02-16 20:15:12,305 [ERROR] LogOutputStream:75 - [STDERR_REDIRECT] Feb 16, 2025 8:15:12 PM java.util.prefs.FileSystemPreferences syncWorld
2025-02-16 20:15:12,305 [ERROR] LogOutputStream:75 - [STDERR_REDIRECT] WARNING: Couldn't flush system prefs: java.util.prefs.BackingStoreException: Couldn't get file lock.
2025-02-16 20:15:12,305 [ERROR] LogOutputStream:75 - [STDERR_REDIRECT] 
2025-02-16 20:15:42,306 [ERROR] LogOutputStream:75 - [STDERR_REDIRECT] Feb 16, 2025 8:15:42 PM java.util.prefs.FileSystemPreferences checkLockFile0ErrorCode
2025-02-16 20:15:42,306 [ERROR] LogOutputStream:75 - [STDERR_REDIRECT] WARNING: Could not lock System prefs. Unix error code 2.
2025-02-16 20:15:42,306 [ERROR] LogOutputStream:75 - [STDERR_REDIRECT] 
2025-02-16 20:15:42,306 [ERROR] LogOutputStream:75 - [STDERR_REDIRECT] Feb 16, 2025 8:15:42 PM java.util.prefs.FileSystemPreferences syncWorld
2025-02-16 20:15:42,306 [ERROR] LogOutputStream:75 - [STDERR_REDIRECT] WARNING: Couldn't flush system prefs: java.util.prefs.BackingStoreException: Couldn't get file lock.
2025-02-16 20:15:42,306 [ERROR] LogOutputStream:75 - [STDERR_REDIRECT] 
2025-02-16 20:16:12,306 [ERROR] LogOutputStream:75 - [STDERR_REDIRECT] Feb 16, 2025 8:16:12 PM java.util.prefs.FileSystemPreferences checkLockFile0ErrorCode
2025-02-16 20:16:12,306 [ERROR] LogOutputStream:75 - [STDERR_REDIRECT] WARNING: Could not lock System prefs. Unix error code 2.
2025-02-16 20:16:12,306 [ERROR] LogOutputStream:75 - [STDERR_REDIRECT] 
2025-02-16 20:16:12,306 [ERROR] LogOutputStream:75 - [STDERR_REDIRECT] Feb 16, 2025 8:16:12 PM java.util.prefs.FileSystemPreferences syncWorld
2025-02-16 20:16:12,307 [ERROR] LogOutputStream:75 - [STDERR_REDIRECT] WARNING: Couldn't flush system prefs: java.util.prefs.BackingStoreException: Couldn't get file lock.
2025-02-16 20:16:12,307 [ERROR] LogOutputStream:75 - [STDERR_REDIRECT] 
2025-02-16 20:16:42,306 [ERROR] LogOutputStream:75 - [STDERR_REDIRECT] Feb 16, 2025 8:16:42 PM java.util.prefs.FileSystemPreferences checkLockFile0ErrorCode
2025-02-16 20:16:42,306 [ERROR] LogOutputStream:75 - [STDERR_REDIRECT] WARNING: Could not lock System prefs. Unix error code 2.
2025-02-16 20:16:42,306 [ERROR] LogOutputStream:75 - [STDERR_REDIRECT] 
2025-02-16 20:16:42,306 [ERROR] LogOutputStream:75 - [STDERR_REDIRECT] Feb 16, 2025 8:16:42 PM java.util.prefs.FileSystemPreferences syncWorld
2025-02-16 20:16:42,306 [ERROR] LogOutputStream:75 - [STDERR_REDIRECT] WARNING: Couldn't flush system prefs: java.util.prefs.BackingStoreException: Couldn't get file lock.
2025-02-16 20:16:42,306 [ERROR] LogOutputStream:75 - [STDERR_REDIRECT] 
2025-02-16 20:17:12,307 [ERROR] LogOutputStream:75 - [STDERR_REDIRECT] Feb 16, 2025 8:17:12 PM java.util.prefs.FileSystemPreferences checkLockFile0ErrorCode
2025-02-16 20:17:12,307 [ERROR] LogOutputStream:75 - [STDERR_REDIRECT] WARNING: Could not lock System prefs. Unix error code 2.
2025-02-16 20:17:12,307 [ERROR] LogOutputStream:75 - [STDERR_REDIRECT] 
2025-02-16 20:17:12,307 [ERROR] LogOutputStream:75 - [STDERR_REDIRECT] Feb 16, 2025 8:17:12 PM java.util.prefs.FileSystemPreferences syncWorld
2025-02-16 20:17:12,307 [ERROR] LogOutputStream:75 - [STDERR_REDIRECT] WARNING: Couldn't flush system prefs: java.util.prefs.BackingStoreException: Couldn't get file lock.
2025-02-16 20:17:12,307 [ERROR] LogOutputStream:75 - [STDERR_REDIRECT] 
2025-02-16 20:17:42,307 [ERROR] LogOutputStream:75 - [STDERR_REDIRECT] Feb 16, 2025 8:17:42 PM java.util.prefs.FileSystemPreferences checkLockFile0ErrorCode
2025-02-16 20:17:42,307 [ERROR] LogOutputStream:75 - [STDERR_REDIRECT] WARNING: Could not lock System prefs. Unix error code 2.
2025-02-16 20:17:42,307 [ERROR] LogOutputStream:75 - [STDERR_REDIRECT] 
2025-02-16 20:17:42,307 [ERROR] LogOutputStream:75 - [STDERR_REDIRECT] Feb 16, 2025 8:17:42 PM java.util.prefs.FileSystemPreferences syncWorld
2025-02-16 20:17:42,307 [ERROR] LogOutputStream:75 - [STDERR_REDIRECT] WARNING: Couldn't flush system prefs: java.util.prefs.BackingStoreException: Couldn't get file lock.
2025-02-16 20:17:42,307 [ERROR] LogOutputStream:75 - [STDERR_REDIRECT] 
2025-02-16 20:18:12,307 [ERROR] LogOutputStream:75 - [STDERR_REDIRECT] Feb 16, 2025 8:18:12 PM java.util.prefs.FileSystemPreferences checkLockFile0ErrorCode
2025-02-16 20:18:12,307 [ERROR] LogOutputStream:75 - [STDERR_REDIRECT] WARNING: Could not lock System prefs. Unix error code 2.
2025-02-16 20:18:12,307 [ERROR] LogOutputStream:75 - [STDERR_REDIRECT] 
2025-02-16 20:18:12,307 [ERROR] LogOutputStream:75 - [STDERR_REDIRECT] Feb 16, 2025 8:18:12 PM java.util.prefs.FileSystemPreferences syncWorld
2025-02-16 20:18:12,308 [ERROR] LogOutputStream:75 - [STDERR_REDIRECT] WARNING: Couldn't flush system prefs: java.util.prefs.BackingStoreException: Couldn't get file lock.
2025-02-16 20:18:12,308 [ERROR] LogOutputStream:75 - [STDERR_REDIRECT] 
2025-02-16 20:18:42,307 [ERROR] LogOutputStream:75 - [STDERR_REDIRECT] Feb 16, 2025 8:18:42 PM java.util.prefs.FileSystemPreferences checkLockFile0ErrorCode
2025-02-16 20:18:42,307 [ERROR] LogOutputStream:75 - [STDERR_REDIRECT] WARNING: Could not lock System prefs. Unix error code 2.
2025-02-16 20:18:42,307 [ERROR] LogOutputStream:75 - [STDERR_REDIRECT] 
2025-02-16 20:18:42,307 [ERROR] LogOutputStream:75 - [STDERR_REDIRECT] Feb 16, 2025 8:18:42 PM java.util.prefs.FileSystemPreferences syncWorld
2025-02-16 20:18:42,307 [ERROR] LogOutputStream:75 - [STDERR_REDIRECT] WARNING: Couldn't flush system prefs: java.util.prefs.BackingStoreException: Couldn't get file lock.
2025-02-16 20:18:42,307 [ERROR] LogOutputStream:75 - [STDERR_REDIRECT] 
2025-02-16 20:19:12,307 [ERROR] LogOutputStream:75 - [STDERR_REDIRECT] Feb 16, 2025 8:19:12 PM java.util.prefs.FileSystemPreferences checkLockFile0ErrorCode
2025-02-16 20:19:12,307 [ERROR] LogOutputStream:75 - [STDERR_REDIRECT] WARNING: Could not lock System prefs. Unix error code 2.
2025-02-16 20:19:12,307 [ERROR] LogOutputStream:75 - [STDERR_REDIRECT] 
2025-02-16 20:19:12,307 [ERROR] LogOutputStream:75 - [STDERR_REDIRECT] Feb 16, 2025 8:19:12 PM java.util.prefs.FileSystemPreferences syncWorld
2025-02-16 20:19:12,307 [ERROR] LogOutputStream:75 - [STDERR_REDIRECT] WARNING: Couldn't flush system prefs: java.util.prefs.BackingStoreException: Couldn't get file lock.
2025-02-16 20:19:12,307 [ERROR] LogOutputStream:75 - [STDERR_REDIRECT] 
2025-02-16 20:19:42,307 [ERROR] LogOutputStream:75 - [STDERR_REDIRECT] Feb 16, 2025 8:19:42 PM java.util.prefs.FileSystemPreferences checkLockFile0ErrorCode
2025-02-16 20:19:42,308 [ERROR] LogOutputStream:75 - [STDERR_REDIRECT] WARNING: Could not lock System prefs. Unix error code 2.
2025-02-16 20:19:42,308 [ERROR] LogOutputStream:75 - [STDERR_REDIRECT] 
2025-02-16 20:19:42,308 [ERROR] LogOutputStream:75 - [STDERR_REDIRECT] Feb 16, 2025 8:19:42 PM java.util.prefs.FileSystemPreferences syncWorld
2025-02-16 20:19:42,308 [ERROR] LogOutputStream:75 - [STDERR_REDIRECT] WARNING: Couldn't flush system prefs: java.util.prefs.BackingStoreException: Couldn't get file lock.
2025-02-16 20:19:42,308 [ERROR] LogOutputStream:75 - [STDERR_REDIRECT] 
2025-02-16 20:20:12,308 [ERROR] LogOutputStream:75 - [STDERR_REDIRECT] Feb 16, 2025 8:20:12 PM java.util.prefs.FileSystemPreferences checkLockFile0ErrorCode
2025-02-16 20:20:12,308 [ERROR] LogOutputStream:75 - [STDERR_REDIRECT] WARNING: Could not lock System prefs. Unix error code 2.
2025-02-16 20:20:12,308 [ERROR] LogOutputStream:75 - [STDERR_REDIRECT] 
2025-02-16 20:20:12,308 [ERROR] LogOutputStream:75 - [STDERR_REDIRECT] Feb 16, 2025 8:20:12 PM java.util.prefs.FileSystemPreferences syncWorld
2025-02-16 20:20:12,308 [ERROR] LogOutputStream:75 - [STDERR_REDIRECT] WARNING: Couldn't flush system prefs: java.util.prefs.BackingStoreException: Couldn't get file lock.
2025-02-16 20:20:12,308 [ERROR] LogOutputStream:75 - [STDERR_REDIRECT] 
2025-02-16 20:20:42,308 [ERROR] LogOutputStream:75 - [STDERR_REDIRECT] Feb 16, 2025 8:20:42 PM java.util.prefs.FileSystemPreferences checkLockFile0ErrorCode
2025-02-16 20:20:42,308 [ERROR] LogOutputStream:75 - [STDERR_REDIRECT] WARNING: Could not lock System prefs. Unix error code 2.
2025-02-16 20:20:42,308 [ERROR] LogOutputStream:75 - [STDERR_REDIRECT] 
2025-02-16 20:20:42,308 [ERROR] LogOutputStream:75 - [STDERR_REDIRECT] Feb 16, 2025 8:20:42 PM java.util.prefs.FileSystemPreferences syncWorld
2025-02-16 20:20:42,308 [ERROR] LogOutputStream:75 - [STDERR_REDIRECT] WARNING: Couldn't flush system prefs: java.util.prefs.BackingStoreException: Couldn't get file lock.
2025-02-16 20:20:42,308 [ERROR] LogOutputStream:75 - [STDERR_REDIRECT] 
2025-02-16 20:21:12,309 [ERROR] LogOutputStream:75 - [STDERR_REDIRECT] Feb 16, 2025 8:21:12 PM java.util.prefs.FileSystemPreferences checkLockFile0ErrorCode
2025-02-16 20:21:12,309 [ERROR] LogOutputStream:75 - [STDERR_REDIRECT] WARNING: Could not lock System prefs. Unix error code 2.
2025-02-16 20:21:12,309 [ERROR] LogOutputStream:75 - [STDERR_REDIRECT] 
2025-02-16 20:21:12,309 [ERROR] LogOutputStream:75 - [STDERR_REDIRECT] Feb 16, 2025 8:21:12 PM java.util.prefs.FileSystemPreferences syncWorld
2025-02-16 20:21:12,309 [ERROR] LogOutputStream:75 - [STDERR_REDIRECT] WARNING: Couldn't flush system prefs: java.util.prefs.BackingStoreException: Couldn't get file lock.
2025-02-16 20:21:12,309 [ERROR] LogOutputStream:75 - [STDERR_REDIRECT] 
2025-02-16 20:21:42,309 [ERROR] LogOutputStream:75 - [STDERR_REDIRECT] Feb 16, 2025 8:21:42 PM java.util.prefs.FileSystemPreferences checkLockFile0ErrorCode
2025-02-16 20:21:42,309 [ERROR] LogOutputStream:75 - [STDERR_REDIRECT] WARNING: Could not lock System prefs. Unix error code 2.
2025-02-16 20:21:42,309 [ERROR] LogOutputStream:75 - [STDERR_REDIRECT] 
2025-02-16 20:21:42,309 [ERROR] LogOutputStream:75 - [STDERR_REDIRECT] Feb 16, 2025 8:21:42 PM java.util.prefs.FileSystemPreferences syncWorld
2025-02-16 20:21:42,309 [ERROR] LogOutputStream:75 - [STDERR_REDIRECT] WARNING: Couldn't flush system prefs: java.util.prefs.BackingStoreException: Couldn't get file lock.
2025-02-16 20:21:42,309 [ERROR] LogOutputStream:75 - [STDERR_REDIRECT] 
2025-02-16 20:22:12,309 [ERROR] LogOutputStream:75 - [STDERR_REDIRECT] Feb 16, 2025 8:22:12 PM java.util.prefs.FileSystemPreferences checkLockFile0ErrorCode
2025-02-16 20:22:12,309 [ERROR] LogOutputStream:75 - [STDERR_REDIRECT] WARNING: Could not lock System prefs. Unix error code 2.
2025-02-16 20:22:12,309 [ERROR] LogOutputStream:75 - [STDERR_REDIRECT] 
2025-02-16 20:22:12,310 [ERROR] LogOutputStream:75 - [STDERR_REDIRECT] Feb 16, 2025 8:22:12 PM java.util.prefs.FileSystemPreferences syncWorld
2025-02-16 20:22:12,310 [ERROR] LogOutputStream:75 - [STDERR_REDIRECT] WARNING: Couldn't flush system prefs: java.util.prefs.BackingStoreException: Couldn't get file lock.
2025-02-16 20:22:12,310 [ERROR] LogOutputStream:75 - [STDERR_REDIRECT] 
2025-02-16 20:22:42,309 [ERROR] LogOutputStream:75 - [STDERR_REDIRECT] Feb 16, 2025 8:22:42 PM java.util.prefs.FileSystemPreferences checkLockFile0ErrorCode
2025-02-16 20:22:42,309 [ERROR] LogOutputStream:75 - [STDERR_REDIRECT] WARNING: Could not lock System prefs. Unix error code 2.
2025-02-16 20:22:42,309 [ERROR] LogOutputStream:75 - [STDERR_REDIRECT] 
2025-02-16 20:22:42,309 [ERROR] LogOutputStream:75 - [STDERR_REDIRECT] Feb 16, 2025 8:22:42 PM java.util.prefs.FileSystemPreferences syncWorld
2025-02-16 20:22:42,309 [ERROR] LogOutputStream:75 - [STDERR_REDIRECT] WARNING: Couldn't flush system prefs: java.util.prefs.BackingStoreException: Couldn't get file lock.
2025-02-16 20:22:42,309 [ERROR] LogOutputStream:75 - [STDERR_REDIRECT] 
2025-02-16 20:23:12,309 [ERROR] LogOutputStream:75 - [STDERR_REDIRECT] Feb 16, 2025 8:23:12 PM java.util.prefs.FileSystemPreferences checkLockFile0ErrorCode
2025-02-16 20:23:12,309 [ERROR] LogOutputStream:75 - [STDERR_REDIRECT] WARNING: Could not lock System prefs. Unix error code 2.
2025-02-16 20:23:12,309 [ERROR] LogOutputStream:75 - [STDERR_REDIRECT] 
2025-02-16 20:23:12,309 [ERROR] LogOutputStream:75 - [STDERR_REDIRECT] Feb 16, 2025 8:23:12 PM java.util.prefs.FileSystemPreferences syncWorld
2025-02-16 20:23:12,309 [ERROR] LogOutputStream:75 - [STDERR_REDIRECT] WARNING: Couldn't flush system prefs: java.util.prefs.BackingStoreException: Couldn't get file lock.
2025-02-16 20:23:12,309 [ERROR] LogOutputStream:75 - [STDERR_REDIRECT] 
2025-02-16 20:23:42,310 [ERROR] LogOutputStream:75 - [STDERR_REDIRECT] Feb 16, 2025 8:23:42 PM java.util.prefs.FileSystemPreferences checkLockFile0ErrorCode
2025-02-16 20:23:42,310 [ERROR] LogOutputStream:75 - [STDERR_REDIRECT] WARNING: Could not lock System prefs. Unix error code 2.
2025-02-16 20:23:42,310 [ERROR] LogOutputStream:75 - [STDERR_REDIRECT] 
2025-02-16 20:23:42,310 [ERROR] LogOutputStream:75 - [STDERR_REDIRECT] Feb 16, 2025 8:23:42 PM java.util.prefs.FileSystemPreferences syncWorld
2025-02-16 20:23:42,310 [ERROR] LogOutputStream:75 - [STDERR_REDIRECT] WARNING: Couldn't flush system prefs: java.util.prefs.BackingStoreException: Couldn't get file lock.
2025-02-16 20:23:42,310 [ERROR] LogOutputStream:75 - [STDERR_REDIRECT] 
2025-02-16 20:24:12,310 [ERROR] LogOutputStream:75 - [STDERR_REDIRECT] Feb 16, 2025 8:24:12 PM java.util.prefs.FileSystemPreferences checkLockFile0ErrorCode
2025-02-16 20:24:12,310 [ERROR] LogOutputStream:75 - [STDERR_REDIRECT] WARNING: Could not lock System prefs. Unix error code 2.
2025-02-16 20:24:12,310 [ERROR] LogOutputStream:75 - [STDERR_REDIRECT] 
2025-02-16 20:24:12,310 [ERROR] LogOutputStream:75 - [STDERR_REDIRECT] Feb 16, 2025 8:24:12 PM java.util.prefs.FileSystemPreferences syncWorld
2025-02-16 20:24:12,310 [ERROR] LogOutputStream:75 - [STDERR_REDIRECT] WARNING: Couldn't flush system prefs: java.util.prefs.BackingStoreException: Couldn't get file lock.
2025-02-16 20:24:12,310 [ERROR] LogOutputStream:75 - [STDERR_REDIRECT] 
2025-02-16 20:24:42,310 [ERROR] LogOutputStream:75 - [STDERR_REDIRECT] Feb 16, 2025 8:24:42 PM java.util.prefs.FileSystemPreferences checkLockFile0ErrorCode
2025-02-16 20:24:42,310 [ERROR] LogOutputStream:75 - [STDERR_REDIRECT] WARNING: Could not lock System prefs. Unix error code 2.
2025-02-16 20:24:42,310 [ERROR] LogOutputStream:75 - [STDERR_REDIRECT] 
2025-02-16 20:24:42,310 [ERROR] LogOutputStream:75 - [STDERR_REDIRECT] Feb 16, 2025 8:24:42 PM java.util.prefs.FileSystemPreferences syncWorld
2025-02-16 20:24:42,310 [ERROR] LogOutputStream:75 - [STDERR_REDIRECT] WARNING: Couldn't flush system prefs: java.util.prefs.BackingStoreException: Couldn't get file lock.
2025-02-16 20:24:42,310 [ERROR] LogOutputStream:75 - [STDERR_REDIRECT] 
2025-02-16 20:25:12,310 [ERROR] LogOutputStream:75 - [STDERR_REDIRECT] Feb 16, 2025 8:25:12 PM java.util.prefs.FileSystemPreferences checkLockFile0ErrorCode
2025-02-16 20:25:12,310 [ERROR] LogOutputStream:75 - [STDERR_REDIRECT] WARNING: Could not lock System prefs. Unix error code 2.
2025-02-16 20:25:12,311 [ERROR] LogOutputStream:75 - [STDERR_REDIRECT] 
2025-02-16 20:25:12,311 [ERROR] LogOutputStream:75 - [STDERR_REDIRECT] Feb 16, 2025 8:25:12 PM java.util.prefs.FileSystemPreferences syncWorld
2025-02-16 20:25:12,311 [ERROR] LogOutputStream:75 - [STDERR_REDIRECT] WARNING: Couldn't flush system prefs: java.util.prefs.BackingStoreException: Couldn't get file lock.
2025-02-16 20:25:12,311 [ERROR] LogOutputStream:75 - [STDERR_REDIRECT] 
2025-02-16 20:25:42,311 [ERROR] LogOutputStream:75 - [STDERR_REDIRECT] Feb 16, 2025 8:25:42 PM java.util.prefs.FileSystemPreferences checkLockFile0ErrorCode
2025-02-16 20:25:42,311 [ERROR] LogOutputStream:75 - [STDERR_REDIRECT] WARNING: Could not lock System prefs. Unix error code 2.
2025-02-16 20:25:42,311 [ERROR] LogOutputStream:75 - [STDERR_REDIRECT] 
2025-02-16 20:25:42,311 [ERROR] LogOutputStream:75 - [STDERR_REDIRECT] Feb 16, 2025 8:25:42 PM java.util.prefs.FileSystemPreferences syncWorld
2025-02-16 20:25:42,311 [ERROR] LogOutputStream:75 - [STDERR_REDIRECT] WARNING: Couldn't flush system prefs: java.util.prefs.BackingStoreException: Couldn't get file lock.
2025-02-16 20:25:42,311 [ERROR] LogOutputStream:75 - [STDERR_REDIRECT] 
2025-02-16 20:26:12,311 [ERROR] LogOutputStream:75 - [STDERR_REDIRECT] Feb 16, 2025 8:26:12 PM java.util.prefs.FileSystemPreferences checkLockFile0ErrorCode
2025-02-16 20:26:12,311 [ERROR] LogOutputStream:75 - [STDERR_REDIRECT] WARNING: Could not lock System prefs. Unix error code 2.
2025-02-16 20:26:12,312 [ERROR] LogOutputStream:75 - [STDERR_REDIRECT] 
2025-02-16 20:26:12,312 [ERROR] LogOutputStream:75 - [STDERR_REDIRECT] Feb 16, 2025 8:26:12 PM java.util.prefs.FileSystemPreferences syncWorld
2025-02-16 20:26:12,312 [ERROR] LogOutputStream:75 - [STDERR_REDIRECT] WARNING: Couldn't flush system prefs: java.util.prefs.BackingStoreException: Couldn't get file lock.
2025-02-16 20:26:12,312 [ERROR] LogOutputStream:75 - [STDERR_REDIRECT] 
2025-02-16 20:26:42,311 [ERROR] LogOutputStream:75 - [STDERR_REDIRECT] Feb 16, 2025 8:26:42 PM java.util.prefs.FileSystemPreferences checkLockFile0ErrorCode
2025-02-16 20:26:42,311 [ERROR] LogOutputStream:75 - [STDERR_REDIRECT] WARNING: Could not lock System prefs. Unix error code 2.
2025-02-16 20:26:42,311 [ERROR] LogOutputStream:75 - [STDERR_REDIRECT] 
2025-02-16 20:26:42,311 [ERROR] LogOutputStream:75 - [STDERR_REDIRECT] Feb 16, 2025 8:26:42 PM java.util.prefs.FileSystemPreferences syncWorld
2025-02-16 20:26:42,311 [ERROR] LogOutputStream:75 - [STDERR_REDIRECT] WARNING: Couldn't flush system prefs: java.util.prefs.BackingStoreException: Couldn't get file lock.
2025-02-16 20:26:42,311 [ERROR] LogOutputStream:75 - [STDERR_REDIRECT] 
2025-02-16 20:27:12,312 [ERROR] LogOutputStream:75 - [STDERR_REDIRECT] Feb 16, 2025 8:27:12 PM java.util.prefs.FileSystemPreferences checkLockFile0ErrorCode
2025-02-16 20:27:12,312 [ERROR] LogOutputStream:75 - [STDERR_REDIRECT] WARNING: Could not lock System prefs. Unix error code 2.
2025-02-16 20:27:12,312 [ERROR] LogOutputStream:75 - [STDERR_REDIRECT] 
2025-02-16 20:27:12,312 [ERROR] LogOutputStream:75 - [STDERR_REDIRECT] Feb 16, 2025 8:27:12 PM java.util.prefs.FileSystemPreferences syncWorld
2025-02-16 20:27:12,312 [ERROR] LogOutputStream:75 - [STDERR_REDIRECT] WARNING: Couldn't flush system prefs: java.util.prefs.BackingStoreException: Couldn't get file lock.
2025-02-16 20:27:12,312 [ERROR] LogOutputStream:75 - [STDERR_REDIRECT] 
2025-02-16 20:27:42,311 [ERROR] LogOutputStream:75 - [STDERR_REDIRECT] Feb 16, 2025 8:27:42 PM java.util.prefs.FileSystemPreferences checkLockFile0ErrorCode
2025-02-16 20:27:42,311 [ERROR] LogOutputStream:75 - [STDERR_REDIRECT] WARNING: Could not lock System prefs. Unix error code 2.
2025-02-16 20:27:42,318 [ERROR] LogOutputStream:75 - [STDERR_REDIRECT] 
2025-02-16 20:27:42,318 [ERROR] LogOutputStream:75 - [STDERR_REDIRECT] Feb 16, 2025 8:27:42 PM java.util.prefs.FileSystemPreferences syncWorld
2025-02-16 20:27:42,318 [ERROR] LogOutputStream:75 - [STDERR_REDIRECT] WARNING: Couldn't flush system prefs: java.util.prefs.BackingStoreException: Couldn't get file lock.
2025-02-16 20:27:42,318 [ERROR] LogOutputStream:75 - [STDERR_REDIRECT] 
2025-02-16 20:28:12,311 [ERROR] LogOutputStream:75 - [STDERR_REDIRECT] Feb 16, 2025 8:28:12 PM java.util.prefs.FileSystemPreferences checkLockFile0ErrorCode
2025-02-16 20:28:12,311 [ERROR] LogOutputStream:75 - [STDERR_REDIRECT] WARNING: Could not lock System prefs. Unix error code 2.
2025-02-16 20:28:12,311 [ERROR] LogOutputStream:75 - [STDERR_REDIRECT] 
2025-02-16 20:28:12,312 [ERROR] LogOutputStream:75 - [STDERR_REDIRECT] Feb 16, 2025 8:28:12 PM java.util.prefs.FileSystemPreferences syncWorld
2025-02-16 20:28:12,312 [ERROR] LogOutputStream:75 - [STDERR_REDIRECT] WARNING: Couldn't flush system prefs: java.util.prefs.BackingStoreException: Couldn't get file lock.
2025-02-16 20:28:12,312 [ERROR] LogOutputStream:75 - [STDERR_REDIRECT] 
2025-02-16 20:28:42,311 [ERROR] LogOutputStream:75 - [STDERR_REDIRECT] Feb 16, 2025 8:28:42 PM java.util.prefs.FileSystemPreferences checkLockFile0ErrorCode
2025-02-16 20:28:42,311 [ERROR] LogOutputStream:75 - [STDERR_REDIRECT] WARNING: Could not lock System prefs. Unix error code 2.
2025-02-16 20:28:42,311 [ERROR] LogOutputStream:75 - [STDERR_REDIRECT] 
2025-02-16 20:28:42,311 [ERROR] LogOutputStream:75 - [STDERR_REDIRECT] Feb 16, 2025 8:28:42 PM java.util.prefs.FileSystemPreferences syncWorld
2025-02-16 20:28:42,311 [ERROR] LogOutputStream:75 - [STDERR_REDIRECT] WARNING: Couldn't flush system prefs: java.util.prefs.BackingStoreException: Couldn't get file lock.
2025-02-16 20:28:42,311 [ERROR] LogOutputStream:75 - [STDERR_REDIRECT] 
2025-02-16 20:29:12,311 [ERROR] LogOutputStream:75 - [STDERR_REDIRECT] Feb 16, 2025 8:29:12 PM java.util.prefs.FileSystemPreferences checkLockFile0ErrorCode
2025-02-16 20:29:12,311 [ERROR] LogOutputStream:75 - [STDERR_REDIRECT] WARNING: Could not lock System prefs. Unix error code 2.
2025-02-16 20:29:12,311 [ERROR] LogOutputStream:75 - [STDERR_REDIRECT] 
2025-02-16 20:29:12,312 [ERROR] LogOutputStream:75 - [STDERR_REDIRECT] Feb 16, 2025 8:29:12 PM java.util.prefs.FileSystemPreferences syncWorld
2025-02-16 20:29:12,312 [ERROR] LogOutputStream:75 - [STDERR_REDIRECT] WARNING: Couldn't flush system prefs: java.util.prefs.BackingStoreException: Couldn't get file lock.
2025-02-16 20:29:12,312 [ERROR] LogOutputStream:75 - [STDERR_REDIRECT] 
2025-02-16 20:29:42,311 [ERROR] LogOutputStream:75 - [STDERR_REDIRECT] Feb 16, 2025 8:29:42 PM java.util.prefs.FileSystemPreferences checkLockFile0ErrorCode
2025-02-16 20:29:42,311 [ERROR] LogOutputStream:75 - [STDERR_REDIRECT] WARNING: Could not lock System prefs. Unix error code 2.
2025-02-16 20:29:42,311 [ERROR] LogOutputStream:75 - [STDERR_REDIRECT] 
2025-02-16 20:29:42,311 [ERROR] LogOutputStream:75 - [STDERR_REDIRECT] Feb 16, 2025 8:29:42 PM java.util.prefs.FileSystemPreferences syncWorld
2025-02-16 20:29:42,311 [ERROR] LogOutputStream:75 - [STDERR_REDIRECT] WARNING: Couldn't flush system prefs: java.util.prefs.BackingStoreException: Couldn't get file lock.
2025-02-16 20:29:42,311 [ERROR] LogOutputStream:75 - [STDERR_REDIRECT] 
2025-02-16 20:30:12,311 [ERROR] LogOutputStream:75 - [STDERR_REDIRECT] Feb 16, 2025 8:30:12 PM java.util.prefs.FileSystemPreferences checkLockFile0ErrorCode
2025-02-16 20:30:12,311 [ERROR] LogOutputStream:75 - [STDERR_REDIRECT] WARNING: Could not lock System prefs. Unix error code 2.
2025-02-16 20:30:12,311 [ERROR] LogOutputStream:75 - [STDERR_REDIRECT] 
2025-02-16 20:30:12,311 [ERROR] LogOutputStream:75 - [STDERR_REDIRECT] Feb 16, 2025 8:30:12 PM java.util.prefs.FileSystemPreferences syncWorld
2025-02-16 20:30:12,312 [ERROR] LogOutputStream:75 - [STDERR_REDIRECT] WARNING: Couldn't flush system prefs: java.util.prefs.BackingStoreException: Couldn't get file lock.
2025-02-16 20:30:12,312 [ERROR] LogOutputStream:75 - [STDERR_REDIRECT] 
2025-02-16 20:30:42,311 [ERROR] LogOutputStream:75 - [STDERR_REDIRECT] Feb 16, 2025 8:30:42 PM java.util.prefs.FileSystemPreferences checkLockFile0ErrorCode
2025-02-16 20:30:42,311 [ERROR] LogOutputStream:75 - [STDERR_REDIRECT] WARNING: Could not lock System prefs. Unix error code 2.
2025-02-16 20:30:42,311 [ERROR] LogOutputStream:75 - [STDERR_REDIRECT] 
2025-02-16 20:30:42,311 [ERROR] LogOutputStream:75 - [STDERR_REDIRECT] Feb 16, 2025 8:30:42 PM java.util.prefs.FileSystemPreferences syncWorld
2025-02-16 20:30:42,311 [ERROR] LogOutputStream:75 - [STDERR_REDIRECT] WARNING: Couldn't flush system prefs: java.util.prefs.BackingStoreException: Couldn't get file lock.
2025-02-16 20:30:42,311 [ERROR] LogOutputStream:75 - [STDERR_REDIRECT] 
2025-02-16 20:31:12,312 [ERROR] LogOutputStream:75 - [STDERR_REDIRECT] Feb 16, 2025 8:31:12 PM java.util.prefs.FileSystemPreferences checkLockFile0ErrorCode
2025-02-16 20:31:12,312 [ERROR] LogOutputStream:75 - [STDERR_REDIRECT] WARNING: Could not lock System prefs. Unix error code 2.
2025-02-16 20:31:12,312 [ERROR] LogOutputStream:75 - [STDERR_REDIRECT] 
2025-02-16 20:31:12,312 [ERROR] LogOutputStream:75 - [STDERR_REDIRECT] Feb 16, 2025 8:31:12 PM java.util.prefs.FileSystemPreferences syncWorld
2025-02-16 20:31:12,312 [ERROR] LogOutputStream:75 - [STDERR_REDIRECT] WARNING: Couldn't flush system prefs: java.util.prefs.BackingStoreException: Couldn't get file lock.
2025-02-16 20:31:12,312 [ERROR] LogOutputStream:75 - [STDERR_REDIRECT] 
2025-02-16 20:31:42,311 [ERROR] LogOutputStream:75 - [STDERR_REDIRECT] Feb 16, 2025 8:31:42 PM java.util.prefs.FileSystemPreferences checkLockFile0ErrorCode
2025-02-16 20:31:42,311 [ERROR] LogOutputStream:75 - [STDERR_REDIRECT] WARNING: Could not lock System prefs. Unix error code 2.
2025-02-16 20:31:42,311 [ERROR] LogOutputStream:75 - [STDERR_REDIRECT] 
2025-02-16 20:31:42,311 [ERROR] LogOutputStream:75 - [STDERR_REDIRECT] Feb 16, 2025 8:31:42 PM java.util.prefs.FileSystemPreferences syncWorld
2025-02-16 20:31:42,311 [ERROR] LogOutputStream:75 - [STDERR_REDIRECT] WARNING: Couldn't flush system prefs: java.util.prefs.BackingStoreException: Couldn't get file lock.
2025-02-16 20:31:42,311 [ERROR] LogOutputStream:75 - [STDERR_REDIRECT] 
2025-02-16 20:32:12,311 [ERROR] LogOutputStream:75 - [STDERR_REDIRECT] Feb 16, 2025 8:32:12 PM java.util.prefs.FileSystemPreferences checkLockFile0ErrorCode
2025-02-16 20:32:12,311 [ERROR] LogOutputStream:75 - [STDERR_REDIRECT] WARNING: Could not lock System prefs. Unix error code 2.
2025-02-16 20:32:12,311 [ERROR] LogOutputStream:75 - [STDERR_REDIRECT] 
2025-02-16 20:32:12,311 [ERROR] LogOutputStream:75 - [STDERR_REDIRECT] Feb 16, 2025 8:32:12 PM java.util.prefs.FileSystemPreferences syncWorld
2025-02-16 20:32:12,312 [ERROR] LogOutputStream:75 - [STDERR_REDIRECT] WARNING: Couldn't flush system prefs: java.util.prefs.BackingStoreException: Couldn't get file lock.
2025-02-16 20:32:12,312 [ERROR] LogOutputStream:75 - [STDERR_REDIRECT] 
2025-02-16 20:32:42,311 [ERROR] LogOutputStream:75 - [STDERR_REDIRECT] Feb 16, 2025 8:32:42 PM java.util.prefs.FileSystemPreferences checkLockFile0ErrorCode
2025-02-16 20:32:42,311 [ERROR] LogOutputStream:75 - [STDERR_REDIRECT] WARNING: Could not lock System prefs. Unix error code 2.
2025-02-16 20:32:42,311 [ERROR] LogOutputStream:75 - [STDERR_REDIRECT] 
2025-02-16 20:32:42,311 [ERROR] LogOutputStream:75 - [STDERR_REDIRECT] Feb 16, 2025 8:32:42 PM java.util.prefs.FileSystemPreferences syncWorld
2025-02-16 20:32:42,311 [ERROR] LogOutputStream:75 - [STDERR_REDIRECT] WARNING: Couldn't flush system prefs: java.util.prefs.BackingStoreException: Couldn't get file lock.
2025-02-16 20:32:42,311 [ERROR] LogOutputStream:75 - [STDERR_REDIRECT] 
2025-02-16 20:33:12,311 [ERROR] LogOutputStream:75 - [STDERR_REDIRECT] Feb 16, 2025 8:33:12 PM java.util.prefs.FileSystemPreferences checkLockFile0ErrorCode
2025-02-16 20:33:12,311 [ERROR] LogOutputStream:75 - [STDERR_REDIRECT] WARNING: Could not lock System prefs. Unix error code 2.
2025-02-16 20:33:12,311 [ERROR] LogOutputStream:75 - [STDERR_REDIRECT] 
2025-02-16 20:33:12,311 [ERROR] LogOutputStream:75 - [STDERR_REDIRECT] Feb 16, 2025 8:33:12 PM java.util.prefs.FileSystemPreferences syncWorld
2025-02-16 20:33:12,311 [ERROR] LogOutputStream:75 - [STDERR_REDIRECT] WARNING: Couldn't flush system prefs: java.util.prefs.BackingStoreException: Couldn't get file lock.
2025-02-16 20:33:12,312 [ERROR] LogOutputStream:75 - [STDERR_REDIRECT] 
2025-02-16 20:33:42,311 [ERROR] LogOutputStream:75 - [STDERR_REDIRECT] Feb 16, 2025 8:33:42 PM java.util.prefs.FileSystemPreferences checkLockFile0ErrorCode
2025-02-16 20:33:42,311 [ERROR] LogOutputStream:75 - [STDERR_REDIRECT] WARNING: Could not lock System prefs. Unix error code 2.
2025-02-16 20:33:42,311 [ERROR] LogOutputStream:75 - [STDERR_REDIRECT] 
2025-02-16 20:33:42,311 [ERROR] LogOutputStream:75 - [STDERR_REDIRECT] Feb 16, 2025 8:33:42 PM java.util.prefs.FileSystemPreferences syncWorld
2025-02-16 20:33:42,311 [ERROR] LogOutputStream:75 - [STDERR_REDIRECT] WARNING: Couldn't flush system prefs: java.util.prefs.BackingStoreException: Couldn't get file lock.
2025-02-16 20:33:42,311 [ERROR] LogOutputStream:75 - [STDERR_REDIRECT] 
2025-02-16 20:34:12,311 [ERROR] LogOutputStream:75 - [STDERR_REDIRECT] Feb 16, 2025 8:34:12 PM java.util.prefs.FileSystemPreferences checkLockFile0ErrorCode
2025-02-16 20:34:12,312 [ERROR] LogOutputStream:75 - [STDERR_REDIRECT] WARNING: Could not lock System prefs. Unix error code 2.
2025-02-16 20:34:12,318 [ERROR] LogOutputStream:75 - [STDERR_REDIRECT] 
2025-02-16 20:34:12,318 [ERROR] LogOutputStream:75 - [STDERR_REDIRECT] Feb 16, 2025 8:34:12 PM java.util.prefs.FileSystemPreferences syncWorld
2025-02-16 20:34:12,318 [ERROR] LogOutputStream:75 - [STDERR_REDIRECT] WARNING: Couldn't flush system prefs: java.util.prefs.BackingStoreException: Couldn't get file lock.
2025-02-16 20:34:12,318 [ERROR] LogOutputStream:75 - [STDERR_REDIRECT] 
2025-02-16 20:34:42,312 [ERROR] LogOutputStream:75 - [STDERR_REDIRECT] Feb 16, 2025 8:34:42 PM java.util.prefs.FileSystemPreferences checkLockFile0ErrorCode
2025-02-16 20:34:42,312 [ERROR] LogOutputStream:75 - [STDERR_REDIRECT] WARNING: Could not lock System prefs. Unix error code 2.
2025-02-16 20:34:42,312 [ERROR] LogOutputStream:75 - [STDERR_REDIRECT] 
2025-02-16 20:34:42,312 [ERROR] LogOutputStream:75 - [STDERR_REDIRECT] Feb 16, 2025 8:34:42 PM java.util.prefs.FileSystemPreferences syncWorld
2025-02-16 20:34:42,312 [ERROR] LogOutputStream:75 - [STDERR_REDIRECT] WARNING: Couldn't flush system prefs: java.util.prefs.BackingStoreException: Couldn't get file lock.
2025-02-16 20:34:42,312 [ERROR] LogOutputStream:75 - [STDERR_REDIRECT] 
2025-02-16 20:35:12,312 [ERROR] LogOutputStream:75 - [STDERR_REDIRECT] Feb 16, 2025 8:35:12 PM java.util.prefs.FileSystemPreferences checkLockFile0ErrorCode
2025-02-16 20:35:12,312 [ERROR] LogOutputStream:75 - [STDERR_REDIRECT] WARNING: Could not lock System prefs. Unix error code 2.
2025-02-16 20:35:12,312 [ERROR] LogOutputStream:75 - [STDERR_REDIRECT] 
2025-02-16 20:35:12,312 [ERROR] LogOutputStream:75 - [STDERR_REDIRECT] Feb 16, 2025 8:35:12 PM java.util.prefs.FileSystemPreferences syncWorld
2025-02-16 20:35:12,312 [ERROR] LogOutputStream:75 - [STDERR_REDIRECT] WARNING: Couldn't flush system prefs: java.util.prefs.BackingStoreException: Couldn't get file lock.
2025-02-16 20:35:12,312 [ERROR] LogOutputStream:75 - [STDERR_REDIRECT] 
2025-02-16 20:35:42,312 [ERROR] LogOutputStream:75 - [STDERR_REDIRECT] Feb 16, 2025 8:35:42 PM java.util.prefs.FileSystemPreferences checkLockFile0ErrorCode
2025-02-16 20:35:42,313 [ERROR] LogOutputStream:75 - [STDERR_REDIRECT] WARNING: Could not lock System prefs. Unix error code 2.
2025-02-16 20:35:42,313 [ERROR] LogOutputStream:75 - [STDERR_REDIRECT] 
2025-02-16 20:35:42,313 [ERROR] LogOutputStream:75 - [STDERR_REDIRECT] Feb 16, 2025 8:35:42 PM java.util.prefs.FileSystemPreferences syncWorld
2025-02-16 20:35:42,313 [ERROR] LogOutputStream:75 - [STDERR_REDIRECT] WARNING: Couldn't flush system prefs: java.util.prefs.BackingStoreException: Couldn't get file lock.
2025-02-16 20:35:42,313 [ERROR] LogOutputStream:75 - [STDERR_REDIRECT] 
2025-02-16 20:36:12,312 [ERROR] LogOutputStream:75 - [STDERR_REDIRECT] Feb 16, 2025 8:36:12 PM java.util.prefs.FileSystemPreferences checkLockFile0ErrorCode
2025-02-16 20:36:12,312 [ERROR] LogOutputStream:75 - [STDERR_REDIRECT] WARNING: Could not lock System prefs. Unix error code 2.
2025-02-16 20:36:12,312 [ERROR] LogOutputStream:75 - [STDERR_REDIRECT] 
2025-02-16 20:36:12,312 [ERROR] LogOutputStream:75 - [STDERR_REDIRECT] Feb 16, 2025 8:36:12 PM java.util.prefs.FileSystemPreferences syncWorld
2025-02-16 20:36:12,312 [ERROR] LogOutputStream:75 - [STDERR_REDIRECT] WARNING: Couldn't flush system prefs: java.util.prefs.BackingStoreException: Couldn't get file lock.
2025-02-16 20:36:12,312 [ERROR] LogOutputStream:75 - [STDERR_REDIRECT] 
2025-02-16 20:36:42,313 [ERROR] LogOutputStream:75 - [STDERR_REDIRECT] Feb 16, 2025 8:36:42 PM java.util.prefs.FileSystemPreferences checkLockFile0ErrorCode
2025-02-16 20:36:42,313 [ERROR] LogOutputStream:75 - [STDERR_REDIRECT] WARNING: Could not lock System prefs. Unix error code 2.
2025-02-16 20:36:42,313 [ERROR] LogOutputStream:75 - [STDERR_REDIRECT] 
2025-02-16 20:36:42,313 [ERROR] LogOutputStream:75 - [STDERR_REDIRECT] Feb 16, 2025 8:36:42 PM java.util.prefs.FileSystemPreferences syncWorld
2025-02-16 20:36:42,313 [ERROR] LogOutputStream:75 - [STDERR_REDIRECT] WARNING: Couldn't flush system prefs: java.util.prefs.BackingStoreException: Couldn't get file lock.
2025-02-16 20:36:42,313 [ERROR] LogOutputStream:75 - [STDERR_REDIRECT] 
2025-02-16 20:37:12,313 [ERROR] LogOutputStream:75 - [STDERR_REDIRECT] Feb 16, 2025 8:37:12 PM java.util.prefs.FileSystemPreferences checkLockFile0ErrorCode
2025-02-16 20:37:12,313 [ERROR] LogOutputStream:75 - [STDERR_REDIRECT] WARNING: Could not lock System prefs. Unix error code 2.
2025-02-16 20:37:12,314 [ERROR] LogOutputStream:75 - [STDERR_REDIRECT] 
2025-02-16 20:37:12,314 [ERROR] LogOutputStream:75 - [STDERR_REDIRECT] Feb 16, 2025 8:37:12 PM java.util.prefs.FileSystemPreferences syncWorld
2025-02-16 20:37:12,314 [ERROR] LogOutputStream:75 - [STDERR_REDIRECT] WARNING: Couldn't flush system prefs: java.util.prefs.BackingStoreException: Couldn't get file lock.
2025-02-16 20:37:12,314 [ERROR] LogOutputStream:75 - [STDERR_REDIRECT] 
2025-02-16 20:37:42,313 [ERROR] LogOutputStream:75 - [STDERR_REDIRECT] Feb 16, 2025 8:37:42 PM java.util.prefs.FileSystemPreferences checkLockFile0ErrorCode
2025-02-16 20:37:42,313 [ERROR] LogOutputStream:75 - [STDERR_REDIRECT] WARNING: Could not lock System prefs. Unix error code 2.
2025-02-16 20:37:42,313 [ERROR] LogOutputStream:75 - [STDERR_REDIRECT] 
2025-02-16 20:37:42,313 [ERROR] LogOutputStream:75 - [STDERR_REDIRECT] Feb 16, 2025 8:37:42 PM java.util.prefs.FileSystemPreferences syncWorld
2025-02-16 20:37:42,313 [ERROR] LogOutputStream:75 - [STDERR_REDIRECT] WARNING: Couldn't flush system prefs: java.util.prefs.BackingStoreException: Couldn't get file lock.
2025-02-16 20:37:42,313 [ERROR] LogOutputStream:75 - [STDERR_REDIRECT] 
2025-02-16 20:38:12,313 [ERROR] LogOutputStream:75 - [STDERR_REDIRECT] Feb 16, 2025 8:38:12 PM java.util.prefs.FileSystemPreferences checkLockFile0ErrorCode
2025-02-16 20:38:12,313 [ERROR] LogOutputStream:75 - [STDERR_REDIRECT] WARNING: Could not lock System prefs. Unix error code 2.
2025-02-16 20:38:12,314 [ERROR] LogOutputStream:75 - [STDERR_REDIRECT] 
2025-02-16 20:38:12,314 [ERROR] LogOutputStream:75 - [STDERR_REDIRECT] Feb 16, 2025 8:38:12 PM java.util.prefs.FileSystemPreferences syncWorld
2025-02-16 20:38:12,314 [ERROR] LogOutputStream:75 - [STDERR_REDIRECT] WARNING: Couldn't flush system prefs: java.util.prefs.BackingStoreException: Couldn't get file lock.
2025-02-16 20:38:12,314 [ERROR] LogOutputStream:75 - [STDERR_REDIRECT] 
2025-02-16 20:38:42,313 [ERROR] LogOutputStream:75 - [STDERR_REDIRECT] Feb 16, 2025 8:38:42 PM java.util.prefs.FileSystemPreferences checkLockFile0ErrorCode
2025-02-16 20:38:42,313 [ERROR] LogOutputStream:75 - [STDERR_REDIRECT] WARNING: Could not lock System prefs. Unix error code 2.
2025-02-16 20:38:42,313 [ERROR] LogOutputStream:75 - [STDERR_REDIRECT] 
2025-02-16 20:38:42,313 [ERROR] LogOutputStream:75 - [STDERR_REDIRECT] Feb 16, 2025 8:38:42 PM java.util.prefs.FileSystemPreferences syncWorld
2025-02-16 20:38:42,313 [ERROR] LogOutputStream:75 - [STDERR_REDIRECT] WARNING: Couldn't flush system prefs: java.util.prefs.BackingStoreException: Couldn't get file lock.
2025-02-16 20:38:42,313 [ERROR] LogOutputStream:75 - [STDERR_REDIRECT] 
2025-02-16 20:39:12,314 [ERROR] LogOutputStream:75 - [STDERR_REDIRECT] Feb 16, 2025 8:39:12 PM java.util.prefs.FileSystemPreferences checkLockFile0ErrorCode
2025-02-16 20:39:12,314 [ERROR] LogOutputStream:75 - [STDERR_REDIRECT] WARNING: Could not lock System prefs. Unix error code 2.
2025-02-16 20:39:12,314 [ERROR] LogOutputStream:75 - [STDERR_REDIRECT] 
2025-02-16 20:39:12,314 [ERROR] LogOutputStream:75 - [STDERR_REDIRECT] Feb 16, 2025 8:39:12 PM java.util.prefs.FileSystemPreferences syncWorld
2025-02-16 20:39:12,314 [ERROR] LogOutputStream:75 - [STDERR_REDIRECT] WARNING: Couldn't flush system prefs: java.util.prefs.BackingStoreException: Couldn't get file lock.
2025-02-16 20:39:12,314 [ERROR] LogOutputStream:75 - [STDERR_REDIRECT] 
2025-02-16 20:39:42,314 [ERROR] LogOutputStream:75 - [STDERR_REDIRECT] Feb 16, 2025 8:39:42 PM java.util.prefs.FileSystemPreferences checkLockFile0ErrorCode
2025-02-16 20:39:42,314 [ERROR] LogOutputStream:75 - [STDERR_REDIRECT] WARNING: Could not lock System prefs. Unix error code 2.
2025-02-16 20:39:42,314 [ERROR] LogOutputStream:75 - [STDERR_REDIRECT] 
2025-02-16 20:39:42,315 [ERROR] LogOutputStream:75 - [STDERR_REDIRECT] Feb 16, 2025 8:39:42 PM java.util.prefs.FileSystemPreferences syncWorld
2025-02-16 20:39:42,315 [ERROR] LogOutputStream:75 - [STDERR_REDIRECT] WARNING: Couldn't flush system prefs: java.util.prefs.BackingStoreException: Couldn't get file lock.
2025-02-16 20:39:42,315 [ERROR] LogOutputStream:75 - [STDERR_REDIRECT] 
2025-02-16 20:40:12,314 [ERROR] LogOutputStream:75 - [STDERR_REDIRECT] Feb 16, 2025 8:40:12 PM java.util.prefs.FileSystemPreferences checkLockFile0ErrorCode
2025-02-16 20:40:12,314 [ERROR] LogOutputStream:75 - [STDERR_REDIRECT] WARNING: Could not lock System prefs. Unix error code 2.
2025-02-16 20:40:12,314 [ERROR] LogOutputStream:75 - [STDERR_REDIRECT] 
2025-02-16 20:40:12,314 [ERROR] LogOutputStream:75 - [STDERR_REDIRECT] Feb 16, 2025 8:40:12 PM java.util.prefs.FileSystemPreferences syncWorld
2025-02-16 20:40:12,314 [ERROR] LogOutputStream:75 - [STDERR_REDIRECT] WARNING: Couldn't flush system prefs: java.util.prefs.BackingStoreException: Couldn't get file lock.
2025-02-16 20:40:12,314 [ERROR] LogOutputStream:75 - [STDERR_REDIRECT] 
2025-02-16 20:40:42,314 [ERROR] LogOutputStream:75 - [STDERR_REDIRECT] Feb 16, 2025 8:40:42 PM java.util.prefs.FileSystemPreferences checkLockFile0ErrorCode
2025-02-16 20:40:42,314 [ERROR] LogOutputStream:75 - [STDERR_REDIRECT] WARNING: Could not lock System prefs. Unix error code 2.
2025-02-16 20:40:42,314 [ERROR] LogOutputStream:75 - [STDERR_REDIRECT] 
2025-02-16 20:40:42,315 [ERROR] LogOutputStream:75 - [STDERR_REDIRECT] Feb 16, 2025 8:40:42 PM java.util.prefs.FileSystemPreferences syncWorld
2025-02-16 20:40:42,315 [ERROR] LogOutputStream:75 - [STDERR_REDIRECT] WARNING: Couldn't flush system prefs: java.util.prefs.BackingStoreException: Couldn't get file lock.
2025-02-16 20:40:42,315 [ERROR] LogOutputStream:75 - [STDERR_REDIRECT] 
2025-02-16 20:41:12,314 [ERROR] LogOutputStream:75 - [STDERR_REDIRECT] Feb 16, 2025 8:41:12 PM java.util.prefs.FileSystemPreferences checkLockFile0ErrorCode
2025-02-16 20:41:12,314 [ERROR] LogOutputStream:75 - [STDERR_REDIRECT] WARNING: Could not lock System prefs. Unix error code 2.
2025-02-16 20:41:12,314 [ERROR] LogOutputStream:75 - [STDERR_REDIRECT] 
2025-02-16 20:41:12,314 [ERROR] LogOutputStream:75 - [STDERR_REDIRECT] Feb 16, 2025 8:41:12 PM java.util.prefs.FileSystemPreferences syncWorld
2025-02-16 20:41:12,314 [ERROR] LogOutputStream:75 - [STDERR_REDIRECT] WARNING: Couldn't flush system prefs: java.util.prefs.BackingStoreException: Couldn't get file lock.
2025-02-16 20:41:12,314 [ERROR] LogOutputStream:75 - [STDERR_REDIRECT] 
2025-02-16 20:41:42,314 [ERROR] LogOutputStream:75 - [STDERR_REDIRECT] Feb 16, 2025 8:41:42 PM java.util.prefs.FileSystemPreferences checkLockFile0ErrorCode
2025-02-16 20:41:42,314 [ERROR] LogOutputStream:75 - [STDERR_REDIRECT] WARNING: Could not lock System prefs. Unix error code 2.
2025-02-16 20:41:42,314 [ERROR] LogOutputStream:75 - [STDERR_REDIRECT] 
2025-02-16 20:41:42,314 [ERROR] LogOutputStream:75 - [STDERR_REDIRECT] Feb 16, 2025 8:41:42 PM java.util.prefs.FileSystemPreferences syncWorld
2025-02-16 20:41:42,314 [ERROR] LogOutputStream:75 - [STDERR_REDIRECT] WARNING: Couldn't flush system prefs: java.util.prefs.BackingStoreException: Couldn't get file lock.
2025-02-16 20:41:42,314 [ERROR] LogOutputStream:75 - [STDERR_REDIRECT] 
2025-02-16 20:42:12,315 [ERROR] LogOutputStream:75 - [STDERR_REDIRECT] Feb 16, 2025 8:42:12 PM java.util.prefs.FileSystemPreferences checkLockFile0ErrorCode
2025-02-16 20:42:12,315 [ERROR] LogOutputStream:75 - [STDERR_REDIRECT] WARNING: Could not lock System prefs. Unix error code 2.
2025-02-16 20:42:12,315 [ERROR] LogOutputStream:75 - [STDERR_REDIRECT] 
2025-02-16 20:42:12,315 [ERROR] LogOutputStream:75 - [STDERR_REDIRECT] Feb 16, 2025 8:42:12 PM java.util.prefs.FileSystemPreferences syncWorld
2025-02-16 20:42:12,315 [ERROR] LogOutputStream:75 - [STDERR_REDIRECT] WARNING: Couldn't flush system prefs: java.util.prefs.BackingStoreException: Couldn't get file lock.
2025-02-16 20:42:12,315 [ERROR] LogOutputStream:75 - [STDERR_REDIRECT] 
2025-02-16 20:42:42,315 [ERROR] LogOutputStream:75 - [STDERR_REDIRECT] Feb 16, 2025 8:42:42 PM java.util.prefs.FileSystemPreferences checkLockFile0ErrorCode
2025-02-16 20:42:42,315 [ERROR] LogOutputStream:75 - [STDERR_REDIRECT] WARNING: Could not lock System prefs. Unix error code 2.
2025-02-16 20:42:42,315 [ERROR] LogOutputStream:75 - [STDERR_REDIRECT] 
2025-02-16 20:42:42,315 [ERROR] LogOutputStream:75 - [STDERR_REDIRECT] Feb 16, 2025 8:42:42 PM java.util.prefs.FileSystemPreferences syncWorld
2025-02-16 20:42:42,315 [ERROR] LogOutputStream:75 - [STDERR_REDIRECT] WARNING: Couldn't flush system prefs: java.util.prefs.BackingStoreException: Couldn't get file lock.
2025-02-16 20:42:42,316 [ERROR] LogOutputStream:75 - [STDERR_REDIRECT] 
2025-02-16 20:43:12,315 [ERROR] LogOutputStream:75 - [STDERR_REDIRECT] Feb 16, 2025 8:43:12 PM java.util.prefs.FileSystemPreferences checkLockFile0ErrorCode
2025-02-16 20:43:12,315 [ERROR] LogOutputStream:75 - [STDERR_REDIRECT] WARNING: Could not lock System prefs. Unix error code 2.
2025-02-16 20:43:12,315 [ERROR] LogOutputStream:75 - [STDERR_REDIRECT] 
2025-02-16 20:43:12,315 [ERROR] LogOutputStream:75 - [STDERR_REDIRECT] Feb 16, 2025 8:43:12 PM java.util.prefs.FileSystemPreferences syncWorld
2025-02-16 20:43:12,315 [ERROR] LogOutputStream:75 - [STDERR_REDIRECT] WARNING: Couldn't flush system prefs: java.util.prefs.BackingStoreException: Couldn't get file lock.
2025-02-16 20:43:12,315 [ERROR] LogOutputStream:75 - [STDERR_REDIRECT] 
2025-02-16 20:43:42,315 [ERROR] LogOutputStream:75 - [STDERR_REDIRECT] Feb 16, 2025 8:43:42 PM java.util.prefs.FileSystemPreferences checkLockFile0ErrorCode
2025-02-16 20:43:42,315 [ERROR] LogOutputStream:75 - [STDERR_REDIRECT] WARNING: Could not lock System prefs. Unix error code 2.
2025-02-16 20:43:42,315 [ERROR] LogOutputStream:75 - [STDERR_REDIRECT] 
2025-02-16 20:43:42,315 [ERROR] LogOutputStream:75 - [STDERR_REDIRECT] Feb 16, 2025 8:43:42 PM java.util.prefs.FileSystemPreferences syncWorld
2025-02-16 20:43:42,315 [ERROR] LogOutputStream:75 - [STDERR_REDIRECT] WARNING: Couldn't flush system prefs: java.util.prefs.BackingStoreException: Couldn't get file lock.
2025-02-16 20:43:42,315 [ERROR] LogOutputStream:75 - [STDERR_REDIRECT] 
2025-02-16 20:44:12,315 [ERROR] LogOutputStream:75 - [STDERR_REDIRECT] Feb 16, 2025 8:44:12 PM java.util.prefs.FileSystemPreferences checkLockFile0ErrorCode
2025-02-16 20:44:12,315 [ERROR] LogOutputStream:75 - [STDERR_REDIRECT] WARNING: Could not lock System prefs. Unix error code 2.
2025-02-16 20:44:12,316 [ERROR] LogOutputStream:75 - [STDERR_REDIRECT] 
2025-02-16 20:44:12,316 [ERROR] LogOutputStream:75 - [STDERR_REDIRECT] Feb 16, 2025 8:44:12 PM java.util.prefs.FileSystemPreferences syncWorld
2025-02-16 20:44:12,316 [ERROR] LogOutputStream:75 - [STDERR_REDIRECT] WARNING: Couldn't flush system prefs: java.util.prefs.BackingStoreException: Couldn't get file lock.
2025-02-16 20:44:12,316 [ERROR] LogOutputStream:75 - [STDERR_REDIRECT] 
2025-02-16 20:44:42,315 [ERROR] LogOutputStream:75 - [STDERR_REDIRECT] Feb 16, 2025 8:44:42 PM java.util.prefs.FileSystemPreferences checkLockFile0ErrorCode
2025-02-16 20:44:42,315 [ERROR] LogOutputStream:75 - [STDERR_REDIRECT] WARNING: Could not lock System prefs. Unix error code 2.
2025-02-16 20:44:42,315 [ERROR] LogOutputStream:75 - [STDERR_REDIRECT] 
2025-02-16 20:44:42,315 [ERROR] LogOutputStream:75 - [STDERR_REDIRECT] Feb 16, 2025 8:44:42 PM java.util.prefs.FileSystemPreferences syncWorld
2025-02-16 20:44:42,315 [ERROR] LogOutputStream:75 - [STDERR_REDIRECT] WARNING: Couldn't flush system prefs: java.util.prefs.BackingStoreException: Couldn't get file lock.
2025-02-16 20:44:42,315 [ERROR] LogOutputStream:75 - [STDERR_REDIRECT] 
2025-02-16 20:45:12,316 [ERROR] LogOutputStream:75 - [STDERR_REDIRECT] Feb 16, 2025 8:45:12 PM java.util.prefs.FileSystemPreferences checkLockFile0ErrorCode
2025-02-16 20:45:12,316 [ERROR] LogOutputStream:75 - [STDERR_REDIRECT] WARNING: Could not lock System prefs. Unix error code 2.
2025-02-16 20:45:12,316 [ERROR] LogOutputStream:75 - [STDERR_REDIRECT] 
2025-02-16 20:45:12,316 [ERROR] LogOutputStream:75 - [STDERR_REDIRECT] Feb 16, 2025 8:45:12 PM java.util.prefs.FileSystemPreferences syncWorld
2025-02-16 20:45:12,316 [ERROR] LogOutputStream:75 - [STDERR_REDIRECT] WARNING: Couldn't flush system prefs: java.util.prefs.BackingStoreException: Couldn't get file lock.
2025-02-16 20:45:12,316 [ERROR] LogOutputStream:75 - [STDERR_REDIRECT] 
2025-02-16 20:45:42,316 [ERROR] LogOutputStream:75 - [STDERR_REDIRECT] Feb 16, 2025 8:45:42 PM java.util.prefs.FileSystemPreferences checkLockFile0ErrorCode
2025-02-16 20:45:42,316 [ERROR] LogOutputStream:75 - [STDERR_REDIRECT] WARNING: Could not lock System prefs. Unix error code 2.
2025-02-16 20:45:42,316 [ERROR] LogOutputStream:75 - [STDERR_REDIRECT] 
2025-02-16 20:45:42,316 [ERROR] LogOutputStream:75 - [STDERR_REDIRECT] Feb 16, 2025 8:45:42 PM java.util.prefs.FileSystemPreferences syncWorld
2025-02-16 20:45:42,316 [ERROR] LogOutputStream:75 - [STDERR_REDIRECT] WARNING: Couldn't flush system prefs: java.util.prefs.BackingStoreException: Couldn't get file lock.
2025-02-16 20:45:42,316 [ERROR] LogOutputStream:75 - [STDERR_REDIRECT] 
2025-02-16 20:46:12,317 [ERROR] LogOutputStream:75 - [STDERR_REDIRECT] Feb 16, 2025 8:46:12 PM java.util.prefs.FileSystemPreferences checkLockFile0ErrorCode
2025-02-16 20:46:12,317 [ERROR] LogOutputStream:75 - [STDERR_REDIRECT] WARNING: Could not lock System prefs. Unix error code 2.
2025-02-16 20:46:12,317 [ERROR] LogOutputStream:75 - [STDERR_REDIRECT] 
2025-02-16 20:46:12,317 [ERROR] LogOutputStream:75 - [STDERR_REDIRECT] Feb 16, 2025 8:46:12 PM java.util.prefs.FileSystemPreferences syncWorld
2025-02-16 20:46:12,317 [ERROR] LogOutputStream:75 - [STDERR_REDIRECT] WARNING: Couldn't flush system prefs: java.util.prefs.BackingStoreException: Couldn't get file lock.
2025-02-16 20:46:12,317 [ERROR] LogOutputStream:75 - [STDERR_REDIRECT] 
2025-02-16 20:46:42,316 [ERROR] LogOutputStream:75 - [STDERR_REDIRECT] Feb 16, 2025 8:46:42 PM java.util.prefs.FileSystemPreferences checkLockFile0ErrorCode
2025-02-16 20:46:42,316 [ERROR] LogOutputStream:75 - [STDERR_REDIRECT] WARNING: Could not lock System prefs. Unix error code 2.
2025-02-16 20:46:42,316 [ERROR] LogOutputStream:75 - [STDERR_REDIRECT] 
2025-02-16 20:46:42,316 [ERROR] LogOutputStream:75 - [STDERR_REDIRECT] Feb 16, 2025 8:46:42 PM java.util.prefs.FileSystemPreferences syncWorld
2025-02-16 20:46:42,316 [ERROR] LogOutputStream:75 - [STDERR_REDIRECT] WARNING: Couldn't flush system prefs: java.util.prefs.BackingStoreException: Couldn't get file lock.
2025-02-16 20:46:42,317 [ERROR] LogOutputStream:75 - [STDERR_REDIRECT] 
2025-02-16 20:47:12,316 [ERROR] LogOutputStream:75 - [STDERR_REDIRECT] Feb 16, 2025 8:47:12 PM java.util.prefs.FileSystemPreferences checkLockFile0ErrorCode
2025-02-16 20:47:12,316 [ERROR] LogOutputStream:75 - [STDERR_REDIRECT] WARNING: Could not lock System prefs. Unix error code 2.
2025-02-16 20:47:12,316 [ERROR] LogOutputStream:75 - [STDERR_REDIRECT] 
2025-02-16 20:47:12,316 [ERROR] LogOutputStream:75 - [STDERR_REDIRECT] Feb 16, 2025 8:47:12 PM java.util.prefs.FileSystemPreferences syncWorld
2025-02-16 20:47:12,316 [ERROR] LogOutputStream:75 - [STDERR_REDIRECT] WARNING: Couldn't flush system prefs: java.util.prefs.BackingStoreException: Couldn't get file lock.
2025-02-16 20:47:12,316 [ERROR] LogOutputStream:75 - [STDERR_REDIRECT] 
2025-02-16 20:47:42,316 [ERROR] LogOutputStream:75 - [STDERR_REDIRECT] Feb 16, 2025 8:47:42 PM java.util.prefs.FileSystemPreferences checkLockFile0ErrorCode
2025-02-16 20:47:42,316 [ERROR] LogOutputStream:75 - [STDERR_REDIRECT] WARNING: Could not lock System prefs. Unix error code 2.
2025-02-16 20:47:42,316 [ERROR] LogOutputStream:75 - [STDERR_REDIRECT] 
2025-02-16 20:47:42,316 [ERROR] LogOutputStream:75 - [STDERR_REDIRECT] Feb 16, 2025 8:47:42 PM java.util.prefs.FileSystemPreferences syncWorld
2025-02-16 20:47:42,316 [ERROR] LogOutputStream:75 - [STDERR_REDIRECT] WARNING: Couldn't flush system prefs: java.util.prefs.BackingStoreException: Couldn't get file lock.
2025-02-16 20:47:42,316 [ERROR] LogOutputStream:75 - [STDERR_REDIRECT] 
2025-02-16 20:48:12,317 [ERROR] LogOutputStream:75 - [STDERR_REDIRECT] Feb 16, 2025 8:48:12 PM java.util.prefs.FileSystemPreferences checkLockFile0ErrorCode
2025-02-16 20:48:12,317 [ERROR] LogOutputStream:75 - [STDERR_REDIRECT] WARNING: Could not lock System prefs. Unix error code 2.
2025-02-16 20:48:12,317 [ERROR] LogOutputStream:75 - [STDERR_REDIRECT] 
2025-02-16 20:48:12,317 [ERROR] LogOutputStream:75 - [STDERR_REDIRECT] Feb 16, 2025 8:48:12 PM java.util.prefs.FileSystemPreferences syncWorld
2025-02-16 20:48:12,317 [ERROR] LogOutputStream:75 - [STDERR_REDIRECT] WARNING: Couldn't flush system prefs: java.util.prefs.BackingStoreException: Couldn't get file lock.
2025-02-16 20:48:12,317 [ERROR] LogOutputStream:75 - [STDERR_REDIRECT] 
2025-02-16 20:48:42,317 [ERROR] LogOutputStream:75 - [STDERR_REDIRECT] Feb 16, 2025 8:48:42 PM java.util.prefs.FileSystemPreferences checkLockFile0ErrorCode
2025-02-16 20:48:42,317 [ERROR] LogOutputStream:75 - [STDERR_REDIRECT] WARNING: Could not lock System prefs. Unix error code 2.
2025-02-16 20:48:42,317 [ERROR] LogOutputStream:75 - [STDERR_REDIRECT] 
2025-02-16 20:48:42,317 [ERROR] LogOutputStream:75 - [STDERR_REDIRECT] Feb 16, 2025 8:48:42 PM java.util.prefs.FileSystemPreferences syncWorld
2025-02-16 20:48:42,317 [ERROR] LogOutputStream:75 - [STDERR_REDIRECT] WARNING: Couldn't flush system prefs: java.util.prefs.BackingStoreException: Couldn't get file lock.
2025-02-16 20:48:42,317 [ERROR] LogOutputStream:75 - [STDERR_REDIRECT] 
2025-02-16 20:49:12,317 [ERROR] LogOutputStream:75 - [STDERR_REDIRECT] Feb 16, 2025 8:49:12 PM java.util.prefs.FileSystemPreferences checkLockFile0ErrorCode
2025-02-16 20:49:12,318 [ERROR] LogOutputStream:75 - [STDERR_REDIRECT] WARNING: Could not lock System prefs. Unix error code 2.
2025-02-16 20:49:12,318 [ERROR] LogOutputStream:75 - [STDERR_REDIRECT] 
2025-02-16 20:49:12,318 [ERROR] LogOutputStream:75 - [STDERR_REDIRECT] Feb 16, 2025 8:49:12 PM java.util.prefs.FileSystemPreferences syncWorld
2025-02-16 20:49:12,318 [ERROR] LogOutputStream:75 - [STDERR_REDIRECT] WARNING: Couldn't flush system prefs: java.util.prefs.BackingStoreException: Couldn't get file lock.
2025-02-16 20:49:12,318 [ERROR] LogOutputStream:75 - [STDERR_REDIRECT] 
2025-02-16 20:49:42,318 [ERROR] LogOutputStream:75 - [STDERR_REDIRECT] Feb 16, 2025 8:49:42 PM java.util.prefs.FileSystemPreferences checkLockFile0ErrorCode
2025-02-16 20:49:42,318 [ERROR] LogOutputStream:75 - [STDERR_REDIRECT] WARNING: Could not lock System prefs. Unix error code 2.
2025-02-16 20:49:42,318 [ERROR] LogOutputStream:75 - [STDERR_REDIRECT] 
2025-02-16 20:49:42,318 [ERROR] LogOutputStream:75 - [STDERR_REDIRECT] Feb 16, 2025 8:49:42 PM java.util.prefs.FileSystemPreferences syncWorld
2025-02-16 20:49:42,318 [ERROR] LogOutputStream:75 - [STDERR_REDIRECT] WARNING: Couldn't flush system prefs: java.util.prefs.BackingStoreException: Couldn't get file lock.
2025-02-16 20:49:42,318 [ERROR] LogOutputStream:75 - [STDERR_REDIRECT] 
2025-02-16 20:50:12,318 [ERROR] LogOutputStream:75 - [STDERR_REDIRECT] Feb 16, 2025 8:50:12 PM java.util.prefs.FileSystemPreferences checkLockFile0ErrorCode
2025-02-16 20:50:12,318 [ERROR] LogOutputStream:75 - [STDERR_REDIRECT] WARNING: Could not lock System prefs. Unix error code 2.
2025-02-16 20:50:12,318 [ERROR] LogOutputStream:75 - [STDERR_REDIRECT] 
2025-02-16 20:50:12,318 [ERROR] LogOutputStream:75 - [STDERR_REDIRECT] Feb 16, 2025 8:50:12 PM java.util.prefs.FileSystemPreferences syncWorld
2025-02-16 20:50:12,319 [ERROR] LogOutputStream:75 - [STDERR_REDIRECT] WARNING: Couldn't flush system prefs: java.util.prefs.BackingStoreException: Couldn't get file lock.
2025-02-16 20:50:12,319 [ERROR] LogOutputStream:75 - [STDERR_REDIRECT] 
2025-02-16 20:50:42,318 [ERROR] LogOutputStream:75 - [STDERR_REDIRECT] Feb 16, 2025 8:50:42 PM java.util.prefs.FileSystemPreferences checkLockFile0ErrorCode
2025-02-16 20:50:42,318 [ERROR] LogOutputStream:75 - [STDERR_REDIRECT] WARNING: Could not lock System prefs. Unix error code 2.
2025-02-16 20:50:42,318 [ERROR] LogOutputStream:75 - [STDERR_REDIRECT] 
2025-02-16 20:50:42,318 [ERROR] LogOutputStream:75 - [STDERR_REDIRECT] Feb 16, 2025 8:50:42 PM java.util.prefs.FileSystemPreferences syncWorld
2025-02-16 20:50:42,318 [ERROR] LogOutputStream:75 - [STDERR_REDIRECT] WARNING: Couldn't flush system prefs: java.util.prefs.BackingStoreException: Couldn't get file lock.
2025-02-16 20:50:42,318 [ERROR] LogOutputStream:75 - [STDERR_REDIRECT] 
2025-02-16 20:51:12,318 [ERROR] LogOutputStream:75 - [STDERR_REDIRECT] Feb 16, 2025 8:51:12 PM java.util.prefs.FileSystemPreferences checkLockFile0ErrorCode
2025-02-16 20:51:12,318 [ERROR] LogOutputStream:75 - [STDERR_REDIRECT] WARNING: Could not lock System prefs. Unix error code 2.
2025-02-16 20:51:12,318 [ERROR] LogOutputStream:75 - [STDERR_REDIRECT] 
2025-02-16 20:51:12,318 [ERROR] LogOutputStream:75 - [STDERR_REDIRECT] Feb 16, 2025 8:51:12 PM java.util.prefs.FileSystemPreferences syncWorld
2025-02-16 20:51:12,318 [ERROR] LogOutputStream:75 - [STDERR_REDIRECT] WARNING: Couldn't flush system prefs: java.util.prefs.BackingStoreException: Couldn't get file lock.
2025-02-16 20:51:12,318 [ERROR] LogOutputStream:75 - [STDERR_REDIRECT] 
2025-02-16 20:51:42,318 [ERROR] LogOutputStream:75 - [STDERR_REDIRECT] Feb 16, 2025 8:51:42 PM java.util.prefs.FileSystemPreferences checkLockFile0ErrorCode
2025-02-16 20:51:42,318 [ERROR] LogOutputStream:75 - [STDERR_REDIRECT] WARNING: Could not lock System prefs. Unix error code 2.
2025-02-16 20:51:42,318 [ERROR] LogOutputStream:75 - [STDERR_REDIRECT] 
2025-02-16 20:51:42,319 [ERROR] LogOutputStream:75 - [STDERR_REDIRECT] Feb 16, 2025 8:51:42 PM java.util.prefs.FileSystemPreferences syncWorld
2025-02-16 20:51:42,319 [ERROR] LogOutputStream:75 - [STDERR_REDIRECT] WARNING: Couldn't flush system prefs: java.util.prefs.BackingStoreException: Couldn't get file lock.
2025-02-16 20:51:42,319 [ERROR] LogOutputStream:75 - [STDERR_REDIRECT] 
2025-02-16 20:52:12,318 [ERROR] LogOutputStream:75 - [STDERR_REDIRECT] Feb 16, 2025 8:52:12 PM java.util.prefs.FileSystemPreferences checkLockFile0ErrorCode
2025-02-16 20:52:12,318 [ERROR] LogOutputStream:75 - [STDERR_REDIRECT] WARNING: Could not lock System prefs. Unix error code 2.
2025-02-16 20:52:12,318 [ERROR] LogOutputStream:75 - [STDERR_REDIRECT] 
2025-02-16 20:52:12,318 [ERROR] LogOutputStream:75 - [STDERR_REDIRECT] Feb 16, 2025 8:52:12 PM java.util.prefs.FileSystemPreferences syncWorld
2025-02-16 20:52:12,318 [ERROR] LogOutputStream:75 - [STDERR_REDIRECT] WARNING: Couldn't flush system prefs: java.util.prefs.BackingStoreException: Couldn't get file lock.
2025-02-16 20:52:12,318 [ERROR] LogOutputStream:75 - [STDERR_REDIRECT] 
2025-02-16 20:52:42,318 [ERROR] LogOutputStream:75 - [STDERR_REDIRECT] Feb 16, 2025 8:52:42 PM java.util.prefs.FileSystemPreferences checkLockFile0ErrorCode
2025-02-16 20:52:42,318 [ERROR] LogOutputStream:75 - [STDERR_REDIRECT] WARNING: Could not lock System prefs. Unix error code 2.
2025-02-16 20:52:42,318 [ERROR] LogOutputStream:75 - [STDERR_REDIRECT] 
2025-02-16 20:52:42,318 [ERROR] LogOutputStream:75 - [STDERR_REDIRECT] Feb 16, 2025 8:52:42 PM java.util.prefs.FileSystemPreferences syncWorld
2025-02-16 20:52:42,318 [ERROR] LogOutputStream:75 - [STDERR_REDIRECT] WARNING: Couldn't flush system prefs: java.util.prefs.BackingStoreException: Couldn't get file lock.
2025-02-16 20:52:42,318 [ERROR] LogOutputStream:75 - [STDERR_REDIRECT] 
2025-02-16 20:53:12,318 [ERROR] LogOutputStream:75 - [STDERR_REDIRECT] Feb 16, 2025 8:53:12 PM java.util.prefs.FileSystemPreferences checkLockFile0ErrorCode
2025-02-16 20:53:12,318 [ERROR] LogOutputStream:75 - [STDERR_REDIRECT] WARNING: Could not lock System prefs. Unix error code 2.
2025-02-16 20:53:12,318 [ERROR] LogOutputStream:75 - [STDERR_REDIRECT] 
2025-02-16 20:53:12,319 [ERROR] LogOutputStream:75 - [STDERR_REDIRECT] Feb 16, 2025 8:53:12 PM java.util.prefs.FileSystemPreferences syncWorld
2025-02-16 20:53:12,319 [ERROR] LogOutputStream:75 - [STDERR_REDIRECT] WARNING: Couldn't flush system prefs: java.util.prefs.BackingStoreException: Couldn't get file lock.
2025-02-16 20:53:12,319 [ERROR] LogOutputStream:75 - [STDERR_REDIRECT] 
2025-02-16 20:53:42,319 [ERROR] LogOutputStream:75 - [STDERR_REDIRECT] Feb 16, 2025 8:53:42 PM java.util.prefs.FileSystemPreferences checkLockFile0ErrorCode
2025-02-16 20:53:42,319 [ERROR] LogOutputStream:75 - [STDERR_REDIRECT] WARNING: Could not lock System prefs. Unix error code 2.
2025-02-16 20:53:42,319 [ERROR] LogOutputStream:75 - [STDERR_REDIRECT] 
2025-02-16 20:53:42,319 [ERROR] LogOutputStream:75 - [STDERR_REDIRECT] Feb 16, 2025 8:53:42 PM java.util.prefs.FileSystemPreferences syncWorld
2025-02-16 20:53:42,319 [ERROR] LogOutputStream:75 - [STDERR_REDIRECT] WARNING: Couldn't flush system prefs: java.util.prefs.BackingStoreException: Couldn't get file lock.
2025-02-16 20:53:42,319 [ERROR] LogOutputStream:75 - [STDERR_REDIRECT] 
2025-02-16 20:54:12,319 [ERROR] LogOutputStream:75 - [STDERR_REDIRECT] Feb 16, 2025 8:54:12 PM java.util.prefs.FileSystemPreferences checkLockFile0ErrorCode
2025-02-16 20:54:12,319 [ERROR] LogOutputStream:75 - [STDERR_REDIRECT] WARNING: Could not lock System prefs. Unix error code 2.
2025-02-16 20:54:12,319 [ERROR] LogOutputStream:75 - [STDERR_REDIRECT] 
2025-02-16 20:54:12,319 [ERROR] LogOutputStream:75 - [STDERR_REDIRECT] Feb 16, 2025 8:54:12 PM java.util.prefs.FileSystemPreferences syncWorld
2025-02-16 20:54:12,319 [ERROR] LogOutputStream:75 - [STDERR_REDIRECT] WARNING: Couldn't flush system prefs: java.util.prefs.BackingStoreException: Couldn't get file lock.
2025-02-16 20:54:12,319 [ERROR] LogOutputStream:75 - [STDERR_REDIRECT] 
2025-02-16 20:54:42,320 [ERROR] LogOutputStream:75 - [STDERR_REDIRECT] Feb 16, 2025 8:54:42 PM java.util.prefs.FileSystemPreferences checkLockFile0ErrorCode
2025-02-16 20:54:42,320 [ERROR] LogOutputStream:75 - [STDERR_REDIRECT] WARNING: Could not lock System prefs. Unix error code 2.
2025-02-16 20:54:42,320 [ERROR] LogOutputStream:75 - [STDERR_REDIRECT] 
2025-02-16 20:54:42,320 [ERROR] LogOutputStream:75 - [STDERR_REDIRECT] Feb 16, 2025 8:54:42 PM java.util.prefs.FileSystemPreferences syncWorld
2025-02-16 20:54:42,320 [ERROR] LogOutputStream:75 - [STDERR_REDIRECT] WARNING: Couldn't flush system prefs: java.util.prefs.BackingStoreException: Couldn't get file lock.
2025-02-16 20:54:42,320 [ERROR] LogOutputStream:75 - [STDERR_REDIRECT] 
2025-02-16 20:55:12,320 [ERROR] LogOutputStream:75 - [STDERR_REDIRECT] Feb 16, 2025 8:55:12 PM java.util.prefs.FileSystemPreferences checkLockFile0ErrorCode
2025-02-16 20:55:12,320 [ERROR] LogOutputStream:75 - [STDERR_REDIRECT] WARNING: Could not lock System prefs. Unix error code 2.
2025-02-16 20:55:12,320 [ERROR] LogOutputStream:75 - [STDERR_REDIRECT] 
2025-02-16 20:55:12,320 [ERROR] LogOutputStream:75 - [STDERR_REDIRECT] Feb 16, 2025 8:55:12 PM java.util.prefs.FileSystemPreferences syncWorld
2025-02-16 20:55:12,320 [ERROR] LogOutputStream:75 - [STDERR_REDIRECT] WARNING: Couldn't flush system prefs: java.util.prefs.BackingStoreException: Couldn't get file lock.
2025-02-16 20:55:12,320 [ERROR] LogOutputStream:75 - [STDERR_REDIRECT] 
2025-02-16 20:55:42,320 [ERROR] LogOutputStream:75 - [STDERR_REDIRECT] Feb 16, 2025 8:55:42 PM java.util.prefs.FileSystemPreferences checkLockFile0ErrorCode
2025-02-16 20:55:42,320 [ERROR] LogOutputStream:75 - [STDERR_REDIRECT] WARNING: Could not lock System prefs. Unix error code 2.
2025-02-16 20:55:42,321 [ERROR] LogOutputStream:75 - [STDERR_REDIRECT] 
2025-02-16 20:55:42,321 [ERROR] LogOutputStream:75 - [STDERR_REDIRECT] Feb 16, 2025 8:55:42 PM java.util.prefs.FileSystemPreferences syncWorld
2025-02-16 20:55:42,321 [ERROR] LogOutputStream:75 - [STDERR_REDIRECT] WARNING: Couldn't flush system prefs: java.util.prefs.BackingStoreException: Couldn't get file lock.
2025-02-16 20:55:42,321 [ERROR] LogOutputStream:75 - [STDERR_REDIRECT] 
2025-02-16 20:56:12,320 [ERROR] LogOutputStream:75 - [STDERR_REDIRECT] Feb 16, 2025 8:56:12 PM java.util.prefs.FileSystemPreferences checkLockFile0ErrorCode
2025-02-16 20:56:12,320 [ERROR] LogOutputStream:75 - [STDERR_REDIRECT] WARNING: Could not lock System prefs. Unix error code 2.
2025-02-16 20:56:12,320 [ERROR] LogOutputStream:75 - [STDERR_REDIRECT] 
2025-02-16 20:56:12,320 [ERROR] LogOutputStream:75 - [STDERR_REDIRECT] Feb 16, 2025 8:56:12 PM java.util.prefs.FileSystemPreferences syncWorld
2025-02-16 20:56:12,320 [ERROR] LogOutputStream:75 - [STDERR_REDIRECT] WARNING: Couldn't flush system prefs: java.util.prefs.BackingStoreException: Couldn't get file lock.
2025-02-16 20:56:12,320 [ERROR] LogOutputStream:75 - [STDERR_REDIRECT] 
2025-02-16 20:56:42,320 [ERROR] LogOutputStream:75 - [STDERR_REDIRECT] Feb 16, 2025 8:56:42 PM java.util.prefs.FileSystemPreferences checkLockFile0ErrorCode
2025-02-16 20:56:42,320 [ERROR] LogOutputStream:75 - [STDERR_REDIRECT] WARNING: Could not lock System prefs. Unix error code 2.
2025-02-16 20:56:42,320 [ERROR] LogOutputStream:75 - [STDERR_REDIRECT] 
2025-02-16 20:56:42,320 [ERROR] LogOutputStream:75 - [STDERR_REDIRECT] Feb 16, 2025 8:56:42 PM java.util.prefs.FileSystemPreferences syncWorld
2025-02-16 20:56:42,320 [ERROR] LogOutputStream:75 - [STDERR_REDIRECT] WARNING: Couldn't flush system prefs: java.util.prefs.BackingStoreException: Couldn't get file lock.
2025-02-16 20:56:42,320 [ERROR] LogOutputStream:75 - [STDERR_REDIRECT] 
2025-02-16 20:57:12,320 [ERROR] LogOutputStream:75 - [STDERR_REDIRECT] Feb 16, 2025 8:57:12 PM java.util.prefs.FileSystemPreferences checkLockFile0ErrorCode
2025-02-16 20:57:12,320 [ERROR] LogOutputStream:75 - [STDERR_REDIRECT] WARNING: Could not lock System prefs. Unix error code 2.
2025-02-16 20:57:12,321 [ERROR] LogOutputStream:75 - [STDERR_REDIRECT] 
2025-02-16 20:57:12,321 [ERROR] LogOutputStream:75 - [STDERR_REDIRECT] Feb 16, 2025 8:57:12 PM java.util.prefs.FileSystemPreferences syncWorld
2025-02-16 20:57:12,321 [ERROR] LogOutputStream:75 - [STDERR_REDIRECT] WARNING: Couldn't flush system prefs: java.util.prefs.BackingStoreException: Couldn't get file lock.
2025-02-16 20:57:12,321 [ERROR] LogOutputStream:75 - [STDERR_REDIRECT] 
2025-02-16 20:57:42,320 [ERROR] LogOutputStream:75 - [STDERR_REDIRECT] Feb 16, 2025 8:57:42 PM java.util.prefs.FileSystemPreferences checkLockFile0ErrorCode
2025-02-16 20:57:42,320 [ERROR] LogOutputStream:75 - [STDERR_REDIRECT] WARNING: Could not lock System prefs. Unix error code 2.
2025-02-16 20:57:42,320 [ERROR] LogOutputStream:75 - [STDERR_REDIRECT] 
2025-02-16 20:57:42,320 [ERROR] LogOutputStream:75 - [STDERR_REDIRECT] Feb 16, 2025 8:57:42 PM java.util.prefs.FileSystemPreferences syncWorld
2025-02-16 20:57:42,320 [ERROR] LogOutputStream:75 - [STDERR_REDIRECT] WARNING: Couldn't flush system prefs: java.util.prefs.BackingStoreException: Couldn't get file lock.
2025-02-16 20:57:42,320 [ERROR] LogOutputStream:75 - [STDERR_REDIRECT] 
2025-02-16 20:58:12,320 [ERROR] LogOutputStream:75 - [STDERR_REDIRECT] Feb 16, 2025 8:58:12 PM java.util.prefs.FileSystemPreferences checkLockFile0ErrorCode
2025-02-16 20:58:12,320 [ERROR] LogOutputStream:75 - [STDERR_REDIRECT] WARNING: Could not lock System prefs. Unix error code 2.
2025-02-16 20:58:12,320 [ERROR] LogOutputStream:75 - [STDERR_REDIRECT] 
2025-02-16 20:58:12,320 [ERROR] LogOutputStream:75 - [STDERR_REDIRECT] Feb 16, 2025 8:58:12 PM java.util.prefs.FileSystemPreferences syncWorld
2025-02-16 20:58:12,320 [ERROR] LogOutputStream:75 - [STDERR_REDIRECT] WARNING: Couldn't flush system prefs: java.util.prefs.BackingStoreException: Couldn't get file lock.
2025-02-16 20:58:12,320 [ERROR] LogOutputStream:75 - [STDERR_REDIRECT] 
2025-02-16 20:58:42,320 [ERROR] LogOutputStream:75 - [STDERR_REDIRECT] Feb 16, 2025 8:58:42 PM java.util.prefs.FileSystemPreferences checkLockFile0ErrorCode
2025-02-16 20:58:42,320 [ERROR] LogOutputStream:75 - [STDERR_REDIRECT] WARNING: Could not lock System prefs. Unix error code 2.
2025-02-16 20:58:42,320 [ERROR] LogOutputStream:75 - [STDERR_REDIRECT] 
2025-02-16 20:58:42,321 [ERROR] LogOutputStream:75 - [STDERR_REDIRECT] Feb 16, 2025 8:58:42 PM java.util.prefs.FileSystemPreferences syncWorld
2025-02-16 20:58:42,321 [ERROR] LogOutputStream:75 - [STDERR_REDIRECT] WARNING: Couldn't flush system prefs: java.util.prefs.BackingStoreException: Couldn't get file lock.
2025-02-16 20:58:42,321 [ERROR] LogOutputStream:75 - [STDERR_REDIRECT] 
2025-02-16 20:59:12,321 [ERROR] LogOutputStream:75 - [STDERR_REDIRECT] Feb 16, 2025 8:59:12 PM java.util.prefs.FileSystemPreferences checkLockFile0ErrorCode
2025-02-16 20:59:12,321 [ERROR] LogOutputStream:75 - [STDERR_REDIRECT] WARNING: Could not lock System prefs. Unix error code 2.
2025-02-16 20:59:12,321 [ERROR] LogOutputStream:75 - [STDERR_REDIRECT] 
2025-02-16 20:59:12,321 [ERROR] LogOutputStream:75 - [STDERR_REDIRECT] Feb 16, 2025 8:59:12 PM java.util.prefs.FileSystemPreferences syncWorld
2025-02-16 20:59:12,321 [ERROR] LogOutputStream:75 - [STDERR_REDIRECT] WARNING: Couldn't flush system prefs: java.util.prefs.BackingStoreException: Couldn't get file lock.
2025-02-16 20:59:12,321 [ERROR] LogOutputStream:75 - [STDERR_REDIRECT] 
2025-02-16 20:59:42,321 [ERROR] LogOutputStream:75 - [STDERR_REDIRECT] Feb 16, 2025 8:59:42 PM java.util.prefs.FileSystemPreferences checkLockFile0ErrorCode
2025-02-16 20:59:42,321 [ERROR] LogOutputStream:75 - [STDERR_REDIRECT] WARNING: Could not lock System prefs. Unix error code 2.
2025-02-16 20:59:42,321 [ERROR] LogOutputStream:75 - [STDERR_REDIRECT] 
2025-02-16 20:59:42,321 [ERROR] LogOutputStream:75 - [STDERR_REDIRECT] Feb 16, 2025 8:59:42 PM java.util.prefs.FileSystemPreferences syncWorld
2025-02-16 20:59:42,321 [ERROR] LogOutputStream:75 - [STDERR_REDIRECT] WARNING: Couldn't flush system prefs: java.util.prefs.BackingStoreException: Couldn't get file lock.
2025-02-16 20:59:42,321 [ERROR] LogOutputStream:75 - [STDERR_REDIRECT] 
2025-02-16 21:00:12,322 [ERROR] LogOutputStream:75 - [STDERR_REDIRECT] Feb 16, 2025 9:00:12 PM java.util.prefs.FileSystemPreferences checkLockFile0ErrorCode
2025-02-16 21:00:12,322 [ERROR] LogOutputStream:75 - [STDERR_REDIRECT] WARNING: Could not lock System prefs. Unix error code 2.
2025-02-16 21:00:12,322 [ERROR] LogOutputStream:75 - [STDERR_REDIRECT] 
2025-02-16 21:00:12,322 [ERROR] LogOutputStream:75 - [STDERR_REDIRECT] Feb 16, 2025 9:00:12 PM java.util.prefs.FileSystemPreferences syncWorld
2025-02-16 21:00:12,322 [ERROR] LogOutputStream:75 - [STDERR_REDIRECT] WARNING: Couldn't flush system prefs: java.util.prefs.BackingStoreException: Couldn't get file lock.
2025-02-16 21:00:12,322 [ERROR] LogOutputStream:75 - [STDERR_REDIRECT] 
2025-02-16 21:00:42,321 [ERROR] LogOutputStream:75 - [STDERR_REDIRECT] Feb 16, 2025 9:00:42 PM java.util.prefs.FileSystemPreferences checkLockFile0ErrorCode
2025-02-16 21:00:42,321 [ERROR] LogOutputStream:75 - [STDERR_REDIRECT] WARNING: Could not lock System prefs. Unix error code 2.
2025-02-16 21:00:42,321 [ERROR] LogOutputStream:75 - [STDERR_REDIRECT] 
2025-02-16 21:00:42,321 [ERROR] LogOutputStream:75 - [STDERR_REDIRECT] Feb 16, 2025 9:00:42 PM java.util.prefs.FileSystemPreferences syncWorld
2025-02-16 21:00:42,321 [ERROR] LogOutputStream:75 - [STDERR_REDIRECT] WARNING: Couldn't flush system prefs: java.util.prefs.BackingStoreException: Couldn't get file lock.
2025-02-16 21:00:42,321 [ERROR] LogOutputStream:75 - [STDERR_REDIRECT] 
2025-02-16 21:01:12,322 [ERROR] LogOutputStream:75 - [STDERR_REDIRECT] Feb 16, 2025 9:01:12 PM java.util.prefs.FileSystemPreferences checkLockFile0ErrorCode
2025-02-16 21:01:12,322 [ERROR] LogOutputStream:75 - [STDERR_REDIRECT] WARNING: Could not lock System prefs. Unix error code 2.
2025-02-16 21:01:12,322 [ERROR] LogOutputStream:75 - [STDERR_REDIRECT] 
2025-02-16 21:01:12,322 [ERROR] LogOutputStream:75 - [STDERR_REDIRECT] Feb 16, 2025 9:01:12 PM java.util.prefs.FileSystemPreferences syncWorld
2025-02-16 21:01:12,322 [ERROR] LogOutputStream:75 - [STDERR_REDIRECT] WARNING: Couldn't flush system prefs: java.util.prefs.BackingStoreException: Couldn't get file lock.
2025-02-16 21:01:12,322 [ERROR] LogOutputStream:75 - [STDERR_REDIRECT] 
2025-02-16 21:01:42,321 [ERROR] LogOutputStream:75 - [STDERR_REDIRECT] Feb 16, 2025 9:01:42 PM java.util.prefs.FileSystemPreferences checkLockFile0ErrorCode
2025-02-16 21:01:42,321 [ERROR] LogOutputStream:75 - [STDERR_REDIRECT] WARNING: Could not lock System prefs. Unix error code 2.
2025-02-16 21:01:42,321 [ERROR] LogOutputStream:75 - [STDERR_REDIRECT] 
2025-02-16 21:01:42,321 [ERROR] LogOutputStream:75 - [STDERR_REDIRECT] Feb 16, 2025 9:01:42 PM java.util.prefs.FileSystemPreferences syncWorld
2025-02-16 21:01:42,321 [ERROR] LogOutputStream:75 - [STDERR_REDIRECT] WARNING: Couldn't flush system prefs: java.util.prefs.BackingStoreException: Couldn't get file lock.
2025-02-16 21:01:42,321 [ERROR] LogOutputStream:75 - [STDERR_REDIRECT] 
2025-02-16 21:02:12,321 [ERROR] LogOutputStream:75 - [STDERR_REDIRECT] Feb 16, 2025 9:02:12 PM java.util.prefs.FileSystemPreferences checkLockFile0ErrorCode
2025-02-16 21:02:12,321 [ERROR] LogOutputStream:75 - [STDERR_REDIRECT] WARNING: Could not lock System prefs. Unix error code 2.
2025-02-16 21:02:12,321 [ERROR] LogOutputStream:75 - [STDERR_REDIRECT] 
2025-02-16 21:02:12,322 [ERROR] LogOutputStream:75 - [STDERR_REDIRECT] Feb 16, 2025 9:02:12 PM java.util.prefs.FileSystemPreferences syncWorld
2025-02-16 21:02:12,322 [ERROR] LogOutputStream:75 - [STDERR_REDIRECT] WARNING: Couldn't flush system prefs: java.util.prefs.BackingStoreException: Couldn't get file lock.
2025-02-16 21:02:12,322 [ERROR] LogOutputStream:75 - [STDERR_REDIRECT] 
2025-02-16 21:02:42,321 [ERROR] LogOutputStream:75 - [STDERR_REDIRECT] Feb 16, 2025 9:02:42 PM java.util.prefs.FileSystemPreferences checkLockFile0ErrorCode
2025-02-16 21:02:42,321 [ERROR] LogOutputStream:75 - [STDERR_REDIRECT] WARNING: Could not lock System prefs. Unix error code 2.
2025-02-16 21:02:42,321 [ERROR] LogOutputStream:75 - [STDERR_REDIRECT] 
2025-02-16 21:02:42,321 [ERROR] LogOutputStream:75 - [STDERR_REDIRECT] Feb 16, 2025 9:02:42 PM java.util.prefs.FileSystemPreferences syncWorld
2025-02-16 21:02:42,321 [ERROR] LogOutputStream:75 - [STDERR_REDIRECT] WARNING: Couldn't flush system prefs: java.util.prefs.BackingStoreException: Couldn't get file lock.
2025-02-16 21:02:42,321 [ERROR] LogOutputStream:75 - [STDERR_REDIRECT] 
2025-02-16 21:03:12,321 [ERROR] LogOutputStream:75 - [STDERR_REDIRECT] Feb 16, 2025 9:03:12 PM java.util.prefs.FileSystemPreferences checkLockFile0ErrorCode
2025-02-16 21:03:12,321 [ERROR] LogOutputStream:75 - [STDERR_REDIRECT] WARNING: Could not lock System prefs. Unix error code 2.
2025-02-16 21:03:12,321 [ERROR] LogOutputStream:75 - [STDERR_REDIRECT] 
2025-02-16 21:03:12,321 [ERROR] LogOutputStream:75 - [STDERR_REDIRECT] Feb 16, 2025 9:03:12 PM java.util.prefs.FileSystemPreferences syncWorld
2025-02-16 21:03:12,321 [ERROR] LogOutputStream:75 - [STDERR_REDIRECT] WARNING: Couldn't flush system prefs: java.util.prefs.BackingStoreException: Couldn't get file lock.
2025-02-16 21:03:12,321 [ERROR] LogOutputStream:75 - [STDERR_REDIRECT] 
2025-02-16 21:03:42,321 [ERROR] LogOutputStream:75 - [STDERR_REDIRECT] Feb 16, 2025 9:03:42 PM java.util.prefs.FileSystemPreferences checkLockFile0ErrorCode
2025-02-16 21:03:42,321 [ERROR] LogOutputStream:75 - [STDERR_REDIRECT] WARNING: Could not lock System prefs. Unix error code 2.
2025-02-16 21:03:42,321 [ERROR] LogOutputStream:75 - [STDERR_REDIRECT] 
2025-02-16 21:03:42,321 [ERROR] LogOutputStream:75 - [STDERR_REDIRECT] Feb 16, 2025 9:03:42 PM java.util.prefs.FileSystemPreferences syncWorld
2025-02-16 21:03:42,322 [ERROR] LogOutputStream:75 - [STDERR_REDIRECT] WARNING: Couldn't flush system prefs: java.util.prefs.BackingStoreException: Couldn't get file lock.
2025-02-16 21:03:42,322 [ERROR] LogOutputStream:75 - [STDERR_REDIRECT] 
2025-02-16 21:04:12,321 [ERROR] LogOutputStream:75 - [STDERR_REDIRECT] Feb 16, 2025 9:04:12 PM java.util.prefs.FileSystemPreferences checkLockFile0ErrorCode
2025-02-16 21:04:12,321 [ERROR] LogOutputStream:75 - [STDERR_REDIRECT] WARNING: Could not lock System prefs. Unix error code 2.
2025-02-16 21:04:12,321 [ERROR] LogOutputStream:75 - [STDERR_REDIRECT] 
2025-02-16 21:04:12,321 [ERROR] LogOutputStream:75 - [STDERR_REDIRECT] Feb 16, 2025 9:04:12 PM java.util.prefs.FileSystemPreferences syncWorld
2025-02-16 21:04:12,321 [ERROR] LogOutputStream:75 - [STDERR_REDIRECT] WARNING: Couldn't flush system prefs: java.util.prefs.BackingStoreException: Couldn't get file lock.
2025-02-16 21:04:12,321 [ERROR] LogOutputStream:75 - [STDERR_REDIRECT] 
2025-02-16 21:04:42,321 [ERROR] LogOutputStream:75 - [STDERR_REDIRECT] Feb 16, 2025 9:04:42 PM java.util.prefs.FileSystemPreferences checkLockFile0ErrorCode
2025-02-16 21:04:42,321 [ERROR] LogOutputStream:75 - [STDERR_REDIRECT] WARNING: Could not lock System prefs. Unix error code 2.
2025-02-16 21:04:42,321 [ERROR] LogOutputStream:75 - [STDERR_REDIRECT] 
2025-02-16 21:04:42,321 [ERROR] LogOutputStream:75 - [STDERR_REDIRECT] Feb 16, 2025 9:04:42 PM java.util.prefs.FileSystemPreferences syncWorld
2025-02-16 21:04:42,321 [ERROR] LogOutputStream:75 - [STDERR_REDIRECT] WARNING: Couldn't flush system prefs: java.util.prefs.BackingStoreException: Couldn't get file lock.
2025-02-16 21:04:42,321 [ERROR] LogOutputStream:75 - [STDERR_REDIRECT] 
2025-02-16 21:05:12,322 [ERROR] LogOutputStream:75 - [STDERR_REDIRECT] Feb 16, 2025 9:05:12 PM java.util.prefs.FileSystemPreferences checkLockFile0ErrorCode
2025-02-16 21:05:12,322 [ERROR] LogOutputStream:75 - [STDERR_REDIRECT] WARNING: Could not lock System prefs. Unix error code 2.
2025-02-16 21:05:12,322 [ERROR] LogOutputStream:75 - [STDERR_REDIRECT] 
2025-02-16 21:05:12,322 [ERROR] LogOutputStream:75 - [STDERR_REDIRECT] Feb 16, 2025 9:05:12 PM java.util.prefs.FileSystemPreferences syncWorld
2025-02-16 21:05:12,322 [ERROR] LogOutputStream:75 - [STDERR_REDIRECT] WARNING: Couldn't flush system prefs: java.util.prefs.BackingStoreException: Couldn't get file lock.
2025-02-16 21:05:12,322 [ERROR] LogOutputStream:75 - [STDERR_REDIRECT] 
2025-02-16 21:05:42,321 [ERROR] LogOutputStream:75 - [STDERR_REDIRECT] Feb 16, 2025 9:05:42 PM java.util.prefs.FileSystemPreferences checkLockFile0ErrorCode
2025-02-16 21:05:42,321 [ERROR] LogOutputStream:75 - [STDERR_REDIRECT] WARNING: Could not lock System prefs. Unix error code 2.
2025-02-16 21:05:42,321 [ERROR] LogOutputStream:75 - [STDERR_REDIRECT] 
2025-02-16 21:05:42,321 [ERROR] LogOutputStream:75 - [STDERR_REDIRECT] Feb 16, 2025 9:05:42 PM java.util.prefs.FileSystemPreferences syncWorld
2025-02-16 21:05:42,321 [ERROR] LogOutputStream:75 - [STDERR_REDIRECT] WARNING: Couldn't flush system prefs: java.util.prefs.BackingStoreException: Couldn't get file lock.
2025-02-16 21:05:42,322 [ERROR] LogOutputStream:75 - [STDERR_REDIRECT] 
2025-02-16 21:06:12,321 [ERROR] LogOutputStream:75 - [STDERR_REDIRECT] Feb 16, 2025 9:06:12 PM java.util.prefs.FileSystemPreferences checkLockFile0ErrorCode
2025-02-16 21:06:12,321 [ERROR] LogOutputStream:75 - [STDERR_REDIRECT] WARNING: Could not lock System prefs. Unix error code 2.
2025-02-16 21:06:12,321 [ERROR] LogOutputStream:75 - [STDERR_REDIRECT] 
2025-02-16 21:06:12,327 [ERROR] LogOutputStream:75 - [STDERR_REDIRECT] Feb 16, 2025 9:06:12 PM java.util.prefs.FileSystemPreferences syncWorld
2025-02-16 21:06:12,327 [ERROR] LogOutputStream:75 - [STDERR_REDIRECT] WARNING: Couldn't flush system prefs: java.util.prefs.BackingStoreException: Couldn't get file lock.
2025-02-16 21:06:12,327 [ERROR] LogOutputStream:75 - [STDERR_REDIRECT] 
2025-02-16 21:06:42,322 [ERROR] LogOutputStream:75 - [STDERR_REDIRECT] Feb 16, 2025 9:06:42 PM java.util.prefs.FileSystemPreferences checkLockFile0ErrorCode
2025-02-16 21:06:42,322 [ERROR] LogOutputStream:75 - [STDERR_REDIRECT] WARNING: Could not lock System prefs. Unix error code 2.
2025-02-16 21:06:42,322 [ERROR] LogOutputStream:75 - [STDERR_REDIRECT] 
2025-02-16 21:06:42,322 [ERROR] LogOutputStream:75 - [STDERR_REDIRECT] Feb 16, 2025 9:06:42 PM java.util.prefs.FileSystemPreferences syncWorld
2025-02-16 21:06:42,322 [ERROR] LogOutputStream:75 - [STDERR_REDIRECT] WARNING: Couldn't flush system prefs: java.util.prefs.BackingStoreException: Couldn't get file lock.
2025-02-16 21:06:42,322 [ERROR] LogOutputStream:75 - [STDERR_REDIRECT] 
2025-02-16 21:07:12,322 [ERROR] LogOutputStream:75 - [STDERR_REDIRECT] Feb 16, 2025 9:07:12 PM java.util.prefs.FileSystemPreferences checkLockFile0ErrorCode
2025-02-16 21:07:12,322 [ERROR] LogOutputStream:75 - [STDERR_REDIRECT] WARNING: Could not lock System prefs. Unix error code 2.
2025-02-16 21:07:12,322 [ERROR] LogOutputStream:75 - [STDERR_REDIRECT] 
2025-02-16 21:07:12,322 [ERROR] LogOutputStream:75 - [STDERR_REDIRECT] Feb 16, 2025 9:07:12 PM java.util.prefs.FileSystemPreferences syncWorld
2025-02-16 21:07:12,322 [ERROR] LogOutputStream:75 - [STDERR_REDIRECT] WARNING: Couldn't flush system prefs: java.util.prefs.BackingStoreException: Couldn't get file lock.
2025-02-16 21:07:12,323 [ERROR] LogOutputStream:75 - [STDERR_REDIRECT] 
2025-02-16 21:07:42,322 [ERROR] LogOutputStream:75 - [STDERR_REDIRECT] Feb 16, 2025 9:07:42 PM java.util.prefs.FileSystemPreferences checkLockFile0ErrorCode
2025-02-16 21:07:42,322 [ERROR] LogOutputStream:75 - [STDERR_REDIRECT] WARNING: Could not lock System prefs. Unix error code 2.
2025-02-16 21:07:42,322 [ERROR] LogOutputStream:75 - [STDERR_REDIRECT] 
2025-02-16 21:07:42,322 [ERROR] LogOutputStream:75 - [STDERR_REDIRECT] Feb 16, 2025 9:07:42 PM java.util.prefs.FileSystemPreferences syncWorld
2025-02-16 21:07:42,322 [ERROR] LogOutputStream:75 - [STDERR_REDIRECT] WARNING: Couldn't flush system prefs: java.util.prefs.BackingStoreException: Couldn't get file lock.
2025-02-16 21:07:42,322 [ERROR] LogOutputStream:75 - [STDERR_REDIRECT] 
2025-02-16 21:08:12,322 [ERROR] LogOutputStream:75 - [STDERR_REDIRECT] Feb 16, 2025 9:08:12 PM java.util.prefs.FileSystemPreferences checkLockFile0ErrorCode
2025-02-16 21:08:12,322 [ERROR] LogOutputStream:75 - [STDERR_REDIRECT] WARNING: Could not lock System prefs. Unix error code 2.
2025-02-16 21:08:12,322 [ERROR] LogOutputStream:75 - [STDERR_REDIRECT] 
2025-02-16 21:08:12,322 [ERROR] LogOutputStream:75 - [STDERR_REDIRECT] Feb 16, 2025 9:08:12 PM java.util.prefs.FileSystemPreferences syncWorld
2025-02-16 21:08:12,322 [ERROR] LogOutputStream:75 - [STDERR_REDIRECT] WARNING: Couldn't flush system prefs: java.util.prefs.BackingStoreException: Couldn't get file lock.
2025-02-16 21:08:12,322 [ERROR] LogOutputStream:75 - [STDERR_REDIRECT] 
2025-02-16 21:08:42,323 [ERROR] LogOutputStream:75 - [STDERR_REDIRECT] Feb 16, 2025 9:08:42 PM java.util.prefs.FileSystemPreferences checkLockFile0ErrorCode
2025-02-16 21:08:42,323 [ERROR] LogOutputStream:75 - [STDERR_REDIRECT] WARNING: Could not lock System prefs. Unix error code 2.
2025-02-16 21:08:42,323 [ERROR] LogOutputStream:75 - [STDERR_REDIRECT] 
2025-02-16 21:08:42,323 [ERROR] LogOutputStream:75 - [STDERR_REDIRECT] Feb 16, 2025 9:08:42 PM java.util.prefs.FileSystemPreferences syncWorld
2025-02-16 21:08:42,323 [ERROR] LogOutputStream:75 - [STDERR_REDIRECT] WARNING: Couldn't flush system prefs: java.util.prefs.BackingStoreException: Couldn't get file lock.
2025-02-16 21:08:42,323 [ERROR] LogOutputStream:75 - [STDERR_REDIRECT] 
2025-02-16 21:09:12,323 [ERROR] LogOutputStream:75 - [STDERR_REDIRECT] Feb 16, 2025 9:09:12 PM java.util.prefs.FileSystemPreferences checkLockFile0ErrorCode
2025-02-16 21:09:12,323 [ERROR] LogOutputStream:75 - [STDERR_REDIRECT] WARNING: Could not lock System prefs. Unix error code 2.
2025-02-16 21:09:12,323 [ERROR] LogOutputStream:75 - [STDERR_REDIRECT] 
2025-02-16 21:09:12,323 [ERROR] LogOutputStream:75 - [STDERR_REDIRECT] Feb 16, 2025 9:09:12 PM java.util.prefs.FileSystemPreferences syncWorld
2025-02-16 21:09:12,323 [ERROR] LogOutputStream:75 - [STDERR_REDIRECT] WARNING: Couldn't flush system prefs: java.util.prefs.BackingStoreException: Couldn't get file lock.
2025-02-16 21:09:12,323 [ERROR] LogOutputStream:75 - [STDERR_REDIRECT] 
2025-02-16 21:09:42,323 [ERROR] LogOutputStream:75 - [STDERR_REDIRECT] Feb 16, 2025 9:09:42 PM java.util.prefs.FileSystemPreferences checkLockFile0ErrorCode
2025-02-16 21:09:42,323 [ERROR] LogOutputStream:75 - [STDERR_REDIRECT] WARNING: Could not lock System prefs. Unix error code 2.
2025-02-16 21:09:42,323 [ERROR] LogOutputStream:75 - [STDERR_REDIRECT] 
2025-02-16 21:09:42,323 [ERROR] LogOutputStream:75 - [STDERR_REDIRECT] Feb 16, 2025 9:09:42 PM java.util.prefs.FileSystemPreferences syncWorld
2025-02-16 21:09:42,323 [ERROR] LogOutputStream:75 - [STDERR_REDIRECT] WARNING: Couldn't flush system prefs: java.util.prefs.BackingStoreException: Couldn't get file lock.
2025-02-16 21:09:42,323 [ERROR] LogOutputStream:75 - [STDERR_REDIRECT] 
2025-02-16 21:10:12,324 [ERROR] LogOutputStream:75 - [STDERR_REDIRECT] Feb 16, 2025 9:10:12 PM java.util.prefs.FileSystemPreferences checkLockFile0ErrorCode
2025-02-16 21:10:12,324 [ERROR] LogOutputStream:75 - [STDERR_REDIRECT] WARNING: Could not lock System prefs. Unix error code 2.
2025-02-16 21:10:12,324 [ERROR] LogOutputStream:75 - [STDERR_REDIRECT] 
2025-02-16 21:10:12,324 [ERROR] LogOutputStream:75 - [STDERR_REDIRECT] Feb 16, 2025 9:10:12 PM java.util.prefs.FileSystemPreferences syncWorld
2025-02-16 21:10:12,324 [ERROR] LogOutputStream:75 - [STDERR_REDIRECT] WARNING: Couldn't flush system prefs: java.util.prefs.BackingStoreException: Couldn't get file lock.
2025-02-16 21:10:12,324 [ERROR] LogOutputStream:75 - [STDERR_REDIRECT] 
2025-02-16 21:10:42,324 [ERROR] LogOutputStream:75 - [STDERR_REDIRECT] Feb 16, 2025 9:10:42 PM java.util.prefs.FileSystemPreferences checkLockFile0ErrorCode
2025-02-16 21:10:42,324 [ERROR] LogOutputStream:75 - [STDERR_REDIRECT] WARNING: Could not lock System prefs. Unix error code 2.
2025-02-16 21:10:42,324 [ERROR] LogOutputStream:75 - [STDERR_REDIRECT] 
2025-02-16 21:10:42,324 [ERROR] LogOutputStream:75 - [STDERR_REDIRECT] Feb 16, 2025 9:10:42 PM java.util.prefs.FileSystemPreferences syncWorld
2025-02-16 21:10:42,324 [ERROR] LogOutputStream:75 - [STDERR_REDIRECT] WARNING: Couldn't flush system prefs: java.util.prefs.BackingStoreException: Couldn't get file lock.
2025-02-16 21:10:42,324 [ERROR] LogOutputStream:75 - [STDERR_REDIRECT] 
2025-02-16 21:11:12,325 [ERROR] LogOutputStream:75 - [STDERR_REDIRECT] Feb 16, 2025 9:11:12 PM java.util.prefs.FileSystemPreferences checkLockFile0ErrorCode
2025-02-16 21:11:12,325 [ERROR] LogOutputStream:75 - [STDERR_REDIRECT] WARNING: Could not lock System prefs. Unix error code 2.
2025-02-16 21:11:12,325 [ERROR] LogOutputStream:75 - [STDERR_REDIRECT] 
2025-02-16 21:11:12,325 [ERROR] LogOutputStream:75 - [STDERR_REDIRECT] Feb 16, 2025 9:11:12 PM java.util.prefs.FileSystemPreferences syncWorld
2025-02-16 21:11:12,325 [ERROR] LogOutputStream:75 - [STDERR_REDIRECT] WARNING: Couldn't flush system prefs: java.util.prefs.BackingStoreException: Couldn't get file lock.
2025-02-16 21:11:12,325 [ERROR] LogOutputStream:75 - [STDERR_REDIRECT] 
2025-02-16 21:11:42,325 [ERROR] LogOutputStream:75 - [STDERR_REDIRECT] Feb 16, 2025 9:11:42 PM java.util.prefs.FileSystemPreferences checkLockFile0ErrorCode
2025-02-16 21:11:42,325 [ERROR] LogOutputStream:75 - [STDERR_REDIRECT] WARNING: Could not lock System prefs. Unix error code 2.
2025-02-16 21:11:42,325 [ERROR] LogOutputStream:75 - [STDERR_REDIRECT] 
2025-02-16 21:11:42,325 [ERROR] LogOutputStream:75 - [STDERR_REDIRECT] Feb 16, 2025 9:11:42 PM java.util.prefs.FileSystemPreferences syncWorld
2025-02-16 21:11:42,325 [ERROR] LogOutputStream:75 - [STDERR_REDIRECT] WARNING: Couldn't flush system prefs: java.util.prefs.BackingStoreException: Couldn't get file lock.
2025-02-16 21:11:42,325 [ERROR] LogOutputStream:75 - [STDERR_REDIRECT] 
2025-02-16 21:12:12,325 [ERROR] LogOutputStream:75 - [STDERR_REDIRECT] Feb 16, 2025 9:12:12 PM java.util.prefs.FileSystemPreferences checkLockFile0ErrorCode
2025-02-16 21:12:12,325 [ERROR] LogOutputStream:75 - [STDERR_REDIRECT] WARNING: Could not lock System prefs. Unix error code 2.
2025-02-16 21:12:12,325 [ERROR] LogOutputStream:75 - [STDERR_REDIRECT] 
2025-02-16 21:12:12,326 [ERROR] LogOutputStream:75 - [STDERR_REDIRECT] Feb 16, 2025 9:12:12 PM java.util.prefs.FileSystemPreferences syncWorld
2025-02-16 21:12:12,326 [ERROR] LogOutputStream:75 - [STDERR_REDIRECT] WARNING: Couldn't flush system prefs: java.util.prefs.BackingStoreException: Couldn't get file lock.
2025-02-16 21:12:12,326 [ERROR] LogOutputStream:75 - [STDERR_REDIRECT] 
2025-02-16 21:12:42,325 [ERROR] LogOutputStream:75 - [STDERR_REDIRECT] Feb 16, 2025 9:12:42 PM java.util.prefs.FileSystemPreferences checkLockFile0ErrorCode
2025-02-16 21:12:42,325 [ERROR] LogOutputStream:75 - [STDERR_REDIRECT] WARNING: Could not lock System prefs. Unix error code 2.
2025-02-16 21:12:42,325 [ERROR] LogOutputStream:75 - [STDERR_REDIRECT] 
2025-02-16 21:12:42,325 [ERROR] LogOutputStream:75 - [STDERR_REDIRECT] Feb 16, 2025 9:12:42 PM java.util.prefs.FileSystemPreferences syncWorld
2025-02-16 21:12:42,325 [ERROR] LogOutputStream:75 - [STDERR_REDIRECT] WARNING: Couldn't flush system prefs: java.util.prefs.BackingStoreException: Couldn't get file lock.
2025-02-16 21:12:42,325 [ERROR] LogOutputStream:75 - [STDERR_REDIRECT] 
2025-02-16 21:13:12,325 [ERROR] LogOutputStream:75 - [STDERR_REDIRECT] Feb 16, 2025 9:13:12 PM java.util.prefs.FileSystemPreferences checkLockFile0ErrorCode
2025-02-16 21:13:12,325 [ERROR] LogOutputStream:75 - [STDERR_REDIRECT] WARNING: Could not lock System prefs. Unix error code 2.
2025-02-16 21:13:12,332 [ERROR] LogOutputStream:75 - [STDERR_REDIRECT] 
2025-02-16 21:13:12,332 [ERROR] LogOutputStream:75 - [STDERR_REDIRECT] Feb 16, 2025 9:13:12 PM java.util.prefs.FileSystemPreferences syncWorld
2025-02-16 21:13:12,332 [ERROR] LogOutputStream:75 - [STDERR_REDIRECT] WARNING: Couldn't flush system prefs: java.util.prefs.BackingStoreException: Couldn't get file lock.
2025-02-16 21:13:12,332 [ERROR] LogOutputStream:75 - [STDERR_REDIRECT] 
2025-02-16 21:13:42,325 [ERROR] LogOutputStream:75 - [STDERR_REDIRECT] Feb 16, 2025 9:13:42 PM java.util.prefs.FileSystemPreferences checkLockFile0ErrorCode
2025-02-16 21:13:42,325 [ERROR] LogOutputStream:75 - [STDERR_REDIRECT] WARNING: Could not lock System prefs. Unix error code 2.
2025-02-16 21:13:42,325 [ERROR] LogOutputStream:75 - [STDERR_REDIRECT] 
2025-02-16 21:13:42,325 [ERROR] LogOutputStream:75 - [STDERR_REDIRECT] Feb 16, 2025 9:13:42 PM java.util.prefs.FileSystemPreferences syncWorld
2025-02-16 21:13:42,325 [ERROR] LogOutputStream:75 - [STDERR_REDIRECT] WARNING: Couldn't flush system prefs: java.util.prefs.BackingStoreException: Couldn't get file lock.
2025-02-16 21:13:42,325 [ERROR] LogOutputStream:75 - [STDERR_REDIRECT] 
2025-02-16 21:14:12,325 [ERROR] LogOutputStream:75 - [STDERR_REDIRECT] Feb 16, 2025 9:14:12 PM java.util.prefs.FileSystemPreferences checkLockFile0ErrorCode
2025-02-16 21:14:12,325 [ERROR] LogOutputStream:75 - [STDERR_REDIRECT] WARNING: Could not lock System prefs. Unix error code 2.
2025-02-16 21:14:12,325 [ERROR] LogOutputStream:75 - [STDERR_REDIRECT] 
2025-02-16 21:14:12,326 [ERROR] LogOutputStream:75 - [STDERR_REDIRECT] Feb 16, 2025 9:14:12 PM java.util.prefs.FileSystemPreferences syncWorld
2025-02-16 21:14:12,326 [ERROR] LogOutputStream:75 - [STDERR_REDIRECT] WARNING: Couldn't flush system prefs: java.util.prefs.BackingStoreException: Couldn't get file lock.
2025-02-16 21:14:12,326 [ERROR] LogOutputStream:75 - [STDERR_REDIRECT] 
2025-02-16 21:14:42,325 [ERROR] LogOutputStream:75 - [STDERR_REDIRECT] Feb 16, 2025 9:14:42 PM java.util.prefs.FileSystemPreferences checkLockFile0ErrorCode
2025-02-16 21:14:42,325 [ERROR] LogOutputStream:75 - [STDERR_REDIRECT] WARNING: Could not lock System prefs. Unix error code 2.
2025-02-16 21:14:42,325 [ERROR] LogOutputStream:75 - [STDERR_REDIRECT] 
2025-02-16 21:14:42,325 [ERROR] LogOutputStream:75 - [STDERR_REDIRECT] Feb 16, 2025 9:14:42 PM java.util.prefs.FileSystemPreferences syncWorld
2025-02-16 21:14:42,325 [ERROR] LogOutputStream:75 - [STDERR_REDIRECT] WARNING: Couldn't flush system prefs: java.util.prefs.BackingStoreException: Couldn't get file lock.
2025-02-16 21:14:42,325 [ERROR] LogOutputStream:75 - [STDERR_REDIRECT] 
2025-02-16 21:15:12,325 [ERROR] LogOutputStream:75 - [STDERR_REDIRECT] Feb 16, 2025 9:15:12 PM java.util.prefs.FileSystemPreferences checkLockFile0ErrorCode
2025-02-16 21:15:12,325 [ERROR] LogOutputStream:75 - [STDERR_REDIRECT] WARNING: Could not lock System prefs. Unix error code 2.
2025-02-16 21:15:12,325 [ERROR] LogOutputStream:75 - [STDERR_REDIRECT] 
2025-02-16 21:15:12,325 [ERROR] LogOutputStream:75 - [STDERR_REDIRECT] Feb 16, 2025 9:15:12 PM java.util.prefs.FileSystemPreferences syncWorld
2025-02-16 21:15:12,325 [ERROR] LogOutputStream:75 - [STDERR_REDIRECT] WARNING: Couldn't flush system prefs: java.util.prefs.BackingStoreException: Couldn't get file lock.
2025-02-16 21:15:12,325 [ERROR] LogOutputStream:75 - [STDERR_REDIRECT] 
2025-02-16 21:15:42,326 [ERROR] LogOutputStream:75 - [STDERR_REDIRECT] Feb 16, 2025 9:15:42 PM java.util.prefs.FileSystemPreferences checkLockFile0ErrorCode
2025-02-16 21:15:42,326 [ERROR] LogOutputStream:75 - [STDERR_REDIRECT] WARNING: Could not lock System prefs. Unix error code 2.
2025-02-16 21:15:42,326 [ERROR] LogOutputStream:75 - [STDERR_REDIRECT] 
2025-02-16 21:15:42,326 [ERROR] LogOutputStream:75 - [STDERR_REDIRECT] Feb 16, 2025 9:15:42 PM java.util.prefs.FileSystemPreferences syncWorld
2025-02-16 21:15:42,326 [ERROR] LogOutputStream:75 - [STDERR_REDIRECT] WARNING: Couldn't flush system prefs: java.util.prefs.BackingStoreException: Couldn't get file lock.
2025-02-16 21:15:42,326 [ERROR] LogOutputStream:75 - [STDERR_REDIRECT] 
2025-02-16 21:16:12,326 [ERROR] LogOutputStream:75 - [STDERR_REDIRECT] Feb 16, 2025 9:16:12 PM java.util.prefs.FileSystemPreferences checkLockFile0ErrorCode
2025-02-16 21:16:12,326 [ERROR] LogOutputStream:75 - [STDERR_REDIRECT] WARNING: Could not lock System prefs. Unix error code 2.
2025-02-16 21:16:12,326 [ERROR] LogOutputStream:75 - [STDERR_REDIRECT] 
2025-02-16 21:16:12,326 [ERROR] LogOutputStream:75 - [STDERR_REDIRECT] Feb 16, 2025 9:16:12 PM java.util.prefs.FileSystemPreferences syncWorld
2025-02-16 21:16:12,326 [ERROR] LogOutputStream:75 - [STDERR_REDIRECT] WARNING: Couldn't flush system prefs: java.util.prefs.BackingStoreException: Couldn't get file lock.
2025-02-16 21:16:12,326 [ERROR] LogOutputStream:75 - [STDERR_REDIRECT] 
2025-02-16 21:16:42,326 [ERROR] LogOutputStream:75 - [STDERR_REDIRECT] Feb 16, 2025 9:16:42 PM java.util.prefs.FileSystemPreferences checkLockFile0ErrorCode
2025-02-16 21:16:42,326 [ERROR] LogOutputStream:75 - [STDERR_REDIRECT] WARNING: Could not lock System prefs. Unix error code 2.
2025-02-16 21:16:42,326 [ERROR] LogOutputStream:75 - [STDERR_REDIRECT] 
2025-02-16 21:16:42,326 [ERROR] LogOutputStream:75 - [STDERR_REDIRECT] Feb 16, 2025 9:16:42 PM java.util.prefs.FileSystemPreferences syncWorld
2025-02-16 21:16:42,326 [ERROR] LogOutputStream:75 - [STDERR_REDIRECT] WARNING: Couldn't flush system prefs: java.util.prefs.BackingStoreException: Couldn't get file lock.
2025-02-16 21:16:42,326 [ERROR] LogOutputStream:75 - [STDERR_REDIRECT] 
2025-02-16 21:17:12,326 [ERROR] LogOutputStream:75 - [STDERR_REDIRECT] Feb 16, 2025 9:17:12 PM java.util.prefs.FileSystemPreferences checkLockFile0ErrorCode
2025-02-16 21:17:12,326 [ERROR] LogOutputStream:75 - [STDERR_REDIRECT] WARNING: Could not lock System prefs. Unix error code 2.
2025-02-16 21:17:12,326 [ERROR] LogOutputStream:75 - [STDERR_REDIRECT] 
2025-02-16 21:17:12,326 [ERROR] LogOutputStream:75 - [STDERR_REDIRECT] Feb 16, 2025 9:17:12 PM java.util.prefs.FileSystemPreferences syncWorld
2025-02-16 21:17:12,326 [ERROR] LogOutputStream:75 - [STDERR_REDIRECT] WARNING: Couldn't flush system prefs: java.util.prefs.BackingStoreException: Couldn't get file lock.
2025-02-16 21:17:12,326 [ERROR] LogOutputStream:75 - [STDERR_REDIRECT] 
2025-02-16 21:17:42,326 [ERROR] LogOutputStream:75 - [STDERR_REDIRECT] Feb 16, 2025 9:17:42 PM java.util.prefs.FileSystemPreferences checkLockFile0ErrorCode
2025-02-16 21:17:42,326 [ERROR] LogOutputStream:75 - [STDERR_REDIRECT] WARNING: Could not lock System prefs. Unix error code 2.
2025-02-16 21:17:42,326 [ERROR] LogOutputStream:75 - [STDERR_REDIRECT] 
2025-02-16 21:17:42,326 [ERROR] LogOutputStream:75 - [STDERR_REDIRECT] Feb 16, 2025 9:17:42 PM java.util.prefs.FileSystemPreferences syncWorld
2025-02-16 21:17:42,326 [ERROR] LogOutputStream:75 - [STDERR_REDIRECT] WARNING: Couldn't flush system prefs: java.util.prefs.BackingStoreException: Couldn't get file lock.
2025-02-16 21:17:42,326 [ERROR] LogOutputStream:75 - [STDERR_REDIRECT] 
2025-02-16 21:18:12,326 [ERROR] LogOutputStream:75 - [STDERR_REDIRECT] Feb 16, 2025 9:18:12 PM java.util.prefs.FileSystemPreferences checkLockFile0ErrorCode
2025-02-16 21:18:12,326 [ERROR] LogOutputStream:75 - [STDERR_REDIRECT] WARNING: Could not lock System prefs. Unix error code 2.
2025-02-16 21:18:12,326 [ERROR] LogOutputStream:75 - [STDERR_REDIRECT] 
2025-02-16 21:18:12,327 [ERROR] LogOutputStream:75 - [STDERR_REDIRECT] Feb 16, 2025 9:18:12 PM java.util.prefs.FileSystemPreferences syncWorld
2025-02-16 21:18:12,327 [ERROR] LogOutputStream:75 - [STDERR_REDIRECT] WARNING: Couldn't flush system prefs: java.util.prefs.BackingStoreException: Couldn't get file lock.
2025-02-16 21:18:12,327 [ERROR] LogOutputStream:75 - [STDERR_REDIRECT] 
2025-02-16 21:18:42,326 [ERROR] LogOutputStream:75 - [STDERR_REDIRECT] Feb 16, 2025 9:18:42 PM java.util.prefs.FileSystemPreferences checkLockFile0ErrorCode
2025-02-16 21:18:42,326 [ERROR] LogOutputStream:75 - [STDERR_REDIRECT] WARNING: Could not lock System prefs. Unix error code 2.
2025-02-16 21:18:42,326 [ERROR] LogOutputStream:75 - [STDERR_REDIRECT] 
2025-02-16 21:18:42,326 [ERROR] LogOutputStream:75 - [STDERR_REDIRECT] Feb 16, 2025 9:18:42 PM java.util.prefs.FileSystemPreferences syncWorld
2025-02-16 21:18:42,326 [ERROR] LogOutputStream:75 - [STDERR_REDIRECT] WARNING: Couldn't flush system prefs: java.util.prefs.BackingStoreException: Couldn't get file lock.
2025-02-16 21:18:42,326 [ERROR] LogOutputStream:75 - [STDERR_REDIRECT] 
2025-02-16 21:19:12,326 [ERROR] LogOutputStream:75 - [STDERR_REDIRECT] Feb 16, 2025 9:19:12 PM java.util.prefs.FileSystemPreferences checkLockFile0ErrorCode
2025-02-16 21:19:12,326 [ERROR] LogOutputStream:75 - [STDERR_REDIRECT] WARNING: Could not lock System prefs. Unix error code 2.
2025-02-16 21:19:12,326 [ERROR] LogOutputStream:75 - [STDERR_REDIRECT] 
2025-02-16 21:19:12,326 [ERROR] LogOutputStream:75 - [STDERR_REDIRECT] Feb 16, 2025 9:19:12 PM java.util.prefs.FileSystemPreferences syncWorld
2025-02-16 21:19:12,327 [ERROR] LogOutputStream:75 - [STDERR_REDIRECT] WARNING: Couldn't flush system prefs: java.util.prefs.BackingStoreException: Couldn't get file lock.
2025-02-16 21:19:12,327 [ERROR] LogOutputStream:75 - [STDERR_REDIRECT] 
2025-02-16 21:19:42,326 [ERROR] LogOutputStream:75 - [STDERR_REDIRECT] Feb 16, 2025 9:19:42 PM java.util.prefs.FileSystemPreferences checkLockFile0ErrorCode
2025-02-16 21:19:42,326 [ERROR] LogOutputStream:75 - [STDERR_REDIRECT] WARNING: Could not lock System prefs. Unix error code 2.
2025-02-16 21:19:42,326 [ERROR] LogOutputStream:75 - [STDERR_REDIRECT] 
2025-02-16 21:19:42,326 [ERROR] LogOutputStream:75 - [STDERR_REDIRECT] Feb 16, 2025 9:19:42 PM java.util.prefs.FileSystemPreferences syncWorld
2025-02-16 21:19:42,326 [ERROR] LogOutputStream:75 - [STDERR_REDIRECT] WARNING: Couldn't flush system prefs: java.util.prefs.BackingStoreException: Couldn't get file lock.
2025-02-16 21:19:42,326 [ERROR] LogOutputStream:75 - [STDERR_REDIRECT] 
2025-02-16 21:20:12,326 [ERROR] LogOutputStream:75 - [STDERR_REDIRECT] Feb 16, 2025 9:20:12 PM java.util.prefs.FileSystemPreferences checkLockFile0ErrorCode
2025-02-16 21:20:12,326 [ERROR] LogOutputStream:75 - [STDERR_REDIRECT] WARNING: Could not lock System prefs. Unix error code 2.
2025-02-16 21:20:12,326 [ERROR] LogOutputStream:75 - [STDERR_REDIRECT] 
2025-02-16 21:20:12,326 [ERROR] LogOutputStream:75 - [STDERR_REDIRECT] Feb 16, 2025 9:20:12 PM java.util.prefs.FileSystemPreferences syncWorld
2025-02-16 21:20:12,326 [ERROR] LogOutputStream:75 - [STDERR_REDIRECT] WARNING: Couldn't flush system prefs: java.util.prefs.BackingStoreException: Couldn't get file lock.
2025-02-16 21:20:12,326 [ERROR] LogOutputStream:75 - [STDERR_REDIRECT] 
2025-02-16 21:20:42,326 [ERROR] LogOutputStream:75 - [STDERR_REDIRECT] Feb 16, 2025 9:20:42 PM java.util.prefs.FileSystemPreferences checkLockFile0ErrorCode
2025-02-16 21:20:42,326 [ERROR] LogOutputStream:75 - [STDERR_REDIRECT] WARNING: Could not lock System prefs. Unix error code 2.
2025-02-16 21:20:42,327 [ERROR] LogOutputStream:75 - [STDERR_REDIRECT] 
2025-02-16 21:20:42,327 [ERROR] LogOutputStream:75 - [STDERR_REDIRECT] Feb 16, 2025 9:20:42 PM java.util.prefs.FileSystemPreferences syncWorld
2025-02-16 21:20:42,327 [ERROR] LogOutputStream:75 - [STDERR_REDIRECT] WARNING: Couldn't flush system prefs: java.util.prefs.BackingStoreException: Couldn't get file lock.
2025-02-16 21:20:42,327 [ERROR] LogOutputStream:75 - [STDERR_REDIRECT] 
2025-02-16 21:21:12,326 [ERROR] LogOutputStream:75 - [STDERR_REDIRECT] Feb 16, 2025 9:21:12 PM java.util.prefs.FileSystemPreferences checkLockFile0ErrorCode
2025-02-16 21:21:12,326 [ERROR] LogOutputStream:75 - [STDERR_REDIRECT] WARNING: Could not lock System prefs. Unix error code 2.
2025-02-16 21:21:12,326 [ERROR] LogOutputStream:75 - [STDERR_REDIRECT] 
2025-02-16 21:21:12,326 [ERROR] LogOutputStream:75 - [STDERR_REDIRECT] Feb 16, 2025 9:21:12 PM java.util.prefs.FileSystemPreferences syncWorld
2025-02-16 21:21:12,326 [ERROR] LogOutputStream:75 - [STDERR_REDIRECT] WARNING: Couldn't flush system prefs: java.util.prefs.BackingStoreException: Couldn't get file lock.
2025-02-16 21:21:12,326 [ERROR] LogOutputStream:75 - [STDERR_REDIRECT] 
2025-02-16 21:21:42,326 [ERROR] LogOutputStream:75 - [STDERR_REDIRECT] Feb 16, 2025 9:21:42 PM java.util.prefs.FileSystemPreferences checkLockFile0ErrorCode
2025-02-16 21:21:42,327 [ERROR] LogOutputStream:75 - [STDERR_REDIRECT] WARNING: Could not lock System prefs. Unix error code 2.
2025-02-16 21:21:42,327 [ERROR] LogOutputStream:75 - [STDERR_REDIRECT] 
2025-02-16 21:21:42,327 [ERROR] LogOutputStream:75 - [STDERR_REDIRECT] Feb 16, 2025 9:21:42 PM java.util.prefs.FileSystemPreferences syncWorld
2025-02-16 21:21:42,327 [ERROR] LogOutputStream:75 - [STDERR_REDIRECT] WARNING: Couldn't flush system prefs: java.util.prefs.BackingStoreException: Couldn't get file lock.
2025-02-16 21:21:42,327 [ERROR] LogOutputStream:75 - [STDERR_REDIRECT] 
2025-02-16 21:22:12,326 [ERROR] LogOutputStream:75 - [STDERR_REDIRECT] Feb 16, 2025 9:22:12 PM java.util.prefs.FileSystemPreferences checkLockFile0ErrorCode
2025-02-16 21:22:12,326 [ERROR] LogOutputStream:75 - [STDERR_REDIRECT] WARNING: Could not lock System prefs. Unix error code 2.
2025-02-16 21:22:12,326 [ERROR] LogOutputStream:75 - [STDERR_REDIRECT] 
2025-02-16 21:22:12,326 [ERROR] LogOutputStream:75 - [STDERR_REDIRECT] Feb 16, 2025 9:22:12 PM java.util.prefs.FileSystemPreferences syncWorld
2025-02-16 21:22:12,326 [ERROR] LogOutputStream:75 - [STDERR_REDIRECT] WARNING: Couldn't flush system prefs: java.util.prefs.BackingStoreException: Couldn't get file lock.
2025-02-16 21:22:12,326 [ERROR] LogOutputStream:75 - [STDERR_REDIRECT] 
2025-02-16 21:22:42,326 [ERROR] LogOutputStream:75 - [STDERR_REDIRECT] Feb 16, 2025 9:22:42 PM java.util.prefs.FileSystemPreferences checkLockFile0ErrorCode
2025-02-16 21:22:42,326 [ERROR] LogOutputStream:75 - [STDERR_REDIRECT] WARNING: Could not lock System prefs. Unix error code 2.
2025-02-16 21:22:42,326 [ERROR] LogOutputStream:75 - [STDERR_REDIRECT] 
2025-02-16 21:22:42,326 [ERROR] LogOutputStream:75 - [STDERR_REDIRECT] Feb 16, 2025 9:22:42 PM java.util.prefs.FileSystemPreferences syncWorld
2025-02-16 21:22:42,326 [ERROR] LogOutputStream:75 - [STDERR_REDIRECT] WARNING: Couldn't flush system prefs: java.util.prefs.BackingStoreException: Couldn't get file lock.
2025-02-16 21:22:42,327 [ERROR] LogOutputStream:75 - [STDERR_REDIRECT] 
2025-02-16 21:23:12,326 [ERROR] LogOutputStream:75 - [STDERR_REDIRECT] Feb 16, 2025 9:23:12 PM java.util.prefs.FileSystemPreferences checkLockFile0ErrorCode
2025-02-16 21:23:12,326 [ERROR] LogOutputStream:75 - [STDERR_REDIRECT] WARNING: Could not lock System prefs. Unix error code 2.
2025-02-16 21:23:12,326 [ERROR] LogOutputStream:75 - [STDERR_REDIRECT] 
2025-02-16 21:23:12,326 [ERROR] LogOutputStream:75 - [STDERR_REDIRECT] Feb 16, 2025 9:23:12 PM java.util.prefs.FileSystemPreferences syncWorld
2025-02-16 21:23:12,326 [ERROR] LogOutputStream:75 - [STDERR_REDIRECT] WARNING: Couldn't flush system prefs: java.util.prefs.BackingStoreException: Couldn't get file lock.
2025-02-16 21:23:12,326 [ERROR] LogOutputStream:75 - [STDERR_REDIRECT] 
2025-02-16 21:23:42,326 [ERROR] LogOutputStream:75 - [STDERR_REDIRECT] Feb 16, 2025 9:23:42 PM java.util.prefs.FileSystemPreferences checkLockFile0ErrorCode
2025-02-16 21:23:42,326 [ERROR] LogOutputStream:75 - [STDERR_REDIRECT] WARNING: Could not lock System prefs. Unix error code 2.
2025-02-16 21:23:42,326 [ERROR] LogOutputStream:75 - [STDERR_REDIRECT] 
2025-02-16 21:23:42,326 [ERROR] LogOutputStream:75 - [STDERR_REDIRECT] Feb 16, 2025 9:23:42 PM java.util.prefs.FileSystemPreferences syncWorld
2025-02-16 21:23:42,326 [ERROR] LogOutputStream:75 - [STDERR_REDIRECT] WARNING: Couldn't flush system prefs: java.util.prefs.BackingStoreException: Couldn't get file lock.
2025-02-16 21:23:42,326 [ERROR] LogOutputStream:75 - [STDERR_REDIRECT] 
2025-02-16 21:24:12,326 [ERROR] LogOutputStream:75 - [STDERR_REDIRECT] Feb 16, 2025 9:24:12 PM java.util.prefs.FileSystemPreferences checkLockFile0ErrorCode
2025-02-16 21:24:12,326 [ERROR] LogOutputStream:75 - [STDERR_REDIRECT] WARNING: Could not lock System prefs. Unix error code 2.
2025-02-16 21:24:12,326 [ERROR] LogOutputStream:75 - [STDERR_REDIRECT] 
2025-02-16 21:24:12,326 [ERROR] LogOutputStream:75 - [STDERR_REDIRECT] Feb 16, 2025 9:24:12 PM java.util.prefs.FileSystemPreferences syncWorld
2025-02-16 21:24:12,326 [ERROR] LogOutputStream:75 - [STDERR_REDIRECT] WARNING: Couldn't flush system prefs: java.util.prefs.BackingStoreException: Couldn't get file lock.
2025-02-16 21:24:12,326 [ERROR] LogOutputStream:75 - [STDERR_REDIRECT] 
2025-02-16 21:24:42,326 [ERROR] LogOutputStream:75 - [STDERR_REDIRECT] Feb 16, 2025 9:24:42 PM java.util.prefs.FileSystemPreferences checkLockFile0ErrorCode
2025-02-16 21:24:42,327 [ERROR] LogOutputStream:75 - [STDERR_REDIRECT] WARNING: Could not lock System prefs. Unix error code 2.
2025-02-16 21:24:42,327 [ERROR] LogOutputStream:75 - [STDERR_REDIRECT] 
2025-02-16 21:24:42,327 [ERROR] LogOutputStream:75 - [STDERR_REDIRECT] Feb 16, 2025 9:24:42 PM java.util.prefs.FileSystemPreferences syncWorld
2025-02-16 21:24:42,327 [ERROR] LogOutputStream:75 - [STDERR_REDIRECT] WARNING: Couldn't flush system prefs: java.util.prefs.BackingStoreException: Couldn't get file lock.
2025-02-16 21:24:42,327 [ERROR] LogOutputStream:75 - [STDERR_REDIRECT] 
2025-02-16 21:25:12,326 [ERROR] LogOutputStream:75 - [STDERR_REDIRECT] Feb 16, 2025 9:25:12 PM java.util.prefs.FileSystemPreferences checkLockFile0ErrorCode
2025-02-16 21:25:12,326 [ERROR] LogOutputStream:75 - [STDERR_REDIRECT] WARNING: Could not lock System prefs. Unix error code 2.
2025-02-16 21:25:12,326 [ERROR] LogOutputStream:75 - [STDERR_REDIRECT] 
2025-02-16 21:25:12,326 [ERROR] LogOutputStream:75 - [STDERR_REDIRECT] Feb 16, 2025 9:25:12 PM java.util.prefs.FileSystemPreferences syncWorld
2025-02-16 21:25:12,326 [ERROR] LogOutputStream:75 - [STDERR_REDIRECT] WARNING: Couldn't flush system prefs: java.util.prefs.BackingStoreException: Couldn't get file lock.
2025-02-16 21:25:12,326 [ERROR] LogOutputStream:75 - [STDERR_REDIRECT] 
2025-02-16 21:25:42,326 [ERROR] LogOutputStream:75 - [STDERR_REDIRECT] Feb 16, 2025 9:25:42 PM java.util.prefs.FileSystemPreferences checkLockFile0ErrorCode
2025-02-16 21:25:42,326 [ERROR] LogOutputStream:75 - [STDERR_REDIRECT] WARNING: Could not lock System prefs. Unix error code 2.
2025-02-16 21:25:42,326 [ERROR] LogOutputStream:75 - [STDERR_REDIRECT] 
2025-02-16 21:25:42,326 [ERROR] LogOutputStream:75 - [STDERR_REDIRECT] Feb 16, 2025 9:25:42 PM java.util.prefs.FileSystemPreferences syncWorld
2025-02-16 21:25:42,326 [ERROR] LogOutputStream:75 - [STDERR_REDIRECT] WARNING: Couldn't flush system prefs: java.util.prefs.BackingStoreException: Couldn't get file lock.
2025-02-16 21:25:42,327 [ERROR] LogOutputStream:75 - [STDERR_REDIRECT] 
2025-02-16 21:26:12,326 [ERROR] LogOutputStream:75 - [STDERR_REDIRECT] Feb 16, 2025 9:26:12 PM java.util.prefs.FileSystemPreferences checkLockFile0ErrorCode
2025-02-16 21:26:12,326 [ERROR] LogOutputStream:75 - [STDERR_REDIRECT] WARNING: Could not lock System prefs. Unix error code 2.
2025-02-16 21:26:12,326 [ERROR] LogOutputStream:75 - [STDERR_REDIRECT] 
2025-02-16 21:26:12,326 [ERROR] LogOutputStream:75 - [STDERR_REDIRECT] Feb 16, 2025 9:26:12 PM java.util.prefs.FileSystemPreferences syncWorld
2025-02-16 21:26:12,326 [ERROR] LogOutputStream:75 - [STDERR_REDIRECT] WARNING: Couldn't flush system prefs: java.util.prefs.BackingStoreException: Couldn't get file lock.
2025-02-16 21:26:12,326 [ERROR] LogOutputStream:75 - [STDERR_REDIRECT] 
2025-02-16 21:26:42,326 [ERROR] LogOutputStream:75 - [STDERR_REDIRECT] Feb 16, 2025 9:26:42 PM java.util.prefs.FileSystemPreferences checkLockFile0ErrorCode
2025-02-16 21:26:42,326 [ERROR] LogOutputStream:75 - [STDERR_REDIRECT] WARNING: Could not lock System prefs. Unix error code 2.
2025-02-16 21:26:42,326 [ERROR] LogOutputStream:75 - [STDERR_REDIRECT] 
2025-02-16 21:26:42,326 [ERROR] LogOutputStream:75 - [STDERR_REDIRECT] Feb 16, 2025 9:26:42 PM java.util.prefs.FileSystemPreferences syncWorld
2025-02-16 21:26:42,326 [ERROR] LogOutputStream:75 - [STDERR_REDIRECT] WARNING: Couldn't flush system prefs: java.util.prefs.BackingStoreException: Couldn't get file lock.
2025-02-16 21:26:42,326 [ERROR] LogOutputStream:75 - [STDERR_REDIRECT] 
2025-02-16 21:27:12,326 [ERROR] LogOutputStream:75 - [STDERR_REDIRECT] Feb 16, 2025 9:27:12 PM java.util.prefs.FileSystemPreferences checkLockFile0ErrorCode
2025-02-16 21:27:12,326 [ERROR] LogOutputStream:75 - [STDERR_REDIRECT] WARNING: Could not lock System prefs. Unix error code 2.
2025-02-16 21:27:12,327 [ERROR] LogOutputStream:75 - [STDERR_REDIRECT] 
2025-02-16 21:27:12,327 [ERROR] LogOutputStream:75 - [STDERR_REDIRECT] Feb 16, 2025 9:27:12 PM java.util.prefs.FileSystemPreferences syncWorld
2025-02-16 21:27:12,327 [ERROR] LogOutputStream:75 - [STDERR_REDIRECT] WARNING: Couldn't flush system prefs: java.util.prefs.BackingStoreException: Couldn't get file lock.
2025-02-16 21:27:12,327 [ERROR] LogOutputStream:75 - [STDERR_REDIRECT] 
2025-02-16 21:27:42,326 [ERROR] LogOutputStream:75 - [STDERR_REDIRECT] Feb 16, 2025 9:27:42 PM java.util.prefs.FileSystemPreferences checkLockFile0ErrorCode
2025-02-16 21:27:42,326 [ERROR] LogOutputStream:75 - [STDERR_REDIRECT] WARNING: Could not lock System prefs. Unix error code 2.
2025-02-16 21:27:42,326 [ERROR] LogOutputStream:75 - [STDERR_REDIRECT] 
2025-02-16 21:27:42,326 [ERROR] LogOutputStream:75 - [STDERR_REDIRECT] Feb 16, 2025 9:27:42 PM java.util.prefs.FileSystemPreferences syncWorld
2025-02-16 21:27:42,326 [ERROR] LogOutputStream:75 - [STDERR_REDIRECT] WARNING: Couldn't flush system prefs: java.util.prefs.BackingStoreException: Couldn't get file lock.
2025-02-16 21:27:42,326 [ERROR] LogOutputStream:75 - [STDERR_REDIRECT] 
2025-02-16 21:28:12,326 [ERROR] LogOutputStream:75 - [STDERR_REDIRECT] Feb 16, 2025 9:28:12 PM java.util.prefs.FileSystemPreferences checkLockFile0ErrorCode
2025-02-16 21:28:12,326 [ERROR] LogOutputStream:75 - [STDERR_REDIRECT] WARNING: Could not lock System prefs. Unix error code 2.
2025-02-16 21:28:12,326 [ERROR] LogOutputStream:75 - [STDERR_REDIRECT] 
2025-02-16 21:28:12,326 [ERROR] LogOutputStream:75 - [STDERR_REDIRECT] Feb 16, 2025 9:28:12 PM java.util.prefs.FileSystemPreferences syncWorld
2025-02-16 21:28:12,326 [ERROR] LogOutputStream:75 - [STDERR_REDIRECT] WARNING: Couldn't flush system prefs: java.util.prefs.BackingStoreException: Couldn't get file lock.
2025-02-16 21:28:12,326 [ERROR] LogOutputStream:75 - [STDERR_REDIRECT] 
2025-02-16 21:28:42,327 [ERROR] LogOutputStream:75 - [STDERR_REDIRECT] Feb 16, 2025 9:28:42 PM java.util.prefs.FileSystemPreferences checkLockFile0ErrorCode
2025-02-16 21:28:42,327 [ERROR] LogOutputStream:75 - [STDERR_REDIRECT] WARNING: Could not lock System prefs. Unix error code 2.
2025-02-16 21:28:42,327 [ERROR] LogOutputStream:75 - [STDERR_REDIRECT] 
2025-02-16 21:28:42,327 [ERROR] LogOutputStream:75 - [STDERR_REDIRECT] Feb 16, 2025 9:28:42 PM java.util.prefs.FileSystemPreferences syncWorld
2025-02-16 21:28:42,327 [ERROR] LogOutputStream:75 - [STDERR_REDIRECT] WARNING: Couldn't flush system prefs: java.util.prefs.BackingStoreException: Couldn't get file lock.
2025-02-16 21:28:42,327 [ERROR] LogOutputStream:75 - [STDERR_REDIRECT] 
2025-02-16 21:29:12,327 [ERROR] LogOutputStream:75 - [STDERR_REDIRECT] Feb 16, 2025 9:29:12 PM java.util.prefs.FileSystemPreferences checkLockFile0ErrorCode
2025-02-16 21:29:12,327 [ERROR] LogOutputStream:75 - [STDERR_REDIRECT] WARNING: Could not lock System prefs. Unix error code 2.
2025-02-16 21:29:12,327 [ERROR] LogOutputStream:75 - [STDERR_REDIRECT] 
2025-02-16 21:29:12,327 [ERROR] LogOutputStream:75 - [STDERR_REDIRECT] Feb 16, 2025 9:29:12 PM java.util.prefs.FileSystemPreferences syncWorld
2025-02-16 21:29:12,327 [ERROR] LogOutputStream:75 - [STDERR_REDIRECT] WARNING: Couldn't flush system prefs: java.util.prefs.BackingStoreException: Couldn't get file lock.
2025-02-16 21:29:12,327 [ERROR] LogOutputStream:75 - [STDERR_REDIRECT] 
2025-02-16 21:29:42,327 [ERROR] LogOutputStream:75 - [STDERR_REDIRECT] Feb 16, 2025 9:29:42 PM java.util.prefs.FileSystemPreferences checkLockFile0ErrorCode
2025-02-16 21:29:42,327 [ERROR] LogOutputStream:75 - [STDERR_REDIRECT] WARNING: Could not lock System prefs. Unix error code 2.
2025-02-16 21:29:42,327 [ERROR] LogOutputStream:75 - [STDERR_REDIRECT] 
2025-02-16 21:29:42,327 [ERROR] LogOutputStream:75 - [STDERR_REDIRECT] Feb 16, 2025 9:29:42 PM java.util.prefs.FileSystemPreferences syncWorld
2025-02-16 21:29:42,327 [ERROR] LogOutputStream:75 - [STDERR_REDIRECT] WARNING: Couldn't flush system prefs: java.util.prefs.BackingStoreException: Couldn't get file lock.
2025-02-16 21:29:42,327 [ERROR] LogOutputStream:75 - [STDERR_REDIRECT] 
2025-02-16 21:30:12,328 [ERROR] LogOutputStream:75 - [STDERR_REDIRECT] Feb 16, 2025 9:30:12 PM java.util.prefs.FileSystemPreferences checkLockFile0ErrorCode
2025-02-16 21:30:12,328 [ERROR] LogOutputStream:75 - [STDERR_REDIRECT] WARNING: Could not lock System prefs. Unix error code 2.
2025-02-16 21:30:12,328 [ERROR] LogOutputStream:75 - [STDERR_REDIRECT] 
2025-02-16 21:30:12,328 [ERROR] LogOutputStream:75 - [STDERR_REDIRECT] Feb 16, 2025 9:30:12 PM java.util.prefs.FileSystemPreferences syncWorld
2025-02-16 21:30:12,328 [ERROR] LogOutputStream:75 - [STDERR_REDIRECT] WARNING: Couldn't flush system prefs: java.util.prefs.BackingStoreException: Couldn't get file lock.
2025-02-16 21:30:12,328 [ERROR] LogOutputStream:75 - [STDERR_REDIRECT] 
2025-02-16 21:30:42,327 [ERROR] LogOutputStream:75 - [STDERR_REDIRECT] Feb 16, 2025 9:30:42 PM java.util.prefs.FileSystemPreferences checkLockFile0ErrorCode
2025-02-16 21:30:42,327 [ERROR] LogOutputStream:75 - [STDERR_REDIRECT] WARNING: Could not lock System prefs. Unix error code 2.
2025-02-16 21:30:42,327 [ERROR] LogOutputStream:75 - [STDERR_REDIRECT] 
2025-02-16 21:30:42,327 [ERROR] LogOutputStream:75 - [STDERR_REDIRECT] Feb 16, 2025 9:30:42 PM java.util.prefs.FileSystemPreferences syncWorld
2025-02-16 21:30:42,327 [ERROR] LogOutputStream:75 - [STDERR_REDIRECT] WARNING: Couldn't flush system prefs: java.util.prefs.BackingStoreException: Couldn't get file lock.
2025-02-16 21:30:42,327 [ERROR] LogOutputStream:75 - [STDERR_REDIRECT] 
2025-02-16 21:31:12,327 [ERROR] LogOutputStream:75 - [STDERR_REDIRECT] Feb 16, 2025 9:31:12 PM java.util.prefs.FileSystemPreferences checkLockFile0ErrorCode
2025-02-16 21:31:12,327 [ERROR] LogOutputStream:75 - [STDERR_REDIRECT] WARNING: Could not lock System prefs. Unix error code 2.
2025-02-16 21:31:12,328 [ERROR] LogOutputStream:75 - [STDERR_REDIRECT] 
2025-02-16 21:31:12,328 [ERROR] LogOutputStream:75 - [STDERR_REDIRECT] Feb 16, 2025 9:31:12 PM java.util.prefs.FileSystemPreferences syncWorld
2025-02-16 21:31:12,328 [ERROR] LogOutputStream:75 - [STDERR_REDIRECT] WARNING: Couldn't flush system prefs: java.util.prefs.BackingStoreException: Couldn't get file lock.
2025-02-16 21:31:12,328 [ERROR] LogOutputStream:75 - [STDERR_REDIRECT] 
2025-02-16 21:31:42,328 [ERROR] LogOutputStream:75 - [STDERR_REDIRECT] Feb 16, 2025 9:31:42 PM java.util.prefs.FileSystemPreferences checkLockFile0ErrorCode
2025-02-16 21:31:42,328 [ERROR] LogOutputStream:75 - [STDERR_REDIRECT] WARNING: Could not lock System prefs. Unix error code 2.
2025-02-16 21:31:42,328 [ERROR] LogOutputStream:75 - [STDERR_REDIRECT] 
2025-02-16 21:31:42,328 [ERROR] LogOutputStream:75 - [STDERR_REDIRECT] Feb 16, 2025 9:31:42 PM java.util.prefs.FileSystemPreferences syncWorld
2025-02-16 21:31:42,328 [ERROR] LogOutputStream:75 - [STDERR_REDIRECT] WARNING: Couldn't flush system prefs: java.util.prefs.BackingStoreException: Couldn't get file lock.
2025-02-16 21:31:42,328 [ERROR] LogOutputStream:75 - [STDERR_REDIRECT] 
2025-02-16 21:32:12,328 [ERROR] LogOutputStream:75 - [STDERR_REDIRECT] Feb 16, 2025 9:32:12 PM java.util.prefs.FileSystemPreferences checkLockFile0ErrorCode
2025-02-16 21:32:12,328 [ERROR] LogOutputStream:75 - [STDERR_REDIRECT] WARNING: Could not lock System prefs. Unix error code 2.
2025-02-16 21:32:12,328 [ERROR] LogOutputStream:75 - [STDERR_REDIRECT] 
2025-02-16 21:32:12,328 [ERROR] LogOutputStream:75 - [STDERR_REDIRECT] Feb 16, 2025 9:32:12 PM java.util.prefs.FileSystemPreferences syncWorld
2025-02-16 21:32:12,328 [ERROR] LogOutputStream:75 - [STDERR_REDIRECT] WARNING: Couldn't flush system prefs: java.util.prefs.BackingStoreException: Couldn't get file lock.
2025-02-16 21:32:12,328 [ERROR] LogOutputStream:75 - [STDERR_REDIRECT] 
2025-02-16 21:32:42,328 [ERROR] LogOutputStream:75 - [STDERR_REDIRECT] Feb 16, 2025 9:32:42 PM java.util.prefs.FileSystemPreferences checkLockFile0ErrorCode
2025-02-16 21:32:42,328 [ERROR] LogOutputStream:75 - [STDERR_REDIRECT] WARNING: Could not lock System prefs. Unix error code 2.
2025-02-16 21:32:42,328 [ERROR] LogOutputStream:75 - [STDERR_REDIRECT] 
2025-02-16 21:32:42,329 [ERROR] LogOutputStream:75 - [STDERR_REDIRECT] Feb 16, 2025 9:32:42 PM java.util.prefs.FileSystemPreferences syncWorld
2025-02-16 21:32:42,329 [ERROR] LogOutputStream:75 - [STDERR_REDIRECT] WARNING: Couldn't flush system prefs: java.util.prefs.BackingStoreException: Couldn't get file lock.
2025-02-16 21:32:42,329 [ERROR] LogOutputStream:75 - [STDERR_REDIRECT] 
2025-02-16 21:33:12,329 [ERROR] LogOutputStream:75 - [STDERR_REDIRECT] Feb 16, 2025 9:33:12 PM java.util.prefs.FileSystemPreferences checkLockFile0ErrorCode
2025-02-16 21:33:12,329 [ERROR] LogOutputStream:75 - [STDERR_REDIRECT] WARNING: Could not lock System prefs. Unix error code 2.
2025-02-16 21:33:12,329 [ERROR] LogOutputStream:75 - [STDERR_REDIRECT] 
2025-02-16 21:33:12,329 [ERROR] LogOutputStream:75 - [STDERR_REDIRECT] Feb 16, 2025 9:33:12 PM java.util.prefs.FileSystemPreferences syncWorld
2025-02-16 21:33:12,329 [ERROR] LogOutputStream:75 - [STDERR_REDIRECT] WARNING: Couldn't flush system prefs: java.util.prefs.BackingStoreException: Couldn't get file lock.
2025-02-16 21:33:12,329 [ERROR] LogOutputStream:75 - [STDERR_REDIRECT] 
2025-02-16 21:33:42,329 [ERROR] LogOutputStream:75 - [STDERR_REDIRECT] Feb 16, 2025 9:33:42 PM java.util.prefs.FileSystemPreferences checkLockFile0ErrorCode
2025-02-16 21:33:42,329 [ERROR] LogOutputStream:75 - [STDERR_REDIRECT] WARNING: Could not lock System prefs. Unix error code 2.
2025-02-16 21:33:42,329 [ERROR] LogOutputStream:75 - [STDERR_REDIRECT] 
2025-02-16 21:33:42,329 [ERROR] LogOutputStream:75 - [STDERR_REDIRECT] Feb 16, 2025 9:33:42 PM java.util.prefs.FileSystemPreferences syncWorld
2025-02-16 21:33:42,329 [ERROR] LogOutputStream:75 - [STDERR_REDIRECT] WARNING: Couldn't flush system prefs: java.util.prefs.BackingStoreException: Couldn't get file lock.
2025-02-16 21:33:42,329 [ERROR] LogOutputStream:75 - [STDERR_REDIRECT] 
2025-02-16 21:34:12,330 [ERROR] LogOutputStream:75 - [STDERR_REDIRECT] Feb 16, 2025 9:34:12 PM java.util.prefs.FileSystemPreferences checkLockFile0ErrorCode
2025-02-16 21:34:12,330 [ERROR] LogOutputStream:75 - [STDERR_REDIRECT] WARNING: Could not lock System prefs. Unix error code 2.
2025-02-16 21:34:12,336 [ERROR] LogOutputStream:75 - [STDERR_REDIRECT] 
2025-02-16 21:34:12,337 [ERROR] LogOutputStream:75 - [STDERR_REDIRECT] Feb 16, 2025 9:34:12 PM java.util.prefs.FileSystemPreferences syncWorld
2025-02-16 21:34:12,337 [ERROR] LogOutputStream:75 - [STDERR_REDIRECT] WARNING: Couldn't flush system prefs: java.util.prefs.BackingStoreException: Couldn't get file lock.
2025-02-16 21:34:12,337 [ERROR] LogOutputStream:75 - [STDERR_REDIRECT] 
2025-02-16 21:34:42,330 [ERROR] LogOutputStream:75 - [STDERR_REDIRECT] Feb 16, 2025 9:34:42 PM java.util.prefs.FileSystemPreferences checkLockFile0ErrorCode
2025-02-16 21:34:42,330 [ERROR] LogOutputStream:75 - [STDERR_REDIRECT] WARNING: Could not lock System prefs. Unix error code 2.
2025-02-16 21:34:42,330 [ERROR] LogOutputStream:75 - [STDERR_REDIRECT] 
2025-02-16 21:34:42,330 [ERROR] LogOutputStream:75 - [STDERR_REDIRECT] Feb 16, 2025 9:34:42 PM java.util.prefs.FileSystemPreferences syncWorld
2025-02-16 21:34:42,330 [ERROR] LogOutputStream:75 - [STDERR_REDIRECT] WARNING: Couldn't flush system prefs: java.util.prefs.BackingStoreException: Couldn't get file lock.
2025-02-16 21:34:42,330 [ERROR] LogOutputStream:75 - [STDERR_REDIRECT] 
2025-02-16 21:35:12,330 [ERROR] LogOutputStream:75 - [STDERR_REDIRECT] Feb 16, 2025 9:35:12 PM java.util.prefs.FileSystemPreferences checkLockFile0ErrorCode
2025-02-16 21:35:12,330 [ERROR] LogOutputStream:75 - [STDERR_REDIRECT] WARNING: Could not lock System prefs. Unix error code 2.
2025-02-16 21:35:12,330 [ERROR] LogOutputStream:75 - [STDERR_REDIRECT] 
2025-02-16 21:35:12,330 [ERROR] LogOutputStream:75 - [STDERR_REDIRECT] Feb 16, 2025 9:35:12 PM java.util.prefs.FileSystemPreferences syncWorld
2025-02-16 21:35:12,330 [ERROR] LogOutputStream:75 - [STDERR_REDIRECT] WARNING: Couldn't flush system prefs: java.util.prefs.BackingStoreException: Couldn't get file lock.
2025-02-16 21:35:12,330 [ERROR] LogOutputStream:75 - [STDERR_REDIRECT] 
2025-02-16 21:35:42,330 [ERROR] LogOutputStream:75 - [STDERR_REDIRECT] Feb 16, 2025 9:35:42 PM java.util.prefs.FileSystemPreferences checkLockFile0ErrorCode
2025-02-16 21:35:42,330 [ERROR] LogOutputStream:75 - [STDERR_REDIRECT] WARNING: Could not lock System prefs. Unix error code 2.
2025-02-16 21:35:42,330 [ERROR] LogOutputStream:75 - [STDERR_REDIRECT] 
2025-02-16 21:35:42,330 [ERROR] LogOutputStream:75 - [STDERR_REDIRECT] Feb 16, 2025 9:35:42 PM java.util.prefs.FileSystemPreferences syncWorld
2025-02-16 21:35:42,330 [ERROR] LogOutputStream:75 - [STDERR_REDIRECT] WARNING: Couldn't flush system prefs: java.util.prefs.BackingStoreException: Couldn't get file lock.
2025-02-16 21:35:42,330 [ERROR] LogOutputStream:75 - [STDERR_REDIRECT] 
2025-02-16 21:36:12,330 [ERROR] LogOutputStream:75 - [STDERR_REDIRECT] Feb 16, 2025 9:36:12 PM java.util.prefs.FileSystemPreferences checkLockFile0ErrorCode
2025-02-16 21:36:12,330 [ERROR] LogOutputStream:75 - [STDERR_REDIRECT] WARNING: Could not lock System prefs. Unix error code 2.
2025-02-16 21:36:12,330 [ERROR] LogOutputStream:75 - [STDERR_REDIRECT] 
2025-02-16 21:36:12,330 [ERROR] LogOutputStream:75 - [STDERR_REDIRECT] Feb 16, 2025 9:36:12 PM java.util.prefs.FileSystemPreferences syncWorld
2025-02-16 21:36:12,330 [ERROR] LogOutputStream:75 - [STDERR_REDIRECT] WARNING: Couldn't flush system prefs: java.util.prefs.BackingStoreException: Couldn't get file lock.
2025-02-16 21:36:12,331 [ERROR] LogOutputStream:75 - [STDERR_REDIRECT] 
2025-02-16 21:36:42,330 [ERROR] LogOutputStream:75 - [STDERR_REDIRECT] Feb 16, 2025 9:36:42 PM java.util.prefs.FileSystemPreferences checkLockFile0ErrorCode
2025-02-16 21:36:42,330 [ERROR] LogOutputStream:75 - [STDERR_REDIRECT] WARNING: Could not lock System prefs. Unix error code 2.
2025-02-16 21:36:42,330 [ERROR] LogOutputStream:75 - [STDERR_REDIRECT] 
2025-02-16 21:36:42,330 [ERROR] LogOutputStream:75 - [STDERR_REDIRECT] Feb 16, 2025 9:36:42 PM java.util.prefs.FileSystemPreferences syncWorld
2025-02-16 21:36:42,330 [ERROR] LogOutputStream:75 - [STDERR_REDIRECT] WARNING: Couldn't flush system prefs: java.util.prefs.BackingStoreException: Couldn't get file lock.
2025-02-16 21:36:42,330 [ERROR] LogOutputStream:75 - [STDERR_REDIRECT] 
2025-02-16 21:37:12,330 [ERROR] LogOutputStream:75 - [STDERR_REDIRECT] Feb 16, 2025 9:37:12 PM java.util.prefs.FileSystemPreferences checkLockFile0ErrorCode
2025-02-16 21:37:12,330 [ERROR] LogOutputStream:75 - [STDERR_REDIRECT] WARNING: Could not lock System prefs. Unix error code 2.
2025-02-16 21:37:12,330 [ERROR] LogOutputStream:75 - [STDERR_REDIRECT] 
2025-02-16 21:37:12,330 [ERROR] LogOutputStream:75 - [STDERR_REDIRECT] Feb 16, 2025 9:37:12 PM java.util.prefs.FileSystemPreferences syncWorld
2025-02-16 21:37:12,330 [ERROR] LogOutputStream:75 - [STDERR_REDIRECT] WARNING: Couldn't flush system prefs: java.util.prefs.BackingStoreException: Couldn't get file lock.
2025-02-16 21:37:12,330 [ERROR] LogOutputStream:75 - [STDERR_REDIRECT] 
2025-02-16 21:37:42,330 [ERROR] LogOutputStream:75 - [STDERR_REDIRECT] Feb 16, 2025 9:37:42 PM java.util.prefs.FileSystemPreferences checkLockFile0ErrorCode
2025-02-16 21:37:42,330 [ERROR] LogOutputStream:75 - [STDERR_REDIRECT] WARNING: Could not lock System prefs. Unix error code 2.
2025-02-16 21:37:42,330 [ERROR] LogOutputStream:75 - [STDERR_REDIRECT] 
2025-02-16 21:37:42,330 [ERROR] LogOutputStream:75 - [STDERR_REDIRECT] Feb 16, 2025 9:37:42 PM java.util.prefs.FileSystemPreferences syncWorld
2025-02-16 21:37:42,331 [ERROR] LogOutputStream:75 - [STDERR_REDIRECT] WARNING: Couldn't flush system prefs: java.util.prefs.BackingStoreException: Couldn't get file lock.
2025-02-16 21:37:42,331 [ERROR] LogOutputStream:75 - [STDERR_REDIRECT] 
2025-02-16 21:38:12,331 [ERROR] LogOutputStream:75 - [STDERR_REDIRECT] Feb 16, 2025 9:38:12 PM java.util.prefs.FileSystemPreferences checkLockFile0ErrorCode
2025-02-16 21:38:12,331 [ERROR] LogOutputStream:75 - [STDERR_REDIRECT] WARNING: Could not lock System prefs. Unix error code 2.
2025-02-16 21:38:12,331 [ERROR] LogOutputStream:75 - [STDERR_REDIRECT] 
2025-02-16 21:38:12,331 [ERROR] LogOutputStream:75 - [STDERR_REDIRECT] Feb 16, 2025 9:38:12 PM java.util.prefs.FileSystemPreferences syncWorld
2025-02-16 21:38:12,331 [ERROR] LogOutputStream:75 - [STDERR_REDIRECT] WARNING: Couldn't flush system prefs: java.util.prefs.BackingStoreException: Couldn't get file lock.
2025-02-16 21:38:12,331 [ERROR] LogOutputStream:75 - [STDERR_REDIRECT] 
2025-02-16 21:38:42,331 [ERROR] LogOutputStream:75 - [STDERR_REDIRECT] Feb 16, 2025 9:38:42 PM java.util.prefs.FileSystemPreferences checkLockFile0ErrorCode
2025-02-16 21:38:42,331 [ERROR] LogOutputStream:75 - [STDERR_REDIRECT] WARNING: Could not lock System prefs. Unix error code 2.
2025-02-16 21:38:42,331 [ERROR] LogOutputStream:75 - [STDERR_REDIRECT] 
2025-02-16 21:38:42,331 [ERROR] LogOutputStream:75 - [STDERR_REDIRECT] Feb 16, 2025 9:38:42 PM java.util.prefs.FileSystemPreferences syncWorld
2025-02-16 21:38:42,331 [ERROR] LogOutputStream:75 - [STDERR_REDIRECT] WARNING: Couldn't flush system prefs: java.util.prefs.BackingStoreException: Couldn't get file lock.
2025-02-16 21:38:42,331 [ERROR] LogOutputStream:75 - [STDERR_REDIRECT] 
2025-02-16 21:39:12,332 [ERROR] LogOutputStream:75 - [STDERR_REDIRECT] Feb 16, 2025 9:39:12 PM java.util.prefs.FileSystemPreferences checkLockFile0ErrorCode
2025-02-16 21:39:12,332 [ERROR] LogOutputStream:75 - [STDERR_REDIRECT] WARNING: Could not lock System prefs. Unix error code 2.
2025-02-16 21:39:12,332 [ERROR] LogOutputStream:75 - [STDERR_REDIRECT] 
2025-02-16 21:39:12,332 [ERROR] LogOutputStream:75 - [STDERR_REDIRECT] Feb 16, 2025 9:39:12 PM java.util.prefs.FileSystemPreferences syncWorld
2025-02-16 21:39:12,332 [ERROR] LogOutputStream:75 - [STDERR_REDIRECT] WARNING: Couldn't flush system prefs: java.util.prefs.BackingStoreException: Couldn't get file lock.
2025-02-16 21:39:12,332 [ERROR] LogOutputStream:75 - [STDERR_REDIRECT] 
2025-02-16 21:39:42,332 [ERROR] LogOutputStream:75 - [STDERR_REDIRECT] Feb 16, 2025 9:39:42 PM java.util.prefs.FileSystemPreferences checkLockFile0ErrorCode
2025-02-16 21:39:42,332 [ERROR] LogOutputStream:75 - [STDERR_REDIRECT] WARNING: Could not lock System prefs. Unix error code 2.
2025-02-16 21:39:42,332 [ERROR] LogOutputStream:75 - [STDERR_REDIRECT] 
2025-02-16 21:39:42,332 [ERROR] LogOutputStream:75 - [STDERR_REDIRECT] Feb 16, 2025 9:39:42 PM java.util.prefs.FileSystemPreferences syncWorld
2025-02-16 21:39:42,332 [ERROR] LogOutputStream:75 - [STDERR_REDIRECT] WARNING: Couldn't flush system prefs: java.util.prefs.BackingStoreException: Couldn't get file lock.
2025-02-16 21:39:42,332 [ERROR] LogOutputStream:75 - [STDERR_REDIRECT] 
2025-02-16 21:40:12,332 [ERROR] LogOutputStream:75 - [STDERR_REDIRECT] Feb 16, 2025 9:40:12 PM java.util.prefs.FileSystemPreferences checkLockFile0ErrorCode
2025-02-16 21:40:12,332 [ERROR] LogOutputStream:75 - [STDERR_REDIRECT] WARNING: Could not lock System prefs. Unix error code 2.
2025-02-16 21:40:12,332 [ERROR] LogOutputStream:75 - [STDERR_REDIRECT] 
2025-02-16 21:40:12,333 [ERROR] LogOutputStream:75 - [STDERR_REDIRECT] Feb 16, 2025 9:40:12 PM java.util.prefs.FileSystemPreferences syncWorld
2025-02-16 21:40:12,333 [ERROR] LogOutputStream:75 - [STDERR_REDIRECT] WARNING: Couldn't flush system prefs: java.util.prefs.BackingStoreException: Couldn't get file lock.
2025-02-16 21:40:12,333 [ERROR] LogOutputStream:75 - [STDERR_REDIRECT] 
2025-02-16 21:40:42,332 [ERROR] LogOutputStream:75 - [STDERR_REDIRECT] Feb 16, 2025 9:40:42 PM java.util.prefs.FileSystemPreferences checkLockFile0ErrorCode
2025-02-16 21:40:42,332 [ERROR] LogOutputStream:75 - [STDERR_REDIRECT] WARNING: Could not lock System prefs. Unix error code 2.
2025-02-16 21:40:42,332 [ERROR] LogOutputStream:75 - [STDERR_REDIRECT] 
2025-02-16 21:40:42,332 [ERROR] LogOutputStream:75 - [STDERR_REDIRECT] Feb 16, 2025 9:40:42 PM java.util.prefs.FileSystemPreferences syncWorld
2025-02-16 21:40:42,332 [ERROR] LogOutputStream:75 - [STDERR_REDIRECT] WARNING: Couldn't flush system prefs: java.util.prefs.BackingStoreException: Couldn't get file lock.
2025-02-16 21:40:42,332 [ERROR] LogOutputStream:75 - [STDERR_REDIRECT] 
2025-02-16 21:41:12,332 [ERROR] LogOutputStream:75 - [STDERR_REDIRECT] Feb 16, 2025 9:41:12 PM java.util.prefs.FileSystemPreferences checkLockFile0ErrorCode
2025-02-16 21:41:12,332 [ERROR] LogOutputStream:75 - [STDERR_REDIRECT] WARNING: Could not lock System prefs. Unix error code 2.
2025-02-16 21:41:12,332 [ERROR] LogOutputStream:75 - [STDERR_REDIRECT] 
2025-02-16 21:41:12,332 [ERROR] LogOutputStream:75 - [STDERR_REDIRECT] Feb 16, 2025 9:41:12 PM java.util.prefs.FileSystemPreferences syncWorld
2025-02-16 21:41:12,333 [ERROR] LogOutputStream:75 - [STDERR_REDIRECT] WARNING: Couldn't flush system prefs: java.util.prefs.BackingStoreException: Couldn't get file lock.
2025-02-16 21:41:12,333 [ERROR] LogOutputStream:75 - [STDERR_REDIRECT] 
2025-02-16 21:41:42,332 [ERROR] LogOutputStream:75 - [STDERR_REDIRECT] Feb 16, 2025 9:41:42 PM java.util.prefs.FileSystemPreferences checkLockFile0ErrorCode
2025-02-16 21:41:42,332 [ERROR] LogOutputStream:75 - [STDERR_REDIRECT] WARNING: Could not lock System prefs. Unix error code 2.
2025-02-16 21:41:42,332 [ERROR] LogOutputStream:75 - [STDERR_REDIRECT] 
2025-02-16 21:41:42,332 [ERROR] LogOutputStream:75 - [STDERR_REDIRECT] Feb 16, 2025 9:41:42 PM java.util.prefs.FileSystemPreferences syncWorld
2025-02-16 21:41:42,332 [ERROR] LogOutputStream:75 - [STDERR_REDIRECT] WARNING: Couldn't flush system prefs: java.util.prefs.BackingStoreException: Couldn't get file lock.
2025-02-16 21:41:42,332 [ERROR] LogOutputStream:75 - [STDERR_REDIRECT] 
2025-02-16 21:42:12,332 [ERROR] LogOutputStream:75 - [STDERR_REDIRECT] Feb 16, 2025 9:42:12 PM java.util.prefs.FileSystemPreferences checkLockFile0ErrorCode
2025-02-16 21:42:12,332 [ERROR] LogOutputStream:75 - [STDERR_REDIRECT] WARNING: Could not lock System prefs. Unix error code 2.
2025-02-16 21:42:12,332 [ERROR] LogOutputStream:75 - [STDERR_REDIRECT] 
2025-02-16 21:42:12,332 [ERROR] LogOutputStream:75 - [STDERR_REDIRECT] Feb 16, 2025 9:42:12 PM java.util.prefs.FileSystemPreferences syncWorld
2025-02-16 21:42:12,333 [ERROR] LogOutputStream:75 - [STDERR_REDIRECT] WARNING: Couldn't flush system prefs: java.util.prefs.BackingStoreException: Couldn't get file lock.
2025-02-16 21:42:12,333 [ERROR] LogOutputStream:75 - [STDERR_REDIRECT] 
2025-02-16 21:42:42,332 [ERROR] LogOutputStream:75 - [STDERR_REDIRECT] Feb 16, 2025 9:42:42 PM java.util.prefs.FileSystemPreferences checkLockFile0ErrorCode
2025-02-16 21:42:42,332 [ERROR] LogOutputStream:75 - [STDERR_REDIRECT] WARNING: Could not lock System prefs. Unix error code 2.
2025-02-16 21:42:42,332 [ERROR] LogOutputStream:75 - [STDERR_REDIRECT] 
2025-02-16 21:42:42,332 [ERROR] LogOutputStream:75 - [STDERR_REDIRECT] Feb 16, 2025 9:42:42 PM java.util.prefs.FileSystemPreferences syncWorld
2025-02-16 21:42:42,332 [ERROR] LogOutputStream:75 - [STDERR_REDIRECT] WARNING: Couldn't flush system prefs: java.util.prefs.BackingStoreException: Couldn't get file lock.
2025-02-16 21:42:42,332 [ERROR] LogOutputStream:75 - [STDERR_REDIRECT] 
2025-02-16 21:43:12,332 [ERROR] LogOutputStream:75 - [STDERR_REDIRECT] Feb 16, 2025 9:43:12 PM java.util.prefs.FileSystemPreferences checkLockFile0ErrorCode
2025-02-16 21:43:12,332 [ERROR] LogOutputStream:75 - [STDERR_REDIRECT] WARNING: Could not lock System prefs. Unix error code 2.
2025-02-16 21:43:12,332 [ERROR] LogOutputStream:75 - [STDERR_REDIRECT] 
2025-02-16 21:43:12,333 [ERROR] LogOutputStream:75 - [STDERR_REDIRECT] Feb 16, 2025 9:43:12 PM java.util.prefs.FileSystemPreferences syncWorld
2025-02-16 21:43:12,333 [ERROR] LogOutputStream:75 - [STDERR_REDIRECT] WARNING: Couldn't flush system prefs: java.util.prefs.BackingStoreException: Couldn't get file lock.
2025-02-16 21:43:12,333 [ERROR] LogOutputStream:75 - [STDERR_REDIRECT] 
2025-02-16 21:43:42,332 [ERROR] LogOutputStream:75 - [STDERR_REDIRECT] Feb 16, 2025 9:43:42 PM java.util.prefs.FileSystemPreferences checkLockFile0ErrorCode
2025-02-16 21:43:42,332 [ERROR] LogOutputStream:75 - [STDERR_REDIRECT] WARNING: Could not lock System prefs. Unix error code 2.
2025-02-16 21:43:42,332 [ERROR] LogOutputStream:75 - [STDERR_REDIRECT] 
2025-02-16 21:43:42,332 [ERROR] LogOutputStream:75 - [STDERR_REDIRECT] Feb 16, 2025 9:43:42 PM java.util.prefs.FileSystemPreferences syncWorld
2025-02-16 21:43:42,332 [ERROR] LogOutputStream:75 - [STDERR_REDIRECT] WARNING: Couldn't flush system prefs: java.util.prefs.BackingStoreException: Couldn't get file lock.
2025-02-16 21:43:42,332 [ERROR] LogOutputStream:75 - [STDERR_REDIRECT] 
2025-02-16 21:44:12,332 [ERROR] LogOutputStream:75 - [STDERR_REDIRECT] Feb 16, 2025 9:44:12 PM java.util.prefs.FileSystemPreferences checkLockFile0ErrorCode
2025-02-16 21:44:12,332 [ERROR] LogOutputStream:75 - [STDERR_REDIRECT] WARNING: Could not lock System prefs. Unix error code 2.
2025-02-16 21:44:12,332 [ERROR] LogOutputStream:75 - [STDERR_REDIRECT] 
2025-02-16 21:44:12,332 [ERROR] LogOutputStream:75 - [STDERR_REDIRECT] Feb 16, 2025 9:44:12 PM java.util.prefs.FileSystemPreferences syncWorld
2025-02-16 21:44:12,333 [ERROR] LogOutputStream:75 - [STDERR_REDIRECT] WARNING: Couldn't flush system prefs: java.util.prefs.BackingStoreException: Couldn't get file lock.
2025-02-16 21:44:12,333 [ERROR] LogOutputStream:75 - [STDERR_REDIRECT] 
2025-02-16 21:44:42,332 [ERROR] LogOutputStream:75 - [STDERR_REDIRECT] Feb 16, 2025 9:44:42 PM java.util.prefs.FileSystemPreferences checkLockFile0ErrorCode
2025-02-16 21:44:42,332 [ERROR] LogOutputStream:75 - [STDERR_REDIRECT] WARNING: Could not lock System prefs. Unix error code 2.
2025-02-16 21:44:42,332 [ERROR] LogOutputStream:75 - [STDERR_REDIRECT] 
2025-02-16 21:44:42,332 [ERROR] LogOutputStream:75 - [STDERR_REDIRECT] Feb 16, 2025 9:44:42 PM java.util.prefs.FileSystemPreferences syncWorld
2025-02-16 21:44:42,332 [ERROR] LogOutputStream:75 - [STDERR_REDIRECT] WARNING: Couldn't flush system prefs: java.util.prefs.BackingStoreException: Couldn't get file lock.
2025-02-16 21:44:42,332 [ERROR] LogOutputStream:75 - [STDERR_REDIRECT] 
2025-02-16 21:45:12,332 [ERROR] LogOutputStream:75 - [STDERR_REDIRECT] Feb 16, 2025 9:45:12 PM java.util.prefs.FileSystemPreferences checkLockFile0ErrorCode
2025-02-16 21:45:12,332 [ERROR] LogOutputStream:75 - [STDERR_REDIRECT] WARNING: Could not lock System prefs. Unix error code 2.
2025-02-16 21:45:12,332 [ERROR] LogOutputStream:75 - [STDERR_REDIRECT] 
2025-02-16 21:45:12,332 [ERROR] LogOutputStream:75 - [STDERR_REDIRECT] Feb 16, 2025 9:45:12 PM java.util.prefs.FileSystemPreferences syncWorld
2025-02-16 21:45:12,332 [ERROR] LogOutputStream:75 - [STDERR_REDIRECT] WARNING: Couldn't flush system prefs: java.util.prefs.BackingStoreException: Couldn't get file lock.
2025-02-16 21:45:12,332 [ERROR] LogOutputStream:75 - [STDERR_REDIRECT] 
2025-02-16 21:45:42,333 [ERROR] LogOutputStream:75 - [STDERR_REDIRECT] Feb 16, 2025 9:45:42 PM java.util.prefs.FileSystemPreferences checkLockFile0ErrorCode
2025-02-16 21:45:42,333 [ERROR] LogOutputStream:75 - [STDERR_REDIRECT] WARNING: Could not lock System prefs. Unix error code 2.
2025-02-16 21:45:42,333 [ERROR] LogOutputStream:75 - [STDERR_REDIRECT] 
2025-02-16 21:45:42,333 [ERROR] LogOutputStream:75 - [STDERR_REDIRECT] Feb 16, 2025 9:45:42 PM java.util.prefs.FileSystemPreferences syncWorld
2025-02-16 21:45:42,333 [ERROR] LogOutputStream:75 - [STDERR_REDIRECT] WARNING: Couldn't flush system prefs: java.util.prefs.BackingStoreException: Couldn't get file lock.
2025-02-16 21:45:42,333 [ERROR] LogOutputStream:75 - [STDERR_REDIRECT] 
2025-02-16 21:46:12,332 [ERROR] LogOutputStream:75 - [STDERR_REDIRECT] Feb 16, 2025 9:46:12 PM java.util.prefs.FileSystemPreferences checkLockFile0ErrorCode
2025-02-16 21:46:12,332 [ERROR] LogOutputStream:75 - [STDERR_REDIRECT] WARNING: Could not lock System prefs. Unix error code 2.
2025-02-16 21:46:12,332 [ERROR] LogOutputStream:75 - [STDERR_REDIRECT] 
2025-02-16 21:46:12,332 [ERROR] LogOutputStream:75 - [STDERR_REDIRECT] Feb 16, 2025 9:46:12 PM java.util.prefs.FileSystemPreferences syncWorld
2025-02-16 21:46:12,332 [ERROR] LogOutputStream:75 - [STDERR_REDIRECT] WARNING: Couldn't flush system prefs: java.util.prefs.BackingStoreException: Couldn't get file lock.
2025-02-16 21:46:12,332 [ERROR] LogOutputStream:75 - [STDERR_REDIRECT] 
2025-02-16 21:46:42,332 [ERROR] LogOutputStream:75 - [STDERR_REDIRECT] Feb 16, 2025 9:46:42 PM java.util.prefs.FileSystemPreferences checkLockFile0ErrorCode
2025-02-16 21:46:42,332 [ERROR] LogOutputStream:75 - [STDERR_REDIRECT] WARNING: Could not lock System prefs. Unix error code 2.
2025-02-16 21:46:42,332 [ERROR] LogOutputStream:75 - [STDERR_REDIRECT] 
2025-02-16 21:46:42,332 [ERROR] LogOutputStream:75 - [STDERR_REDIRECT] Feb 16, 2025 9:46:42 PM java.util.prefs.FileSystemPreferences syncWorld
2025-02-16 21:46:42,332 [ERROR] LogOutputStream:75 - [STDERR_REDIRECT] WARNING: Couldn't flush system prefs: java.util.prefs.BackingStoreException: Couldn't get file lock.
2025-02-16 21:46:42,333 [ERROR] LogOutputStream:75 - [STDERR_REDIRECT] 
2025-02-16 21:47:12,332 [ERROR] LogOutputStream:75 - [STDERR_REDIRECT] Feb 16, 2025 9:47:12 PM java.util.prefs.FileSystemPreferences checkLockFile0ErrorCode
2025-02-16 21:47:12,332 [ERROR] LogOutputStream:75 - [STDERR_REDIRECT] WARNING: Could not lock System prefs. Unix error code 2.
2025-02-16 21:47:12,332 [ERROR] LogOutputStream:75 - [STDERR_REDIRECT] 
2025-02-16 21:47:12,332 [ERROR] LogOutputStream:75 - [STDERR_REDIRECT] Feb 16, 2025 9:47:12 PM java.util.prefs.FileSystemPreferences syncWorld
2025-02-16 21:47:12,332 [ERROR] LogOutputStream:75 - [STDERR_REDIRECT] WARNING: Couldn't flush system prefs: java.util.prefs.BackingStoreException: Couldn't get file lock.
2025-02-16 21:47:12,332 [ERROR] LogOutputStream:75 - [STDERR_REDIRECT] 
2025-02-16 21:47:42,332 [ERROR] LogOutputStream:75 - [STDERR_REDIRECT] Feb 16, 2025 9:47:42 PM java.util.prefs.FileSystemPreferences checkLockFile0ErrorCode
2025-02-16 21:47:42,332 [ERROR] LogOutputStream:75 - [STDERR_REDIRECT] WARNING: Could not lock System prefs. Unix error code 2.
2025-02-16 21:47:42,332 [ERROR] LogOutputStream:75 - [STDERR_REDIRECT] 
2025-02-16 21:47:42,332 [ERROR] LogOutputStream:75 - [STDERR_REDIRECT] Feb 16, 2025 9:47:42 PM java.util.prefs.FileSystemPreferences syncWorld
2025-02-16 21:47:42,332 [ERROR] LogOutputStream:75 - [STDERR_REDIRECT] WARNING: Couldn't flush system prefs: java.util.prefs.BackingStoreException: Couldn't get file lock.
2025-02-16 21:47:42,332 [ERROR] LogOutputStream:75 - [STDERR_REDIRECT] 
2025-02-16 21:48:12,333 [ERROR] LogOutputStream:75 - [STDERR_REDIRECT] Feb 16, 2025 9:48:12 PM java.util.prefs.FileSystemPreferences checkLockFile0ErrorCode
2025-02-16 21:48:12,333 [ERROR] LogOutputStream:75 - [STDERR_REDIRECT] WARNING: Could not lock System prefs. Unix error code 2.
2025-02-16 21:48:12,333 [ERROR] LogOutputStream:75 - [STDERR_REDIRECT] 
2025-02-16 21:48:12,333 [ERROR] LogOutputStream:75 - [STDERR_REDIRECT] Feb 16, 2025 9:48:12 PM java.util.prefs.FileSystemPreferences syncWorld
2025-02-16 21:48:12,333 [ERROR] LogOutputStream:75 - [STDERR_REDIRECT] WARNING: Couldn't flush system prefs: java.util.prefs.BackingStoreException: Couldn't get file lock.
2025-02-16 21:48:12,333 [ERROR] LogOutputStream:75 - [STDERR_REDIRECT] 
2025-02-16 21:48:42,332 [ERROR] LogOutputStream:75 - [STDERR_REDIRECT] Feb 16, 2025 9:48:42 PM java.util.prefs.FileSystemPreferences checkLockFile0ErrorCode
2025-02-16 21:48:42,332 [ERROR] LogOutputStream:75 - [STDERR_REDIRECT] WARNING: Could not lock System prefs. Unix error code 2.
2025-02-16 21:48:42,332 [ERROR] LogOutputStream:75 - [STDERR_REDIRECT] 
2025-02-16 21:48:42,333 [ERROR] LogOutputStream:75 - [STDERR_REDIRECT] Feb 16, 2025 9:48:42 PM java.util.prefs.FileSystemPreferences syncWorld
2025-02-16 21:48:42,333 [ERROR] LogOutputStream:75 - [STDERR_REDIRECT] WARNING: Couldn't flush system prefs: java.util.prefs.BackingStoreException: Couldn't get file lock.
2025-02-16 21:48:42,333 [ERROR] LogOutputStream:75 - [STDERR_REDIRECT] 
2025-02-16 21:49:12,332 [ERROR] LogOutputStream:75 - [STDERR_REDIRECT] Feb 16, 2025 9:49:12 PM java.util.prefs.FileSystemPreferences checkLockFile0ErrorCode
2025-02-16 21:49:12,332 [ERROR] LogOutputStream:75 - [STDERR_REDIRECT] WARNING: Could not lock System prefs. Unix error code 2.
2025-02-16 21:49:12,332 [ERROR] LogOutputStream:75 - [STDERR_REDIRECT] 
2025-02-16 21:49:12,332 [ERROR] LogOutputStream:75 - [STDERR_REDIRECT] Feb 16, 2025 9:49:12 PM java.util.prefs.FileSystemPreferences syncWorld
2025-02-16 21:49:12,332 [ERROR] LogOutputStream:75 - [STDERR_REDIRECT] WARNING: Couldn't flush system prefs: java.util.prefs.BackingStoreException: Couldn't get file lock.
2025-02-16 21:49:12,332 [ERROR] LogOutputStream:75 - [STDERR_REDIRECT] 
2025-02-16 21:49:42,332 [ERROR] LogOutputStream:75 - [STDERR_REDIRECT] Feb 16, 2025 9:49:42 PM java.util.prefs.FileSystemPreferences checkLockFile0ErrorCode
2025-02-16 21:49:42,332 [ERROR] LogOutputStream:75 - [STDERR_REDIRECT] WARNING: Could not lock System prefs. Unix error code 2.
2025-02-16 21:49:42,332 [ERROR] LogOutputStream:75 - [STDERR_REDIRECT] 
2025-02-16 21:49:42,332 [ERROR] LogOutputStream:75 - [STDERR_REDIRECT] Feb 16, 2025 9:49:42 PM java.util.prefs.FileSystemPreferences syncWorld
2025-02-16 21:49:42,333 [ERROR] LogOutputStream:75 - [STDERR_REDIRECT] WARNING: Couldn't flush system prefs: java.util.prefs.BackingStoreException: Couldn't get file lock.
2025-02-16 21:49:42,333 [ERROR] LogOutputStream:75 - [STDERR_REDIRECT] 
2025-02-16 21:50:12,332 [ERROR] LogOutputStream:75 - [STDERR_REDIRECT] Feb 16, 2025 9:50:12 PM java.util.prefs.FileSystemPreferences checkLockFile0ErrorCode
2025-02-16 21:50:12,332 [ERROR] LogOutputStream:75 - [STDERR_REDIRECT] WARNING: Could not lock System prefs. Unix error code 2.
2025-02-16 21:50:12,332 [ERROR] LogOutputStream:75 - [STDERR_REDIRECT] 
2025-02-16 21:50:12,332 [ERROR] LogOutputStream:75 - [STDERR_REDIRECT] Feb 16, 2025 9:50:12 PM java.util.prefs.FileSystemPreferences syncWorld
2025-02-16 21:50:12,332 [ERROR] LogOutputStream:75 - [STDERR_REDIRECT] WARNING: Couldn't flush system prefs: java.util.prefs.BackingStoreException: Couldn't get file lock.
2025-02-16 21:50:12,332 [ERROR] LogOutputStream:75 - [STDERR_REDIRECT] 
2025-02-16 21:50:42,332 [ERROR] LogOutputStream:75 - [STDERR_REDIRECT] Feb 16, 2025 9:50:42 PM java.util.prefs.FileSystemPreferences checkLockFile0ErrorCode
2025-02-16 21:50:42,332 [ERROR] LogOutputStream:75 - [STDERR_REDIRECT] WARNING: Could not lock System prefs. Unix error code 2.
2025-02-16 21:50:42,332 [ERROR] LogOutputStream:75 - [STDERR_REDIRECT] 
2025-02-16 21:50:42,332 [ERROR] LogOutputStream:75 - [STDERR_REDIRECT] Feb 16, 2025 9:50:42 PM java.util.prefs.FileSystemPreferences syncWorld
2025-02-16 21:50:42,332 [ERROR] LogOutputStream:75 - [STDERR_REDIRECT] WARNING: Couldn't flush system prefs: java.util.prefs.BackingStoreException: Couldn't get file lock.
2025-02-16 21:50:42,332 [ERROR] LogOutputStream:75 - [STDERR_REDIRECT] 
2025-02-16 21:51:12,332 [ERROR] LogOutputStream:75 - [STDERR_REDIRECT] Feb 16, 2025 9:51:12 PM java.util.prefs.FileSystemPreferences checkLockFile0ErrorCode
2025-02-16 21:51:12,332 [ERROR] LogOutputStream:75 - [STDERR_REDIRECT] WARNING: Could not lock System prefs. Unix error code 2.
2025-02-16 21:51:12,332 [ERROR] LogOutputStream:75 - [STDERR_REDIRECT] 
2025-02-16 21:51:12,332 [ERROR] LogOutputStream:75 - [STDERR_REDIRECT] Feb 16, 2025 9:51:12 PM java.util.prefs.FileSystemPreferences syncWorld
2025-02-16 21:51:12,332 [ERROR] LogOutputStream:75 - [STDERR_REDIRECT] WARNING: Couldn't flush system prefs: java.util.prefs.BackingStoreException: Couldn't get file lock.
2025-02-16 21:51:12,333 [ERROR] LogOutputStream:75 - [STDERR_REDIRECT] 
2025-02-16 21:51:42,332 [ERROR] LogOutputStream:75 - [STDERR_REDIRECT] Feb 16, 2025 9:51:42 PM java.util.prefs.FileSystemPreferences checkLockFile0ErrorCode
2025-02-16 21:51:42,332 [ERROR] LogOutputStream:75 - [STDERR_REDIRECT] WARNING: Could not lock System prefs. Unix error code 2.
2025-02-16 21:51:42,332 [ERROR] LogOutputStream:75 - [STDERR_REDIRECT] 
2025-02-16 21:51:42,332 [ERROR] LogOutputStream:75 - [STDERR_REDIRECT] Feb 16, 2025 9:51:42 PM java.util.prefs.FileSystemPreferences syncWorld
2025-02-16 21:51:42,332 [ERROR] LogOutputStream:75 - [STDERR_REDIRECT] WARNING: Couldn't flush system prefs: java.util.prefs.BackingStoreException: Couldn't get file lock.
2025-02-16 21:51:42,332 [ERROR] LogOutputStream:75 - [STDERR_REDIRECT] 
2025-02-16 21:52:12,332 [ERROR] LogOutputStream:75 - [STDERR_REDIRECT] Feb 16, 2025 9:52:12 PM java.util.prefs.FileSystemPreferences checkLockFile0ErrorCode
2025-02-16 21:52:12,332 [ERROR] LogOutputStream:75 - [STDERR_REDIRECT] WARNING: Could not lock System prefs. Unix error code 2.
2025-02-16 21:52:12,332 [ERROR] LogOutputStream:75 - [STDERR_REDIRECT] 
2025-02-16 21:52:12,333 [ERROR] LogOutputStream:75 - [STDERR_REDIRECT] Feb 16, 2025 9:52:12 PM java.util.prefs.FileSystemPreferences syncWorld
2025-02-16 21:52:12,333 [ERROR] LogOutputStream:75 - [STDERR_REDIRECT] WARNING: Couldn't flush system prefs: java.util.prefs.BackingStoreException: Couldn't get file lock.
2025-02-16 21:52:12,333 [ERROR] LogOutputStream:75 - [STDERR_REDIRECT] 
2025-02-16 21:52:42,332 [ERROR] LogOutputStream:75 - [STDERR_REDIRECT] Feb 16, 2025 9:52:42 PM java.util.prefs.FileSystemPreferences checkLockFile0ErrorCode
2025-02-16 21:52:42,332 [ERROR] LogOutputStream:75 - [STDERR_REDIRECT] WARNING: Could not lock System prefs. Unix error code 2.
2025-02-16 21:52:42,338 [ERROR] LogOutputStream:75 - [STDERR_REDIRECT] 
2025-02-16 21:52:42,338 [ERROR] LogOutputStream:75 - [STDERR_REDIRECT] Feb 16, 2025 9:52:42 PM java.util.prefs.FileSystemPreferences syncWorld
2025-02-16 21:52:42,338 [ERROR] LogOutputStream:75 - [STDERR_REDIRECT] WARNING: Couldn't flush system prefs: java.util.prefs.BackingStoreException: Couldn't get file lock.
2025-02-16 21:52:42,338 [ERROR] LogOutputStream:75 - [STDERR_REDIRECT] 
2025-02-16 21:53:12,333 [ERROR] LogOutputStream:75 - [STDERR_REDIRECT] Feb 16, 2025 9:53:12 PM java.util.prefs.FileSystemPreferences checkLockFile0ErrorCode
2025-02-16 21:53:12,333 [ERROR] LogOutputStream:75 - [STDERR_REDIRECT] WARNING: Could not lock System prefs. Unix error code 2.
2025-02-16 21:53:12,333 [ERROR] LogOutputStream:75 - [STDERR_REDIRECT] 
2025-02-16 21:53:12,333 [ERROR] LogOutputStream:75 - [STDERR_REDIRECT] Feb 16, 2025 9:53:12 PM java.util.prefs.FileSystemPreferences syncWorld
2025-02-16 21:53:12,333 [ERROR] LogOutputStream:75 - [STDERR_REDIRECT] WARNING: Couldn't flush system prefs: java.util.prefs.BackingStoreException: Couldn't get file lock.
2025-02-16 21:53:12,333 [ERROR] LogOutputStream:75 - [STDERR_REDIRECT] 
2025-02-16 21:53:42,333 [ERROR] LogOutputStream:75 - [STDERR_REDIRECT] Feb 16, 2025 9:53:42 PM java.util.prefs.FileSystemPreferences checkLockFile0ErrorCode
2025-02-16 21:53:42,333 [ERROR] LogOutputStream:75 - [STDERR_REDIRECT] WARNING: Could not lock System prefs. Unix error code 2.
2025-02-16 21:53:42,333 [ERROR] LogOutputStream:75 - [STDERR_REDIRECT] 
2025-02-16 21:53:42,334 [ERROR] LogOutputStream:75 - [STDERR_REDIRECT] Feb 16, 2025 9:53:42 PM java.util.prefs.FileSystemPreferences syncWorld
2025-02-16 21:53:42,334 [ERROR] LogOutputStream:75 - [STDERR_REDIRECT] WARNING: Couldn't flush system prefs: java.util.prefs.BackingStoreException: Couldn't get file lock.
2025-02-16 21:53:42,334 [ERROR] LogOutputStream:75 - [STDERR_REDIRECT] 
2025-02-16 21:54:12,333 [ERROR] LogOutputStream:75 - [STDERR_REDIRECT] Feb 16, 2025 9:54:12 PM java.util.prefs.FileSystemPreferences checkLockFile0ErrorCode
2025-02-16 21:54:12,333 [ERROR] LogOutputStream:75 - [STDERR_REDIRECT] WARNING: Could not lock System prefs. Unix error code 2.
2025-02-16 21:54:12,333 [ERROR] LogOutputStream:75 - [STDERR_REDIRECT] 
2025-02-16 21:54:12,333 [ERROR] LogOutputStream:75 - [STDERR_REDIRECT] Feb 16, 2025 9:54:12 PM java.util.prefs.FileSystemPreferences syncWorld
2025-02-16 21:54:12,333 [ERROR] LogOutputStream:75 - [STDERR_REDIRECT] WARNING: Couldn't flush system prefs: java.util.prefs.BackingStoreException: Couldn't get file lock.
2025-02-16 21:54:12,333 [ERROR] LogOutputStream:75 - [STDERR_REDIRECT] 
2025-02-16 21:54:42,333 [ERROR] LogOutputStream:75 - [STDERR_REDIRECT] Feb 16, 2025 9:54:42 PM java.util.prefs.FileSystemPreferences checkLockFile0ErrorCode
2025-02-16 21:54:42,333 [ERROR] LogOutputStream:75 - [STDERR_REDIRECT] WARNING: Could not lock System prefs. Unix error code 2.
2025-02-16 21:54:42,333 [ERROR] LogOutputStream:75 - [STDERR_REDIRECT] 
2025-02-16 21:54:42,333 [ERROR] LogOutputStream:75 - [STDERR_REDIRECT] Feb 16, 2025 9:54:42 PM java.util.prefs.FileSystemPreferences syncWorld
2025-02-16 21:54:42,333 [ERROR] LogOutputStream:75 - [STDERR_REDIRECT] WARNING: Couldn't flush system prefs: java.util.prefs.BackingStoreException: Couldn't get file lock.
2025-02-16 21:54:42,333 [ERROR] LogOutputStream:75 - [STDERR_REDIRECT] 
2025-02-16 21:55:12,333 [ERROR] LogOutputStream:75 - [STDERR_REDIRECT] Feb 16, 2025 9:55:12 PM java.util.prefs.FileSystemPreferences checkLockFile0ErrorCode
2025-02-16 21:55:12,333 [ERROR] LogOutputStream:75 - [STDERR_REDIRECT] WARNING: Could not lock System prefs. Unix error code 2.
2025-02-16 21:55:12,333 [ERROR] LogOutputStream:75 - [STDERR_REDIRECT] 
2025-02-16 21:55:12,333 [ERROR] LogOutputStream:75 - [STDERR_REDIRECT] Feb 16, 2025 9:55:12 PM java.util.prefs.FileSystemPreferences syncWorld
2025-02-16 21:55:12,333 [ERROR] LogOutputStream:75 - [STDERR_REDIRECT] WARNING: Couldn't flush system prefs: java.util.prefs.BackingStoreException: Couldn't get file lock.
2025-02-16 21:55:12,333 [ERROR] LogOutputStream:75 - [STDERR_REDIRECT] 
2025-02-16 21:55:42,334 [ERROR] LogOutputStream:75 - [STDERR_REDIRECT] Feb 16, 2025 9:55:42 PM java.util.prefs.FileSystemPreferences checkLockFile0ErrorCode
2025-02-16 21:55:42,334 [ERROR] LogOutputStream:75 - [STDERR_REDIRECT] WARNING: Could not lock System prefs. Unix error code 2.
2025-02-16 21:55:42,334 [ERROR] LogOutputStream:75 - [STDERR_REDIRECT] 
2025-02-16 21:55:42,334 [ERROR] LogOutputStream:75 - [STDERR_REDIRECT] Feb 16, 2025 9:55:42 PM java.util.prefs.FileSystemPreferences syncWorld
2025-02-16 21:55:42,334 [ERROR] LogOutputStream:75 - [STDERR_REDIRECT] WARNING: Couldn't flush system prefs: java.util.prefs.BackingStoreException: Couldn't get file lock.
2025-02-16 21:55:42,334 [ERROR] LogOutputStream:75 - [STDERR_REDIRECT] 
2025-02-16 21:56:12,334 [ERROR] LogOutputStream:75 - [STDERR_REDIRECT] Feb 16, 2025 9:56:12 PM java.util.prefs.FileSystemPreferences checkLockFile0ErrorCode
2025-02-16 21:56:12,334 [ERROR] LogOutputStream:75 - [STDERR_REDIRECT] WARNING: Could not lock System prefs. Unix error code 2.
2025-02-16 21:56:12,334 [ERROR] LogOutputStream:75 - [STDERR_REDIRECT] 
2025-02-16 21:56:12,334 [ERROR] LogOutputStream:75 - [STDERR_REDIRECT] Feb 16, 2025 9:56:12 PM java.util.prefs.FileSystemPreferences syncWorld
2025-02-16 21:56:12,334 [ERROR] LogOutputStream:75 - [STDERR_REDIRECT] WARNING: Couldn't flush system prefs: java.util.prefs.BackingStoreException: Couldn't get file lock.
2025-02-16 21:56:12,334 [ERROR] LogOutputStream:75 - [STDERR_REDIRECT] 
2025-02-16 21:56:42,334 [ERROR] LogOutputStream:75 - [STDERR_REDIRECT] Feb 16, 2025 9:56:42 PM java.util.prefs.FileSystemPreferences checkLockFile0ErrorCode
2025-02-16 21:56:42,335 [ERROR] LogOutputStream:75 - [STDERR_REDIRECT] WARNING: Could not lock System prefs. Unix error code 2.
2025-02-16 21:56:42,335 [ERROR] LogOutputStream:75 - [STDERR_REDIRECT] 
2025-02-16 21:56:42,335 [ERROR] LogOutputStream:75 - [STDERR_REDIRECT] Feb 16, 2025 9:56:42 PM java.util.prefs.FileSystemPreferences syncWorld
2025-02-16 21:56:42,335 [ERROR] LogOutputStream:75 - [STDERR_REDIRECT] WARNING: Couldn't flush system prefs: java.util.prefs.BackingStoreException: Couldn't get file lock.
2025-02-16 21:56:42,335 [ERROR] LogOutputStream:75 - [STDERR_REDIRECT] 
2025-02-16 21:57:12,334 [ERROR] LogOutputStream:75 - [STDERR_REDIRECT] Feb 16, 2025 9:57:12 PM java.util.prefs.FileSystemPreferences checkLockFile0ErrorCode
2025-02-16 21:57:12,334 [ERROR] LogOutputStream:75 - [STDERR_REDIRECT] WARNING: Could not lock System prefs. Unix error code 2.
2025-02-16 21:57:12,334 [ERROR] LogOutputStream:75 - [STDERR_REDIRECT] 
2025-02-16 21:57:12,334 [ERROR] LogOutputStream:75 - [STDERR_REDIRECT] Feb 16, 2025 9:57:12 PM java.util.prefs.FileSystemPreferences syncWorld
2025-02-16 21:57:12,334 [ERROR] LogOutputStream:75 - [STDERR_REDIRECT] WARNING: Couldn't flush system prefs: java.util.prefs.BackingStoreException: Couldn't get file lock.
2025-02-16 21:57:12,334 [ERROR] LogOutputStream:75 - [STDERR_REDIRECT] 
2025-02-16 21:57:42,334 [ERROR] LogOutputStream:75 - [STDERR_REDIRECT] Feb 16, 2025 9:57:42 PM java.util.prefs.FileSystemPreferences checkLockFile0ErrorCode
2025-02-16 21:57:42,334 [ERROR] LogOutputStream:75 - [STDERR_REDIRECT] WARNING: Could not lock System prefs. Unix error code 2.
2025-02-16 21:57:42,334 [ERROR] LogOutputStream:75 - [STDERR_REDIRECT] 
2025-02-16 21:57:42,335 [ERROR] LogOutputStream:75 - [STDERR_REDIRECT] Feb 16, 2025 9:57:42 PM java.util.prefs.FileSystemPreferences syncWorld
2025-02-16 21:57:42,335 [ERROR] LogOutputStream:75 - [STDERR_REDIRECT] WARNING: Couldn't flush system prefs: java.util.prefs.BackingStoreException: Couldn't get file lock.
2025-02-16 21:57:42,335 [ERROR] LogOutputStream:75 - [STDERR_REDIRECT] 
2025-02-16 21:58:12,334 [ERROR] LogOutputStream:75 - [STDERR_REDIRECT] Feb 16, 2025 9:58:12 PM java.util.prefs.FileSystemPreferences checkLockFile0ErrorCode
2025-02-16 21:58:12,334 [ERROR] LogOutputStream:75 - [STDERR_REDIRECT] WARNING: Could not lock System prefs. Unix error code 2.
2025-02-16 21:58:12,334 [ERROR] LogOutputStream:75 - [STDERR_REDIRECT] 
2025-02-16 21:58:12,334 [ERROR] LogOutputStream:75 - [STDERR_REDIRECT] Feb 16, 2025 9:58:12 PM java.util.prefs.FileSystemPreferences syncWorld
2025-02-16 21:58:12,334 [ERROR] LogOutputStream:75 - [STDERR_REDIRECT] WARNING: Couldn't flush system prefs: java.util.prefs.BackingStoreException: Couldn't get file lock.
2025-02-16 21:58:12,334 [ERROR] LogOutputStream:75 - [STDERR_REDIRECT] 
2025-02-16 21:58:42,334 [ERROR] LogOutputStream:75 - [STDERR_REDIRECT] Feb 16, 2025 9:58:42 PM java.util.prefs.FileSystemPreferences checkLockFile0ErrorCode
2025-02-16 21:58:42,334 [ERROR] LogOutputStream:75 - [STDERR_REDIRECT] WARNING: Could not lock System prefs. Unix error code 2.
2025-02-16 21:58:42,334 [ERROR] LogOutputStream:75 - [STDERR_REDIRECT] 
2025-02-16 21:58:42,334 [ERROR] LogOutputStream:75 - [STDERR_REDIRECT] Feb 16, 2025 9:58:42 PM java.util.prefs.FileSystemPreferences syncWorld
2025-02-16 21:58:42,334 [ERROR] LogOutputStream:75 - [STDERR_REDIRECT] WARNING: Couldn't flush system prefs: java.util.prefs.BackingStoreException: Couldn't get file lock.
2025-02-16 21:58:42,334 [ERROR] LogOutputStream:75 - [STDERR_REDIRECT] 
2025-02-16 21:59:12,334 [ERROR] LogOutputStream:75 - [STDERR_REDIRECT] Feb 16, 2025 9:59:12 PM java.util.prefs.FileSystemPreferences checkLockFile0ErrorCode
2025-02-16 21:59:12,334 [ERROR] LogOutputStream:75 - [STDERR_REDIRECT] WARNING: Could not lock System prefs. Unix error code 2.
2025-02-16 21:59:12,334 [ERROR] LogOutputStream:75 - [STDERR_REDIRECT] 
2025-02-16 21:59:12,334 [ERROR] LogOutputStream:75 - [STDERR_REDIRECT] Feb 16, 2025 9:59:12 PM java.util.prefs.FileSystemPreferences syncWorld
2025-02-16 21:59:12,335 [ERROR] LogOutputStream:75 - [STDERR_REDIRECT] WARNING: Couldn't flush system prefs: java.util.prefs.BackingStoreException: Couldn't get file lock.
2025-02-16 21:59:12,335 [ERROR] LogOutputStream:75 - [STDERR_REDIRECT] 
2025-02-16 21:59:42,334 [ERROR] LogOutputStream:75 - [STDERR_REDIRECT] Feb 16, 2025 9:59:42 PM java.util.prefs.FileSystemPreferences checkLockFile0ErrorCode
2025-02-16 21:59:42,334 [ERROR] LogOutputStream:75 - [STDERR_REDIRECT] WARNING: Could not lock System prefs. Unix error code 2.
2025-02-16 21:59:42,334 [ERROR] LogOutputStream:75 - [STDERR_REDIRECT] 
2025-02-16 21:59:42,334 [ERROR] LogOutputStream:75 - [STDERR_REDIRECT] Feb 16, 2025 9:59:42 PM java.util.prefs.FileSystemPreferences syncWorld
2025-02-16 21:59:42,334 [ERROR] LogOutputStream:75 - [STDERR_REDIRECT] WARNING: Couldn't flush system prefs: java.util.prefs.BackingStoreException: Couldn't get file lock.
2025-02-16 21:59:42,334 [ERROR] LogOutputStream:75 - [STDERR_REDIRECT] 
2025-02-16 22:00:12,334 [ERROR] LogOutputStream:75 - [STDERR_REDIRECT] Feb 16, 2025 10:00:12 PM java.util.prefs.FileSystemPreferences checkLockFile0ErrorCode
2025-02-16 22:00:12,334 [ERROR] LogOutputStream:75 - [STDERR_REDIRECT] WARNING: Could not lock System prefs. Unix error code 2.
2025-02-16 22:00:12,334 [ERROR] LogOutputStream:75 - [STDERR_REDIRECT] 
2025-02-16 22:00:12,334 [ERROR] LogOutputStream:75 - [STDERR_REDIRECT] Feb 16, 2025 10:00:12 PM java.util.prefs.FileSystemPreferences syncWorld
2025-02-16 22:00:12,334 [ERROR] LogOutputStream:75 - [STDERR_REDIRECT] WARNING: Couldn't flush system prefs: java.util.prefs.BackingStoreException: Couldn't get file lock.
2025-02-16 22:00:12,334 [ERROR] LogOutputStream:75 - [STDERR_REDIRECT] 
2025-02-16 22:00:42,334 [ERROR] LogOutputStream:75 - [STDERR_REDIRECT] Feb 16, 2025 10:00:42 PM java.util.prefs.FileSystemPreferences checkLockFile0ErrorCode
2025-02-16 22:00:42,334 [ERROR] LogOutputStream:75 - [STDERR_REDIRECT] WARNING: Could not lock System prefs. Unix error code 2.
2025-02-16 22:00:42,335 [ERROR] LogOutputStream:75 - [STDERR_REDIRECT] 
2025-02-16 22:00:42,335 [ERROR] LogOutputStream:75 - [STDERR_REDIRECT] Feb 16, 2025 10:00:42 PM java.util.prefs.FileSystemPreferences syncWorld
2025-02-16 22:00:42,335 [ERROR] LogOutputStream:75 - [STDERR_REDIRECT] WARNING: Couldn't flush system prefs: java.util.prefs.BackingStoreException: Couldn't get file lock.
2025-02-16 22:00:42,335 [ERROR] LogOutputStream:75 - [STDERR_REDIRECT] 
2025-02-16 22:01:12,334 [ERROR] LogOutputStream:75 - [STDERR_REDIRECT] Feb 16, 2025 10:01:12 PM java.util.prefs.FileSystemPreferences checkLockFile0ErrorCode
2025-02-16 22:01:12,334 [ERROR] LogOutputStream:75 - [STDERR_REDIRECT] WARNING: Could not lock System prefs. Unix error code 2.
2025-02-16 22:01:12,334 [ERROR] LogOutputStream:75 - [STDERR_REDIRECT] 
2025-02-16 22:01:12,334 [ERROR] LogOutputStream:75 - [STDERR_REDIRECT] Feb 16, 2025 10:01:12 PM java.util.prefs.FileSystemPreferences syncWorld
2025-02-16 22:01:12,334 [ERROR] LogOutputStream:75 - [STDERR_REDIRECT] WARNING: Couldn't flush system prefs: java.util.prefs.BackingStoreException: Couldn't get file lock.
2025-02-16 22:01:12,334 [ERROR] LogOutputStream:75 - [STDERR_REDIRECT] 
2025-02-16 22:01:42,335 [ERROR] LogOutputStream:75 - [STDERR_REDIRECT] Feb 16, 2025 10:01:42 PM java.util.prefs.FileSystemPreferences checkLockFile0ErrorCode
2025-02-16 22:01:42,335 [ERROR] LogOutputStream:75 - [STDERR_REDIRECT] WARNING: Could not lock System prefs. Unix error code 2.
2025-02-16 22:01:42,335 [ERROR] LogOutputStream:75 - [STDERR_REDIRECT] 
2025-02-16 22:01:42,335 [ERROR] LogOutputStream:75 - [STDERR_REDIRECT] Feb 16, 2025 10:01:42 PM java.util.prefs.FileSystemPreferences syncWorld
2025-02-16 22:01:42,335 [ERROR] LogOutputStream:75 - [STDERR_REDIRECT] WARNING: Couldn't flush system prefs: java.util.prefs.BackingStoreException: Couldn't get file lock.
2025-02-16 22:01:42,335 [ERROR] LogOutputStream:75 - [STDERR_REDIRECT] 
2025-02-16 22:01:43,817 [INFO] UtilMem:75 - End SaveConfig() Used Memory: 292782208 Bytes (542113792)
2025-02-16 22:01:46,429 [ERROR] LogOutputStream:75 - [STDERR_REDIRECT] 
2025-02-16 22:01:46,430 [ERROR] LogOutputStream:75 - [STDERR_REDIRECT] 
