2025-02-15 16:50:20,499 [INFO] Activator:176 - 


2025-02-15 16:50:20,500 [INFO] Activator:177 - !SESSION log4j initialized
2025-02-15 16:50:22,057 [INFO] LogOutputStream:77 - [STDOUT_REDIRECT] 
2025-02-15 16:50:23,463 [INFO] ApplicationProperties:184 - Using Application install path: /opt/st/stm32cubeide_1.17.0/plugins/com.st.stm32cube.common.mx_6.13.0.202411220809
2025-02-15 16:50:23,473 [INFO] DbMcusXml:78 - Set database path to: /opt/st/stm32cubeide_1.17.0/plugins/com.st.stm32cube.common.mx_6.13.0.202411220809//db//mcu/
2025-02-15 16:50:23,473 [INFO] ApiDb:274 - Set plugin database path to: /opt/st/stm32cubeide_1.17.0/plugins/com.st.stm32cube.common.mx_6.13.0.202411220809//db//plugins/boardmanager/
2025-02-15 16:50:23,473 [WARN] ApiDb:259 - Overriding images path with different value:  => /opt/st/stm32cubeide_1.17.0/plugins/com.st.stm32cube.common.mx_6.13.0.202411220809//db//plugins/mcufinder/images/
2025-02-15 16:50:23,475 [INFO] ApiDb:250 - Set database path to: /home/kemish/.stmcufinder/plugins/mcufinder//mcu/
2025-02-15 16:50:23,476 [INFO] DbMcusAds:125 - Set database path to: /home/kemish/.stmcufinder/plugins/mcufinder//mcu/
2025-02-15 16:50:23,477 [INFO] CrossReferenceDbSqlite:203 - Set database path to: /home/kemish/.stmcufinder/plugins/mcufinder//mcu/cs/
2025-02-15 16:50:23,550 [INFO] RulesReader:64 - Compatibility file has been processed (297 Rules)
2025-02-15 16:50:23,586 [INFO] DbMcusXml:78 - Set database path to: /opt/st/stm32cubeide_1.17.0/plugins/com.st.stm32cube.common.mx_6.13.0.202411220809//db//mcu/
2025-02-15 16:50:23,586 [INFO] ApiDb:274 - Set plugin database path to: /opt/st/stm32cubeide_1.17.0/plugins/com.st.stm32cube.common.mx_6.13.0.202411220809//db//plugins/boardmanager/
2025-02-15 16:50:23,586 [INFO] ApiDb:261 - Set plugin images path to: /opt/st/stm32cubeide_1.17.0/plugins/com.st.stm32cube.common.mx_6.13.0.202411220809//db//plugins/mcufinder/images/
2025-02-15 16:50:23,586 [WARN] DbFile:41 - Overriding database path with different value: /home/kemish/.stmcufinder/plugins/mcufinder/ => /home/kemish/.stmcufinder/plugins/mcufinder
2025-02-15 16:50:23,586 [INFO] ApiDb:250 - Set database path to: /home/kemish/.stmcufinder/plugins/mcufinder//mcu/
2025-02-15 16:50:23,586 [WARN] DbFile:41 - Overriding database path with different value: /home/kemish/.stmcufinder/plugins/mcufinder/ => /home/kemish/.stmcufinder/plugins/mcufinder
2025-02-15 16:50:23,586 [INFO] DbMcusAds:125 - Set database path to: /home/kemish/.stmcufinder/plugins/mcufinder//mcu/
2025-02-15 16:50:23,586 [WARN] DbFile:41 - Overriding database path with different value: /home/kemish/.stmcufinder/plugins/mcufinder/ => /home/kemish/.stmcufinder/plugins/mcufinder
2025-02-15 16:50:23,586 [WARN] DbFile:41 - Overriding database path with different value: /home/kemish/.stmcufinder/plugins/mcufinder/ => /home/kemish/.stmcufinder/plugins/mcufinder
2025-02-15 16:50:23,587 [INFO] CrossReferenceDbSqlite:203 - Set database path to: /home/kemish/.stmcufinder/plugins/mcufinder//mcu/cs/
2025-02-15 16:50:23,622 [INFO] MainPanel:272 - HeapMemory: 268435456
2025-02-15 16:50:23,691 [INFO] DbMcusXml:78 - Set database path to: /opt/st/stm32cubeide_1.17.0/plugins/com.st.stm32cube.common.mx_6.13.0.202411220809//db//mcu/
2025-02-15 16:50:23,691 [INFO] ApiDb:274 - Set plugin database path to: /opt/st/stm32cubeide_1.17.0/plugins/com.st.stm32cube.common.mx_6.13.0.202411220809//db//plugins/boardmanager/
2025-02-15 16:50:23,691 [INFO] ApiDb:261 - Set plugin images path to: /opt/st/stm32cubeide_1.17.0/plugins/com.st.stm32cube.common.mx_6.13.0.202411220809//db//plugins/mcufinder/images/
2025-02-15 16:50:23,691 [WARN] DbFile:41 - Overriding database path with different value: /home/kemish/.stmcufinder/plugins/mcufinder/ => /home/kemish/.stmcufinder/plugins/mcufinder
2025-02-15 16:50:23,691 [INFO] ApiDb:250 - Set database path to: /home/kemish/.stmcufinder/plugins/mcufinder//mcu/
2025-02-15 16:50:23,691 [WARN] DbFile:41 - Overriding database path with different value: /home/kemish/.stmcufinder/plugins/mcufinder/ => /home/kemish/.stmcufinder/plugins/mcufinder
2025-02-15 16:50:23,691 [INFO] DbMcusAds:125 - Set database path to: /home/kemish/.stmcufinder/plugins/mcufinder//mcu/
2025-02-15 16:50:23,691 [WARN] DbFile:41 - Overriding database path with different value: /home/kemish/.stmcufinder/plugins/mcufinder/ => /home/kemish/.stmcufinder/plugins/mcufinder
2025-02-15 16:50:23,691 [WARN] DbFile:41 - Overriding database path with different value: /home/kemish/.stmcufinder/plugins/mcufinder/ => /home/kemish/.stmcufinder/plugins/mcufinder
2025-02-15 16:50:23,692 [INFO] CrossReferenceDbSqlite:203 - Set database path to: /home/kemish/.stmcufinder/plugins/mcufinder//mcu/cs/
2025-02-15 16:50:23,701 [INFO] ApplicationProperties:184 - Using Application install path: /opt/st/stm32cubeide_1.17.0/plugins/com.st.stm32cube.common.mx_6.13.0.202411220809
2025-02-15 16:50:23,702 [INFO] PluginManage:196 - Search for loadable plugins [exclusion list=, ]
2025-02-15 16:50:23,703 [INFO] PluginManage:310 - Check plugin analytics
2025-02-15 16:50:23,809 [INFO] AnalyticsPlugin:253 - Accepted Software Licenses: 
2025-02-15 16:50:23,809 [INFO] AnalyticsPlugin:255 - Accepted CMSIS Pack Licenses: 
2025-02-15 16:50:23,809 [INFO] AnalyticsPlugin:257 - Accepted Firmware Licenses: 
2025-02-15 16:50:23,811 [INFO] PluginManage:359 - Loaded plugin analytics (category:tool,tabindex:-1)
2025-02-15 16:50:23,811 [INFO] PluginManage:310 - Check plugin cadmodel
2025-02-15 16:50:23,813 [INFO] CADModel:105 - Init CAD model plugin
2025-02-15 16:50:23,813 [INFO] PluginManage:359 - Loaded plugin cadmodel (category:power,tabindex:5)
2025-02-15 16:50:23,813 [INFO] PluginManage:310 - Check plugin clock
2025-02-15 16:50:23,819 [INFO] PluginManage:359 - Loaded plugin clock (category:base,tabindex:2)
2025-02-15 16:50:23,819 [INFO] PluginManage:310 - Check plugin ddr
2025-02-15 16:50:23,820 [INFO] PluginManage:359 - Loaded plugin ddr (category:tool,tabindex:6)
2025-02-15 16:50:23,820 [INFO] PluginManage:310 - Check plugin filemanager
2025-02-15 16:50:23,916 [INFO] PluginManage:359 - Loaded plugin filemanager (category:base,tabindex:10)
2025-02-15 16:50:23,916 [INFO] PluginManage:310 - Check plugin ipmanager
2025-02-15 16:50:23,921 [INFO] PluginManage:359 - Loaded plugin ipmanager (category:base,tabindex:5)
2025-02-15 16:50:23,921 [INFO] PluginManage:310 - Check plugin lpbam
2025-02-15 16:50:23,927 [INFO] PluginManage:359 - Loaded plugin lpbam (category:base,tabindex:0)
2025-02-15 16:50:23,927 [INFO] PluginManage:310 - Check plugin memorymap
2025-02-15 16:50:23,934 [INFO] PluginManage:359 - Loaded plugin memorymap (category:base,tabindex:4)
2025-02-15 16:50:23,934 [INFO] PluginManage:310 - Check plugin pinoutandconfiguration
2025-02-15 16:50:23,940 [INFO] PluginManage:359 - Loaded plugin pinoutandconfiguration (category:base,tabindex:1)
2025-02-15 16:50:23,940 [INFO] PluginManage:310 - Check plugin pinoutconfig
2025-02-15 16:50:24,030 [WARN] SupportedApi:132 - Cannot load RTOS API schema: s4s-elt-must-match.1: The content of 'definitions' must match (annotation?, (simpleType | complexType)?, (unique | key | keyref)*)). A problem was found starting at: attribute.
2025-02-15 16:50:24,114 [INFO] PluginManage:359 - Loaded plugin pinoutconfig (category:base,tabindex:0)
2025-02-15 16:50:24,114 [INFO] PluginManage:310 - Check plugin power
2025-02-15 16:50:24,120 [INFO] PluginManage:359 - Loaded plugin power (category:power,tabindex:4)
2025-02-15 16:50:24,120 [INFO] PluginManage:310 - Check plugin projectmanager
2025-02-15 16:50:24,130 [INFO] PluginManage:359 - Loaded plugin projectmanager (category:projectmanager,tabindex:4)
2025-02-15 16:50:24,130 [INFO] PluginManage:310 - Check plugin rif
2025-02-15 16:50:24,134 [INFO] PluginManage:359 - Loaded plugin rif (category:base,tabindex:3)
2025-02-15 16:50:24,134 [INFO] PluginManage:310 - Check plugin thirdparty
2025-02-15 16:50:24,204 [INFO] PluginManage:359 - Loaded plugin thirdparty (category:base,tabindex:-1)
2025-02-15 16:50:24,204 [WARN] IntegrityCheckThread:84 - waiting for thirdparty lock release [integrity check]
2025-02-15 16:50:24,204 [INFO] IntegrityCheckThread:86 - entering critical section [integrity check]
2025-02-15 16:50:24,204 [INFO] PluginManage:310 - Check plugin tools
2025-02-15 16:50:24,204 [INFO] ThirdPartyUpdaterWithRetryManager:70 - Updater plugin not ready yet. [1/15]
2025-02-15 16:50:24,206 [INFO] PluginManage:359 - Loaded plugin tools (category:base,tabindex:7)
2025-02-15 16:50:24,206 [INFO] PluginManage:310 - Check plugin tutovideos
2025-02-15 16:50:24,308 [INFO] PluginManage:359 - Loaded plugin tutovideos (category:base,tabindex:-1)
2025-02-15 16:50:24,308 [INFO] PluginManage:310 - Check plugin updater
2025-02-15 16:50:24,325 [INFO] PluginManage:359 - Loaded plugin updater (category:base,tabindex:12)
2025-02-15 16:50:24,325 [INFO] PluginManage:310 - Check plugin userauth
2025-02-15 16:50:24,327 [INFO] UserAuth:118 - Init User Auth plugin
2025-02-15 16:50:24,328 [INFO] PluginManage:359 - Loaded plugin userauth (category:base,tabindex:14)
2025-02-15 16:50:24,328 [INFO] PluginManage:283 - PluginManage : Loaded plugins [18]
2025-02-15 16:50:24,436 [INFO] PinOutPanel:1589 - setPackage(No Configuration,No Configuration)
2025-02-15 16:50:24,476 [INFO] CADModel:165 - CPN selected for project level
2025-02-15 16:50:24,476 [INFO] CADModel:114 - Register for checkConnection events
2025-02-15 16:50:24,482 [INFO] IPUIPlugin:80 - create IPUIPlugin
2025-02-15 16:50:24,482 [INFO] PluginManager:220 - loadIPPluginJar : add aes
2025-02-15 16:50:24,483 [INFO] IPUIPlugin:80 - create IPUIPlugin
2025-02-15 16:50:24,483 [INFO] PluginManager:220 - loadIPPluginJar : add tim
2025-02-15 16:50:24,487 [INFO] IPUIPlugin:80 - create IPUIPlugin
2025-02-15 16:50:24,487 [INFO] PluginManager:220 - loadIPPluginJar : add linkedlist
2025-02-15 16:50:24,488 [INFO] IPUIPlugin:80 - create IPUIPlugin
2025-02-15 16:50:24,489 [INFO] PluginManager:220 - loadIPPluginJar : add openamp
2025-02-15 16:50:24,491 [INFO] IPUIPlugin:80 - create IPUIPlugin
2025-02-15 16:50:24,493 [INFO] PluginManager:220 - loadIPPluginJar : add plateformsettings
2025-02-15 16:50:24,495 [INFO] IPUIPlugin:80 - create IPUIPlugin
2025-02-15 16:50:24,495 [INFO] PluginManager:220 - loadIPPluginJar : add mdma
2025-02-15 16:50:24,497 [INFO] IPUIPlugin:80 - create IPUIPlugin
2025-02-15 16:50:24,497 [INFO] PluginManager:220 - loadIPPluginJar : add spi
2025-02-15 16:50:24,500 [INFO] IPUIPlugin:80 - create IPUIPlugin
2025-02-15 16:50:24,500 [INFO] PluginManager:220 - loadIPPluginJar : add freertos
2025-02-15 16:50:24,502 [INFO] IPUIPlugin:80 - create IPUIPlugin
2025-02-15 16:50:24,502 [INFO] PluginManager:220 - loadIPPluginJar : add ipddr
2025-02-15 16:50:24,504 [INFO] IPUIPlugin:80 - create IPUIPlugin
2025-02-15 16:50:24,504 [INFO] PluginManager:220 - loadIPPluginJar : add sai
2025-02-15 16:50:24,505 [INFO] IPUIPlugin:80 - create IPUIPlugin
2025-02-15 16:50:24,505 [INFO] PluginManager:220 - loadIPPluginJar : add can
2025-02-15 16:50:24,506 [INFO] IPUIPlugin:80 - create IPUIPlugin
2025-02-15 16:50:24,506 [INFO] PluginManager:220 - loadIPPluginJar : add genericplugin
2025-02-15 16:50:24,507 [INFO] IPUIPlugin:80 - create IPUIPlugin
2025-02-15 16:50:24,507 [INFO] PluginManager:220 - loadIPPluginJar : add i3c
2025-02-15 16:50:24,508 [INFO] IPUIPlugin:80 - create IPUIPlugin
2025-02-15 16:50:24,509 [INFO] PluginManager:220 - loadIPPluginJar : add hash
2025-02-15 16:50:24,509 [INFO] IPUIPlugin:80 - create IPUIPlugin
2025-02-15 16:50:24,509 [INFO] PluginManager:220 - loadIPPluginJar : add ltdc
2025-02-15 16:50:24,510 [INFO] IPUIPlugin:80 - create IPUIPlugin
2025-02-15 16:50:24,510 [INFO] PluginManager:220 - loadIPPluginJar : add radio
2025-02-15 16:50:24,511 [INFO] IPUIPlugin:80 - create IPUIPlugin
2025-02-15 16:50:24,511 [INFO] PluginManager:220 - loadIPPluginJar : add ucpd
2025-02-15 16:50:24,513 [INFO] IPUIPlugin:80 - create IPUIPlugin
2025-02-15 16:50:24,513 [INFO] PluginManager:220 - loadIPPluginJar : add tracer_emb
2025-02-15 16:50:24,514 [INFO] IPUIPlugin:80 - create IPUIPlugin
2025-02-15 16:50:24,514 [INFO] PluginManager:220 - loadIPPluginJar : add cryp
2025-02-15 16:50:24,515 [INFO] IPUIPlugin:80 - create IPUIPlugin
2025-02-15 16:50:24,516 [INFO] PluginManager:220 - loadIPPluginJar : add ts
2025-02-15 16:50:24,517 [INFO] IPUIPlugin:80 - create IPUIPlugin
2025-02-15 16:50:24,517 [INFO] PluginManager:220 - loadIPPluginJar : add comp
2025-02-15 16:50:24,518 [INFO] IPUIPlugin:80 - create IPUIPlugin
2025-02-15 16:50:24,518 [INFO] PluginManager:220 - loadIPPluginJar : add dma3
2025-02-15 16:50:24,520 [INFO] IPUIPlugin:80 - create IPUIPlugin
2025-02-15 16:50:24,520 [INFO] PluginManager:220 - loadIPPluginJar : add touchsensing
2025-02-15 16:50:24,522 [INFO] IPUIPlugin:80 - create IPUIPlugin
2025-02-15 16:50:24,522 [INFO] PluginManager:220 - loadIPPluginJar : add lorawan
2025-02-15 16:50:24,523 [INFO] IPUIPlugin:80 - create IPUIPlugin
2025-02-15 16:50:24,523 [INFO] PluginManager:220 - loadIPPluginJar : add ddr_ctrl_phy
2025-02-15 16:50:24,525 [INFO] IPUIPlugin:80 - create IPUIPlugin
2025-02-15 16:50:24,525 [INFO] PluginManager:220 - loadIPPluginJar : add extmemmanager
2025-02-15 16:50:24,527 [INFO] IPUIPlugin:80 - create IPUIPlugin
2025-02-15 16:50:24,528 [INFO] PluginManager:220 - loadIPPluginJar : add resmgrutility
2025-02-15 16:50:24,528 [INFO] IPUIPlugin:80 - create IPUIPlugin
2025-02-15 16:50:24,529 [INFO] PluginManager:220 - loadIPPluginJar : add quadspi
2025-02-15 16:50:24,530 [INFO] IPUIPlugin:80 - create IPUIPlugin
2025-02-15 16:50:24,530 [INFO] PluginManager:220 - loadIPPluginJar : add usart
2025-02-15 16:50:24,531 [INFO] IPUIPlugin:80 - create IPUIPlugin
2025-02-15 16:50:24,532 [INFO] PluginManager:220 - loadIPPluginJar : add nvic
2025-02-15 16:50:24,534 [INFO] IPUIPlugin:80 - create IPUIPlugin
2025-02-15 16:50:24,534 [INFO] PluginManager:220 - loadIPPluginJar : add gic
2025-02-15 16:50:24,535 [INFO] IPUIPlugin:80 - create IPUIPlugin
2025-02-15 16:50:24,535 [INFO] PluginManager:220 - loadIPPluginJar : add i2s
2025-02-15 16:50:24,537 [INFO] IPUIPlugin:80 - create IPUIPlugin
2025-02-15 16:50:24,537 [INFO] PluginManager:220 - loadIPPluginJar : add gpio
2025-02-15 16:50:24,539 [INFO] IPUIPlugin:80 - create IPUIPlugin
2025-02-15 16:50:24,539 [INFO] PluginManager:220 - loadIPPluginJar : add pdm2pcm
2025-02-15 16:50:24,541 [INFO] IPUIPlugin:80 - create IPUIPlugin
2025-02-15 16:50:24,541 [INFO] PluginManager:220 - loadIPPluginJar : add usbx
2025-02-15 16:50:24,543 [INFO] IPUIPlugin:80 - create IPUIPlugin
2025-02-15 16:50:24,543 [INFO] PluginManager:220 - loadIPPluginJar : add fmc
2025-02-15 16:50:24,545 [INFO] IPUIPlugin:80 - create IPUIPlugin
2025-02-15 16:50:24,545 [INFO] PluginManager:220 - loadIPPluginJar : add i2c
2025-02-15 16:50:24,548 [INFO] IPUIPlugin:80 - create IPUIPlugin
2025-02-15 16:50:24,548 [INFO] PluginManager:220 - loadIPPluginJar : add adc
2025-02-15 16:50:24,549 [INFO] IPUIPlugin:80 - create IPUIPlugin
2025-02-15 16:50:24,550 [INFO] PluginManager:220 - loadIPPluginJar : add dfsdm
2025-02-15 16:50:24,553 [INFO] IPUIPlugin:80 - create IPUIPlugin
2025-02-15 16:50:24,553 [INFO] PluginManager:220 - loadIPPluginJar : add dma
2025-02-15 16:50:24,554 [INFO] IPUIPlugin:80 - create IPUIPlugin
2025-02-15 16:50:24,554 [INFO] PluginManager:220 - loadIPPluginJar : add opamp
2025-02-15 16:50:24,555 [INFO] IPUIPlugin:80 - create IPUIPlugin
2025-02-15 16:50:24,555 [INFO] PluginManager:220 - loadIPPluginJar : add tsc
2025-02-15 16:50:24,558 [INFO] IPUIPlugin:80 - create IPUIPlugin
2025-02-15 16:50:24,558 [INFO] PluginManager:220 - loadIPPluginJar : add stm32_wpan
2025-02-15 16:50:24,558 [INFO] IPUIPlugin:80 - create IPUIPlugin
2025-02-15 16:50:24,559 [INFO] PluginManager:220 - loadIPPluginJar : add gfxmmu
2025-02-15 16:50:24,559 [INFO] IPUIPlugin:80 - create IPUIPlugin
2025-02-15 16:50:24,559 [INFO] PluginManager:220 - loadIPPluginJar : add fatfs
2025-02-15 16:50:24,561 [INFO] IPUIPlugin:80 - create IPUIPlugin
2025-02-15 16:50:24,561 [INFO] PluginManager:220 - loadIPPluginJar : add gtzc
2025-02-15 16:50:24,654 [FATAL] Updater:351 - Updater called before beeing initialized
2025-02-15 16:50:24,674 [INFO] RulesReader:64 - Compatibility file has been processed (297 Rules)
2025-02-15 16:50:24,682 [INFO] RulesReader:64 - Compatibility file has been processed (297 Rules)
2025-02-15 16:50:24,686 [INFO] CADModel:165 - CPN selected for project level
2025-02-15 16:50:24,686 [INFO] CADModel:114 - Register for checkConnection events
2025-02-15 16:50:24,686 [FATAL] Updater:351 - Updater called before beeing initialized
2025-02-15 16:50:24,687 [ERROR] CADModel:125 - Updater not yet initialized, retry later 
2025-02-15 16:50:24,763 [FATAL] Updater:351 - Updater called before beeing initialized
2025-02-15 16:50:24,765 [INFO] CADModel:165 - CPN selected for project level
2025-02-15 16:50:24,765 [INFO] CADModel:114 - Register for checkConnection events
2025-02-15 16:50:24,765 [FATAL] Updater:351 - Updater called before beeing initialized
2025-02-15 16:50:24,765 [ERROR] CADModel:125 - Updater not yet initialized, retry later 
2025-02-15 16:50:24,767 [FATAL] Updater:351 - Updater called before beeing initialized
2025-02-15 16:50:24,832 [FATAL] Updater:351 - Updater called before beeing initialized
2025-02-15 16:50:24,835 [INFO] DbMcusAds:53 - JSON generation date=Tue Dec 17 17:01:15 CET 2024 (1734451275111)
2025-02-15 16:50:24,835 [FATAL] Updater:351 - Updater called before beeing initialized
2025-02-15 16:50:24,862 [WARN] DetailPanel:346 - Failed to get advertising image, set to default
2025-02-15 16:50:25,069 [FATAL] Updater:351 - Updater called before beeing initialized
2025-02-15 16:50:25,070 [FATAL] Updater:351 - Updater called before beeing initialized
2025-02-15 16:50:25,070 [FATAL] Updater:351 - Updater called before beeing initialized
2025-02-15 16:50:25,070 [WARN] DetailPanel:346 - Failed to get advertising image, set to default
2025-02-15 16:50:25,071 [FATAL] Updater:351 - Updater called before beeing initialized
2025-02-15 16:50:25,093 [ERROR] Updater:1198 - MainUpdater not yet initialized. External WinMGr cannot be set.
2025-02-15 16:50:25,094 [INFO] Updater:1134 - Updater Version found : 6.13.0
2025-02-15 16:50:25,104 [INFO] ApplicationProperties:184 - Using Application install path: /opt/st/stm32cubeide_1.17.0/plugins/com.st.stm32cube.common.mx_6.13.0.202411220809
2025-02-15 16:50:25,111 [ERROR] LogOutputStream:75 - [STDERR_REDIRECT] Feb 15, 2025 4:50:25 PM java.util.prefs.FileSystemPreferences$2 run
2025-02-15 16:50:25,111 [ERROR] LogOutputStream:75 - [STDERR_REDIRECT] WARNING: Could not create system preferences directory. System preferences are unusable.
2025-02-15 16:50:25,111 [ERROR] LogOutputStream:75 - [STDERR_REDIRECT] 
2025-02-15 16:50:25,305 [INFO] MainUpdater:2872 - connection check result : 10
2025-02-15 16:50:25,305 [INFO] MainUpdater:289 - Updater Check For Update Now.
2025-02-15 16:50:25,305 [INFO] MicroXplorer:498 - Change Database Version : DB.6.0.130
2025-02-15 16:50:25,308 [INFO] McuFinderGlobals:63 - Set McuFinder mode to 2 (CubeIDE integrated)
2025-02-15 16:50:25,309 [INFO] UserAuth:171 - activating auth plugin
2025-02-15 16:50:25,310 [INFO] UserAuth:486 - Internet connection configuration mode: 1
2025-02-15 16:50:25,323 [INFO] JxBrowserEngine:152 - Initiate JxBrowser Engine with user profile folder
2025-02-15 16:50:25,485 [INFO] CheckServerUpdateThread:120 - End of CheckServer Thread
2025-02-15 16:50:26,514 [INFO] WebApp:168 - Instantiating new browser for Auth
2025-02-15 16:50:27,262 [INFO] WebApp:449 - Apply proxy settings
2025-02-15 16:50:27,263 [INFO] WebApp:534 - Chromium requires no authentication
2025-02-15 16:50:27,269 [INFO] WebApp:477 - Direct internet connection detected
2025-02-15 16:50:27,285 [INFO] WebApp:880 - Register for checkConnection events
2025-02-15 16:50:27,285 [INFO] WebApp:449 - Apply proxy settings
2025-02-15 16:50:27,285 [INFO] WebApp:534 - Chromium requires no authentication
2025-02-15 16:50:27,285 [INFO] WebApp:477 - Direct internet connection detected
2025-02-15 16:50:27,304 [WARN] PackLoader:240 - Cannot read IP mode file for STMicroelectronics.FP-SNS-MOTENVWB1.1.4.0
2025-02-15 16:50:27,310 [WARN] PackLoader:240 - Cannot read IP mode file for STMicroelectronics.FP-ATR-ASTRA1.2.0.1
2025-02-15 16:50:27,316 [WARN] PackLoader:240 - Cannot read IP mode file for STMicroelectronics.X-CUBE-SMBUS.2.1.0
2025-02-15 16:50:27,321 [WARN] PackLoader:240 - Cannot read IP mode file for STMicroelectronics.X-CUBE-WB05N.1.1.0
2025-02-15 16:50:27,349 [WARN] PackLoader:240 - Cannot read IP mode file for STMicroelectronics.X-CUBE-AZRTOS-F7.1.1.0
2025-02-15 16:50:27,357 [WARN] PackLoader:240 - Cannot read IP mode file for STMicroelectronics.FP-SNS-FLIGHT1.5.0.2
2025-02-15 16:50:27,383 [WARN] PackLoader:240 - Cannot read IP mode file for Infineon.AIROC-Wi-Fi-Bluetooth-STM32.1.7.0
2025-02-15 16:50:27,393 [WARN] PackLoader:240 - Cannot read IP mode file for STMicroelectronics.X-CUBE-DISPLAY.3.0.0
2025-02-15 16:50:27,400 [WARN] PackLoader:240 - Cannot read IP mode file for STMicroelectronics.X-CUBE-BLE1.7.0.0
2025-02-15 16:50:27,405 [WARN] PackLoader:240 - Cannot read IP mode file for STMicroelectronics.X-CUBE-NFC10.1.0.0
2025-02-15 16:50:27,416 [WARN] PackLoader:240 - Cannot read IP mode file for STMicroelectronics.X-CUBE-BLEMGR.4.0.0
2025-02-15 16:50:27,421 [WARN] PackLoader:240 - Cannot read IP mode file for emotas.I-CUBE-CANOPEN.1.3.0
2025-02-15 16:50:27,421 [INFO] WebApp:221 - Starting web application
2025-02-15 16:50:27,421 [INFO] WebApp:579 - Web application path used /opt/st/stm32cubeide_1.17.0/plugins/com.st.stm32cube.common.mx_6.13.0.202411220809/db/plugins/mcufinder/reactClient1/index.html
2025-02-15 16:50:27,425 [WARN] PackLoader:240 - Cannot read IP mode file for STMicroelectronics.X-CUBE-AI.10.0.0
2025-02-15 16:50:27,428 [WARN] PackLoader:240 - Cannot read IP mode file for STMicroelectronics.FP-SNS-SMARTAG2.1.2.0
2025-02-15 16:50:27,481 [WARN] PackLoader:240 - Cannot read IP mode file for STMicroelectronics.X-CUBE-MEMS1.11.1.0
2025-02-15 16:50:27,578 [INFO] WebApp:187 - Connection restablished
2025-02-15 16:50:27,646 [INFO] LogOutputStream:77 - [STDOUT_REDIRECT] 1 : Invalid condition id : UX_CORESTACK_Condition cause : null
2025-02-15 16:50:27,647 [INFO] LogOutputStream:77 - [STDOUT_REDIRECT] 1 : Invalid condition id : UX_CORESTACK_Condition cause : null
2025-02-15 16:50:27,647 [INFO] LogOutputStream:77 - [STDOUT_REDIRECT] 1 : Invalid condition id : UX_CORESTACK_Condition cause : null
2025-02-15 16:50:27,647 [INFO] LogOutputStream:77 - [STDOUT_REDIRECT] 1 : Invalid condition id : UX_CORESTACK_Condition cause : null
2025-02-15 16:50:27,647 [INFO] LogOutputStream:77 - [STDOUT_REDIRECT] 1 : Invalid condition id : UX_CORESTACK_Condition cause : null
2025-02-15 16:50:27,649 [WARN] PackLoader:240 - Cannot read IP mode file for STMicroelectronics.X-CUBE-AZRTOS-WL.2.0.0
2025-02-15 16:50:27,653 [WARN] PackLoader:240 - Cannot read IP mode file for STMicroelectronics.FP-SNS-MOTENV1.5.0.0
2025-02-15 16:50:27,656 [WARN] PackLoader:240 - Cannot read IP mode file for wolfSSL.I-CUBE-wolfMQTT.1.19.0
2025-02-15 16:50:27,661 [WARN] PackLoader:240 - Cannot read IP mode file for WES.I-CUBE-Cesium.1.3.0
2025-02-15 16:50:27,664 [WARN] PackLoader:240 - Cannot read IP mode file for STMicroelectronics.X-CUBE-BLE2.3.3.0
2025-02-15 16:50:27,668 [WARN] PackLoader:240 - Cannot read IP mode file for STMicroelectronics.X-CUBE-NFC9.1.0.0
2025-02-15 16:50:27,681 [WARN] PackLoader:240 - Cannot read IP mode file for STMicroelectronics.X-CUBE-AZRTOS-G0.1.1.0
2025-02-15 16:50:27,688 [WARN] PackLoader:240 - Cannot read IP mode file for STMicroelectronics.X-CUBE-SAFEA1.1.2.2
2025-02-15 16:50:27,691 [WARN] PackLoader:240 - Cannot read IP mode file for STMicroelectronics.X-CUBE-NFC4.3.0.0
2025-02-15 16:50:27,698 [WARN] PackLoader:240 - Cannot read IP mode file for EmbeddedOffice.I-CUBE-FS-RTOS.1.0.1
2025-02-15 16:50:27,703 [WARN] PackLoader:240 - Cannot read IP mode file for STMicroelectronics.X-CUBE-TCPP.4.2.0
2025-02-15 16:50:27,707 [WARN] PackLoader:240 - Cannot read IP mode file for RealThread.X-CUBE-RT-Thread_Nano.4.1.1
2025-02-15 16:50:27,710 [WARN] PackLoader:240 - Cannot read IP mode file for STMicroelectronics.FP-ATR-SIGFOX1.3.2.0
2025-02-15 16:50:27,712 [WARN] ConditionMgr:438 - getConditionDescription Invalid condition id : Cortex-A Device cause : null
2025-02-15 16:50:27,722 [WARN] ConditionMgr:1044 - genDependencies : Invalid condition id : Cortex-A Device cause : null
2025-02-15 16:50:27,722 [WARN] ConditionMgr:1044 - genDependencies : Invalid condition id : Cortex-A Device cause : null
2025-02-15 16:50:27,722 [WARN] ConditionMgr:1044 - genDependencies : Invalid condition id : Cortex-A Device cause : null
2025-02-15 16:50:27,726 [WARN] PackLoader:240 - Cannot read IP mode file for STMicroelectronics.X-CUBE-EEPRMA1.5.1.0
2025-02-15 16:50:27,729 [WARN] PackLoader:240 - Cannot read IP mode file for wolfSSL.I-CUBE-wolfSSL.5.7.4
2025-02-15 16:50:27,731 [WARN] PackLoader:240 - Cannot read IP mode file for ITTIA_DB.I-CUBE-ITTIADB.8.9.0
2025-02-15 16:50:27,762 [WARN] PackLoader:240 - Cannot read IP mode file for SEGGER.I-CUBE-embOS.1.3.1
2025-02-15 16:50:27,823 [WARN] PackLoader:240 - Cannot read IP mode file for STMicroelectronics.X-CUBE-ALGOBUILD.1.4.0
2025-02-15 16:50:27,827 [WARN] PackLoader:240 - Cannot read IP mode file for STMicroelectronics.X-CUBE-AI.9.1.0
2025-02-15 16:50:27,843 [WARN] PackLoader:240 - Cannot read IP mode file for STMicroelectronics.X-CUBE-AZRTOS-F4.1.1.0
2025-02-15 16:50:27,846 [WARN] PackLoader:240 - Cannot read IP mode file for STMicroelectronics.X-CUBE-ISPU.2.1.0
2025-02-15 16:50:27,857 [WARN] PackLoader:240 - Cannot read IP mode file for STMicroelectronics.X-CUBE-AZRTOS-L5.2.0.0
2025-02-15 16:50:27,862 [WARN] PackLoader:240 - Cannot read IP mode file for STMicroelectronics.X-CUBE-NFC6.3.1.0
2025-02-15 16:50:27,866 [WARN] PackLoader:240 - Cannot read IP mode file for STMicroelectronics.X-CUBE-DPower.1.2.0
2025-02-15 16:50:27,869 [WARN] PackLoader:240 - Cannot read IP mode file for STMicroelectronics.X-CUBE-FREERTOS.1.3.0
2025-02-15 16:50:27,871 [WARN] PackLoader:240 - Cannot read IP mode file for STMicroelectronics.X-CUBE-NFC7.1.0.1
2025-02-15 16:50:27,881 [WARN] ConditionMgr:438 - getConditionDescription Invalid condition id : LAN8742 Phy interface Condition cause : null
2025-02-15 16:50:27,882 [WARN] PackLoader:240 - Cannot read IP mode file for STMicroelectronics.X-CUBE-AZRTOS-L4.2.0.0
2025-02-15 16:50:27,883 [WARN] ConditionMgr:1044 - genDependencies : Invalid condition id : LAN8742 Phy interface Condition cause : null
2025-02-15 16:50:27,883 [WARN] ConditionMgr:1044 - genDependencies : Invalid condition id : LAN8742 Phy interface Condition cause : null
2025-02-15 16:50:27,883 [WARN] ConditionMgr:1044 - genDependencies : Invalid condition id : LAN8742 Phy interface Condition cause : null
2025-02-15 16:50:27,886 [WARN] PackLoader:240 - Cannot read IP mode file for STMicroelectronics.X-CUBE-SFXS2LP1.4.0.0
2025-02-15 16:50:27,897 [WARN] PackLoader:240 - Cannot read IP mode file for STMicroelectronics.X-CUBE-AZRTOS-H7.3.3.0
2025-02-15 16:50:27,905 [WARN] ConditionMgr:438 - getConditionDescription Invalid condition id : UX DEVICE CLASS RTOS Condition cause : null
2025-02-15 16:50:27,905 [WARN] ConditionMgr:438 - getConditionDescription Invalid condition id : UX DEVICE CLASS RTOS Condition cause : null
2025-02-15 16:50:27,906 [WARN] PackLoader:240 - Cannot read IP mode file for STMicroelectronics.X-CUBE-AZRTOS-WB.2.0.0
2025-02-15 16:50:27,907 [WARN] ConditionMgr:1044 - genDependencies : Invalid condition id : UX DEVICE CLASS RTOS Condition cause : null
2025-02-15 16:50:27,907 [WARN] ConditionMgr:1044 - genDependencies : Invalid condition id : UX DEVICE CLASS RTOS Condition cause : null
2025-02-15 16:50:27,907 [WARN] ConditionMgr:1044 - genDependencies : Invalid condition id : UX DEVICE CLASS RTOS Condition cause : null
2025-02-15 16:50:27,907 [WARN] ConditionMgr:1044 - genDependencies : Invalid condition id : UX DEVICE CLASS RTOS Condition cause : null
2025-02-15 16:50:27,907 [WARN] ConditionMgr:1044 - genDependencies : Invalid condition id : UX DEVICE CLASS RTOS Condition cause : null
2025-02-15 16:50:27,910 [WARN] PackLoader:240 - Cannot read IP mode file for STMicroelectronics.X-CUBE-GNSS1.7.0.1
2025-02-15 16:50:27,913 [WARN] PackLoader:240 - Cannot read IP mode file for STMicroelectronics.FP-SNS-STBOX1.2.0.0
2025-02-15 16:50:27,920 [WARN] PackLoader:240 - Cannot read IP mode file for STMicroelectronics.X-CUBE-SUBG2.5.0.0
2025-02-15 16:50:27,924 [WARN] PackLoader:240 - Cannot read IP mode file for Cesanta.I-CUBE-Mongoose.7.13.0
2025-02-15 16:50:27,932 [WARN] PackLoader:240 - Cannot read IP mode file for STMicroelectronics.X-CUBE-AZRTOS-G4.2.0.0
2025-02-15 16:50:27,944 [WARN] PackLoader:240 - Cannot read IP mode file for STMicroelectronics.X-CUBE-IPS.3.1.0
2025-02-15 16:50:27,951 [WARN] PackLoader:240 - Cannot read IP mode file for STMicroelectronics.X-CUBE-ALS.1.0.2
2025-02-15 16:50:27,954 [WARN] PackLoader:240 - Cannot read IP mode file for STMicroelectronics.X-CUBE-TOUCHGFX.4.24.2
2025-02-15 16:50:27,956 [WARN] PackLoader:240 - Cannot read IP mode file for wolfSSL.I-CUBE-wolfTPM.3.4.0
2025-02-15 16:50:27,958 [WARN] PackLoader:240 - Cannot read IP mode file for portGmbH.I-Cube-SoM-uGOAL.1.1.0
2025-02-15 16:50:27,972 [WARN] PackLoader:240 - Cannot read IP mode file for STMicroelectronics.X-CUBE-AZRTOS-H7RS.1.0.0
2025-02-15 16:50:27,982 [WARN] PackLoader:240 - Cannot read IP mode file for STMicroelectronics.X-CUBE-TOF1.3.4.2
2025-02-15 16:50:27,992 [WARN] PackLoader:240 - Cannot read IP mode file for wolfSSL.I-CUBE-wolfSSH.1.4.17
2025-02-15 16:50:27,993 [INFO] ThirdParty:978 - Integrity check success = true
2025-02-15 16:50:27,993 [INFO] IntegrityCheckThread:100 - exiting critical section [integrity check]
2025-02-15 16:50:27,993 [INFO] IntegrityCheckThread:103 - End integrity checks thread
2025-02-15 16:50:30,137 [INFO] McuFinderGlobals:63 - Set McuFinder mode to 2 (CubeIDE integrated)
2025-02-15 16:50:30,139 [INFO] MainUpdater:2872 - connection check result : 10
2025-02-15 16:50:30,354 [INFO] ApiDb:581 - Connected to CubeFinder SQLite database (/home/kemish/.stmcufinder/plugins/mcufinder/mcu/cube-finder-db.db)
2025-02-15 16:50:30,419 [INFO] ApiDb:668 - CubeFinder database Data Model version=2.1
2025-02-15 16:50:30,419 [INFO] ApiDb:669 - CubeFinder database Configuration version=3.0.39
2025-02-15 16:50:30,419 [INFO] ApiDb:670 - CubeFinder database generation date=2025-02-07 (1738919966)
2025-02-15 16:50:30,419 [INFO] ApiDb:671 - CubeFinder database FW Pack versions=[FP-ATR-ASTRA1_V2.0.0, FP-SNS-FLIGHT1_V5.0.2, FP-SNS-MOTENV1_V5.0.0, FP-SNS-MOTENVWB1_V1.4.0, FP-SNS-SMARTAG2_V1.2.0, FP-SNS-STBOX1_V2.0.0, STM32Cube_FW_C0_V1.3.0, STM32Cube_FW_F4_V1.28.1, STM32Cube_FW_F7_V1.17.2, STM32Cube_FW_G0_V1.6.2, STM32Cube_FW_G4_V1.6.1, STM32Cube_FW_H5_V1.4.0, STM32Cube_FW_H7RS_V1.1.0, STM32Cube_FW_H7_V1.12.0, STM32Cube_FW_L0_V1.12.2, STM32Cube_FW_L4_V1.18.1, STM32Cube_FW_L5_V1.5.1, STM32Cube_FW_N6_V1.0.0, STM32Cube_FW_U0_V1.2.0, STM32Cube_FW_U3_V1.0.0, STM32Cube_FW_U5_V1.7.0, STM32Cube_FW_WB0_V1.1.0, STM32Cube_FW_WBA_V1.5.0, STM32Cube_FW_WB_V1.21.0, STM32Cube_FW_WL3_V1.0.0, STM32Cube_FW_WL_V1.3.0, X-CUBE-ALGOBUILD_V1.4.0, X-CUBE-ALS_V1.0.2, X-CUBE-AZRTOS-F4_V1.1.0, X-CUBE-AZRTOS-F7_V1.1.0, X-CUBE-AZRTOS-G0_V1.1.0, X-CUBE-AZRTOS-G4_V2.0.0, X-CUBE-AZRTOS-H7RS_V1.0.0, X-CUBE-AZRTOS-H7_V3.3.0, X-CUBE-AZRTOS-L4_V2.0.0, X-CUBE-AZRTOS-L5_V2.0.0, X-CUBE-AZRTOS-WB_V2.0.0, X-CUBE-AZRTOS-WL_V2.0.0, X-CUBE-BLE1_V7.0.0, X-CUBE-BLE2_V3.3.0, X-CUBE-BLEMGR_V4.0.0, X-CUBE-EEPRMA1_V5.1.0, X-CUBE-FREERTOS_V1.2.0, X-CUBE-GNSS1_V6.0.0, X-CUBE-MEMS1_V11.1.0, X-CUBE-NFC4_V3.0.0, X-CUBE-NFC7_V1.0.1, X-CUBE-SFXS2LP1_V4.0.0, X-CUBE-SUBG2_V5.0.0, X-CUBE-TOF1_V3.4.2]
2025-02-15 16:50:30,529 [INFO] DbBoardsSqlite:226 - include board P-NUCLEO-WB55-NUCLEO as a kit item of type 'Nucleo-64'
2025-02-15 16:50:30,529 [INFO] DbBoardsSqlite:226 - include board P-NUCLEO-WB55-USBDONGLE as a kit item of type 'Nucleo USB Dongle'
2025-02-15 16:50:30,531 [INFO] DbBoardsSqlite:226 - include board STEVAL-IDP005V1 as a kit item of type 'Evaluation Board'
2025-02-15 16:50:30,531 [INFO] DbBoardsSqlite:226 - include board STEVAL-IDP005V2 as a kit item of type 'Evaluation Board'
2025-02-15 16:50:30,907 [INFO] ApiDb:240 - Found 858 in-development CPN: [B-G473E-ZEST1S, B-WB1M-WPAN1, B-WBA5M-WPAN, B-WL5M-SUBG1, NUCLEO-C031C6, NUCLEO-C051C8, NUCLEO-C071RB, NUCLEO-C092RC, NUCLEO-H503RB, NUCLEO-H533RE, NUCLEO-H563ZI, NUCLEO-H7S3L8, NUCLEO-N657X0-Q, NUCLEO-U031R8, NUCLEO-U083RC, NUCLEO-U385RG-Q, NUCLEO-U545RE-Q, NUCLEO-U5A5ZJ-Q, NUCLEO-WB05KZ, NUCLEO-WB07CC, NUCLEO-WB09KE, NUCLEO-WBA52CG, NUCLEO-WBA55CG, NUCLEO-WL33CC1, NUCLEO-WL33CC2, STEVAL-PROTEUS1, STEVAL-SMARTAG2, STEVAL-STWINBX1, STM320518-EVAL, STM32C0116-DK, STM32C011D6Y3TR, STM32C011D6Y6TR, STM32C011F4P3, STM32C011F4P6, STM32C011F4U3, STM32C011F4U6TR, STM32C011F6P3, STM32C011F6P6, STM32C011F6U3, STM32C011F6U6TR, STM32C011J4M3, STM32C011J4M6, STM32C011J6M3, STM32C011J6M6, STM32C0316-DK, STM32C031C4T3, STM32C031C4T6, STM32C031C4U3, STM32C031C4U6, STM32C031C6T3, STM32C031C6T6, STM32C031C6U3, STM32C031C6U6, STM32C031F4P3, STM32C031F4P6, STM32C031F6P3, STM32C031F6P6, STM32C031G4U3, STM32C031G4U6, STM32C031G6U3, STM32C031G6U6, STM32C031K4T3, STM32C031K4T6, STM32C031K4U3, STM32C031K4U6, STM32C031K6T3, STM32C031K6T6, STM32C031K6U3, STM32C031K6U6, STM32C051C6T6, STM32C051C6U6, STM32C051C8T6, STM32C051C8U6, STM32C051D8Y6TR, STM32C051F6P6, STM32C051F8P6, STM32C051G6U6, STM32C051G8U6, STM32C051K6T6, STM32C051K6U6, STM32C051K8T6, STM32C071C8T6, STM32C071C8T6N, STM32C071C8U6, STM32C071C8U6N, STM32C071CBT6, STM32C071CBT6N, STM32C071CBU6, STM32C071CBU6N, STM32C071F8P6, STM32C071F8P6N, STM32C071FBP6, STM32C071FBP6N, STM32C071FBY6TR, STM32C071G8U6, STM32C071G8U6N, STM32C071GBU6, STM32C071GBU6N, STM32C071K8T6, STM32C071K8T6N, STM32C071K8U6, STM32C071K8U6N, STM32C071KBT6, STM32C071KBT6N, STM32C071KBU6, STM32C071KBU6N, STM32C071R8T6, STM32C071R8T6N, STM32C071RBI6N, STM32C071RBT6, STM32C071RBT6N, STM32C091CBT6, STM32C091CBU6, STM32C091CCT6, STM32C091CCU6, STM32C091ECY6TR, STM32C091FBP6, STM32C091FCP6, STM32C091GBU6, STM32C091GCU6, STM32C091KBT6, STM32C091KBU6, STM32C091KCT6, STM32C091KCU6, STM32C091RBT6, STM32C091RCI6, STM32C091RCT6, STM32C092CBT6, STM32C092CBU6, STM32C092CCT6, STM32C092CCU6, STM32C092ECY6TR, STM32C092FBP6, STM32C092FCP6, STM32C092GBU6, STM32C092GCU6, STM32C092KBT6, STM32C092KBU6, STM32C092KCT6, STM32C092KCU6, STM32C092RBT6, STM32C092RCI6, STM32C092RCT6, STM32G071K8TXN, STM32G071K8UXN, STM32G081GBU6N, STM32G081KBT6N, STM32G081KBUXN, STM32G0B1CCT6N, STM32G0B1KCT6, STM32G0B1NEY6TR, STM32G0B1RCT6N, STM32G0C1CCT6, STM32G0C1CCT6N, STM32G0C1CCU6N, STM32G0C1CET6N, STM32G0C1CEU6N, STM32G0C1KCT6, STM32G0C1NEY6TR, STM32G0C1RCI6N, STM32G0C1RCT6N, STM32G0C1REI6N, STM32G0C1RET6N, STM32G0C1VCI6, STM32G0C1VEI6, STM32G411C6T3, STM32G411C6T6, STM32G411C6U3, STM32G411C6U6, STM32G411C8T3, STM32G411C8T6, STM32G411C8U3, STM32G411C8U6, STM32G411CBT3, STM32G411CBT6, STM32G411CBU3, STM32G411CBU6, STM32G411CCT3, STM32G411CCT6, STM32G411CCU3, STM32G411CCU6, STM32G411K6T3, STM32G411K6T6, STM32G411K6U3, STM32G411K6U6, STM32G411K8T3, STM32G411K8T6, STM32G411K8U3, STM32G411K8U6, STM32G411KBT3, STM32G411KBT6, STM32G411KBU3, STM32G411KBU6, STM32G411M6T3, STM32G411M6T6, STM32G411M8T3, STM32G411M8T6, STM32G411MBT3, STM32G411MBT6, STM32G411MCT3, STM32G411MCT6, STM32G411R6T3, STM32G411R6T6, STM32G411R8T3, STM32G411R8T6, STM32G411RBT3, STM32G411RBT6, STM32G411RCT3, STM32G411RCT6, STM32G414CBT3, STM32G414CBT6, STM32G414CBU3, STM32G414CBU6, STM32G414CCT3, STM32G414CCT6, STM32G414CCU3, STM32G414CCU6, STM32G414MBT3, STM32G414MBT6, STM32G414MCT3, STM32G414MCT6, STM32G414RBT3, STM32G414RBT6, STM32G414RCT3, STM32G414RCT6, STM32G414VBT3, STM32G414VBT6, STM32G414VCT3, STM32G414VCT6, STM32G431CBT3Z, STM32G431RBT3Z, STM32G471CCT6, STM32G471CCU6, STM32G471CET3, STM32G471CET6, STM32G471CEU3, STM32G471CEU6, STM32G471MCT6, STM32G471MET3, STM32G471MET6, STM32G471MEY6TR, STM32G471QCT6, STM32G471QET3, STM32G471RCT6, STM32G471RET3, STM32G471RET6, STM32G471VCH6, STM32G471VCI6, STM32G471VCT6, STM32G471VEH3, STM32G471VEH6, STM32G471VEI3, STM32G471VEI6, STM32G471VET3, STM32G471VET6, STM32G473QET3Z, STM32G473RET3Z, STM32G474CCT6, STM32G491RET3Z, STM32H503CBT6, STM32H503CBU6, STM32H503EBY6TR, STM32H503KBU6, STM32H503RBT6, STM32H523CCT6, STM32H523CCU6, STM32H523CET6, STM32H523CEU6, STM32H523HEY6TR, STM32H523RCT6, STM32H523RET6, STM32H523VCI6, STM32H523VCT6, STM32H523VEI6, STM32H523VET6, STM32H523ZCJ6, STM32H523ZCT6, STM32H523ZEJ6, STM32H523ZET6, STM32H533CET6, STM32H533CEU6, STM32H533HEY6TR, STM32H533RET6, STM32H533VEI6, STM32H533VET6, STM32H533ZEJ6, STM32H533ZET6, STM32H562AGI6, STM32H562AII6, STM32H562IGK6, STM32H562IGT6, STM32H562IIK6, STM32H562IIT6, STM32H562RGT6, STM32H562RGV6, STM32H562RIT6, STM32H562RIV6, STM32H562VGT6, STM32H562VIT6, STM32H562ZGT6, STM32H562ZIT6, STM32H563AGI6, STM32H563AII3Q, STM32H563AII6, STM32H563IGK6, STM32H563IGT6, STM32H563IIK3Q, STM32H563IIK6, STM32H563IIT3Q, STM32H563IIT6, STM32H563MIY3QTR, STM32H563RGT6, STM32H563RGV6, STM32H563RIT6, STM32H563RIV6, STM32H563VGT6, STM32H563VIT3Q, STM32H563VIT6, STM32H563ZGT6, STM32H563ZIT3Q, STM32H563ZIT6, STM32H573AII3Q, STM32H573AII6, STM32H573I-DK, STM32H573IIK3Q, STM32H573IIK6, STM32H573IIT3Q, STM32H573IIT6, STM32H573MIY3QTR, STM32H573RIT6, STM32H573RIV6, STM32H573VIT3Q, STM32H573VIT6, STM32H573ZIT3Q, STM32H573ZIT6, STM32H7R3A8I6, STM32H7R3I8K6, STM32H7R3I8T6, STM32H7R3L8H6, STM32H7R3L8H6H, STM32H7R3R8V6, STM32H7R3V8H6, STM32H7R3V8T6, STM32H7R3V8Y6TR, STM32H7R3Z8J6, STM32H7R3Z8T6, STM32H7R7A8I6, STM32H7R7I8K6, STM32H7R7I8T6, STM32H7R7L8H6, STM32H7R7L8H6H, STM32H7R7Z8J6, STM32H7S3A8I6, STM32H7S3I8K6, STM32H7S3I8T6, STM32H7S3L8H6, STM32H7S3L8H6H, STM32H7S3R8V6, STM32H7S3V8H6, STM32H7S3V8T6, STM32H7S3V8Y6TR, STM32H7S3Z8J6, STM32H7S3Z8T6, STM32H7S78-DK, STM32H7S7A8I6, STM32H7S7I8K6, STM32H7S7I8T6, STM32H7S7L8H6, STM32H7S7L8H6H, STM32H7S7Z8J6, STM32L4R5QGI6STR, STM32MP131AAE3, STM32MP131AAF3, STM32MP131AAG3, STM32MP131CAE3, STM32MP131CAF3, STM32MP131CAG3, STM32MP131DAE7, STM32MP131DAF7, STM32MP131DAG7, STM32MP131FAE7, STM32MP131FAF7, STM32MP131FAG7, STM32MP133AAE3, STM32MP133AAF3, STM32MP133AAG3, STM32MP133CAE3, STM32MP133CAF3, STM32MP133CAG3, STM32MP133DAE7, STM32MP133DAF7, STM32MP133DAG7, STM32MP133FAE7, STM32MP133FAF7, STM32MP133FAG7, STM32MP135AAE3, STM32MP135AAF3, STM32MP135AAG3, STM32MP135CAE3, STM32MP135CAF3, STM32MP135CAG3, STM32MP135DAE7, STM32MP135DAF7, STM32MP135DAG7, STM32MP135F-DK, STM32MP135FAE7, STM32MP135FAF7, STM32MP135FAF7T, STM32MP135FAF7U, STM32MP135FAG7, STM32MP231AAJ3, STM32MP231AAK3, STM32MP231AAL3, STM32MP231CAJ3, STM32MP231CAK3, STM32MP231CAL3, STM32MP231DAJ3, STM32MP231DAK3, STM32MP231DAL3, STM32MP231FAJ3, STM32MP231FAK3, STM32MP231FAL3, STM32MP233AAJ3, STM32MP233AAK3, STM32MP233AAL3, STM32MP233CAJ3, STM32MP233CAK3, STM32MP233CAL3, STM32MP233DAJ3, STM32MP233DAK3, STM32MP233DAL3, STM32MP233FAJ3, STM32MP233FAK3, STM32MP233FAL3, STM32MP235AAJ3, STM32MP235AAK3, STM32MP235AAL3, STM32MP235CAJ3, STM32MP235CAK3, STM32MP235CAL3, STM32MP235DAJ3, STM32MP235DAK3, STM32MP235DAL3, STM32MP235FAJ3, STM32MP235FAK3, STM32MP235FAL3, STM32MP251AAI3, STM32MP251AAJ3, STM32MP251AAK3, STM32MP251AAL3, STM32MP251CAI3, STM32MP251CAJ3, STM32MP251CAK3, STM32MP251CAL3, STM32MP251DAI3, STM32MP251DAJ3, STM32MP251DAK3, STM32MP251DAL3, STM32MP251FAI3, STM32MP251FAJ3, STM32MP251FAK3, STM32MP251FAL3, STM32MP253AAI3, STM32MP253AAJ3, STM32MP253AAK3, STM32MP253AAL3, STM32MP253CAI3, STM32MP253CAJ3, STM32MP253CAK3, STM32MP253CAL3, STM32MP253DAI3, STM32MP253DAJ3, STM32MP253DAK3, STM32MP253DAL3, STM32MP253FAI3, STM32MP253FAJ3, STM32MP253FAK3, STM32MP253FAL3, STM32MP255AAI3, STM32MP255AAJ3, STM32MP255AAK3, STM32MP255AAL3, STM32MP255CAI3, STM32MP255CAJ3, STM32MP255CAK3, STM32MP255CAL3, STM32MP255DAI3, STM32MP255DAJ3, STM32MP255DAK3, STM32MP255DAL3, STM32MP255FAI3, STM32MP255FAJ3, STM32MP255FAK3, STM32MP255FAL3, STM32MP257AAI3, STM32MP257AAJ3, STM32MP257AAK3, STM32MP257AAL3, STM32MP257CAI3, STM32MP257CAJ3, STM32MP257CAK3, STM32MP257CAL3, STM32MP257DAI3, STM32MP257DAJ3, STM32MP257DAK3, STM32MP257DAL3, STM32MP257F-DK, STM32MP257F-EV1, STM32MP257FAI3, STM32MP257FAJ3, STM32MP257FAK3, STM32MP257FAL3, STM32N645A0H3Q, STM32N645B0H3Q, STM32N645I0H3Q, STM32N645L0H3Q, STM32N645X0H3Q, STM32N645Z0H3Q, STM32N647A0H3Q, STM32N647B0H3Q, STM32N647I0H3Q, STM32N647L0H3Q, STM32N647X0H3Q, STM32N647Z0H3Q, STM32N655A0H3Q, STM32N655B0H3Q, STM32N655I0H3Q, STM32N655L0H3Q, STM32N655X0H3Q, STM32N655Z0H3Q, STM32N6570-DK, STM32N657A0H3Q, STM32N657B0H3Q, STM32N657I0H3Q, STM32N657L0H3Q, STM32N657X0H3Q, STM32N657Z0H3Q, STM32U031C6T6, STM32U031C6U6, STM32U031C8T6, STM32U031C8U6, STM32U031F4P6, STM32U031F6P6, STM32U031F8P6, STM32U031G6Y6TR, STM32U031G8Y6TR, STM32U031K4U6, STM32U031K6U6, STM32U031K8U6, STM32U031R6I6, STM32U031R6T6, STM32U031R8I6, STM32U031R8T6, STM32U073C8T6, STM32U073C8U6, STM32U073CBT6, STM32U073CBU6, STM32U073CCT6, STM32U073CCU6, STM32U073H8Y6TR, STM32U073HBY6TR, STM32U073HCY6TR, STM32U073K8U6, STM32U073KBU6, STM32U073KCU6, STM32U073M8I6, STM32U073M8T6, STM32U073MBI6, STM32U073MBT6, STM32U073MCI6, STM32U073MCT6, STM32U073R8I6, STM32U073R8T6, STM32U073RBI6, STM32U073RBT6, STM32U073RCI6, STM32U073RCT6, STM32U083C-DK, STM32U083CCT6, STM32U083CCU6, STM32U083HCY6TR, STM32U083KCU6, STM32U083MCI6, STM32U083MCT6, STM32U083RCI6, STM32U083RCT6, STM32U375CET6, STM32U375CET6Q, STM32U375CEU6, STM32U375CEU6Q, STM32U375CEY6QTR, STM32U375CGT6, STM32U375CGT6Q, STM32U375CGU6, STM32U375CGU6Q, STM32U375CGY6QTR, STM32U375KEU6, STM32U375KGU6, STM32U375REI6, STM32U375REI6Q, STM32U375RET6, STM32U375RET6Q, STM32U375REY6GTR, STM32U375REY6QTR, STM32U375RGI6, STM32U375RGI6Q, STM32U375RGT6, STM32U375RGT6Q, STM32U375RGY6GTR, STM32U375RGY6QTR, STM32U375VEI6, STM32U375VEI6Q, STM32U375VET6, STM32U375VET6Q, STM32U375VGI6, STM32U375VGI6Q, STM32U375VGT6, STM32U375VGT6Q, STM32U385CGT6, STM32U385CGT6Q, STM32U385CGU6, STM32U385CGU6Q, STM32U385CGY6QTR, STM32U385KGU6, STM32U385RGI6, STM32U385RGI6Q, STM32U385RGT6, STM32U385RGT6Q, STM32U385RGY6GTR, STM32U385RGY6QTR, STM32U385VGI6, STM32U385VGI6Q, STM32U385VGT6, STM32U385VGT6Q, STM32U535CBT6, STM32U535CBT6Q, STM32U535CBU6, STM32U535CBU6Q, STM32U535CCT6, STM32U535CCT6Q, STM32U535CCU6, STM32U535CCU6Q, STM32U535CET6, STM32U535CET6Q, STM32U535CEU6, STM32U535CEU6Q, STM32U535JEY6QTR, STM32U535NCY6QTR, STM32U535NEY6QTR, STM32U535RBI6, STM32U535RBI6Q, STM32U535RBT6, STM32U535RBT6Q, STM32U535RCI6, STM32U535RCI6Q, STM32U535RCT6, STM32U535RCT6Q, STM32U535REI6, STM32U535REI6Q, STM32U535RET6, STM32U535RET6Q, STM32U535VCI6, STM32U535VCI6Q, STM32U535VCT6, STM32U535VCT6Q, STM32U535VEI6, STM32U535VEI6Q, STM32U535VET6, STM32U535VET6Q, STM32U545CET6, STM32U545CET6Q, STM32U545CEU6, STM32U545CEU6Q, STM32U545JEY6QTR, STM32U545NEY6QTR, STM32U545REI6, STM32U545REI6Q, STM32U545RET6, STM32U545RET6Q, STM32U545VEI6, STM32U545VEI6Q, STM32U545VET6, STM32U545VET6Q, STM32U595AIH6, STM32U595AIH6Q, STM32U595AJH6, STM32U595AJH6Q, STM32U595QII6, STM32U595QII6Q, STM32U595QJI6, STM32U595QJI6Q, STM32U595RIT6, STM32U595RIT6Q, STM32U595RJT6, STM32U595RJT6Q, STM32U595VIT6, STM32U595VIT6Q, STM32U595VJT6, STM32U595VJT6Q, STM32U595ZIT6, STM32U595ZIT6Q, STM32U595ZIY6QTR, STM32U595ZJT6, STM32U595ZJT6Q, STM32U595ZJY6QTR, STM32U599BJY6QTR, STM32U599NIH6Q, STM32U599NJH6Q, STM32U599VIT6Q, STM32U599VJT6, STM32U599VJT6Q, STM32U599ZIT6Q, STM32U599ZIY6QTR, STM32U599ZJT6Q, STM32U599ZJY6QTR, STM32U5A5AJH6, STM32U5A5AJH6Q, STM32U5A5QII3Q , STM32U5A5QJI6, STM32U5A5QJI6Q, STM32U5A5RJT6, STM32U5A5RJT6Q, STM32U5A5VJT6, STM32U5A5VJT6Q, STM32U5A5ZJT6, STM32U5A5ZJT6Q, STM32U5A5ZJY6QTR, STM32U5A9BJY6QTR, STM32U5A9J-DK, STM32U5A9NJH6Q, STM32U5A9VJT6Q, STM32U5A9ZJT6Q, STM32U5A9ZJY6QTR, STM32U5F7VIT6, STM32U5F7VIT6Q, STM32U5F7VJT6, STM32U5F7VJT6Q, STM32U5F9BJY6QTR, STM32U5F9NJH6Q, STM32U5F9VIT6Q, STM32U5F9VJT6Q, STM32U5F9ZIJ6QTR, STM32U5F9ZIT6Q, STM32U5F9ZJJ6QTR, STM32U5F9ZJT6Q, STM32U5G7VJT6, STM32U5G7VJT6Q, STM32U5G9BJY6QTR, STM32U5G9J-DK1, STM32U5G9J-DK2, STM32U5G9NJH6Q, STM32U5G9VJT6Q, STM32U5G9ZJJ6QTR, STM32U5G9ZJT6Q, STM32WB05KZV6TR, STM32WB05KZV7TR, STM32WB05TZF6TR, STM32WB05TZF7TR, STM32WB06CCF6TR, STM32WB06CCF7TR, STM32WB06CCV6TR, STM32WB06CCV7TR, STM32WB06KCV6TR, STM32WB06KCV7TR, STM32WB07CCF6TR, STM32WB07CCF7TR, STM32WB07CCV6TR, STM32WB07CCV7TR, STM32WB07KCV6TR, STM32WB07KCV7TR, STM32WB09KEV6TR, STM32WB09KEV7TR, STM32WB09TEF6TR, STM32WB09TEF7TR, STM32WB1MMCH6, STM32WBA50KGU6, STM32WBA50KGU6TR, STM32WBA52CEU6, STM32WBA52CEU6TR, STM32WBA52CEU7, STM32WBA52CEU7TR, STM32WBA52CGU6, STM32WBA52CGU6TR, STM32WBA52CGU6U, STM32WBA52CGU7, STM32WBA52CGU7TR, STM32WBA52KEU6, STM32WBA52KEU6TR, STM32WBA52KGU6, STM32WBA52KGU6TR, STM32WBA54CEU6, STM32WBA54CEU6TR, STM32WBA54CEU7, STM32WBA54CEU7TR, STM32WBA54CGU6, STM32WBA54CGU6TR, STM32WBA54CGU7, STM32WBA54CGU7TR, STM32WBA54KEU6, STM32WBA54KEU6TR, STM32WBA54KEU7, STM32WBA54KEU7TR, STM32WBA54KGU6, STM32WBA54KGU6TR, STM32WBA54KGU7, STM32WBA54KGU7TR, STM32WBA55CEU6, STM32WBA55CEU6TR, STM32WBA55CEU7, STM32WBA55CEU7TR, STM32WBA55CGU6, STM32WBA55CGU6TR, STM32WBA55CGU6U, STM32WBA55CGU7, STM32WBA55CGU7TR, STM32WBA55G-DK1, STM32WBA55HEF6, STM32WBA55HEF7, STM32WBA55HGF6, STM32WBA55HGF7, STM32WBA55UEI6, STM32WBA55UEI6TR, STM32WBA55UEI7, STM32WBA55UEI7TR, STM32WBA55UGI6, STM32WBA55UGI6TR, STM32WBA55UGI7, STM32WBA55UGI7TR, STM32WBA5MJGH6TR, STM32WBA5MJGH6U, STM32WL33C8V6, STM32WL33C8V6TR, STM32WL33C8V7, STM32WL33C8V7TR, STM32WL33CBV6, STM32WL33CBV6TR, STM32WL33CBV7, STM32WL33CBV7TR, STM32WL33CCV6, STM32WL33CCV6TR, STM32WL33CCV7, STM32WL33CCV7A, STM32WL33CCV7ATR, STM32WL33CCV7TR, STM32WL33K8V6, STM32WL33K8V6TR, STM32WL33K8V7, STM32WL33K8V7TR, STM32WL33KBV6, STM32WL33KBV6TR, STM32WL33KBV7, STM32WL33KBV7TR, STM32WL33KCV6, STM32WL33KCV6TR, STM32WL33KCV7, STM32WL33KCV7TR, STM32WL5MOCH6, STM32WL5MOCH6TR]
2025-02-15 16:50:31,011 [INFO] BoardInfo:889 - No configuration file found for board P-NUCLEO-WB55
2025-02-15 16:50:31,012 [INFO] DbBoards:161 - Kit is not supported: P-NUCLEO-WB55
2025-02-15 16:50:31,017 [INFO] BoardInfo:889 - No configuration file found for board STEVAL-BFA001V1B
2025-02-15 16:50:31,017 [INFO] DbBoards:161 - Kit is not supported: STEVAL-BFA001V1B
2025-02-15 16:50:31,018 [INFO] BoardInfo:889 - No configuration file found for board STEVAL-BFA001V2B
2025-02-15 16:50:31,018 [INFO] DbBoards:161 - Kit is not supported: STEVAL-BFA001V2B
2025-02-15 16:50:31,108 [INFO] DbBoards:168 - Found 209 boards, 206 are supported
2025-02-15 16:50:31,108 [INFO] DbBoards:169 - Found 209 boards, 42 of them is supported for  Bsp
2025-02-15 16:50:31,111 [INFO] ApiDb:668 - CubeFinder database Data Model version=2.1
2025-02-15 16:50:31,111 [INFO] ApiDb:669 - CubeFinder database Configuration version=3.0.39
2025-02-15 16:50:31,111 [INFO] ApiDb:670 - CubeFinder database generation date=2025-02-07 (1738919966)
2025-02-15 16:50:31,111 [INFO] ApiDb:671 - CubeFinder database FW Pack versions=[FP-ATR-ASTRA1_V2.0.0, FP-SNS-FLIGHT1_V5.0.2, FP-SNS-MOTENV1_V5.0.0, FP-SNS-MOTENVWB1_V1.4.0, FP-SNS-SMARTAG2_V1.2.0, FP-SNS-STBOX1_V2.0.0, STM32Cube_FW_C0_V1.3.0, STM32Cube_FW_F4_V1.28.1, STM32Cube_FW_F7_V1.17.2, STM32Cube_FW_G0_V1.6.2, STM32Cube_FW_G4_V1.6.1, STM32Cube_FW_H5_V1.4.0, STM32Cube_FW_H7RS_V1.1.0, STM32Cube_FW_H7_V1.12.0, STM32Cube_FW_L0_V1.12.2, STM32Cube_FW_L4_V1.18.1, STM32Cube_FW_L5_V1.5.1, STM32Cube_FW_N6_V1.0.0, STM32Cube_FW_U0_V1.2.0, STM32Cube_FW_U3_V1.0.0, STM32Cube_FW_U5_V1.7.0, STM32Cube_FW_WB0_V1.1.0, STM32Cube_FW_WBA_V1.5.0, STM32Cube_FW_WB_V1.21.0, STM32Cube_FW_WL3_V1.0.0, STM32Cube_FW_WL_V1.3.0, X-CUBE-ALGOBUILD_V1.4.0, X-CUBE-ALS_V1.0.2, X-CUBE-AZRTOS-F4_V1.1.0, X-CUBE-AZRTOS-F7_V1.1.0, X-CUBE-AZRTOS-G0_V1.1.0, X-CUBE-AZRTOS-G4_V2.0.0, X-CUBE-AZRTOS-H7RS_V1.0.0, X-CUBE-AZRTOS-H7_V3.3.0, X-CUBE-AZRTOS-L4_V2.0.0, X-CUBE-AZRTOS-L5_V2.0.0, X-CUBE-AZRTOS-WB_V2.0.0, X-CUBE-AZRTOS-WL_V2.0.0, X-CUBE-BLE1_V7.0.0, X-CUBE-BLE2_V3.3.0, X-CUBE-BLEMGR_V4.0.0, X-CUBE-EEPRMA1_V5.1.0, X-CUBE-FREERTOS_V1.2.0, X-CUBE-GNSS1_V6.0.0, X-CUBE-MEMS1_V11.1.0, X-CUBE-NFC4_V3.0.0, X-CUBE-NFC7_V1.0.1, X-CUBE-SFXS2LP1_V4.0.0, X-CUBE-SUBG2_V5.0.0, X-CUBE-TOF1_V3.4.2]
2025-02-15 16:50:33,190 [INFO] ApiDb:240 - Found 858 in-development CPN: [B-G473E-ZEST1S, B-WB1M-WPAN1, B-WBA5M-WPAN, B-WL5M-SUBG1, NUCLEO-C031C6, NUCLEO-C051C8, NUCLEO-C071RB, NUCLEO-C092RC, NUCLEO-H503RB, NUCLEO-H533RE, NUCLEO-H563ZI, NUCLEO-H7S3L8, NUCLEO-N657X0-Q, NUCLEO-U031R8, NUCLEO-U083RC, NUCLEO-U385RG-Q, NUCLEO-U545RE-Q, NUCLEO-U5A5ZJ-Q, NUCLEO-WB05KZ, NUCLEO-WB07CC, NUCLEO-WB09KE, NUCLEO-WBA52CG, NUCLEO-WBA55CG, NUCLEO-WL33CC1, NUCLEO-WL33CC2, STEVAL-PROTEUS1, STEVAL-SMARTAG2, STEVAL-STWINBX1, STM320518-EVAL, STM32C0116-DK, STM32C011D6Y3TR, STM32C011D6Y6TR, STM32C011F4P3, STM32C011F4P6, STM32C011F4U3, STM32C011F4U6TR, STM32C011F6P3, STM32C011F6P6, STM32C011F6U3, STM32C011F6U6TR, STM32C011J4M3, STM32C011J4M6, STM32C011J6M3, STM32C011J6M6, STM32C0316-DK, STM32C031C4T3, STM32C031C4T6, STM32C031C4U3, STM32C031C4U6, STM32C031C6T3, STM32C031C6T6, STM32C031C6U3, STM32C031C6U6, STM32C031F4P3, STM32C031F4P6, STM32C031F6P3, STM32C031F6P6, STM32C031G4U3, STM32C031G4U6, STM32C031G6U3, STM32C031G6U6, STM32C031K4T3, STM32C031K4T6, STM32C031K4U3, STM32C031K4U6, STM32C031K6T3, STM32C031K6T6, STM32C031K6U3, STM32C031K6U6, STM32C051C6T6, STM32C051C6U6, STM32C051C8T6, STM32C051C8U6, STM32C051D8Y6TR, STM32C051F6P6, STM32C051F8P6, STM32C051G6U6, STM32C051G8U6, STM32C051K6T6, STM32C051K6U6, STM32C051K8T6, STM32C071C8T6, STM32C071C8T6N, STM32C071C8U6, STM32C071C8U6N, STM32C071CBT6, STM32C071CBT6N, STM32C071CBU6, STM32C071CBU6N, STM32C071F8P6, STM32C071F8P6N, STM32C071FBP6, STM32C071FBP6N, STM32C071FBY6TR, STM32C071G8U6, STM32C071G8U6N, STM32C071GBU6, STM32C071GBU6N, STM32C071K8T6, STM32C071K8T6N, STM32C071K8U6, STM32C071K8U6N, STM32C071KBT6, STM32C071KBT6N, STM32C071KBU6, STM32C071KBU6N, STM32C071R8T6, STM32C071R8T6N, STM32C071RBI6N, STM32C071RBT6, STM32C071RBT6N, STM32C091CBT6, STM32C091CBU6, STM32C091CCT6, STM32C091CCU6, STM32C091ECY6TR, STM32C091FBP6, STM32C091FCP6, STM32C091GBU6, STM32C091GCU6, STM32C091KBT6, STM32C091KBU6, STM32C091KCT6, STM32C091KCU6, STM32C091RBT6, STM32C091RCI6, STM32C091RCT6, STM32C092CBT6, STM32C092CBU6, STM32C092CCT6, STM32C092CCU6, STM32C092ECY6TR, STM32C092FBP6, STM32C092FCP6, STM32C092GBU6, STM32C092GCU6, STM32C092KBT6, STM32C092KBU6, STM32C092KCT6, STM32C092KCU6, STM32C092RBT6, STM32C092RCI6, STM32C092RCT6, STM32G071K8TXN, STM32G071K8UXN, STM32G081GBU6N, STM32G081KBT6N, STM32G081KBUXN, STM32G0B1CCT6N, STM32G0B1KCT6, STM32G0B1NEY6TR, STM32G0B1RCT6N, STM32G0C1CCT6, STM32G0C1CCT6N, STM32G0C1CCU6N, STM32G0C1CET6N, STM32G0C1CEU6N, STM32G0C1KCT6, STM32G0C1NEY6TR, STM32G0C1RCI6N, STM32G0C1RCT6N, STM32G0C1REI6N, STM32G0C1RET6N, STM32G0C1VCI6, STM32G0C1VEI6, STM32G411C6T3, STM32G411C6T6, STM32G411C6U3, STM32G411C6U6, STM32G411C8T3, STM32G411C8T6, STM32G411C8U3, STM32G411C8U6, STM32G411CBT3, STM32G411CBT6, STM32G411CBU3, STM32G411CBU6, STM32G411CCT3, STM32G411CCT6, STM32G411CCU3, STM32G411CCU6, STM32G411K6T3, STM32G411K6T6, STM32G411K6U3, STM32G411K6U6, STM32G411K8T3, STM32G411K8T6, STM32G411K8U3, STM32G411K8U6, STM32G411KBT3, STM32G411KBT6, STM32G411KBU3, STM32G411KBU6, STM32G411M6T3, STM32G411M6T6, STM32G411M8T3, STM32G411M8T6, STM32G411MBT3, STM32G411MBT6, STM32G411MCT3, STM32G411MCT6, STM32G411R6T3, STM32G411R6T6, STM32G411R8T3, STM32G411R8T6, STM32G411RBT3, STM32G411RBT6, STM32G411RCT3, STM32G411RCT6, STM32G414CBT3, STM32G414CBT6, STM32G414CBU3, STM32G414CBU6, STM32G414CCT3, STM32G414CCT6, STM32G414CCU3, STM32G414CCU6, STM32G414MBT3, STM32G414MBT6, STM32G414MCT3, STM32G414MCT6, STM32G414RBT3, STM32G414RBT6, STM32G414RCT3, STM32G414RCT6, STM32G414VBT3, STM32G414VBT6, STM32G414VCT3, STM32G414VCT6, STM32G431CBT3Z, STM32G431RBT3Z, STM32G471CCT6, STM32G471CCU6, STM32G471CET3, STM32G471CET6, STM32G471CEU3, STM32G471CEU6, STM32G471MCT6, STM32G471MET3, STM32G471MET6, STM32G471MEY6TR, STM32G471QCT6, STM32G471QET3, STM32G471RCT6, STM32G471RET3, STM32G471RET6, STM32G471VCH6, STM32G471VCI6, STM32G471VCT6, STM32G471VEH3, STM32G471VEH6, STM32G471VEI3, STM32G471VEI6, STM32G471VET3, STM32G471VET6, STM32G473QET3Z, STM32G473RET3Z, STM32G474CCT6, STM32G491RET3Z, STM32H503CBT6, STM32H503CBU6, STM32H503EBY6TR, STM32H503KBU6, STM32H503RBT6, STM32H523CCT6, STM32H523CCU6, STM32H523CET6, STM32H523CEU6, STM32H523HEY6TR, STM32H523RCT6, STM32H523RET6, STM32H523VCI6, STM32H523VCT6, STM32H523VEI6, STM32H523VET6, STM32H523ZCJ6, STM32H523ZCT6, STM32H523ZEJ6, STM32H523ZET6, STM32H533CET6, STM32H533CEU6, STM32H533HEY6TR, STM32H533RET6, STM32H533VEI6, STM32H533VET6, STM32H533ZEJ6, STM32H533ZET6, STM32H562AGI6, STM32H562AII6, STM32H562IGK6, STM32H562IGT6, STM32H562IIK6, STM32H562IIT6, STM32H562RGT6, STM32H562RGV6, STM32H562RIT6, STM32H562RIV6, STM32H562VGT6, STM32H562VIT6, STM32H562ZGT6, STM32H562ZIT6, STM32H563AGI6, STM32H563AII3Q, STM32H563AII6, STM32H563IGK6, STM32H563IGT6, STM32H563IIK3Q, STM32H563IIK6, STM32H563IIT3Q, STM32H563IIT6, STM32H563MIY3QTR, STM32H563RGT6, STM32H563RGV6, STM32H563RIT6, STM32H563RIV6, STM32H563VGT6, STM32H563VIT3Q, STM32H563VIT6, STM32H563ZGT6, STM32H563ZIT3Q, STM32H563ZIT6, STM32H573AII3Q, STM32H573AII6, STM32H573I-DK, STM32H573IIK3Q, STM32H573IIK6, STM32H573IIT3Q, STM32H573IIT6, STM32H573MIY3QTR, STM32H573RIT6, STM32H573RIV6, STM32H573VIT3Q, STM32H573VIT6, STM32H573ZIT3Q, STM32H573ZIT6, STM32H7R3A8I6, STM32H7R3I8K6, STM32H7R3I8T6, STM32H7R3L8H6, STM32H7R3L8H6H, STM32H7R3R8V6, STM32H7R3V8H6, STM32H7R3V8T6, STM32H7R3V8Y6TR, STM32H7R3Z8J6, STM32H7R3Z8T6, STM32H7R7A8I6, STM32H7R7I8K6, STM32H7R7I8T6, STM32H7R7L8H6, STM32H7R7L8H6H, STM32H7R7Z8J6, STM32H7S3A8I6, STM32H7S3I8K6, STM32H7S3I8T6, STM32H7S3L8H6, STM32H7S3L8H6H, STM32H7S3R8V6, STM32H7S3V8H6, STM32H7S3V8T6, STM32H7S3V8Y6TR, STM32H7S3Z8J6, STM32H7S3Z8T6, STM32H7S78-DK, STM32H7S7A8I6, STM32H7S7I8K6, STM32H7S7I8T6, STM32H7S7L8H6, STM32H7S7L8H6H, STM32H7S7Z8J6, STM32L4R5QGI6STR, STM32MP131AAE3, STM32MP131AAF3, STM32MP131AAG3, STM32MP131CAE3, STM32MP131CAF3, STM32MP131CAG3, STM32MP131DAE7, STM32MP131DAF7, STM32MP131DAG7, STM32MP131FAE7, STM32MP131FAF7, STM32MP131FAG7, STM32MP133AAE3, STM32MP133AAF3, STM32MP133AAG3, STM32MP133CAE3, STM32MP133CAF3, STM32MP133CAG3, STM32MP133DAE7, STM32MP133DAF7, STM32MP133DAG7, STM32MP133FAE7, STM32MP133FAF7, STM32MP133FAG7, STM32MP135AAE3, STM32MP135AAF3, STM32MP135AAG3, STM32MP135CAE3, STM32MP135CAF3, STM32MP135CAG3, STM32MP135DAE7, STM32MP135DAF7, STM32MP135DAG7, STM32MP135F-DK, STM32MP135FAE7, STM32MP135FAF7, STM32MP135FAF7T, STM32MP135FAF7U, STM32MP135FAG7, STM32MP231AAJ3, STM32MP231AAK3, STM32MP231AAL3, STM32MP231CAJ3, STM32MP231CAK3, STM32MP231CAL3, STM32MP231DAJ3, STM32MP231DAK3, STM32MP231DAL3, STM32MP231FAJ3, STM32MP231FAK3, STM32MP231FAL3, STM32MP233AAJ3, STM32MP233AAK3, STM32MP233AAL3, STM32MP233CAJ3, STM32MP233CAK3, STM32MP233CAL3, STM32MP233DAJ3, STM32MP233DAK3, STM32MP233DAL3, STM32MP233FAJ3, STM32MP233FAK3, STM32MP233FAL3, STM32MP235AAJ3, STM32MP235AAK3, STM32MP235AAL3, STM32MP235CAJ3, STM32MP235CAK3, STM32MP235CAL3, STM32MP235DAJ3, STM32MP235DAK3, STM32MP235DAL3, STM32MP235FAJ3, STM32MP235FAK3, STM32MP235FAL3, STM32MP251AAI3, STM32MP251AAJ3, STM32MP251AAK3, STM32MP251AAL3, STM32MP251CAI3, STM32MP251CAJ3, STM32MP251CAK3, STM32MP251CAL3, STM32MP251DAI3, STM32MP251DAJ3, STM32MP251DAK3, STM32MP251DAL3, STM32MP251FAI3, STM32MP251FAJ3, STM32MP251FAK3, STM32MP251FAL3, STM32MP253AAI3, STM32MP253AAJ3, STM32MP253AAK3, STM32MP253AAL3, STM32MP253CAI3, STM32MP253CAJ3, STM32MP253CAK3, STM32MP253CAL3, STM32MP253DAI3, STM32MP253DAJ3, STM32MP253DAK3, STM32MP253DAL3, STM32MP253FAI3, STM32MP253FAJ3, STM32MP253FAK3, STM32MP253FAL3, STM32MP255AAI3, STM32MP255AAJ3, STM32MP255AAK3, STM32MP255AAL3, STM32MP255CAI3, STM32MP255CAJ3, STM32MP255CAK3, STM32MP255CAL3, STM32MP255DAI3, STM32MP255DAJ3, STM32MP255DAK3, STM32MP255DAL3, STM32MP255FAI3, STM32MP255FAJ3, STM32MP255FAK3, STM32MP255FAL3, STM32MP257AAI3, STM32MP257AAJ3, STM32MP257AAK3, STM32MP257AAL3, STM32MP257CAI3, STM32MP257CAJ3, STM32MP257CAK3, STM32MP257CAL3, STM32MP257DAI3, STM32MP257DAJ3, STM32MP257DAK3, STM32MP257DAL3, STM32MP257F-DK, STM32MP257F-EV1, STM32MP257FAI3, STM32MP257FAJ3, STM32MP257FAK3, STM32MP257FAL3, STM32N645A0H3Q, STM32N645B0H3Q, STM32N645I0H3Q, STM32N645L0H3Q, STM32N645X0H3Q, STM32N645Z0H3Q, STM32N647A0H3Q, STM32N647B0H3Q, STM32N647I0H3Q, STM32N647L0H3Q, STM32N647X0H3Q, STM32N647Z0H3Q, STM32N655A0H3Q, STM32N655B0H3Q, STM32N655I0H3Q, STM32N655L0H3Q, STM32N655X0H3Q, STM32N655Z0H3Q, STM32N6570-DK, STM32N657A0H3Q, STM32N657B0H3Q, STM32N657I0H3Q, STM32N657L0H3Q, STM32N657X0H3Q, STM32N657Z0H3Q, STM32U031C6T6, STM32U031C6U6, STM32U031C8T6, STM32U031C8U6, STM32U031F4P6, STM32U031F6P6, STM32U031F8P6, STM32U031G6Y6TR, STM32U031G8Y6TR, STM32U031K4U6, STM32U031K6U6, STM32U031K8U6, STM32U031R6I6, STM32U031R6T6, STM32U031R8I6, STM32U031R8T6, STM32U073C8T6, STM32U073C8U6, STM32U073CBT6, STM32U073CBU6, STM32U073CCT6, STM32U073CCU6, STM32U073H8Y6TR, STM32U073HBY6TR, STM32U073HCY6TR, STM32U073K8U6, STM32U073KBU6, STM32U073KCU6, STM32U073M8I6, STM32U073M8T6, STM32U073MBI6, STM32U073MBT6, STM32U073MCI6, STM32U073MCT6, STM32U073R8I6, STM32U073R8T6, STM32U073RBI6, STM32U073RBT6, STM32U073RCI6, STM32U073RCT6, STM32U083C-DK, STM32U083CCT6, STM32U083CCU6, STM32U083HCY6TR, STM32U083KCU6, STM32U083MCI6, STM32U083MCT6, STM32U083RCI6, STM32U083RCT6, STM32U375CET6, STM32U375CET6Q, STM32U375CEU6, STM32U375CEU6Q, STM32U375CEY6QTR, STM32U375CGT6, STM32U375CGT6Q, STM32U375CGU6, STM32U375CGU6Q, STM32U375CGY6QTR, STM32U375KEU6, STM32U375KGU6, STM32U375REI6, STM32U375REI6Q, STM32U375RET6, STM32U375RET6Q, STM32U375REY6GTR, STM32U375REY6QTR, STM32U375RGI6, STM32U375RGI6Q, STM32U375RGT6, STM32U375RGT6Q, STM32U375RGY6GTR, STM32U375RGY6QTR, STM32U375VEI6, STM32U375VEI6Q, STM32U375VET6, STM32U375VET6Q, STM32U375VGI6, STM32U375VGI6Q, STM32U375VGT6, STM32U375VGT6Q, STM32U385CGT6, STM32U385CGT6Q, STM32U385CGU6, STM32U385CGU6Q, STM32U385CGY6QTR, STM32U385KGU6, STM32U385RGI6, STM32U385RGI6Q, STM32U385RGT6, STM32U385RGT6Q, STM32U385RGY6GTR, STM32U385RGY6QTR, STM32U385VGI6, STM32U385VGI6Q, STM32U385VGT6, STM32U385VGT6Q, STM32U535CBT6, STM32U535CBT6Q, STM32U535CBU6, STM32U535CBU6Q, STM32U535CCT6, STM32U535CCT6Q, STM32U535CCU6, STM32U535CCU6Q, STM32U535CET6, STM32U535CET6Q, STM32U535CEU6, STM32U535CEU6Q, STM32U535JEY6QTR, STM32U535NCY6QTR, STM32U535NEY6QTR, STM32U535RBI6, STM32U535RBI6Q, STM32U535RBT6, STM32U535RBT6Q, STM32U535RCI6, STM32U535RCI6Q, STM32U535RCT6, STM32U535RCT6Q, STM32U535REI6, STM32U535REI6Q, STM32U535RET6, STM32U535RET6Q, STM32U535VCI6, STM32U535VCI6Q, STM32U535VCT6, STM32U535VCT6Q, STM32U535VEI6, STM32U535VEI6Q, STM32U535VET6, STM32U535VET6Q, STM32U545CET6, STM32U545CET6Q, STM32U545CEU6, STM32U545CEU6Q, STM32U545JEY6QTR, STM32U545NEY6QTR, STM32U545REI6, STM32U545REI6Q, STM32U545RET6, STM32U545RET6Q, STM32U545VEI6, STM32U545VEI6Q, STM32U545VET6, STM32U545VET6Q, STM32U595AIH6, STM32U595AIH6Q, STM32U595AJH6, STM32U595AJH6Q, STM32U595QII6, STM32U595QII6Q, STM32U595QJI6, STM32U595QJI6Q, STM32U595RIT6, STM32U595RIT6Q, STM32U595RJT6, STM32U595RJT6Q, STM32U595VIT6, STM32U595VIT6Q, STM32U595VJT6, STM32U595VJT6Q, STM32U595ZIT6, STM32U595ZIT6Q, STM32U595ZIY6QTR, STM32U595ZJT6, STM32U595ZJT6Q, STM32U595ZJY6QTR, STM32U599BJY6QTR, STM32U599NIH6Q, STM32U599NJH6Q, STM32U599VIT6Q, STM32U599VJT6, STM32U599VJT6Q, STM32U599ZIT6Q, STM32U599ZIY6QTR, STM32U599ZJT6Q, STM32U599ZJY6QTR, STM32U5A5AJH6, STM32U5A5AJH6Q, STM32U5A5QII3Q , STM32U5A5QJI6, STM32U5A5QJI6Q, STM32U5A5RJT6, STM32U5A5RJT6Q, STM32U5A5VJT6, STM32U5A5VJT6Q, STM32U5A5ZJT6, STM32U5A5ZJT6Q, STM32U5A5ZJY6QTR, STM32U5A9BJY6QTR, STM32U5A9J-DK, STM32U5A9NJH6Q, STM32U5A9VJT6Q, STM32U5A9ZJT6Q, STM32U5A9ZJY6QTR, STM32U5F7VIT6, STM32U5F7VIT6Q, STM32U5F7VJT6, STM32U5F7VJT6Q, STM32U5F9BJY6QTR, STM32U5F9NJH6Q, STM32U5F9VIT6Q, STM32U5F9VJT6Q, STM32U5F9ZIJ6QTR, STM32U5F9ZIT6Q, STM32U5F9ZJJ6QTR, STM32U5F9ZJT6Q, STM32U5G7VJT6, STM32U5G7VJT6Q, STM32U5G9BJY6QTR, STM32U5G9J-DK1, STM32U5G9J-DK2, STM32U5G9NJH6Q, STM32U5G9VJT6Q, STM32U5G9ZJJ6QTR, STM32U5G9ZJT6Q, STM32WB05KZV6TR, STM32WB05KZV7TR, STM32WB05TZF6TR, STM32WB05TZF7TR, STM32WB06CCF6TR, STM32WB06CCF7TR, STM32WB06CCV6TR, STM32WB06CCV7TR, STM32WB06KCV6TR, STM32WB06KCV7TR, STM32WB07CCF6TR, STM32WB07CCF7TR, STM32WB07CCV6TR, STM32WB07CCV7TR, STM32WB07KCV6TR, STM32WB07KCV7TR, STM32WB09KEV6TR, STM32WB09KEV7TR, STM32WB09TEF6TR, STM32WB09TEF7TR, STM32WB1MMCH6, STM32WBA50KGU6, STM32WBA50KGU6TR, STM32WBA52CEU6, STM32WBA52CEU6TR, STM32WBA52CEU7, STM32WBA52CEU7TR, STM32WBA52CGU6, STM32WBA52CGU6TR, STM32WBA52CGU6U, STM32WBA52CGU7, STM32WBA52CGU7TR, STM32WBA52KEU6, STM32WBA52KEU6TR, STM32WBA52KGU6, STM32WBA52KGU6TR, STM32WBA54CEU6, STM32WBA54CEU6TR, STM32WBA54CEU7, STM32WBA54CEU7TR, STM32WBA54CGU6, STM32WBA54CGU6TR, STM32WBA54CGU7, STM32WBA54CGU7TR, STM32WBA54KEU6, STM32WBA54KEU6TR, STM32WBA54KEU7, STM32WBA54KEU7TR, STM32WBA54KGU6, STM32WBA54KGU6TR, STM32WBA54KGU7, STM32WBA54KGU7TR, STM32WBA55CEU6, STM32WBA55CEU6TR, STM32WBA55CEU7, STM32WBA55CEU7TR, STM32WBA55CGU6, STM32WBA55CGU6TR, STM32WBA55CGU6U, STM32WBA55CGU7, STM32WBA55CGU7TR, STM32WBA55G-DK1, STM32WBA55HEF6, STM32WBA55HEF7, STM32WBA55HGF6, STM32WBA55HGF7, STM32WBA55UEI6, STM32WBA55UEI6TR, STM32WBA55UEI7, STM32WBA55UEI7TR, STM32WBA55UGI6, STM32WBA55UGI6TR, STM32WBA55UGI7, STM32WBA55UGI7TR, STM32WBA5MJGH6TR, STM32WBA5MJGH6U, STM32WL33C8V6, STM32WL33C8V6TR, STM32WL33C8V7, STM32WL33C8V7TR, STM32WL33CBV6, STM32WL33CBV6TR, STM32WL33CBV7, STM32WL33CBV7TR, STM32WL33CCV6, STM32WL33CCV6TR, STM32WL33CCV7, STM32WL33CCV7A, STM32WL33CCV7ATR, STM32WL33CCV7TR, STM32WL33K8V6, STM32WL33K8V6TR, STM32WL33K8V7, STM32WL33K8V7TR, STM32WL33KBV6, STM32WL33KBV6TR, STM32WL33KBV7, STM32WL33KBV7TR, STM32WL33KCV6, STM32WL33KCV6TR, STM32WL33KCV7, STM32WL33KCV7TR, STM32WL5MOCH6, STM32WL5MOCH6TR]
2025-02-15 16:50:33,195 [INFO] DbMcus:218 - Found 4545 MCUs, 4545 are supported
2025-02-15 16:50:33,195 [INFO] ApiDb:423 - Load user favorites file /home/kemish/.stm32cubeide/favorites.mcus.txt: 0 item(s)
2025-02-15 16:50:33,195 [INFO] ApiDb:427 - User favorites MCUs=[]
2025-02-15 16:50:33,195 [INFO] DbMcus:224 - Set 0 / 0 favorites MCUs
2025-02-15 16:50:33,522 [INFO] ApiDb:423 - Load user favorites file /home/kemish/.stm32cubeide/favorites.boards.txt: 0 item(s)
2025-02-15 16:50:33,522 [INFO] ApiDb:427 - User favorites Boards=[]
2025-02-15 16:50:33,523 [INFO] DbBoards:198 - Set 0 / 0 favorites Boards
2025-02-15 16:50:33,523 [INFO] McuFinderGlobals:76 - Set McuFinderConnectedMode to true
2025-02-15 16:50:33,528 [INFO] MultiScanPanel:200 - Auto-refresh data requested => check proxy status ongoing
2025-02-15 16:50:33,529 [INFO] FinderPluginLoader:95 - Searching for filters in installed packs
2025-02-15 16:50:34,550 [INFO] LoadUrlFilesThread:185 - End of LoadServerUrlFiles without Thread
2025-02-15 16:50:34,562 [INFO] DetailPanel:341 - Set advertising image to /home/kemish/STM32Cube/Repository//en.prom-stm32n6-mcu-finder.png
2025-02-15 16:50:51,828 [ERROR] LogOutputStream:75 - [STDERR_REDIRECT] Feb 15, 2025 4:50:51 PM java.util.prefs.FileSystemPreferences checkLockFile0ErrorCode
2025-02-15 16:50:51,828 [ERROR] LogOutputStream:75 - [STDERR_REDIRECT] WARNING: Could not lock System prefs. Unix error code 2.
2025-02-15 16:50:51,828 [ERROR] LogOutputStream:75 - [STDERR_REDIRECT] 
2025-02-15 16:50:51,829 [ERROR] LogOutputStream:75 - [STDERR_REDIRECT] Feb 15, 2025 4:50:51 PM java.util.prefs.FileSystemPreferences syncWorld
2025-02-15 16:50:51,829 [ERROR] LogOutputStream:75 - [STDERR_REDIRECT] WARNING: Couldn't flush system prefs: java.util.prefs.BackingStoreException: Couldn't get file lock.
2025-02-15 16:50:51,829 [ERROR] LogOutputStream:75 - [STDERR_REDIRECT] 
2025-02-15 16:51:16,522 [INFO] MainUpdater:2872 - connection check result : 10
2025-02-15 16:51:16,522 [INFO] MainUpdater:2872 - connection check result : 10
2025-02-15 16:51:16,528 [INFO] MicroXplorer:468 - Change Database Path : 
2025-02-15 16:51:16,528 [INFO] MicroXplorer:498 - Change Database Version : DB.6.0.130
2025-02-15 16:51:16,531 [WARN] ThirdParty:871 - waiting for thirdparty lock release [close project]
2025-02-15 16:51:16,531 [INFO] ThirdParty:873 - entering critical section [close project]
2025-02-15 16:51:16,532 [INFO] ThirdParty:883 - exiting critical section [close project]
2025-02-15 16:51:16,533 [INFO] PinOutPanel:1589 - setPackage(No Configuration,No Configuration)
2025-02-15 16:51:16,535 [INFO] UtilMem:75 - Begin LoadConfig() Used Memory: 690578120 Bytes (960495616)
2025-02-15 16:51:16,535 [INFO] MicroXplorer:468 - Change Database Path : 
2025-02-15 16:51:16,536 [INFO] MicroXplorer:498 - Change Database Version : DB.6.0.130
2025-02-15 16:51:16,536 [INFO] OpenFileManager:332 - Change cursor
2025-02-15 16:51:16,578 [INFO] Mcu:2035 - Initializing MCU STM32F411CEUx STM32F411CEUx STM32F411CEU6
2025-02-15 16:51:17,397 [INFO] Context:748 - Trying to add GPIOservice into a context  which must be forbidden
2025-02-15 16:51:17,774 [INFO] ImportTextPane:218 - (OptionalMessage_ERROR) Unable to find key (Mcu.ThirdPartyNb) in loaded IOC file
2025-02-15 16:51:17,774 [INFO] ImportTextPane:218 - (OptionalMessage_ERROR) Unable to find key (Mcu.PinsNb) in loaded IOC file
2025-02-15 16:51:17,774 [INFO] ImportTextPane:218 - (OptionalMessage_ERROR) Unable to find key (Mcu.IPNb) in loaded IOC file
2025-02-15 16:51:17,826 [INFO] RtosManager:555 - Registered RTOS mode: class=CMSIS, group=RTOS, mode=CMSIS_V1, owner=FREERTOS
2025-02-15 16:51:17,826 [INFO] RtosManager:555 - Registered RTOS mode: class=CMSIS, group=RTOS2, mode=CMSIS_V2, owner=FREERTOS
2025-02-15 16:51:17,826 [INFO] RtosManager:555 - Registered RTOS mode: class=RTOS, group=Core, mode=CMSIS_V1, owner=FREERTOS
2025-02-15 16:51:17,826 [INFO] RtosManager:555 - Registered RTOS mode: class=RTOS, group=Core, mode=CMSIS_V2, owner=FREERTOS
2025-02-15 16:51:17,826 [WARN] ModelIntegratedComponent:184 - Missing modes for component STMicroelectronics:FreeRTOS:0.0.1:STMicroelectronics:RTOS:FreeRTOS:Core:::10.2.0:
2025-02-15 16:51:17,834 [WARN] ModelIntegratedComponent:182 - Modes not found for component STMicroelectronics:USB_HOST:1.0.0:STMicroelectronics:USB::USB Host:Audio HS::1.0:USB_HOST_1_0_RESTRICTED_HS
2025-02-15 16:51:17,834 [WARN] ModelIntegratedComponent:188 - Modes not found for component STMicroelectronics:USB_HOST:1.0.0:STMicroelectronics:USB::USB Host:Audio HS::1.0:USB_HOST_1_0_RESTRICTED_HS
2025-02-15 16:51:17,834 [WARN] ModelIntegratedComponent:182 - Modes not found for component STMicroelectronics:USB_HOST:1.0.0:STMicroelectronics:USB::USB Host:CDC HS::1.0:USB_HOST_1_0_RESTRICTED_HS
2025-02-15 16:51:17,834 [WARN] ModelIntegratedComponent:188 - Modes not found for component STMicroelectronics:USB_HOST:1.0.0:STMicroelectronics:USB::USB Host:CDC HS::1.0:USB_HOST_1_0_RESTRICTED_HS
2025-02-15 16:51:17,834 [WARN] ModelIntegratedComponent:182 - Modes not found for component STMicroelectronics:USB_HOST:1.0.0:STMicroelectronics:USB::USB Host:MSC HS::1.0:USB_HOST_1_0_RESTRICTED_HS
2025-02-15 16:51:17,834 [WARN] ModelIntegratedComponent:188 - Modes not found for component STMicroelectronics:USB_HOST:1.0.0:STMicroelectronics:USB::USB Host:MSC HS::1.0:USB_HOST_1_0_RESTRICTED_HS
2025-02-15 16:51:17,834 [WARN] ModelIntegratedComponent:182 - Modes not found for component STMicroelectronics:USB_HOST:1.0.0:STMicroelectronics:USB::USB Host:HID HS::1.0:USB_HOST_1_0_RESTRICTED_HS
2025-02-15 16:51:17,834 [WARN] ModelIntegratedComponent:188 - Modes not found for component STMicroelectronics:USB_HOST:1.0.0:STMicroelectronics:USB::USB Host:HID HS::1.0:USB_HOST_1_0_RESTRICTED_HS
2025-02-15 16:51:17,834 [WARN] ModelIntegratedComponent:182 - Modes not found for component STMicroelectronics:USB_HOST:1.0.0:STMicroelectronics:USB::USB Host:MTP HS::1.0:USB_HOST_1_0_RESTRICTED_HS
2025-02-15 16:51:17,834 [WARN] ModelIntegratedComponent:188 - Modes not found for component STMicroelectronics:USB_HOST:1.0.0:STMicroelectronics:USB::USB Host:MTP HS::1.0:USB_HOST_1_0_RESTRICTED_HS
2025-02-15 16:51:17,841 [WARN] ModelIntegratedComponent:63 - No mode defined for component null
2025-02-15 16:51:17,841 [WARN] ModelIntegratedComponent:63 - No mode defined for component null
2025-02-15 16:51:17,841 [WARN] ModelIntegratedComponent:63 - No mode defined for component null
2025-02-15 16:51:17,841 [WARN] ModelIntegratedComponent:63 - No mode defined for component null
2025-02-15 16:51:17,841 [WARN] ModelIntegratedComponent:63 - No mode defined for component null
2025-02-15 16:51:17,841 [WARN] ModelIntegratedComponent:63 - No mode defined for component null
2025-02-15 16:51:17,841 [WARN] ModelIntegratedComponent:63 - No mode defined for component null
2025-02-15 16:51:17,841 [WARN] ModelIntegratedComponent:63 - No mode defined for component null
2025-02-15 16:51:17,841 [WARN] ModelIntegratedComponent:63 - No mode defined for component null
2025-02-15 16:51:17,841 [WARN] ModelIntegratedComponent:63 - No mode defined for component null
2025-02-15 16:51:17,841 [WARN] ModelIntegratedComponent:63 - No mode defined for component null
2025-02-15 16:51:17,841 [WARN] ModelIntegratedComponent:63 - No mode defined for component null
2025-02-15 16:51:17,841 [WARN] ModelIntegratedComponent:63 - No mode defined for component null
2025-02-15 16:51:17,842 [WARN] ModelIntegratedComponent:63 - No mode defined for component null
2025-02-15 16:51:17,842 [WARN] ModelIntegratedComponent:63 - No mode defined for component null
2025-02-15 16:51:17,842 [WARN] ModelIntegratedComponent:63 - No mode defined for component null
2025-02-15 16:51:17,842 [WARN] ModelIntegratedComponent:63 - No mode defined for component null
2025-02-15 16:51:17,842 [WARN] ModelIntegratedComponent:63 - No mode defined for component null
2025-02-15 16:51:17,842 [WARN] ModelIntegratedComponent:63 - No mode defined for component null
2025-02-15 16:51:17,842 [WARN] ModelIntegratedComponent:63 - No mode defined for component null
2025-02-15 16:51:17,842 [WARN] ModelIntegratedComponent:63 - No mode defined for component null
2025-02-15 16:51:17,842 [WARN] ModelIntegratedComponent:63 - No mode defined for component null
2025-02-15 16:51:17,842 [WARN] ModelIntegratedComponent:63 - No mode defined for component null
2025-02-15 16:51:17,842 [WARN] ModelIntegratedComponent:63 - No mode defined for component null
2025-02-15 16:51:17,842 [WARN] ModelIntegratedComponent:63 - No mode defined for component null
2025-02-15 16:51:17,842 [WARN] ModelIntegratedComponent:63 - No mode defined for component null
2025-02-15 16:51:17,842 [WARN] ModelIntegratedComponent:63 - No mode defined for component null
2025-02-15 16:51:17,842 [WARN] ModelIntegratedComponent:63 - No mode defined for component null
2025-02-15 16:51:17,842 [WARN] ModelIntegratedComponent:63 - No mode defined for component null
2025-02-15 16:51:17,842 [WARN] ModelIntegratedComponent:63 - No mode defined for component null
2025-02-15 16:51:17,842 [WARN] ModelIntegratedComponent:63 - No mode defined for component null
2025-02-15 16:51:17,842 [WARN] ModelIntegratedComponent:63 - No mode defined for component null
2025-02-15 16:51:17,843 [WARN] ModelIntegratedComponent:63 - No mode defined for component null
2025-02-15 16:51:17,843 [WARN] ModelIntegratedComponent:63 - No mode defined for component null
2025-02-15 16:51:17,843 [WARN] ModelIntegratedComponent:63 - No mode defined for component null
2025-02-15 16:51:17,843 [WARN] ModelPack:524 - Component already loaded: STMicroelectronics:HAL Drivers:0.0.0:STMicroelectronics:Device:STMicro_Driver:XSPI:HAL::0.0.1:HAL_XSPI
2025-02-15 16:51:17,937 [WARN] ModelIntegratedComponent:182 - Modes not found for component STMicroelectronics:USB_DEVICE:1.0.0:STMicroelectronics:USB::USB Device:Audio HS::1.0:USB_DEVICE_1_0_RESTRICTED_HS
2025-02-15 16:51:17,937 [WARN] ModelIntegratedComponent:188 - Modes not found for component STMicroelectronics:USB_DEVICE:1.0.0:STMicroelectronics:USB::USB Device:Audio HS::1.0:USB_DEVICE_1_0_RESTRICTED_HS
2025-02-15 16:51:17,937 [WARN] ModelIntegratedComponent:182 - Modes not found for component STMicroelectronics:USB_DEVICE:1.0.0:STMicroelectronics:USB::USB Device:CDC HS::1.0:USB_DEVICE_1_0_RESTRICTED_HS
2025-02-15 16:51:17,937 [WARN] ModelIntegratedComponent:188 - Modes not found for component STMicroelectronics:USB_DEVICE:1.0.0:STMicroelectronics:USB::USB Device:CDC HS::1.0:USB_DEVICE_1_0_RESTRICTED_HS
2025-02-15 16:51:17,937 [WARN] ModelIntegratedComponent:182 - Modes not found for component STMicroelectronics:USB_DEVICE:1.0.0:STMicroelectronics:USB::USB Device:DFU HS::1.0:USB_DEVICE_1_0_RESTRICTED_HS
2025-02-15 16:51:17,937 [WARN] ModelIntegratedComponent:188 - Modes not found for component STMicroelectronics:USB_DEVICE:1.0.0:STMicroelectronics:USB::USB Device:DFU HS::1.0:USB_DEVICE_1_0_RESTRICTED_HS
2025-02-15 16:51:17,937 [WARN] ModelIntegratedComponent:182 - Modes not found for component STMicroelectronics:USB_DEVICE:1.0.0:STMicroelectronics:USB::USB Device:HID HS::1.0:USB_DEVICE_1_0_RESTRICTED_HS
2025-02-15 16:51:17,937 [WARN] ModelIntegratedComponent:188 - Modes not found for component STMicroelectronics:USB_DEVICE:1.0.0:STMicroelectronics:USB::USB Device:HID HS::1.0:USB_DEVICE_1_0_RESTRICTED_HS
2025-02-15 16:51:17,937 [WARN] ModelIntegratedComponent:182 - Modes not found for component STMicroelectronics:USB_DEVICE:1.0.0:STMicroelectronics:USB::USB Device:Custom HID HS::1.0:USB_DEVICE_1_0_RESTRICTED_HS
2025-02-15 16:51:17,937 [WARN] ModelIntegratedComponent:188 - Modes not found for component STMicroelectronics:USB_DEVICE:1.0.0:STMicroelectronics:USB::USB Device:Custom HID HS::1.0:USB_DEVICE_1_0_RESTRICTED_HS
2025-02-15 16:51:17,937 [WARN] ModelIntegratedComponent:182 - Modes not found for component STMicroelectronics:USB_DEVICE:1.0.0:STMicroelectronics:USB::USB Device:MSC HS::1.0:USB_DEVICE_1_0_RESTRICTED_HS
2025-02-15 16:51:17,937 [WARN] ModelIntegratedComponent:188 - Modes not found for component STMicroelectronics:USB_DEVICE:1.0.0:STMicroelectronics:USB::USB Device:MSC HS::1.0:USB_DEVICE_1_0_RESTRICTED_HS
2025-02-15 16:51:17,948 [INFO] ThirdPartyModel:298 - Start build external matchings
2025-02-15 16:51:18,371 [INFO] ThirdPartyModel:316 - End build external matchings
2025-02-15 16:51:18,488 [INFO] UtilMem:75 - End LoadConfig() Used Memory: 922531280 Bytes (1073741824)
2025-02-15 16:51:18,497 [WARN] ThirdParty:833 - waiting for thirdparty lock release [change project]
2025-02-15 16:51:18,497 [INFO] ThirdParty:835 - entering critical section [change project]
2025-02-15 16:51:18,497 [INFO] ThirdParty:1030 - CMSIS Pack Vendor :STMicroelectronics USBPD 4.1
2025-02-15 16:51:18,497 [INFO] ThirdParty:1030 - CMSIS Pack Vendor :STMicroelectronics X-CUBE-AZRTOS-H7 3.3.0
2025-02-15 16:51:18,497 [INFO] ThirdParty:1030 - CMSIS Pack Vendor :STMicroelectronics X-CUBE-NFC9 1.0.0
2025-02-15 16:51:18,497 [INFO] ThirdParty:1030 - CMSIS Pack Vendor :STMicroelectronics USB_HOST 2.0.0
2025-02-15 16:51:18,497 [INFO] ThirdParty:1030 - CMSIS Pack Vendor :STMicroelectronics FP-SNS-MOTENVWB1 1.4.0
2025-02-15 16:51:18,497 [INFO] ThirdParty:1030 - CMSIS Pack Vendor :STMicroelectronics X-CUBE-AZRTOS-F4 1.1.0
2025-02-15 16:51:18,497 [INFO] ThirdParty:1030 - CMSIS Pack Vendor :STMicroelectronics LIBJPEG 8.0.0
2025-02-15 16:51:18,497 [INFO] ThirdParty:1030 - CMSIS Pack Vendor :STMicroelectronics FP-ATR-ASTRA1 2.0.1
2025-02-15 16:51:18,498 [INFO] ThirdParty:1030 - CMSIS Pack Vendor :STMicroelectronics X-CUBE-SMBUS 2.1.0
2025-02-15 16:51:18,498 [INFO] ThirdParty:1030 - CMSIS Pack Vendor :STMicroelectronics X-CUBE-WB05N 1.1.0
2025-02-15 16:51:18,498 [INFO] ThirdParty:1030 - CMSIS Pack Vendor :STMicroelectronics USB_DEVICE 3.0.0
2025-02-15 16:51:18,498 [INFO] ThirdParty:1030 - CMSIS Pack Vendor :STMicroelectronics X-CUBE-ISPU 2.1.0
2025-02-15 16:51:18,498 [INFO] ThirdParty:1030 - CMSIS Pack Vendor :STMicroelectronics X-CUBE-AZRTOS-WB 2.0.0
2025-02-15 16:51:18,498 [INFO] ThirdParty:1030 - CMSIS Pack Vendor :STMicroelectronics X-CUBE-GNSS1 7.0.1
2025-02-15 16:51:18,498 [INFO] ThirdParty:1030 - CMSIS Pack Vendor :STMicroelectronics X-CUBE-AZRTOS-F7 1.1.0
2025-02-15 16:51:18,498 [INFO] ThirdParty:1030 - CMSIS Pack Vendor :STMicroelectronics X-CUBE-AZRTOS-L5 2.0.0
2025-02-15 16:51:18,498 [INFO] ThirdParty:1030 - CMSIS Pack Vendor :STMicroelectronics USB_DEVICE 2.0.0
2025-02-15 16:51:18,498 [INFO] ThirdParty:1030 - CMSIS Pack Vendor :STMicroelectronics X-CUBE-NFC6 3.1.0
2025-02-15 16:51:18,498 [INFO] ThirdParty:1030 - CMSIS Pack Vendor :STMicroelectronics FP-SNS-STBOX1 2.0.0
2025-02-15 16:51:18,498 [INFO] ThirdParty:1030 - CMSIS Pack Vendor :STMicroelectronics FreeRTOS 0.0.1
2025-02-15 16:51:18,498 [INFO] ThirdParty:1030 - CMSIS Pack Vendor :STMicroelectronics X-CUBE-AZRTOS-G0 1.1.0
2025-02-15 16:51:18,498 [INFO] ThirdParty:1030 - CMSIS Pack Vendor :STMicroelectronics X-CUBE-SAFEA1 1.2.2
2025-02-15 16:51:18,498 [INFO] ThirdParty:1030 - CMSIS Pack Vendor :STMicroelectronics X-CUBE-NFC4 3.0.0
2025-02-15 16:51:18,498 [INFO] ThirdParty:1030 - CMSIS Pack Vendor :STMicroelectronics X-CUBE-DPower 1.2.0
2025-02-15 16:51:18,498 [INFO] ThirdParty:1030 - CMSIS Pack Vendor :STMicroelectronics X-CUBE-SUBG2 5.0.0
2025-02-15 16:51:18,498 [INFO] ThirdParty:1030 - CMSIS Pack Vendor :STMicroelectronics STM32_WPAN 1.0.0
2025-02-15 16:51:18,498 [INFO] ThirdParty:1030 - CMSIS Pack Vendor :EmbeddedOffice I-CUBE-FS-RTOS 1.0.1
2025-02-15 16:51:18,498 [INFO] ThirdParty:1030 - CMSIS Pack Vendor :STMicroelectronics lwIP 2.0.3
2025-02-15 16:51:18,498 [INFO] ThirdParty:1030 - CMSIS Pack Vendor :STMicroelectronics FP-SNS-FLIGHT1 5.0.2
2025-02-15 16:51:18,498 [INFO] ThirdParty:1030 - CMSIS Pack Vendor :Cesanta I-CUBE-Mongoose 7.13.0
2025-02-15 16:51:18,498 [INFO] ThirdParty:1030 - CMSIS Pack Vendor :STMicroelectronics USB_HOST 1.0.0
2025-02-15 16:51:18,498 [INFO] ThirdParty:1030 - CMSIS Pack Vendor :Infineon AIROC-Wi-Fi-Bluetooth-STM32 1.7.0
2025-02-15 16:51:18,498 [INFO] ThirdParty:1030 - CMSIS Pack Vendor :STMicroelectronics X-CUBE-AZRTOS-G4 2.0.0
2025-02-15 16:51:18,498 [INFO] ThirdParty:1030 - CMSIS Pack Vendor :STMicroelectronics PDM2PCM 3.1.0
2025-02-15 16:51:18,498 [INFO] ThirdParty:1030 - CMSIS Pack Vendor :STMicroelectronics PDM2PCM 3.3.0
2025-02-15 16:51:18,498 [INFO] ThirdParty:1030 - CMSIS Pack Vendor :STMicroelectronics X-CUBE-DISPLAY 3.0.0
2025-02-15 16:51:18,499 [INFO] ThirdParty:1030 - CMSIS Pack Vendor :STMicroelectronics X-CUBE-TCPP 4.2.0
2025-02-15 16:51:18,499 [INFO] ThirdParty:1030 - CMSIS Pack Vendor :RealThread X-CUBE-RT-Thread_Nano 4.1.1
2025-02-15 16:51:18,499 [INFO] ThirdParty:1030 - CMSIS Pack Vendor :STMicroelectronics X-CUBE-BLE1 7.0.0
2025-02-15 16:51:18,499 [INFO] ThirdParty:1030 - CMSIS Pack Vendor :STMicroelectronics FP-ATR-SIGFOX1 3.2.0
2025-02-15 16:51:18,499 [INFO] ThirdParty:1030 - CMSIS Pack Vendor :STMicroelectronics X-CUBE-NFC10 1.0.0
2025-02-15 16:51:18,499 [INFO] ThirdParty:1030 - CMSIS Pack Vendor :quantropi X-CUBE-qispace-sdk-base 1.9.3
2025-02-15 16:51:18,499 [INFO] ThirdParty:1030 - CMSIS Pack Vendor :STMicroelectronics X-CUBE-BLEMGR 4.0.0
2025-02-15 16:51:18,499 [INFO] ThirdParty:1030 - CMSIS Pack Vendor :STMicroelectronics X-CUBE-EEPRMA1 5.1.0
2025-02-15 16:51:18,499 [INFO] ThirdParty:1030 - CMSIS Pack Vendor :STMicroelectronics HAL Drivers 0.0.0
2025-02-15 16:51:18,499 [INFO] ThirdParty:1030 - CMSIS Pack Vendor :STMicroelectronics MBEDTLS 2.16.2
2025-02-15 16:51:18,499 [INFO] ThirdParty:1030 - CMSIS Pack Vendor :STMicroelectronics X-CUBE-IPS 3.1.0
2025-02-15 16:51:18,499 [INFO] ThirdParty:1030 - CMSIS Pack Vendor :STMicroelectronics X-CUBE-ALS 1.0.2
2025-02-15 16:51:18,499 [INFO] ThirdParty:1030 - CMSIS Pack Vendor :emotas I-CUBE-CANOPEN 1.3.0
2025-02-15 16:51:18,499 [INFO] ThirdParty:1030 - CMSIS Pack Vendor :STMicroelectronics X-CUBE-FREERTOS 1.3.0
2025-02-15 16:51:18,499 [INFO] ThirdParty:1030 - CMSIS Pack Vendor :wolfSSL I-CUBE-wolfSSL 5.7.4
2025-02-15 16:51:18,499 [INFO] ThirdParty:1030 - CMSIS Pack Vendor :STMicroelectronics X-CUBE-NFC7 1.0.1
2025-02-15 16:51:18,499 [INFO] ThirdParty:1030 - CMSIS Pack Vendor :STMicroelectronics MBEDTLS 2.14.1
2025-02-15 16:51:18,499 [INFO] ThirdParty:1030 - CMSIS Pack Vendor :ITTIA_DB I-CUBE-ITTIADB 8.9.0
2025-02-15 16:51:18,499 [INFO] ThirdParty:1030 - CMSIS Pack Vendor :STMicroelectronics X-CUBE-TOUCHGFX 4.24.2
2025-02-15 16:51:18,499 [INFO] ThirdParty:1030 - CMSIS Pack Vendor :wolfSSL I-CUBE-wolfTPM 3.4.0
2025-02-15 16:51:18,499 [INFO] ThirdParty:1030 - CMSIS Pack Vendor :portGmbH I-Cube-SoM-uGOAL 1.1.0
2025-02-15 16:51:18,499 [INFO] ThirdParty:1030 - CMSIS Pack Vendor :STMicroelectronics X-CUBE-AI 10.0.0
2025-02-15 16:51:18,499 [INFO] ThirdParty:1030 - CMSIS Pack Vendor :STMicroelectronics ThreadX 1.0.0
2025-02-15 16:51:18,499 [INFO] ThirdParty:1030 - CMSIS Pack Vendor :STMicroelectronics FP-SNS-SMARTAG2 1.2.0
2025-02-15 16:51:18,499 [INFO] ThirdParty:1030 - CMSIS Pack Vendor :STMicroelectronics X-CUBE-MEMS1 11.1.0
2025-02-15 16:51:18,499 [INFO] ThirdParty:1030 - CMSIS Pack Vendor :STMicroelectronics X-CUBE-AZRTOS-WL 2.0.0
2025-02-15 16:51:18,499 [INFO] ThirdParty:1030 - CMSIS Pack Vendor :SEGGER I-CUBE-embOS 1.3.1
2025-02-15 16:51:18,499 [INFO] ThirdParty:1030 - CMSIS Pack Vendor :STMicroelectronics X-CUBE-ALGOBUILD 1.4.0
2025-02-15 16:51:18,499 [INFO] ThirdParty:1030 - CMSIS Pack Vendor :STMicroelectronics FP-SNS-MOTENV1 5.0.0
2025-02-15 16:51:18,499 [INFO] ThirdParty:1030 - CMSIS Pack Vendor :STMicroelectronics USB_DEVICE 1.0.0
2025-02-15 16:51:18,499 [INFO] ThirdParty:1030 - CMSIS Pack Vendor :STMicroelectronics X-CUBE-AZRTOS-H7RS 1.0.0
2025-02-15 16:51:18,499 [INFO] ThirdParty:1030 - CMSIS Pack Vendor :wolfSSL I-CUBE-wolfMQTT 1.19.0
2025-02-15 16:51:18,499 [INFO] ThirdParty:1030 - CMSIS Pack Vendor :STMicroelectronics X-CUBE-AZRTOS-L4 2.0.0
2025-02-15 16:51:18,500 [INFO] ThirdParty:1030 - CMSIS Pack Vendor :STMicroelectronics ThreadX 0.0.2
2025-02-15 16:51:18,500 [INFO] ThirdParty:1030 - CMSIS Pack Vendor :WES I-CUBE-Cesium 1.3.0
2025-02-15 16:51:18,500 [INFO] ThirdParty:1030 - CMSIS Pack Vendor :STMicroelectronics lwIP 2.1.2
2025-02-15 16:51:18,500 [INFO] ThirdParty:1030 - CMSIS Pack Vendor :STMicroelectronics X-CUBE-SFXS2LP1 4.0.0
2025-02-15 16:51:18,500 [INFO] ThirdParty:1030 - CMSIS Pack Vendor :STMicroelectronics X-CUBE-BLE2 3.3.0
2025-02-15 16:51:18,500 [INFO] ThirdParty:1030 - CMSIS Pack Vendor :STMicroelectronics X-CUBE-TOF1 3.4.2
2025-02-15 16:51:18,500 [INFO] ThirdParty:1030 - CMSIS Pack Vendor :STMicroelectronics X-CUBE-AI 9.1.0
2025-02-15 16:51:18,500 [INFO] ThirdParty:1030 - CMSIS Pack Vendor :STMicroelectronics PDM2PCM 3.2.0
2025-02-15 16:51:18,500 [INFO] ThirdParty:1030 - CMSIS Pack Vendor :wolfSSL I-CUBE-wolfSSH 1.4.17
2025-02-15 16:51:18,500 [INFO] ThirdParty:841 - exiting critical section [change project]
2025-02-15 16:51:18,764 [INFO] PinOutPanel:1589 - setPackage(No Configuration,No Configuration)
2025-02-15 16:51:18,765 [INFO] PinOutPanel:1589 - setPackage(STM32F411CEUx,UFQFPN48)
2025-02-15 16:51:19,069 [INFO] UtilMem:75 - Before build in PCC Used Memory: 734048512 Bytes (1073741824)
2025-02-15 16:51:19,469 [INFO] UtilMem:75 - After build in PCC Used Memory: 849148664 Bytes (1073741824)
2025-02-15 16:51:19,496 [INFO] IPUIPlugin:80 - create IPUIPlugin
2025-02-15 16:51:19,496 [INFO] IPUIPlugin:80 - create IPUIPlugin
2025-02-15 16:51:19,496 [INFO] IPUIPlugin:80 - create IPUIPlugin
2025-02-15 16:51:19,496 [INFO] IPUIPlugin:80 - create IPUIPlugin
2025-02-15 16:51:19,496 [INFO] IPUIPlugin:80 - create IPUIPlugin
2025-02-15 16:51:19,496 [INFO] IPUIPlugin:80 - create IPUIPlugin
2025-02-15 16:51:19,497 [INFO] IPUIPlugin:80 - create IPUIPlugin
2025-02-15 16:51:19,497 [INFO] IPUIPlugin:80 - create IPUIPlugin
2025-02-15 16:51:19,497 [INFO] IPUIPlugin:80 - create IPUIPlugin
2025-02-15 16:51:19,497 [INFO] IPUIPlugin:80 - create IPUIPlugin
2025-02-15 16:51:19,497 [INFO] IPUIPlugin:80 - create IPUIPlugin
2025-02-15 16:51:19,497 [INFO] IPUIPlugin:80 - create IPUIPlugin
2025-02-15 16:51:19,498 [INFO] IPUIPlugin:80 - create IPUIPlugin
2025-02-15 16:51:19,498 [INFO] IPUIPlugin:80 - create IPUIPlugin
2025-02-15 16:51:19,498 [INFO] IPUIPlugin:80 - create IPUIPlugin
2025-02-15 16:51:19,499 [INFO] IPUIPlugin:80 - create IPUIPlugin
2025-02-15 16:51:19,499 [INFO] IPUIPlugin:80 - create IPUIPlugin
2025-02-15 16:51:19,499 [INFO] IPUIPlugin:80 - create IPUIPlugin
2025-02-15 16:51:19,499 [INFO] IPUIPlugin:80 - create IPUIPlugin
2025-02-15 16:51:19,500 [INFO] IPUIPlugin:80 - create IPUIPlugin
2025-02-15 16:51:19,500 [INFO] IPUIPlugin:80 - create IPUIPlugin
2025-02-15 16:51:19,500 [INFO] IPUIPlugin:80 - create IPUIPlugin
2025-02-15 16:51:19,500 [INFO] IPUIPlugin:80 - create IPUIPlugin
2025-02-15 16:51:19,500 [INFO] IPUIPlugin:80 - create IPUIPlugin
2025-02-15 16:51:19,500 [INFO] IPUIPlugin:80 - create IPUIPlugin
2025-02-15 16:51:19,500 [INFO] IPUIPlugin:80 - create IPUIPlugin
2025-02-15 16:51:19,501 [INFO] IPUIPlugin:80 - create IPUIPlugin
2025-02-15 16:51:19,501 [INFO] IPUIPlugin:80 - create IPUIPlugin
2025-02-15 16:51:19,501 [INFO] IPUIPlugin:80 - create IPUIPlugin
2025-02-15 16:51:19,501 [INFO] IPUIPlugin:80 - create IPUIPlugin
2025-02-15 16:51:19,501 [INFO] IPUIPlugin:80 - create IPUIPlugin
2025-02-15 16:51:19,501 [INFO] IPUIPlugin:80 - create IPUIPlugin
2025-02-15 16:51:19,501 [INFO] IPUIPlugin:80 - create IPUIPlugin
2025-02-15 16:51:19,501 [INFO] IPUIPlugin:80 - create IPUIPlugin
2025-02-15 16:51:19,501 [INFO] IPUIPlugin:80 - create IPUIPlugin
2025-02-15 16:51:19,501 [INFO] IPUIPlugin:80 - create IPUIPlugin
2025-02-15 16:51:19,502 [INFO] IPUIPlugin:80 - create IPUIPlugin
2025-02-15 16:51:19,502 [INFO] IPUIPlugin:80 - create IPUIPlugin
2025-02-15 16:51:19,502 [INFO] IPUIPlugin:80 - create IPUIPlugin
2025-02-15 16:51:19,503 [INFO] IPUIPlugin:80 - create IPUIPlugin
2025-02-15 16:51:19,503 [INFO] IPUIPlugin:80 - create IPUIPlugin
2025-02-15 16:51:19,503 [INFO] IPUIPlugin:80 - create IPUIPlugin
2025-02-15 16:51:19,503 [INFO] IPUIPlugin:80 - create IPUIPlugin
2025-02-15 16:51:19,528 [INFO] ApiDbMcu:508 - Load IP Config File for PDM2PCM
2025-02-15 16:51:19,614 [INFO] CADModel:165 - CPN selected for project levelSTM32F411CEU6
2025-02-15 16:51:19,614 [INFO] CADModel:114 - Register for checkConnection events
2025-02-15 16:51:19,671 [INFO] OpenFileManager:363 - Restore cursor
2025-02-15 16:51:20,002 [INFO] UtilMem:75 - End SaveConfig() Used Memory: 955276352 Bytes (1073741824)
2025-02-15 16:51:21,820 [ERROR] LogOutputStream:75 - [STDERR_REDIRECT] Feb 15, 2025 4:51:21 PM java.util.prefs.FileSystemPreferences checkLockFile0ErrorCode
2025-02-15 16:51:21,820 [ERROR] LogOutputStream:75 - [STDERR_REDIRECT] WARNING: Could not lock System prefs. Unix error code 2.
2025-02-15 16:51:21,820 [ERROR] LogOutputStream:75 - [STDERR_REDIRECT] 
2025-02-15 16:51:21,820 [ERROR] LogOutputStream:75 - [STDERR_REDIRECT] Feb 15, 2025 4:51:21 PM java.util.prefs.FileSystemPreferences syncWorld
2025-02-15 16:51:21,820 [ERROR] LogOutputStream:75 - [STDERR_REDIRECT] WARNING: Couldn't flush system prefs: java.util.prefs.BackingStoreException: Couldn't get file lock.
2025-02-15 16:51:21,820 [ERROR] LogOutputStream:75 - [STDERR_REDIRECT] 
2025-02-15 16:51:30,112 [INFO] McuFinderGlobals:76 - Set McuFinderConnectedMode to true
2025-02-15 16:51:30,114 [INFO] ApiDb:448 - Save user favorites file /home/kemish/.stm32cubeide/favorites.mcus.txt: 0 item(s)
2025-02-15 16:51:30,114 [INFO] ApiDb:452 - User favorites MCUs=[]
2025-02-15 16:51:48,898 [WARN] IP:2251 - I2C_Coeff_DF not found: check if there is a RefParameter without a condition.
2025-02-15 16:51:48,898 [WARN] IP:2251 - Analog_Filter not found: check if there is a RefParameter without a condition.
2025-02-15 16:51:48,911 [WARN] IP:2251 - I2C_Coeff_DF not found: check if there is a RefParameter without a condition.
2025-02-15 16:51:48,911 [WARN] IP:2251 - Analog_Filter not found: check if there is a RefParameter without a condition.
2025-02-15 16:51:48,911 [WARN] IP:2251 - I2C_Coeff_DF not found: check if there is a RefParameter without a condition.
2025-02-15 16:51:48,911 [WARN] IP:2251 - Analog_Filter not found: check if there is a RefParameter without a condition.
2025-02-15 16:51:48,969 [WARN] IP:2251 - I2C_Coeff_DF not found: check if there is a RefParameter without a condition.
2025-02-15 16:51:48,969 [WARN] IP:2251 - Analog_Filter not found: check if there is a RefParameter without a condition.
2025-02-15 16:51:48,971 [WARN] IP:2251 - I2C_Coeff_DF not found: check if there is a RefParameter without a condition.
2025-02-15 16:51:48,971 [WARN] IP:2251 - Analog_Filter not found: check if there is a RefParameter without a condition.
2025-02-15 16:51:51,543 [WARN] IP:2251 - I2C_Coeff_DF not found: check if there is a RefParameter without a condition.
2025-02-15 16:51:51,543 [WARN] IP:2251 - Analog_Filter not found: check if there is a RefParameter without a condition.
2025-02-15 16:51:51,556 [WARN] IP:2251 - I2C_Coeff_DF not found: check if there is a RefParameter without a condition.
2025-02-15 16:51:51,557 [WARN] IP:2251 - Analog_Filter not found: check if there is a RefParameter without a condition.
2025-02-15 16:51:51,557 [WARN] IP:2251 - I2C_Coeff_DF not found: check if there is a RefParameter without a condition.
2025-02-15 16:51:51,557 [WARN] IP:2251 - Analog_Filter not found: check if there is a RefParameter without a condition.
2025-02-15 16:51:51,586 [WARN] IP:2251 - I2C_Coeff_DF not found: check if there is a RefParameter without a condition.
2025-02-15 16:51:51,586 [WARN] IP:2251 - Analog_Filter not found: check if there is a RefParameter without a condition.
2025-02-15 16:51:51,587 [WARN] IP:2251 - I2C_Coeff_DF not found: check if there is a RefParameter without a condition.
2025-02-15 16:51:51,587 [WARN] IP:2251 - Analog_Filter not found: check if there is a RefParameter without a condition.
2025-02-15 16:51:51,821 [ERROR] LogOutputStream:75 - [STDERR_REDIRECT] Feb 15, 2025 4:51:51 PM java.util.prefs.FileSystemPreferences checkLockFile0ErrorCode
2025-02-15 16:51:51,821 [ERROR] LogOutputStream:75 - [STDERR_REDIRECT] WARNING: Could not lock System prefs. Unix error code 2.
2025-02-15 16:51:51,828 [ERROR] LogOutputStream:75 - [STDERR_REDIRECT] 
2025-02-15 16:51:51,828 [ERROR] LogOutputStream:75 - [STDERR_REDIRECT] Feb 15, 2025 4:51:51 PM java.util.prefs.FileSystemPreferences syncWorld
2025-02-15 16:51:51,828 [ERROR] LogOutputStream:75 - [STDERR_REDIRECT] WARNING: Couldn't flush system prefs: java.util.prefs.BackingStoreException: Couldn't get file lock.
2025-02-15 16:51:51,828 [ERROR] LogOutputStream:75 - [STDERR_REDIRECT] 
2025-02-15 16:52:21,820 [ERROR] LogOutputStream:75 - [STDERR_REDIRECT] Feb 15, 2025 4:52:21 PM java.util.prefs.FileSystemPreferences checkLockFile0ErrorCode
2025-02-15 16:52:21,820 [ERROR] LogOutputStream:75 - [STDERR_REDIRECT] WARNING: Could not lock System prefs. Unix error code 2.
2025-02-15 16:52:21,820 [ERROR] LogOutputStream:75 - [STDERR_REDIRECT] 
2025-02-15 16:52:21,820 [ERROR] LogOutputStream:75 - [STDERR_REDIRECT] Feb 15, 2025 4:52:21 PM java.util.prefs.FileSystemPreferences syncWorld
2025-02-15 16:52:21,820 [ERROR] LogOutputStream:75 - [STDERR_REDIRECT] WARNING: Couldn't flush system prefs: java.util.prefs.BackingStoreException: Couldn't get file lock.
2025-02-15 16:52:21,821 [ERROR] LogOutputStream:75 - [STDERR_REDIRECT] 
2025-02-15 16:52:46,697 [INFO] Mcu:1691 - InternalPropertyChange: try BijectiveRequest:PWM Generation CH1
2025-02-15 16:52:51,819 [ERROR] LogOutputStream:75 - [STDERR_REDIRECT] Feb 15, 2025 4:52:51 PM java.util.prefs.FileSystemPreferences checkLockFile0ErrorCode
2025-02-15 16:52:51,820 [ERROR] LogOutputStream:75 - [STDERR_REDIRECT] WARNING: Could not lock System prefs. Unix error code 2.
2025-02-15 16:52:51,820 [ERROR] LogOutputStream:75 - [STDERR_REDIRECT] 
2025-02-15 16:52:51,820 [ERROR] LogOutputStream:75 - [STDERR_REDIRECT] Feb 15, 2025 4:52:51 PM java.util.prefs.FileSystemPreferences syncWorld
2025-02-15 16:52:51,820 [ERROR] LogOutputStream:75 - [STDERR_REDIRECT] WARNING: Couldn't flush system prefs: java.util.prefs.BackingStoreException: Couldn't get file lock.
2025-02-15 16:52:51,820 [ERROR] LogOutputStream:75 - [STDERR_REDIRECT] 
2025-02-15 16:53:21,820 [ERROR] LogOutputStream:75 - [STDERR_REDIRECT] Feb 15, 2025 4:53:21 PM java.util.prefs.FileSystemPreferences checkLockFile0ErrorCode
2025-02-15 16:53:21,820 [ERROR] LogOutputStream:75 - [STDERR_REDIRECT] WARNING: Could not lock System prefs. Unix error code 2.
2025-02-15 16:53:21,820 [ERROR] LogOutputStream:75 - [STDERR_REDIRECT] 
2025-02-15 16:53:21,820 [ERROR] LogOutputStream:75 - [STDERR_REDIRECT] Feb 15, 2025 4:53:21 PM java.util.prefs.FileSystemPreferences syncWorld
2025-02-15 16:53:21,820 [ERROR] LogOutputStream:75 - [STDERR_REDIRECT] WARNING: Couldn't flush system prefs: java.util.prefs.BackingStoreException: Couldn't get file lock.
2025-02-15 16:53:21,820 [ERROR] LogOutputStream:75 - [STDERR_REDIRECT] 
2025-02-15 16:53:51,820 [ERROR] LogOutputStream:75 - [STDERR_REDIRECT] Feb 15, 2025 4:53:51 PM java.util.prefs.FileSystemPreferences checkLockFile0ErrorCode
2025-02-15 16:53:51,820 [ERROR] LogOutputStream:75 - [STDERR_REDIRECT] WARNING: Could not lock System prefs. Unix error code 2.
2025-02-15 16:53:51,820 [ERROR] LogOutputStream:75 - [STDERR_REDIRECT] 
2025-02-15 16:53:51,821 [ERROR] LogOutputStream:75 - [STDERR_REDIRECT] Feb 15, 2025 4:53:51 PM java.util.prefs.FileSystemPreferences syncWorld
2025-02-15 16:53:51,821 [ERROR] LogOutputStream:75 - [STDERR_REDIRECT] WARNING: Couldn't flush system prefs: java.util.prefs.BackingStoreException: Couldn't get file lock.
2025-02-15 16:53:51,821 [ERROR] LogOutputStream:75 - [STDERR_REDIRECT] 
2025-02-15 16:54:21,819 [ERROR] LogOutputStream:75 - [STDERR_REDIRECT] Feb 15, 2025 4:54:21 PM java.util.prefs.FileSystemPreferences checkLockFile0ErrorCode
2025-02-15 16:54:21,819 [ERROR] LogOutputStream:75 - [STDERR_REDIRECT] WARNING: Could not lock System prefs. Unix error code 2.
2025-02-15 16:54:21,819 [ERROR] LogOutputStream:75 - [STDERR_REDIRECT] 
2025-02-15 16:54:21,819 [ERROR] LogOutputStream:75 - [STDERR_REDIRECT] Feb 15, 2025 4:54:21 PM java.util.prefs.FileSystemPreferences syncWorld
2025-02-15 16:54:21,819 [ERROR] LogOutputStream:75 - [STDERR_REDIRECT] WARNING: Couldn't flush system prefs: java.util.prefs.BackingStoreException: Couldn't get file lock.
2025-02-15 16:54:21,819 [ERROR] LogOutputStream:75 - [STDERR_REDIRECT] 
2025-02-15 16:54:51,819 [ERROR] LogOutputStream:75 - [STDERR_REDIRECT] Feb 15, 2025 4:54:51 PM java.util.prefs.FileSystemPreferences checkLockFile0ErrorCode
2025-02-15 16:54:51,819 [ERROR] LogOutputStream:75 - [STDERR_REDIRECT] WARNING: Could not lock System prefs. Unix error code 2.
2025-02-15 16:54:51,819 [ERROR] LogOutputStream:75 - [STDERR_REDIRECT] 
2025-02-15 16:54:51,819 [ERROR] LogOutputStream:75 - [STDERR_REDIRECT] Feb 15, 2025 4:54:51 PM java.util.prefs.FileSystemPreferences syncWorld
2025-02-15 16:54:51,819 [ERROR] LogOutputStream:75 - [STDERR_REDIRECT] WARNING: Couldn't flush system prefs: java.util.prefs.BackingStoreException: Couldn't get file lock.
2025-02-15 16:54:51,819 [ERROR] LogOutputStream:75 - [STDERR_REDIRECT] 
2025-02-15 16:55:21,819 [ERROR] LogOutputStream:75 - [STDERR_REDIRECT] Feb 15, 2025 4:55:21 PM java.util.prefs.FileSystemPreferences checkLockFile0ErrorCode
2025-02-15 16:55:21,819 [ERROR] LogOutputStream:75 - [STDERR_REDIRECT] WARNING: Could not lock System prefs. Unix error code 2.
2025-02-15 16:55:21,819 [ERROR] LogOutputStream:75 - [STDERR_REDIRECT] 
2025-02-15 16:55:21,819 [ERROR] LogOutputStream:75 - [STDERR_REDIRECT] Feb 15, 2025 4:55:21 PM java.util.prefs.FileSystemPreferences syncWorld
2025-02-15 16:55:21,819 [ERROR] LogOutputStream:75 - [STDERR_REDIRECT] WARNING: Couldn't flush system prefs: java.util.prefs.BackingStoreException: Couldn't get file lock.
2025-02-15 16:55:21,819 [ERROR] LogOutputStream:75 - [STDERR_REDIRECT] 
2025-02-15 16:55:51,820 [ERROR] LogOutputStream:75 - [STDERR_REDIRECT] Feb 15, 2025 4:55:51 PM java.util.prefs.FileSystemPreferences checkLockFile0ErrorCode
2025-02-15 16:55:51,820 [ERROR] LogOutputStream:75 - [STDERR_REDIRECT] WARNING: Could not lock System prefs. Unix error code 2.
2025-02-15 16:55:51,820 [ERROR] LogOutputStream:75 - [STDERR_REDIRECT] 
2025-02-15 16:55:51,821 [ERROR] LogOutputStream:75 - [STDERR_REDIRECT] Feb 15, 2025 4:55:51 PM java.util.prefs.FileSystemPreferences syncWorld
2025-02-15 16:55:51,821 [ERROR] LogOutputStream:75 - [STDERR_REDIRECT] WARNING: Couldn't flush system prefs: java.util.prefs.BackingStoreException: Couldn't get file lock.
2025-02-15 16:55:51,821 [ERROR] LogOutputStream:75 - [STDERR_REDIRECT] 
2025-02-15 16:56:21,820 [ERROR] LogOutputStream:75 - [STDERR_REDIRECT] Feb 15, 2025 4:56:21 PM java.util.prefs.FileSystemPreferences checkLockFile0ErrorCode
2025-02-15 16:56:21,820 [ERROR] LogOutputStream:75 - [STDERR_REDIRECT] WARNING: Could not lock System prefs. Unix error code 2.
2025-02-15 16:56:21,820 [ERROR] LogOutputStream:75 - [STDERR_REDIRECT] 
2025-02-15 16:56:21,820 [ERROR] LogOutputStream:75 - [STDERR_REDIRECT] Feb 15, 2025 4:56:21 PM java.util.prefs.FileSystemPreferences syncWorld
2025-02-15 16:56:21,820 [ERROR] LogOutputStream:75 - [STDERR_REDIRECT] WARNING: Couldn't flush system prefs: java.util.prefs.BackingStoreException: Couldn't get file lock.
2025-02-15 16:56:21,820 [ERROR] LogOutputStream:75 - [STDERR_REDIRECT] 
2025-02-15 16:56:47,644 [WARN] IP:2251 - I2C_Coeff_DF not found: check if there is a RefParameter without a condition.
2025-02-15 16:56:47,644 [WARN] IP:2251 - Analog_Filter not found: check if there is a RefParameter without a condition.
2025-02-15 16:56:51,345 [WARN] IP:2251 - I2C_Coeff_DF not found: check if there is a RefParameter without a condition.
2025-02-15 16:56:51,345 [WARN] IP:2251 - Analog_Filter not found: check if there is a RefParameter without a condition.
2025-02-15 16:56:51,345 [WARN] IP:2251 - I2C_Coeff_DF not found: check if there is a RefParameter without a condition.
2025-02-15 16:56:51,345 [WARN] IP:2251 - Analog_Filter not found: check if there is a RefParameter without a condition.
2025-02-15 16:56:51,382 [WARN] IP:2251 - I2C_Coeff_DF not found: check if there is a RefParameter without a condition.
2025-02-15 16:56:51,382 [WARN] IP:2251 - Analog_Filter not found: check if there is a RefParameter without a condition.
2025-02-15 16:56:51,820 [ERROR] LogOutputStream:75 - [STDERR_REDIRECT] Feb 15, 2025 4:56:51 PM java.util.prefs.FileSystemPreferences checkLockFile0ErrorCode
2025-02-15 16:56:51,820 [ERROR] LogOutputStream:75 - [STDERR_REDIRECT] WARNING: Could not lock System prefs. Unix error code 2.
2025-02-15 16:56:51,820 [ERROR] LogOutputStream:75 - [STDERR_REDIRECT] 
2025-02-15 16:56:51,820 [ERROR] LogOutputStream:75 - [STDERR_REDIRECT] Feb 15, 2025 4:56:51 PM java.util.prefs.FileSystemPreferences syncWorld
2025-02-15 16:56:51,821 [ERROR] LogOutputStream:75 - [STDERR_REDIRECT] WARNING: Couldn't flush system prefs: java.util.prefs.BackingStoreException: Couldn't get file lock.
2025-02-15 16:56:51,821 [ERROR] LogOutputStream:75 - [STDERR_REDIRECT] 
2025-02-15 16:56:55,645 [WARN] IP:2251 - I2C_Coeff_DF not found: check if there is a RefParameter without a condition.
2025-02-15 16:56:55,645 [WARN] IP:2251 - Analog_Filter not found: check if there is a RefParameter without a condition.
2025-02-15 16:56:55,645 [WARN] IP:2251 - I2C_Coeff_DF not found: check if there is a RefParameter without a condition.
2025-02-15 16:56:55,645 [WARN] IP:2251 - Analog_Filter not found: check if there is a RefParameter without a condition.
2025-02-15 16:56:55,676 [WARN] IP:2251 - I2C_Coeff_DF not found: check if there is a RefParameter without a condition.
2025-02-15 16:56:55,676 [WARN] IP:2251 - Analog_Filter not found: check if there is a RefParameter without a condition.
2025-02-15 16:57:01,608 [WARN] IP:2251 - I2C_Coeff_DF not found: check if there is a RefParameter without a condition.
2025-02-15 16:57:01,608 [WARN] IP:2251 - Analog_Filter not found: check if there is a RefParameter without a condition.
2025-02-15 16:57:04,183 [WARN] IP:2251 - I2C_Coeff_DF not found: check if there is a RefParameter without a condition.
2025-02-15 16:57:04,183 [WARN] IP:2251 - Analog_Filter not found: check if there is a RefParameter without a condition.
2025-02-15 16:57:04,183 [WARN] IP:2251 - I2C_Coeff_DF not found: check if there is a RefParameter without a condition.
2025-02-15 16:57:04,183 [WARN] IP:2251 - Analog_Filter not found: check if there is a RefParameter without a condition.
2025-02-15 16:57:04,216 [WARN] IP:2251 - I2C_Coeff_DF not found: check if there is a RefParameter without a condition.
2025-02-15 16:57:04,216 [WARN] IP:2251 - Analog_Filter not found: check if there is a RefParameter without a condition.
2025-02-15 16:57:21,821 [ERROR] LogOutputStream:75 - [STDERR_REDIRECT] Feb 15, 2025 4:57:21 PM java.util.prefs.FileSystemPreferences checkLockFile0ErrorCode
2025-02-15 16:57:21,821 [ERROR] LogOutputStream:75 - [STDERR_REDIRECT] WARNING: Could not lock System prefs. Unix error code 2.
2025-02-15 16:57:21,827 [ERROR] LogOutputStream:75 - [STDERR_REDIRECT] 
2025-02-15 16:57:21,828 [ERROR] LogOutputStream:75 - [STDERR_REDIRECT] Feb 15, 2025 4:57:21 PM java.util.prefs.FileSystemPreferences syncWorld
2025-02-15 16:57:21,828 [ERROR] LogOutputStream:75 - [STDERR_REDIRECT] WARNING: Couldn't flush system prefs: java.util.prefs.BackingStoreException: Couldn't get file lock.
2025-02-15 16:57:21,828 [ERROR] LogOutputStream:75 - [STDERR_REDIRECT] 
2025-02-15 16:57:51,819 [ERROR] LogOutputStream:75 - [STDERR_REDIRECT] Feb 15, 2025 4:57:51 PM java.util.prefs.FileSystemPreferences checkLockFile0ErrorCode
2025-02-15 16:57:51,819 [ERROR] LogOutputStream:75 - [STDERR_REDIRECT] WARNING: Could not lock System prefs. Unix error code 2.
2025-02-15 16:57:51,819 [ERROR] LogOutputStream:75 - [STDERR_REDIRECT] 
2025-02-15 16:57:51,819 [ERROR] LogOutputStream:75 - [STDERR_REDIRECT] Feb 15, 2025 4:57:51 PM java.util.prefs.FileSystemPreferences syncWorld
2025-02-15 16:57:51,820 [ERROR] LogOutputStream:75 - [STDERR_REDIRECT] WARNING: Couldn't flush system prefs: java.util.prefs.BackingStoreException: Couldn't get file lock.
2025-02-15 16:57:51,820 [ERROR] LogOutputStream:75 - [STDERR_REDIRECT] 
2025-02-15 16:58:21,821 [ERROR] LogOutputStream:75 - [STDERR_REDIRECT] Feb 15, 2025 4:58:21 PM java.util.prefs.FileSystemPreferences checkLockFile0ErrorCode
2025-02-15 16:58:21,821 [ERROR] LogOutputStream:75 - [STDERR_REDIRECT] WARNING: Could not lock System prefs. Unix error code 2.
2025-02-15 16:58:21,821 [ERROR] LogOutputStream:75 - [STDERR_REDIRECT] 
2025-02-15 16:58:21,821 [ERROR] LogOutputStream:75 - [STDERR_REDIRECT] Feb 15, 2025 4:58:21 PM java.util.prefs.FileSystemPreferences syncWorld
2025-02-15 16:58:21,821 [ERROR] LogOutputStream:75 - [STDERR_REDIRECT] WARNING: Couldn't flush system prefs: java.util.prefs.BackingStoreException: Couldn't get file lock.
2025-02-15 16:58:21,821 [ERROR] LogOutputStream:75 - [STDERR_REDIRECT] 
2025-02-15 16:58:51,819 [ERROR] LogOutputStream:75 - [STDERR_REDIRECT] Feb 15, 2025 4:58:51 PM java.util.prefs.FileSystemPreferences checkLockFile0ErrorCode
2025-02-15 16:58:51,819 [ERROR] LogOutputStream:75 - [STDERR_REDIRECT] WARNING: Could not lock System prefs. Unix error code 2.
2025-02-15 16:58:51,819 [ERROR] LogOutputStream:75 - [STDERR_REDIRECT] 
2025-02-15 16:58:51,819 [ERROR] LogOutputStream:75 - [STDERR_REDIRECT] Feb 15, 2025 4:58:51 PM java.util.prefs.FileSystemPreferences syncWorld
2025-02-15 16:58:51,819 [ERROR] LogOutputStream:75 - [STDERR_REDIRECT] WARNING: Couldn't flush system prefs: java.util.prefs.BackingStoreException: Couldn't get file lock.
2025-02-15 16:58:51,819 [ERROR] LogOutputStream:75 - [STDERR_REDIRECT] 
2025-02-15 16:58:57,256 [WARN] IP:2251 - I2C_Coeff_DF not found: check if there is a RefParameter without a condition.
2025-02-15 16:58:57,256 [WARN] IP:2251 - Analog_Filter not found: check if there is a RefParameter without a condition.
2025-02-15 16:58:57,257 [WARN] IP:2251 - I2C_Coeff_DF not found: check if there is a RefParameter without a condition.
2025-02-15 16:58:57,257 [WARN] IP:2251 - Analog_Filter not found: check if there is a RefParameter without a condition.
2025-02-15 16:58:57,258 [WARN] IP:2251 - I2C_Coeff_DF not found: check if there is a RefParameter without a condition.
2025-02-15 16:58:57,258 [WARN] IP:2251 - Analog_Filter not found: check if there is a RefParameter without a condition.
2025-02-15 16:58:57,258 [WARN] IP:2251 - I2C_Coeff_DF not found: check if there is a RefParameter without a condition.
2025-02-15 16:58:57,258 [WARN] IP:2251 - Analog_Filter not found: check if there is a RefParameter without a condition.
2025-02-15 16:59:02,695 [WARN] IP:2251 - I2C_Coeff_DF not found: check if there is a RefParameter without a condition.
2025-02-15 16:59:02,695 [WARN] IP:2251 - Analog_Filter not found: check if there is a RefParameter without a condition.
2025-02-15 16:59:02,696 [WARN] IP:2251 - I2C_Coeff_DF not found: check if there is a RefParameter without a condition.
2025-02-15 16:59:02,696 [WARN] IP:2251 - Analog_Filter not found: check if there is a RefParameter without a condition.
2025-02-15 16:59:02,697 [WARN] IP:2251 - I2C_Coeff_DF not found: check if there is a RefParameter without a condition.
2025-02-15 16:59:02,697 [WARN] IP:2251 - Analog_Filter not found: check if there is a RefParameter without a condition.
2025-02-15 16:59:02,697 [WARN] IP:2251 - I2C_Coeff_DF not found: check if there is a RefParameter without a condition.
2025-02-15 16:59:02,697 [WARN] IP:2251 - Analog_Filter not found: check if there is a RefParameter without a condition.
2025-02-15 16:59:21,821 [ERROR] LogOutputStream:75 - [STDERR_REDIRECT] Feb 15, 2025 4:59:21 PM java.util.prefs.FileSystemPreferences checkLockFile0ErrorCode
2025-02-15 16:59:21,821 [ERROR] LogOutputStream:75 - [STDERR_REDIRECT] WARNING: Could not lock System prefs. Unix error code 2.
2025-02-15 16:59:21,821 [ERROR] LogOutputStream:75 - [STDERR_REDIRECT] 
2025-02-15 16:59:21,822 [ERROR] LogOutputStream:75 - [STDERR_REDIRECT] Feb 15, 2025 4:59:21 PM java.util.prefs.FileSystemPreferences syncWorld
2025-02-15 16:59:21,822 [ERROR] LogOutputStream:75 - [STDERR_REDIRECT] WARNING: Couldn't flush system prefs: java.util.prefs.BackingStoreException: Couldn't get file lock.
2025-02-15 16:59:21,822 [ERROR] LogOutputStream:75 - [STDERR_REDIRECT] 
2025-02-15 16:59:51,643 [WARN] IP:2251 - I2C_Coeff_DF not found: check if there is a RefParameter without a condition.
2025-02-15 16:59:51,643 [WARN] IP:2251 - Analog_Filter not found: check if there is a RefParameter without a condition.
2025-02-15 16:59:51,643 [WARN] IP:2251 - I2C_Coeff_DF not found: check if there is a RefParameter without a condition.
2025-02-15 16:59:51,643 [WARN] IP:2251 - Analog_Filter not found: check if there is a RefParameter without a condition.
2025-02-15 16:59:51,644 [WARN] IP:2251 - I2C_Coeff_DF not found: check if there is a RefParameter without a condition.
2025-02-15 16:59:51,644 [WARN] IP:2251 - Analog_Filter not found: check if there is a RefParameter without a condition.
2025-02-15 16:59:51,644 [WARN] IP:2251 - I2C_Coeff_DF not found: check if there is a RefParameter without a condition.
2025-02-15 16:59:51,644 [WARN] IP:2251 - Analog_Filter not found: check if there is a RefParameter without a condition.
2025-02-15 16:59:51,669 [WARN] IP:2251 - I2C_Coeff_DF not found: check if there is a RefParameter without a condition.
2025-02-15 16:59:51,669 [WARN] IP:2251 - Analog_Filter not found: check if there is a RefParameter without a condition.
2025-02-15 16:59:51,670 [WARN] IP:2251 - I2C_Coeff_DF not found: check if there is a RefParameter without a condition.
2025-02-15 16:59:51,670 [WARN] IP:2251 - Analog_Filter not found: check if there is a RefParameter without a condition.
2025-02-15 16:59:51,710 [WARN] IP:2251 - I2C_Coeff_DF not found: check if there is a RefParameter without a condition.
2025-02-15 16:59:51,710 [WARN] IP:2251 - Analog_Filter not found: check if there is a RefParameter without a condition.
2025-02-15 16:59:51,711 [WARN] IP:2251 - I2C_Coeff_DF not found: check if there is a RefParameter without a condition.
2025-02-15 16:59:51,711 [WARN] IP:2251 - Analog_Filter not found: check if there is a RefParameter without a condition.
2025-02-15 16:59:51,820 [ERROR] LogOutputStream:75 - [STDERR_REDIRECT] Feb 15, 2025 4:59:51 PM java.util.prefs.FileSystemPreferences checkLockFile0ErrorCode
2025-02-15 16:59:51,820 [ERROR] LogOutputStream:75 - [STDERR_REDIRECT] WARNING: Could not lock System prefs. Unix error code 2.
2025-02-15 16:59:51,820 [ERROR] LogOutputStream:75 - [STDERR_REDIRECT] 
2025-02-15 16:59:51,821 [ERROR] LogOutputStream:75 - [STDERR_REDIRECT] Feb 15, 2025 4:59:51 PM java.util.prefs.FileSystemPreferences syncWorld
2025-02-15 16:59:51,821 [ERROR] LogOutputStream:75 - [STDERR_REDIRECT] WARNING: Couldn't flush system prefs: java.util.prefs.BackingStoreException: Couldn't get file lock.
2025-02-15 16:59:51,821 [ERROR] LogOutputStream:75 - [STDERR_REDIRECT] 
2025-02-15 16:59:55,280 [WARN] IP:2251 - I2C_Coeff_DF not found: check if there is a RefParameter without a condition.
2025-02-15 16:59:55,280 [WARN] IP:2251 - Analog_Filter not found: check if there is a RefParameter without a condition.
2025-02-15 16:59:55,281 [WARN] IP:2251 - I2C_Coeff_DF not found: check if there is a RefParameter without a condition.
2025-02-15 16:59:55,281 [WARN] IP:2251 - Analog_Filter not found: check if there is a RefParameter without a condition.
2025-02-15 16:59:55,282 [WARN] IP:2251 - I2C_Coeff_DF not found: check if there is a RefParameter without a condition.
2025-02-15 16:59:55,282 [WARN] IP:2251 - Analog_Filter not found: check if there is a RefParameter without a condition.
2025-02-15 16:59:55,282 [WARN] IP:2251 - I2C_Coeff_DF not found: check if there is a RefParameter without a condition.
2025-02-15 16:59:55,282 [WARN] IP:2251 - Analog_Filter not found: check if there is a RefParameter without a condition.
2025-02-15 16:59:55,307 [WARN] IP:2251 - I2C_Coeff_DF not found: check if there is a RefParameter without a condition.
2025-02-15 16:59:55,307 [WARN] IP:2251 - Analog_Filter not found: check if there is a RefParameter without a condition.
2025-02-15 16:59:55,308 [WARN] IP:2251 - I2C_Coeff_DF not found: check if there is a RefParameter without a condition.
2025-02-15 16:59:55,308 [WARN] IP:2251 - Analog_Filter not found: check if there is a RefParameter without a condition.
2025-02-15 16:59:55,335 [WARN] IP:2251 - I2C_Coeff_DF not found: check if there is a RefParameter without a condition.
2025-02-15 16:59:55,335 [WARN] IP:2251 - Analog_Filter not found: check if there is a RefParameter without a condition.
2025-02-15 16:59:55,336 [WARN] IP:2251 - I2C_Coeff_DF not found: check if there is a RefParameter without a condition.
2025-02-15 16:59:55,336 [WARN] IP:2251 - Analog_Filter not found: check if there is a RefParameter without a condition.
2025-02-15 17:00:21,822 [ERROR] LogOutputStream:75 - [STDERR_REDIRECT] Feb 15, 2025 5:00:21 PM java.util.prefs.FileSystemPreferences checkLockFile0ErrorCode
2025-02-15 17:00:21,822 [ERROR] LogOutputStream:75 - [STDERR_REDIRECT] WARNING: Could not lock System prefs. Unix error code 2.
2025-02-15 17:00:21,822 [ERROR] LogOutputStream:75 - [STDERR_REDIRECT] 
2025-02-15 17:00:21,822 [ERROR] LogOutputStream:75 - [STDERR_REDIRECT] Feb 15, 2025 5:00:21 PM java.util.prefs.FileSystemPreferences syncWorld
2025-02-15 17:00:21,822 [ERROR] LogOutputStream:75 - [STDERR_REDIRECT] WARNING: Couldn't flush system prefs: java.util.prefs.BackingStoreException: Couldn't get file lock.
2025-02-15 17:00:21,822 [ERROR] LogOutputStream:75 - [STDERR_REDIRECT] 
2025-02-15 17:00:22,345 [WARN] IP:2251 - I2C_Coeff_DF not found: check if there is a RefParameter without a condition.
2025-02-15 17:00:22,345 [WARN] IP:2251 - Analog_Filter not found: check if there is a RefParameter without a condition.
2025-02-15 17:00:22,346 [WARN] IP:2251 - I2C_Coeff_DF not found: check if there is a RefParameter without a condition.
2025-02-15 17:00:22,346 [WARN] IP:2251 - Analog_Filter not found: check if there is a RefParameter without a condition.
2025-02-15 17:00:22,347 [WARN] IP:2251 - I2C_Coeff_DF not found: check if there is a RefParameter without a condition.
2025-02-15 17:00:22,347 [WARN] IP:2251 - Analog_Filter not found: check if there is a RefParameter without a condition.
2025-02-15 17:00:22,347 [WARN] IP:2251 - I2C_Coeff_DF not found: check if there is a RefParameter without a condition.
2025-02-15 17:00:22,347 [WARN] IP:2251 - Analog_Filter not found: check if there is a RefParameter without a condition.
2025-02-15 17:00:22,371 [WARN] IP:2251 - I2C_Coeff_DF not found: check if there is a RefParameter without a condition.
2025-02-15 17:00:22,371 [WARN] IP:2251 - Analog_Filter not found: check if there is a RefParameter without a condition.
2025-02-15 17:00:22,372 [WARN] IP:2251 - I2C_Coeff_DF not found: check if there is a RefParameter without a condition.
2025-02-15 17:00:22,372 [WARN] IP:2251 - Analog_Filter not found: check if there is a RefParameter without a condition.
2025-02-15 17:00:22,414 [WARN] IP:2251 - I2C_Coeff_DF not found: check if there is a RefParameter without a condition.
2025-02-15 17:00:22,414 [WARN] IP:2251 - Analog_Filter not found: check if there is a RefParameter without a condition.
2025-02-15 17:00:22,416 [WARN] IP:2251 - I2C_Coeff_DF not found: check if there is a RefParameter without a condition.
2025-02-15 17:00:22,416 [WARN] IP:2251 - Analog_Filter not found: check if there is a RefParameter without a condition.
2025-02-15 17:00:51,823 [ERROR] LogOutputStream:75 - [STDERR_REDIRECT] Feb 15, 2025 5:00:51 PM java.util.prefs.FileSystemPreferences checkLockFile0ErrorCode
2025-02-15 17:00:51,823 [ERROR] LogOutputStream:75 - [STDERR_REDIRECT] WARNING: Could not lock System prefs. Unix error code 2.
2025-02-15 17:00:51,823 [ERROR] LogOutputStream:75 - [STDERR_REDIRECT] 
2025-02-15 17:00:51,823 [ERROR] LogOutputStream:75 - [STDERR_REDIRECT] Feb 15, 2025 5:00:51 PM java.util.prefs.FileSystemPreferences syncWorld
2025-02-15 17:00:51,823 [ERROR] LogOutputStream:75 - [STDERR_REDIRECT] WARNING: Couldn't flush system prefs: java.util.prefs.BackingStoreException: Couldn't get file lock.
2025-02-15 17:00:51,823 [ERROR] LogOutputStream:75 - [STDERR_REDIRECT] 
2025-02-15 17:01:21,822 [ERROR] LogOutputStream:75 - [STDERR_REDIRECT] Feb 15, 2025 5:01:21 PM java.util.prefs.FileSystemPreferences checkLockFile0ErrorCode
2025-02-15 17:01:21,822 [ERROR] LogOutputStream:75 - [STDERR_REDIRECT] WARNING: Could not lock System prefs. Unix error code 2.
2025-02-15 17:01:21,822 [ERROR] LogOutputStream:75 - [STDERR_REDIRECT] 
2025-02-15 17:01:21,822 [ERROR] LogOutputStream:75 - [STDERR_REDIRECT] Feb 15, 2025 5:01:21 PM java.util.prefs.FileSystemPreferences syncWorld
2025-02-15 17:01:21,822 [ERROR] LogOutputStream:75 - [STDERR_REDIRECT] WARNING: Couldn't flush system prefs: java.util.prefs.BackingStoreException: Couldn't get file lock.
2025-02-15 17:01:21,822 [ERROR] LogOutputStream:75 - [STDERR_REDIRECT] 
2025-02-15 17:01:51,822 [ERROR] LogOutputStream:75 - [STDERR_REDIRECT] Feb 15, 2025 5:01:51 PM java.util.prefs.FileSystemPreferences checkLockFile0ErrorCode
2025-02-15 17:01:51,822 [ERROR] LogOutputStream:75 - [STDERR_REDIRECT] WARNING: Could not lock System prefs. Unix error code 2.
2025-02-15 17:01:51,828 [ERROR] LogOutputStream:75 - [STDERR_REDIRECT] 
2025-02-15 17:01:51,829 [ERROR] LogOutputStream:75 - [STDERR_REDIRECT] Feb 15, 2025 5:01:51 PM java.util.prefs.FileSystemPreferences syncWorld
2025-02-15 17:01:51,829 [ERROR] LogOutputStream:75 - [STDERR_REDIRECT] WARNING: Couldn't flush system prefs: java.util.prefs.BackingStoreException: Couldn't get file lock.
2025-02-15 17:01:51,829 [ERROR] LogOutputStream:75 - [STDERR_REDIRECT] 
2025-02-15 17:02:21,822 [ERROR] LogOutputStream:75 - [STDERR_REDIRECT] Feb 15, 2025 5:02:21 PM java.util.prefs.FileSystemPreferences checkLockFile0ErrorCode
2025-02-15 17:02:21,822 [ERROR] LogOutputStream:75 - [STDERR_REDIRECT] WARNING: Could not lock System prefs. Unix error code 2.
2025-02-15 17:02:21,822 [ERROR] LogOutputStream:75 - [STDERR_REDIRECT] 
2025-02-15 17:02:21,822 [ERROR] LogOutputStream:75 - [STDERR_REDIRECT] Feb 15, 2025 5:02:21 PM java.util.prefs.FileSystemPreferences syncWorld
2025-02-15 17:02:21,822 [ERROR] LogOutputStream:75 - [STDERR_REDIRECT] WARNING: Couldn't flush system prefs: java.util.prefs.BackingStoreException: Couldn't get file lock.
2025-02-15 17:02:21,823 [ERROR] LogOutputStream:75 - [STDERR_REDIRECT] 
2025-02-15 17:02:40,729 [INFO] Mcu:1691 - InternalPropertyChange: try BijectiveRequest:PWM Generation CH1
2025-02-15 17:02:51,823 [ERROR] LogOutputStream:75 - [STDERR_REDIRECT] Feb 15, 2025 5:02:51 PM java.util.prefs.FileSystemPreferences checkLockFile0ErrorCode
2025-02-15 17:02:51,823 [ERROR] LogOutputStream:75 - [STDERR_REDIRECT] WARNING: Could not lock System prefs. Unix error code 2.
2025-02-15 17:02:51,823 [ERROR] LogOutputStream:75 - [STDERR_REDIRECT] 
2025-02-15 17:02:51,824 [ERROR] LogOutputStream:75 - [STDERR_REDIRECT] Feb 15, 2025 5:02:51 PM java.util.prefs.FileSystemPreferences syncWorld
2025-02-15 17:02:51,824 [ERROR] LogOutputStream:75 - [STDERR_REDIRECT] WARNING: Couldn't flush system prefs: java.util.prefs.BackingStoreException: Couldn't get file lock.
2025-02-15 17:02:51,824 [ERROR] LogOutputStream:75 - [STDERR_REDIRECT] 
2025-02-15 17:03:21,824 [ERROR] LogOutputStream:75 - [STDERR_REDIRECT] Feb 15, 2025 5:03:21 PM java.util.prefs.FileSystemPreferences checkLockFile0ErrorCode
2025-02-15 17:03:21,824 [ERROR] LogOutputStream:75 - [STDERR_REDIRECT] WARNING: Could not lock System prefs. Unix error code 2.
2025-02-15 17:03:21,824 [ERROR] LogOutputStream:75 - [STDERR_REDIRECT] 
2025-02-15 17:03:21,824 [ERROR] LogOutputStream:75 - [STDERR_REDIRECT] Feb 15, 2025 5:03:21 PM java.util.prefs.FileSystemPreferences syncWorld
2025-02-15 17:03:21,824 [ERROR] LogOutputStream:75 - [STDERR_REDIRECT] WARNING: Couldn't flush system prefs: java.util.prefs.BackingStoreException: Couldn't get file lock.
2025-02-15 17:03:21,824 [ERROR] LogOutputStream:75 - [STDERR_REDIRECT] 
2025-02-15 17:03:51,823 [ERROR] LogOutputStream:75 - [STDERR_REDIRECT] Feb 15, 2025 5:03:51 PM java.util.prefs.FileSystemPreferences checkLockFile0ErrorCode
2025-02-15 17:03:51,823 [ERROR] LogOutputStream:75 - [STDERR_REDIRECT] WARNING: Could not lock System prefs. Unix error code 2.
2025-02-15 17:03:51,823 [ERROR] LogOutputStream:75 - [STDERR_REDIRECT] 
2025-02-15 17:03:51,823 [ERROR] LogOutputStream:75 - [STDERR_REDIRECT] Feb 15, 2025 5:03:51 PM java.util.prefs.FileSystemPreferences syncWorld
2025-02-15 17:03:51,824 [ERROR] LogOutputStream:75 - [STDERR_REDIRECT] WARNING: Couldn't flush system prefs: java.util.prefs.BackingStoreException: Couldn't get file lock.
2025-02-15 17:03:51,824 [ERROR] LogOutputStream:75 - [STDERR_REDIRECT] 
2025-02-15 17:04:04,813 [WARN] IP:2251 - I2C_Coeff_DF not found: check if there is a RefParameter without a condition.
2025-02-15 17:04:04,813 [WARN] IP:2251 - Analog_Filter not found: check if there is a RefParameter without a condition.
2025-02-15 17:04:04,813 [WARN] IP:2251 - I2C_Coeff_DF not found: check if there is a RefParameter without a condition.
2025-02-15 17:04:04,813 [WARN] IP:2251 - Analog_Filter not found: check if there is a RefParameter without a condition.
2025-02-15 17:04:04,814 [WARN] IP:2251 - I2C_Coeff_DF not found: check if there is a RefParameter without a condition.
2025-02-15 17:04:04,814 [WARN] IP:2251 - Analog_Filter not found: check if there is a RefParameter without a condition.
2025-02-15 17:04:04,815 [WARN] IP:2251 - I2C_Coeff_DF not found: check if there is a RefParameter without a condition.
2025-02-15 17:04:04,815 [WARN] IP:2251 - Analog_Filter not found: check if there is a RefParameter without a condition.
2025-02-15 17:04:04,843 [WARN] IP:2251 - I2C_Coeff_DF not found: check if there is a RefParameter without a condition.
2025-02-15 17:04:04,843 [WARN] IP:2251 - Analog_Filter not found: check if there is a RefParameter without a condition.
2025-02-15 17:04:04,843 [WARN] IP:2251 - I2C_Coeff_DF not found: check if there is a RefParameter without a condition.
2025-02-15 17:04:04,844 [WARN] IP:2251 - Analog_Filter not found: check if there is a RefParameter without a condition.
2025-02-15 17:04:04,871 [WARN] IP:2251 - I2C_Coeff_DF not found: check if there is a RefParameter without a condition.
2025-02-15 17:04:04,871 [WARN] IP:2251 - Analog_Filter not found: check if there is a RefParameter without a condition.
2025-02-15 17:04:04,872 [WARN] IP:2251 - I2C_Coeff_DF not found: check if there is a RefParameter without a condition.
2025-02-15 17:04:04,872 [WARN] IP:2251 - Analog_Filter not found: check if there is a RefParameter without a condition.
2025-02-15 17:04:21,823 [ERROR] LogOutputStream:75 - [STDERR_REDIRECT] Feb 15, 2025 5:04:21 PM java.util.prefs.FileSystemPreferences checkLockFile0ErrorCode
2025-02-15 17:04:21,823 [ERROR] LogOutputStream:75 - [STDERR_REDIRECT] WARNING: Could not lock System prefs. Unix error code 2.
2025-02-15 17:04:21,823 [ERROR] LogOutputStream:75 - [STDERR_REDIRECT] 
2025-02-15 17:04:21,823 [ERROR] LogOutputStream:75 - [STDERR_REDIRECT] Feb 15, 2025 5:04:21 PM java.util.prefs.FileSystemPreferences syncWorld
2025-02-15 17:04:21,823 [ERROR] LogOutputStream:75 - [STDERR_REDIRECT] WARNING: Couldn't flush system prefs: java.util.prefs.BackingStoreException: Couldn't get file lock.
2025-02-15 17:04:21,823 [ERROR] LogOutputStream:75 - [STDERR_REDIRECT] 
2025-02-15 17:04:24,120 [WARN] IP:2251 - I2C_Coeff_DF not found: check if there is a RefParameter without a condition.
2025-02-15 17:04:24,120 [WARN] IP:2251 - Analog_Filter not found: check if there is a RefParameter without a condition.
2025-02-15 17:04:26,388 [WARN] IP:2251 - I2C_Coeff_DF not found: check if there is a RefParameter without a condition.
2025-02-15 17:04:26,388 [WARN] IP:2251 - Analog_Filter not found: check if there is a RefParameter without a condition.
2025-02-15 17:04:26,388 [WARN] IP:2251 - I2C_Coeff_DF not found: check if there is a RefParameter without a condition.
2025-02-15 17:04:26,388 [WARN] IP:2251 - Analog_Filter not found: check if there is a RefParameter without a condition.
2025-02-15 17:04:26,419 [WARN] IP:2251 - I2C_Coeff_DF not found: check if there is a RefParameter without a condition.
2025-02-15 17:04:26,419 [WARN] IP:2251 - Analog_Filter not found: check if there is a RefParameter without a condition.
2025-02-15 17:04:29,384 [WARN] IP:2251 - I2C_Coeff_DF not found: check if there is a RefParameter without a condition.
2025-02-15 17:04:29,384 [WARN] IP:2251 - Analog_Filter not found: check if there is a RefParameter without a condition.
2025-02-15 17:04:31,790 [WARN] IP:2251 - I2C_Coeff_DF not found: check if there is a RefParameter without a condition.
2025-02-15 17:04:31,790 [WARN] IP:2251 - Analog_Filter not found: check if there is a RefParameter without a condition.
2025-02-15 17:04:31,790 [WARN] IP:2251 - I2C_Coeff_DF not found: check if there is a RefParameter without a condition.
2025-02-15 17:04:31,790 [WARN] IP:2251 - Analog_Filter not found: check if there is a RefParameter without a condition.
2025-02-15 17:04:31,819 [WARN] IP:2251 - I2C_Coeff_DF not found: check if there is a RefParameter without a condition.
2025-02-15 17:04:31,820 [WARN] IP:2251 - Analog_Filter not found: check if there is a RefParameter without a condition.
2025-02-15 17:04:51,824 [ERROR] LogOutputStream:75 - [STDERR_REDIRECT] Feb 15, 2025 5:04:51 PM java.util.prefs.FileSystemPreferences checkLockFile0ErrorCode
2025-02-15 17:04:51,824 [ERROR] LogOutputStream:75 - [STDERR_REDIRECT] WARNING: Could not lock System prefs. Unix error code 2.
2025-02-15 17:04:51,824 [ERROR] LogOutputStream:75 - [STDERR_REDIRECT] 
2025-02-15 17:04:51,825 [ERROR] LogOutputStream:75 - [STDERR_REDIRECT] Feb 15, 2025 5:04:51 PM java.util.prefs.FileSystemPreferences syncWorld
2025-02-15 17:04:51,825 [ERROR] LogOutputStream:75 - [STDERR_REDIRECT] WARNING: Couldn't flush system prefs: java.util.prefs.BackingStoreException: Couldn't get file lock.
2025-02-15 17:04:51,825 [ERROR] LogOutputStream:75 - [STDERR_REDIRECT] 
2025-02-15 17:05:21,822 [ERROR] LogOutputStream:75 - [STDERR_REDIRECT] Feb 15, 2025 5:05:21 PM java.util.prefs.FileSystemPreferences checkLockFile0ErrorCode
2025-02-15 17:05:21,822 [ERROR] LogOutputStream:75 - [STDERR_REDIRECT] WARNING: Could not lock System prefs. Unix error code 2.
2025-02-15 17:05:21,823 [ERROR] LogOutputStream:75 - [STDERR_REDIRECT] 
2025-02-15 17:05:21,823 [ERROR] LogOutputStream:75 - [STDERR_REDIRECT] Feb 15, 2025 5:05:21 PM java.util.prefs.FileSystemPreferences syncWorld
2025-02-15 17:05:21,823 [ERROR] LogOutputStream:75 - [STDERR_REDIRECT] WARNING: Couldn't flush system prefs: java.util.prefs.BackingStoreException: Couldn't get file lock.
2025-02-15 17:05:21,823 [ERROR] LogOutputStream:75 - [STDERR_REDIRECT] 
2025-02-15 17:05:51,822 [ERROR] LogOutputStream:75 - [STDERR_REDIRECT] Feb 15, 2025 5:05:51 PM java.util.prefs.FileSystemPreferences checkLockFile0ErrorCode
2025-02-15 17:05:51,822 [ERROR] LogOutputStream:75 - [STDERR_REDIRECT] WARNING: Could not lock System prefs. Unix error code 2.
2025-02-15 17:05:51,822 [ERROR] LogOutputStream:75 - [STDERR_REDIRECT] 
2025-02-15 17:05:51,823 [ERROR] LogOutputStream:75 - [STDERR_REDIRECT] Feb 15, 2025 5:05:51 PM java.util.prefs.FileSystemPreferences syncWorld
2025-02-15 17:05:51,823 [ERROR] LogOutputStream:75 - [STDERR_REDIRECT] WARNING: Couldn't flush system prefs: java.util.prefs.BackingStoreException: Couldn't get file lock.
2025-02-15 17:05:51,823 [ERROR] LogOutputStream:75 - [STDERR_REDIRECT] 
2025-02-15 17:06:21,822 [ERROR] LogOutputStream:75 - [STDERR_REDIRECT] Feb 15, 2025 5:06:21 PM java.util.prefs.FileSystemPreferences checkLockFile0ErrorCode
2025-02-15 17:06:21,822 [ERROR] LogOutputStream:75 - [STDERR_REDIRECT] WARNING: Could not lock System prefs. Unix error code 2.
2025-02-15 17:06:21,823 [ERROR] LogOutputStream:75 - [STDERR_REDIRECT] 
2025-02-15 17:06:21,823 [ERROR] LogOutputStream:75 - [STDERR_REDIRECT] Feb 15, 2025 5:06:21 PM java.util.prefs.FileSystemPreferences syncWorld
2025-02-15 17:06:21,823 [ERROR] LogOutputStream:75 - [STDERR_REDIRECT] WARNING: Couldn't flush system prefs: java.util.prefs.BackingStoreException: Couldn't get file lock.
2025-02-15 17:06:21,823 [ERROR] LogOutputStream:75 - [STDERR_REDIRECT] 
2025-02-15 17:06:51,823 [ERROR] LogOutputStream:75 - [STDERR_REDIRECT] Feb 15, 2025 5:06:51 PM java.util.prefs.FileSystemPreferences checkLockFile0ErrorCode
2025-02-15 17:06:51,823 [ERROR] LogOutputStream:75 - [STDERR_REDIRECT] WARNING: Could not lock System prefs. Unix error code 2.
2025-02-15 17:06:51,823 [ERROR] LogOutputStream:75 - [STDERR_REDIRECT] 
2025-02-15 17:06:51,823 [ERROR] LogOutputStream:75 - [STDERR_REDIRECT] Feb 15, 2025 5:06:51 PM java.util.prefs.FileSystemPreferences syncWorld
2025-02-15 17:06:51,824 [ERROR] LogOutputStream:75 - [STDERR_REDIRECT] WARNING: Couldn't flush system prefs: java.util.prefs.BackingStoreException: Couldn't get file lock.
2025-02-15 17:06:51,824 [ERROR] LogOutputStream:75 - [STDERR_REDIRECT] 
2025-02-15 17:07:21,822 [ERROR] LogOutputStream:75 - [STDERR_REDIRECT] Feb 15, 2025 5:07:21 PM java.util.prefs.FileSystemPreferences checkLockFile0ErrorCode
2025-02-15 17:07:21,822 [ERROR] LogOutputStream:75 - [STDERR_REDIRECT] WARNING: Could not lock System prefs. Unix error code 2.
2025-02-15 17:07:21,822 [ERROR] LogOutputStream:75 - [STDERR_REDIRECT] 
2025-02-15 17:07:21,823 [ERROR] LogOutputStream:75 - [STDERR_REDIRECT] Feb 15, 2025 5:07:21 PM java.util.prefs.FileSystemPreferences syncWorld
2025-02-15 17:07:21,823 [ERROR] LogOutputStream:75 - [STDERR_REDIRECT] WARNING: Couldn't flush system prefs: java.util.prefs.BackingStoreException: Couldn't get file lock.
2025-02-15 17:07:21,823 [ERROR] LogOutputStream:75 - [STDERR_REDIRECT] 
2025-02-15 17:07:51,822 [ERROR] LogOutputStream:75 - [STDERR_REDIRECT] Feb 15, 2025 5:07:51 PM java.util.prefs.FileSystemPreferences checkLockFile0ErrorCode
2025-02-15 17:07:51,822 [ERROR] LogOutputStream:75 - [STDERR_REDIRECT] WARNING: Could not lock System prefs. Unix error code 2.
2025-02-15 17:07:51,822 [ERROR] LogOutputStream:75 - [STDERR_REDIRECT] 
2025-02-15 17:07:51,823 [ERROR] LogOutputStream:75 - [STDERR_REDIRECT] Feb 15, 2025 5:07:51 PM java.util.prefs.FileSystemPreferences syncWorld
2025-02-15 17:07:51,823 [ERROR] LogOutputStream:75 - [STDERR_REDIRECT] WARNING: Couldn't flush system prefs: java.util.prefs.BackingStoreException: Couldn't get file lock.
2025-02-15 17:07:51,823 [ERROR] LogOutputStream:75 - [STDERR_REDIRECT] 
2025-02-15 17:08:21,822 [ERROR] LogOutputStream:75 - [STDERR_REDIRECT] Feb 15, 2025 5:08:21 PM java.util.prefs.FileSystemPreferences checkLockFile0ErrorCode
2025-02-15 17:08:21,822 [ERROR] LogOutputStream:75 - [STDERR_REDIRECT] WARNING: Could not lock System prefs. Unix error code 2.
2025-02-15 17:08:21,822 [ERROR] LogOutputStream:75 - [STDERR_REDIRECT] 
2025-02-15 17:08:21,822 [ERROR] LogOutputStream:75 - [STDERR_REDIRECT] Feb 15, 2025 5:08:21 PM java.util.prefs.FileSystemPreferences syncWorld
2025-02-15 17:08:21,823 [ERROR] LogOutputStream:75 - [STDERR_REDIRECT] WARNING: Couldn't flush system prefs: java.util.prefs.BackingStoreException: Couldn't get file lock.
2025-02-15 17:08:21,823 [ERROR] LogOutputStream:75 - [STDERR_REDIRECT] 
2025-02-15 17:08:51,822 [ERROR] LogOutputStream:75 - [STDERR_REDIRECT] Feb 15, 2025 5:08:51 PM java.util.prefs.FileSystemPreferences checkLockFile0ErrorCode
2025-02-15 17:08:51,822 [ERROR] LogOutputStream:75 - [STDERR_REDIRECT] WARNING: Could not lock System prefs. Unix error code 2.
2025-02-15 17:08:51,822 [ERROR] LogOutputStream:75 - [STDERR_REDIRECT] 
2025-02-15 17:08:51,822 [ERROR] LogOutputStream:75 - [STDERR_REDIRECT] Feb 15, 2025 5:08:51 PM java.util.prefs.FileSystemPreferences syncWorld
2025-02-15 17:08:51,822 [ERROR] LogOutputStream:75 - [STDERR_REDIRECT] WARNING: Couldn't flush system prefs: java.util.prefs.BackingStoreException: Couldn't get file lock.
2025-02-15 17:08:51,822 [ERROR] LogOutputStream:75 - [STDERR_REDIRECT] 
2025-02-15 17:09:21,823 [ERROR] LogOutputStream:75 - [STDERR_REDIRECT] Feb 15, 2025 5:09:21 PM java.util.prefs.FileSystemPreferences checkLockFile0ErrorCode
2025-02-15 17:09:21,823 [ERROR] LogOutputStream:75 - [STDERR_REDIRECT] WARNING: Could not lock System prefs. Unix error code 2.
2025-02-15 17:09:21,823 [ERROR] LogOutputStream:75 - [STDERR_REDIRECT] 
2025-02-15 17:09:21,823 [ERROR] LogOutputStream:75 - [STDERR_REDIRECT] Feb 15, 2025 5:09:21 PM java.util.prefs.FileSystemPreferences syncWorld
2025-02-15 17:09:21,823 [ERROR] LogOutputStream:75 - [STDERR_REDIRECT] WARNING: Couldn't flush system prefs: java.util.prefs.BackingStoreException: Couldn't get file lock.
2025-02-15 17:09:21,823 [ERROR] LogOutputStream:75 - [STDERR_REDIRECT] 
2025-02-15 17:09:51,822 [ERROR] LogOutputStream:75 - [STDERR_REDIRECT] Feb 15, 2025 5:09:51 PM java.util.prefs.FileSystemPreferences checkLockFile0ErrorCode
2025-02-15 17:09:51,822 [ERROR] LogOutputStream:75 - [STDERR_REDIRECT] WARNING: Could not lock System prefs. Unix error code 2.
2025-02-15 17:09:51,822 [ERROR] LogOutputStream:75 - [STDERR_REDIRECT] 
2025-02-15 17:09:51,823 [ERROR] LogOutputStream:75 - [STDERR_REDIRECT] Feb 15, 2025 5:09:51 PM java.util.prefs.FileSystemPreferences syncWorld
2025-02-15 17:09:51,823 [ERROR] LogOutputStream:75 - [STDERR_REDIRECT] WARNING: Couldn't flush system prefs: java.util.prefs.BackingStoreException: Couldn't get file lock.
2025-02-15 17:09:51,823 [ERROR] LogOutputStream:75 - [STDERR_REDIRECT] 
2025-02-15 17:10:21,822 [ERROR] LogOutputStream:75 - [STDERR_REDIRECT] Feb 15, 2025 5:10:21 PM java.util.prefs.FileSystemPreferences checkLockFile0ErrorCode
2025-02-15 17:10:21,822 [ERROR] LogOutputStream:75 - [STDERR_REDIRECT] WARNING: Could not lock System prefs. Unix error code 2.
2025-02-15 17:10:21,822 [ERROR] LogOutputStream:75 - [STDERR_REDIRECT] 
2025-02-15 17:10:21,822 [ERROR] LogOutputStream:75 - [STDERR_REDIRECT] Feb 15, 2025 5:10:21 PM java.util.prefs.FileSystemPreferences syncWorld
2025-02-15 17:10:21,822 [ERROR] LogOutputStream:75 - [STDERR_REDIRECT] WARNING: Couldn't flush system prefs: java.util.prefs.BackingStoreException: Couldn't get file lock.
2025-02-15 17:10:21,822 [ERROR] LogOutputStream:75 - [STDERR_REDIRECT] 
2025-02-15 17:10:51,823 [ERROR] LogOutputStream:75 - [STDERR_REDIRECT] Feb 15, 2025 5:10:51 PM java.util.prefs.FileSystemPreferences checkLockFile0ErrorCode
2025-02-15 17:10:51,823 [ERROR] LogOutputStream:75 - [STDERR_REDIRECT] WARNING: Could not lock System prefs. Unix error code 2.
2025-02-15 17:10:51,823 [ERROR] LogOutputStream:75 - [STDERR_REDIRECT] 
2025-02-15 17:10:51,823 [ERROR] LogOutputStream:75 - [STDERR_REDIRECT] Feb 15, 2025 5:10:51 PM java.util.prefs.FileSystemPreferences syncWorld
2025-02-15 17:10:51,823 [ERROR] LogOutputStream:75 - [STDERR_REDIRECT] WARNING: Couldn't flush system prefs: java.util.prefs.BackingStoreException: Couldn't get file lock.
2025-02-15 17:10:51,823 [ERROR] LogOutputStream:75 - [STDERR_REDIRECT] 
2025-02-15 17:11:21,822 [ERROR] LogOutputStream:75 - [STDERR_REDIRECT] Feb 15, 2025 5:11:21 PM java.util.prefs.FileSystemPreferences checkLockFile0ErrorCode
2025-02-15 17:11:21,823 [ERROR] LogOutputStream:75 - [STDERR_REDIRECT] WARNING: Could not lock System prefs. Unix error code 2.
2025-02-15 17:11:21,829 [ERROR] LogOutputStream:75 - [STDERR_REDIRECT] 
2025-02-15 17:11:21,829 [ERROR] LogOutputStream:75 - [STDERR_REDIRECT] Feb 15, 2025 5:11:21 PM java.util.prefs.FileSystemPreferences syncWorld
2025-02-15 17:11:21,829 [ERROR] LogOutputStream:75 - [STDERR_REDIRECT] WARNING: Couldn't flush system prefs: java.util.prefs.BackingStoreException: Couldn't get file lock.
2025-02-15 17:11:21,830 [ERROR] LogOutputStream:75 - [STDERR_REDIRECT] 
2025-02-15 17:11:51,822 [ERROR] LogOutputStream:75 - [STDERR_REDIRECT] Feb 15, 2025 5:11:51 PM java.util.prefs.FileSystemPreferences checkLockFile0ErrorCode
2025-02-15 17:11:51,822 [ERROR] LogOutputStream:75 - [STDERR_REDIRECT] WARNING: Could not lock System prefs. Unix error code 2.
2025-02-15 17:11:51,822 [ERROR] LogOutputStream:75 - [STDERR_REDIRECT] 
2025-02-15 17:11:51,822 [ERROR] LogOutputStream:75 - [STDERR_REDIRECT] Feb 15, 2025 5:11:51 PM java.util.prefs.FileSystemPreferences syncWorld
2025-02-15 17:11:51,822 [ERROR] LogOutputStream:75 - [STDERR_REDIRECT] WARNING: Couldn't flush system prefs: java.util.prefs.BackingStoreException: Couldn't get file lock.
2025-02-15 17:11:51,822 [ERROR] LogOutputStream:75 - [STDERR_REDIRECT] 
2025-02-15 17:12:21,822 [ERROR] LogOutputStream:75 - [STDERR_REDIRECT] Feb 15, 2025 5:12:21 PM java.util.prefs.FileSystemPreferences checkLockFile0ErrorCode
2025-02-15 17:12:21,823 [ERROR] LogOutputStream:75 - [STDERR_REDIRECT] WARNING: Could not lock System prefs. Unix error code 2.
2025-02-15 17:12:21,823 [ERROR] LogOutputStream:75 - [STDERR_REDIRECT] 
2025-02-15 17:12:21,823 [ERROR] LogOutputStream:75 - [STDERR_REDIRECT] Feb 15, 2025 5:12:21 PM java.util.prefs.FileSystemPreferences syncWorld
2025-02-15 17:12:21,823 [ERROR] LogOutputStream:75 - [STDERR_REDIRECT] WARNING: Couldn't flush system prefs: java.util.prefs.BackingStoreException: Couldn't get file lock.
2025-02-15 17:12:21,823 [ERROR] LogOutputStream:75 - [STDERR_REDIRECT] 
2025-02-15 17:12:51,822 [ERROR] LogOutputStream:75 - [STDERR_REDIRECT] Feb 15, 2025 5:12:51 PM java.util.prefs.FileSystemPreferences checkLockFile0ErrorCode
2025-02-15 17:12:51,822 [ERROR] LogOutputStream:75 - [STDERR_REDIRECT] WARNING: Could not lock System prefs. Unix error code 2.
2025-02-15 17:12:51,822 [ERROR] LogOutputStream:75 - [STDERR_REDIRECT] 
2025-02-15 17:12:51,823 [ERROR] LogOutputStream:75 - [STDERR_REDIRECT] Feb 15, 2025 5:12:51 PM java.util.prefs.FileSystemPreferences syncWorld
2025-02-15 17:12:51,823 [ERROR] LogOutputStream:75 - [STDERR_REDIRECT] WARNING: Couldn't flush system prefs: java.util.prefs.BackingStoreException: Couldn't get file lock.
2025-02-15 17:12:51,823 [ERROR] LogOutputStream:75 - [STDERR_REDIRECT] 
2025-02-15 17:13:21,822 [ERROR] LogOutputStream:75 - [STDERR_REDIRECT] Feb 15, 2025 5:13:21 PM java.util.prefs.FileSystemPreferences checkLockFile0ErrorCode
2025-02-15 17:13:21,822 [ERROR] LogOutputStream:75 - [STDERR_REDIRECT] WARNING: Could not lock System prefs. Unix error code 2.
2025-02-15 17:13:21,822 [ERROR] LogOutputStream:75 - [STDERR_REDIRECT] 
2025-02-15 17:13:21,822 [ERROR] LogOutputStream:75 - [STDERR_REDIRECT] Feb 15, 2025 5:13:21 PM java.util.prefs.FileSystemPreferences syncWorld
2025-02-15 17:13:21,822 [ERROR] LogOutputStream:75 - [STDERR_REDIRECT] WARNING: Couldn't flush system prefs: java.util.prefs.BackingStoreException: Couldn't get file lock.
2025-02-15 17:13:21,823 [ERROR] LogOutputStream:75 - [STDERR_REDIRECT] 
2025-02-15 17:13:51,822 [ERROR] LogOutputStream:75 - [STDERR_REDIRECT] Feb 15, 2025 5:13:51 PM java.util.prefs.FileSystemPreferences checkLockFile0ErrorCode
2025-02-15 17:13:51,822 [ERROR] LogOutputStream:75 - [STDERR_REDIRECT] WARNING: Could not lock System prefs. Unix error code 2.
2025-02-15 17:13:51,822 [ERROR] LogOutputStream:75 - [STDERR_REDIRECT] 
2025-02-15 17:13:51,822 [ERROR] LogOutputStream:75 - [STDERR_REDIRECT] Feb 15, 2025 5:13:51 PM java.util.prefs.FileSystemPreferences syncWorld
2025-02-15 17:13:51,822 [ERROR] LogOutputStream:75 - [STDERR_REDIRECT] WARNING: Couldn't flush system prefs: java.util.prefs.BackingStoreException: Couldn't get file lock.
2025-02-15 17:13:51,822 [ERROR] LogOutputStream:75 - [STDERR_REDIRECT] 
2025-02-15 17:14:21,822 [ERROR] LogOutputStream:75 - [STDERR_REDIRECT] Feb 15, 2025 5:14:21 PM java.util.prefs.FileSystemPreferences checkLockFile0ErrorCode
2025-02-15 17:14:21,823 [ERROR] LogOutputStream:75 - [STDERR_REDIRECT] WARNING: Could not lock System prefs. Unix error code 2.
2025-02-15 17:14:21,823 [ERROR] LogOutputStream:75 - [STDERR_REDIRECT] 
2025-02-15 17:14:21,823 [ERROR] LogOutputStream:75 - [STDERR_REDIRECT] Feb 15, 2025 5:14:21 PM java.util.prefs.FileSystemPreferences syncWorld
2025-02-15 17:14:21,823 [ERROR] LogOutputStream:75 - [STDERR_REDIRECT] WARNING: Couldn't flush system prefs: java.util.prefs.BackingStoreException: Couldn't get file lock.
2025-02-15 17:14:21,823 [ERROR] LogOutputStream:75 - [STDERR_REDIRECT] 
2025-02-15 17:14:51,822 [ERROR] LogOutputStream:75 - [STDERR_REDIRECT] Feb 15, 2025 5:14:51 PM java.util.prefs.FileSystemPreferences checkLockFile0ErrorCode
2025-02-15 17:14:51,822 [ERROR] LogOutputStream:75 - [STDERR_REDIRECT] WARNING: Could not lock System prefs. Unix error code 2.
2025-02-15 17:14:51,822 [ERROR] LogOutputStream:75 - [STDERR_REDIRECT] 
2025-02-15 17:14:51,822 [ERROR] LogOutputStream:75 - [STDERR_REDIRECT] Feb 15, 2025 5:14:51 PM java.util.prefs.FileSystemPreferences syncWorld
2025-02-15 17:14:51,823 [ERROR] LogOutputStream:75 - [STDERR_REDIRECT] WARNING: Couldn't flush system prefs: java.util.prefs.BackingStoreException: Couldn't get file lock.
2025-02-15 17:14:51,823 [ERROR] LogOutputStream:75 - [STDERR_REDIRECT] 
2025-02-15 17:15:21,822 [ERROR] LogOutputStream:75 - [STDERR_REDIRECT] Feb 15, 2025 5:15:21 PM java.util.prefs.FileSystemPreferences checkLockFile0ErrorCode
2025-02-15 17:15:21,822 [ERROR] LogOutputStream:75 - [STDERR_REDIRECT] WARNING: Could not lock System prefs. Unix error code 2.
2025-02-15 17:15:21,822 [ERROR] LogOutputStream:75 - [STDERR_REDIRECT] 
2025-02-15 17:15:21,822 [ERROR] LogOutputStream:75 - [STDERR_REDIRECT] Feb 15, 2025 5:15:21 PM java.util.prefs.FileSystemPreferences syncWorld
2025-02-15 17:15:21,822 [ERROR] LogOutputStream:75 - [STDERR_REDIRECT] WARNING: Couldn't flush system prefs: java.util.prefs.BackingStoreException: Couldn't get file lock.
2025-02-15 17:15:21,822 [ERROR] LogOutputStream:75 - [STDERR_REDIRECT] 
2025-02-15 17:15:51,823 [ERROR] LogOutputStream:75 - [STDERR_REDIRECT] Feb 15, 2025 5:15:51 PM java.util.prefs.FileSystemPreferences checkLockFile0ErrorCode
2025-02-15 17:15:51,823 [ERROR] LogOutputStream:75 - [STDERR_REDIRECT] WARNING: Could not lock System prefs. Unix error code 2.
2025-02-15 17:15:51,823 [ERROR] LogOutputStream:75 - [STDERR_REDIRECT] 
2025-02-15 17:15:51,823 [ERROR] LogOutputStream:75 - [STDERR_REDIRECT] Feb 15, 2025 5:15:51 PM java.util.prefs.FileSystemPreferences syncWorld
2025-02-15 17:15:51,823 [ERROR] LogOutputStream:75 - [STDERR_REDIRECT] WARNING: Couldn't flush system prefs: java.util.prefs.BackingStoreException: Couldn't get file lock.
2025-02-15 17:15:51,823 [ERROR] LogOutputStream:75 - [STDERR_REDIRECT] 
2025-02-15 17:16:21,823 [ERROR] LogOutputStream:75 - [STDERR_REDIRECT] Feb 15, 2025 5:16:21 PM java.util.prefs.FileSystemPreferences checkLockFile0ErrorCode
2025-02-15 17:16:21,823 [ERROR] LogOutputStream:75 - [STDERR_REDIRECT] WARNING: Could not lock System prefs. Unix error code 2.
2025-02-15 17:16:21,830 [ERROR] LogOutputStream:75 - [STDERR_REDIRECT] 
2025-02-15 17:16:21,830 [ERROR] LogOutputStream:75 - [STDERR_REDIRECT] Feb 15, 2025 5:16:21 PM java.util.prefs.FileSystemPreferences syncWorld
2025-02-15 17:16:21,830 [ERROR] LogOutputStream:75 - [STDERR_REDIRECT] WARNING: Couldn't flush system prefs: java.util.prefs.BackingStoreException: Couldn't get file lock.
2025-02-15 17:16:21,830 [ERROR] LogOutputStream:75 - [STDERR_REDIRECT] 
2025-02-15 17:16:51,824 [ERROR] LogOutputStream:75 - [STDERR_REDIRECT] Feb 15, 2025 5:16:51 PM java.util.prefs.FileSystemPreferences checkLockFile0ErrorCode
2025-02-15 17:16:51,824 [ERROR] LogOutputStream:75 - [STDERR_REDIRECT] WARNING: Could not lock System prefs. Unix error code 2.
2025-02-15 17:16:51,824 [ERROR] LogOutputStream:75 - [STDERR_REDIRECT] 
2025-02-15 17:16:51,824 [ERROR] LogOutputStream:75 - [STDERR_REDIRECT] Feb 15, 2025 5:16:51 PM java.util.prefs.FileSystemPreferences syncWorld
2025-02-15 17:16:51,824 [ERROR] LogOutputStream:75 - [STDERR_REDIRECT] WARNING: Couldn't flush system prefs: java.util.prefs.BackingStoreException: Couldn't get file lock.
2025-02-15 17:16:51,825 [ERROR] LogOutputStream:75 - [STDERR_REDIRECT] 
2025-02-15 17:17:21,823 [ERROR] LogOutputStream:75 - [STDERR_REDIRECT] Feb 15, 2025 5:17:21 PM java.util.prefs.FileSystemPreferences checkLockFile0ErrorCode
2025-02-15 17:17:21,823 [ERROR] LogOutputStream:75 - [STDERR_REDIRECT] WARNING: Could not lock System prefs. Unix error code 2.
2025-02-15 17:17:21,823 [ERROR] LogOutputStream:75 - [STDERR_REDIRECT] 
2025-02-15 17:17:21,823 [ERROR] LogOutputStream:75 - [STDERR_REDIRECT] Feb 15, 2025 5:17:21 PM java.util.prefs.FileSystemPreferences syncWorld
2025-02-15 17:17:21,823 [ERROR] LogOutputStream:75 - [STDERR_REDIRECT] WARNING: Couldn't flush system prefs: java.util.prefs.BackingStoreException: Couldn't get file lock.
2025-02-15 17:17:21,823 [ERROR] LogOutputStream:75 - [STDERR_REDIRECT] 
2025-02-15 17:17:51,823 [ERROR] LogOutputStream:75 - [STDERR_REDIRECT] Feb 15, 2025 5:17:51 PM java.util.prefs.FileSystemPreferences checkLockFile0ErrorCode
2025-02-15 17:17:51,823 [ERROR] LogOutputStream:75 - [STDERR_REDIRECT] WARNING: Could not lock System prefs. Unix error code 2.
2025-02-15 17:17:51,824 [ERROR] LogOutputStream:75 - [STDERR_REDIRECT] 
2025-02-15 17:17:51,824 [ERROR] LogOutputStream:75 - [STDERR_REDIRECT] Feb 15, 2025 5:17:51 PM java.util.prefs.FileSystemPreferences syncWorld
2025-02-15 17:17:51,824 [ERROR] LogOutputStream:75 - [STDERR_REDIRECT] WARNING: Couldn't flush system prefs: java.util.prefs.BackingStoreException: Couldn't get file lock.
2025-02-15 17:17:51,824 [ERROR] LogOutputStream:75 - [STDERR_REDIRECT] 
2025-02-15 17:18:21,824 [ERROR] LogOutputStream:75 - [STDERR_REDIRECT] Feb 15, 2025 5:18:21 PM java.util.prefs.FileSystemPreferences checkLockFile0ErrorCode
2025-02-15 17:18:21,824 [ERROR] LogOutputStream:75 - [STDERR_REDIRECT] WARNING: Could not lock System prefs. Unix error code 2.
2025-02-15 17:18:21,824 [ERROR] LogOutputStream:75 - [STDERR_REDIRECT] 
2025-02-15 17:18:21,824 [ERROR] LogOutputStream:75 - [STDERR_REDIRECT] Feb 15, 2025 5:18:21 PM java.util.prefs.FileSystemPreferences syncWorld
2025-02-15 17:18:21,824 [ERROR] LogOutputStream:75 - [STDERR_REDIRECT] WARNING: Couldn't flush system prefs: java.util.prefs.BackingStoreException: Couldn't get file lock.
2025-02-15 17:18:21,824 [ERROR] LogOutputStream:75 - [STDERR_REDIRECT] 
2025-02-15 17:18:51,824 [ERROR] LogOutputStream:75 - [STDERR_REDIRECT] Feb 15, 2025 5:18:51 PM java.util.prefs.FileSystemPreferences checkLockFile0ErrorCode
2025-02-15 17:18:51,824 [ERROR] LogOutputStream:75 - [STDERR_REDIRECT] WARNING: Could not lock System prefs. Unix error code 2.
2025-02-15 17:18:51,824 [ERROR] LogOutputStream:75 - [STDERR_REDIRECT] 
2025-02-15 17:18:51,824 [ERROR] LogOutputStream:75 - [STDERR_REDIRECT] Feb 15, 2025 5:18:51 PM java.util.prefs.FileSystemPreferences syncWorld
2025-02-15 17:18:51,824 [ERROR] LogOutputStream:75 - [STDERR_REDIRECT] WARNING: Couldn't flush system prefs: java.util.prefs.BackingStoreException: Couldn't get file lock.
2025-02-15 17:18:51,824 [ERROR] LogOutputStream:75 - [STDERR_REDIRECT] 
2025-02-15 17:19:21,824 [ERROR] LogOutputStream:75 - [STDERR_REDIRECT] Feb 15, 2025 5:19:21 PM java.util.prefs.FileSystemPreferences checkLockFile0ErrorCode
2025-02-15 17:19:21,824 [ERROR] LogOutputStream:75 - [STDERR_REDIRECT] WARNING: Could not lock System prefs. Unix error code 2.
2025-02-15 17:19:21,825 [ERROR] LogOutputStream:75 - [STDERR_REDIRECT] 
2025-02-15 17:19:21,825 [ERROR] LogOutputStream:75 - [STDERR_REDIRECT] Feb 15, 2025 5:19:21 PM java.util.prefs.FileSystemPreferences syncWorld
2025-02-15 17:19:21,825 [ERROR] LogOutputStream:75 - [STDERR_REDIRECT] WARNING: Couldn't flush system prefs: java.util.prefs.BackingStoreException: Couldn't get file lock.
2025-02-15 17:19:21,825 [ERROR] LogOutputStream:75 - [STDERR_REDIRECT] 
2025-02-15 17:19:51,824 [ERROR] LogOutputStream:75 - [STDERR_REDIRECT] Feb 15, 2025 5:19:51 PM java.util.prefs.FileSystemPreferences checkLockFile0ErrorCode
2025-02-15 17:19:51,824 [ERROR] LogOutputStream:75 - [STDERR_REDIRECT] WARNING: Could not lock System prefs. Unix error code 2.
2025-02-15 17:19:51,824 [ERROR] LogOutputStream:75 - [STDERR_REDIRECT] 
2025-02-15 17:19:51,824 [ERROR] LogOutputStream:75 - [STDERR_REDIRECT] Feb 15, 2025 5:19:51 PM java.util.prefs.FileSystemPreferences syncWorld
2025-02-15 17:19:51,824 [ERROR] LogOutputStream:75 - [STDERR_REDIRECT] WARNING: Couldn't flush system prefs: java.util.prefs.BackingStoreException: Couldn't get file lock.
2025-02-15 17:19:51,824 [ERROR] LogOutputStream:75 - [STDERR_REDIRECT] 
2025-02-15 17:20:21,825 [ERROR] LogOutputStream:75 - [STDERR_REDIRECT] Feb 15, 2025 5:20:21 PM java.util.prefs.FileSystemPreferences checkLockFile0ErrorCode
2025-02-15 17:20:21,825 [ERROR] LogOutputStream:75 - [STDERR_REDIRECT] WARNING: Could not lock System prefs. Unix error code 2.
2025-02-15 17:20:21,825 [ERROR] LogOutputStream:75 - [STDERR_REDIRECT] 
2025-02-15 17:20:21,825 [ERROR] LogOutputStream:75 - [STDERR_REDIRECT] Feb 15, 2025 5:20:21 PM java.util.prefs.FileSystemPreferences syncWorld
2025-02-15 17:20:21,825 [ERROR] LogOutputStream:75 - [STDERR_REDIRECT] WARNING: Couldn't flush system prefs: java.util.prefs.BackingStoreException: Couldn't get file lock.
2025-02-15 17:20:21,825 [ERROR] LogOutputStream:75 - [STDERR_REDIRECT] 
2025-02-15 17:20:51,824 [ERROR] LogOutputStream:75 - [STDERR_REDIRECT] Feb 15, 2025 5:20:51 PM java.util.prefs.FileSystemPreferences checkLockFile0ErrorCode
2025-02-15 17:20:51,824 [ERROR] LogOutputStream:75 - [STDERR_REDIRECT] WARNING: Could not lock System prefs. Unix error code 2.
2025-02-15 17:20:51,824 [ERROR] LogOutputStream:75 - [STDERR_REDIRECT] 
2025-02-15 17:20:51,825 [ERROR] LogOutputStream:75 - [STDERR_REDIRECT] Feb 15, 2025 5:20:51 PM java.util.prefs.FileSystemPreferences syncWorld
2025-02-15 17:20:51,825 [ERROR] LogOutputStream:75 - [STDERR_REDIRECT] WARNING: Couldn't flush system prefs: java.util.prefs.BackingStoreException: Couldn't get file lock.
2025-02-15 17:20:51,825 [ERROR] LogOutputStream:75 - [STDERR_REDIRECT] 
2025-02-15 17:21:21,824 [ERROR] LogOutputStream:75 - [STDERR_REDIRECT] Feb 15, 2025 5:21:21 PM java.util.prefs.FileSystemPreferences checkLockFile0ErrorCode
2025-02-15 17:21:21,824 [ERROR] LogOutputStream:75 - [STDERR_REDIRECT] WARNING: Could not lock System prefs. Unix error code 2.
2025-02-15 17:21:21,824 [ERROR] LogOutputStream:75 - [STDERR_REDIRECT] 
2025-02-15 17:21:21,824 [ERROR] LogOutputStream:75 - [STDERR_REDIRECT] Feb 15, 2025 5:21:21 PM java.util.prefs.FileSystemPreferences syncWorld
2025-02-15 17:21:21,825 [ERROR] LogOutputStream:75 - [STDERR_REDIRECT] WARNING: Couldn't flush system prefs: java.util.prefs.BackingStoreException: Couldn't get file lock.
2025-02-15 17:21:21,825 [ERROR] LogOutputStream:75 - [STDERR_REDIRECT] 
2025-02-15 17:21:51,824 [ERROR] LogOutputStream:75 - [STDERR_REDIRECT] Feb 15, 2025 5:21:51 PM java.util.prefs.FileSystemPreferences checkLockFile0ErrorCode
2025-02-15 17:21:51,824 [ERROR] LogOutputStream:75 - [STDERR_REDIRECT] WARNING: Could not lock System prefs. Unix error code 2.
2025-02-15 17:21:51,824 [ERROR] LogOutputStream:75 - [STDERR_REDIRECT] 
2025-02-15 17:21:51,824 [ERROR] LogOutputStream:75 - [STDERR_REDIRECT] Feb 15, 2025 5:21:51 PM java.util.prefs.FileSystemPreferences syncWorld
2025-02-15 17:21:51,824 [ERROR] LogOutputStream:75 - [STDERR_REDIRECT] WARNING: Couldn't flush system prefs: java.util.prefs.BackingStoreException: Couldn't get file lock.
2025-02-15 17:21:51,825 [ERROR] LogOutputStream:75 - [STDERR_REDIRECT] 
2025-02-15 17:22:21,824 [ERROR] LogOutputStream:75 - [STDERR_REDIRECT] Feb 15, 2025 5:22:21 PM java.util.prefs.FileSystemPreferences checkLockFile0ErrorCode
2025-02-15 17:22:21,824 [ERROR] LogOutputStream:75 - [STDERR_REDIRECT] WARNING: Could not lock System prefs. Unix error code 2.
2025-02-15 17:22:21,824 [ERROR] LogOutputStream:75 - [STDERR_REDIRECT] 
2025-02-15 17:22:21,824 [ERROR] LogOutputStream:75 - [STDERR_REDIRECT] Feb 15, 2025 5:22:21 PM java.util.prefs.FileSystemPreferences syncWorld
2025-02-15 17:22:21,824 [ERROR] LogOutputStream:75 - [STDERR_REDIRECT] WARNING: Couldn't flush system prefs: java.util.prefs.BackingStoreException: Couldn't get file lock.
2025-02-15 17:22:21,824 [ERROR] LogOutputStream:75 - [STDERR_REDIRECT] 
2025-02-15 17:22:51,825 [ERROR] LogOutputStream:75 - [STDERR_REDIRECT] Feb 15, 2025 5:22:51 PM java.util.prefs.FileSystemPreferences checkLockFile0ErrorCode
2025-02-15 17:22:51,825 [ERROR] LogOutputStream:75 - [STDERR_REDIRECT] WARNING: Could not lock System prefs. Unix error code 2.
2025-02-15 17:22:51,825 [ERROR] LogOutputStream:75 - [STDERR_REDIRECT] 
2025-02-15 17:22:51,825 [ERROR] LogOutputStream:75 - [STDERR_REDIRECT] Feb 15, 2025 5:22:51 PM java.util.prefs.FileSystemPreferences syncWorld
2025-02-15 17:22:51,825 [ERROR] LogOutputStream:75 - [STDERR_REDIRECT] WARNING: Couldn't flush system prefs: java.util.prefs.BackingStoreException: Couldn't get file lock.
2025-02-15 17:22:51,825 [ERROR] LogOutputStream:75 - [STDERR_REDIRECT] 
2025-02-15 17:23:21,826 [ERROR] LogOutputStream:75 - [STDERR_REDIRECT] Feb 15, 2025 5:23:21 PM java.util.prefs.FileSystemPreferences checkLockFile0ErrorCode
2025-02-15 17:23:21,826 [ERROR] LogOutputStream:75 - [STDERR_REDIRECT] WARNING: Could not lock System prefs. Unix error code 2.
2025-02-15 17:23:21,826 [ERROR] LogOutputStream:75 - [STDERR_REDIRECT] 
2025-02-15 17:23:21,826 [ERROR] LogOutputStream:75 - [STDERR_REDIRECT] Feb 15, 2025 5:23:21 PM java.util.prefs.FileSystemPreferences syncWorld
2025-02-15 17:23:21,826 [ERROR] LogOutputStream:75 - [STDERR_REDIRECT] WARNING: Couldn't flush system prefs: java.util.prefs.BackingStoreException: Couldn't get file lock.
2025-02-15 17:23:21,826 [ERROR] LogOutputStream:75 - [STDERR_REDIRECT] 
2025-02-15 17:23:51,825 [ERROR] LogOutputStream:75 - [STDERR_REDIRECT] Feb 15, 2025 5:23:51 PM java.util.prefs.FileSystemPreferences checkLockFile0ErrorCode
2025-02-15 17:23:51,826 [ERROR] LogOutputStream:75 - [STDERR_REDIRECT] WARNING: Could not lock System prefs. Unix error code 2.
2025-02-15 17:23:51,826 [ERROR] LogOutputStream:75 - [STDERR_REDIRECT] 
2025-02-15 17:23:51,826 [ERROR] LogOutputStream:75 - [STDERR_REDIRECT] Feb 15, 2025 5:23:51 PM java.util.prefs.FileSystemPreferences syncWorld
2025-02-15 17:23:51,826 [ERROR] LogOutputStream:75 - [STDERR_REDIRECT] WARNING: Couldn't flush system prefs: java.util.prefs.BackingStoreException: Couldn't get file lock.
2025-02-15 17:23:51,826 [ERROR] LogOutputStream:75 - [STDERR_REDIRECT] 
2025-02-15 17:24:21,825 [ERROR] LogOutputStream:75 - [STDERR_REDIRECT] Feb 15, 2025 5:24:21 PM java.util.prefs.FileSystemPreferences checkLockFile0ErrorCode
2025-02-15 17:24:21,825 [ERROR] LogOutputStream:75 - [STDERR_REDIRECT] WARNING: Could not lock System prefs. Unix error code 2.
2025-02-15 17:24:21,825 [ERROR] LogOutputStream:75 - [STDERR_REDIRECT] 
2025-02-15 17:24:21,825 [ERROR] LogOutputStream:75 - [STDERR_REDIRECT] Feb 15, 2025 5:24:21 PM java.util.prefs.FileSystemPreferences syncWorld
2025-02-15 17:24:21,826 [ERROR] LogOutputStream:75 - [STDERR_REDIRECT] WARNING: Couldn't flush system prefs: java.util.prefs.BackingStoreException: Couldn't get file lock.
2025-02-15 17:24:21,826 [ERROR] LogOutputStream:75 - [STDERR_REDIRECT] 
2025-02-15 17:24:51,825 [ERROR] LogOutputStream:75 - [STDERR_REDIRECT] Feb 15, 2025 5:24:51 PM java.util.prefs.FileSystemPreferences checkLockFile0ErrorCode
2025-02-15 17:24:51,825 [ERROR] LogOutputStream:75 - [STDERR_REDIRECT] WARNING: Could not lock System prefs. Unix error code 2.
2025-02-15 17:24:51,825 [ERROR] LogOutputStream:75 - [STDERR_REDIRECT] 
2025-02-15 17:24:51,825 [ERROR] LogOutputStream:75 - [STDERR_REDIRECT] Feb 15, 2025 5:24:51 PM java.util.prefs.FileSystemPreferences syncWorld
2025-02-15 17:24:51,825 [ERROR] LogOutputStream:75 - [STDERR_REDIRECT] WARNING: Couldn't flush system prefs: java.util.prefs.BackingStoreException: Couldn't get file lock.
2025-02-15 17:24:51,825 [ERROR] LogOutputStream:75 - [STDERR_REDIRECT] 
2025-02-15 17:25:21,826 [ERROR] LogOutputStream:75 - [STDERR_REDIRECT] Feb 15, 2025 5:25:21 PM java.util.prefs.FileSystemPreferences checkLockFile0ErrorCode
2025-02-15 17:25:21,826 [ERROR] LogOutputStream:75 - [STDERR_REDIRECT] WARNING: Could not lock System prefs. Unix error code 2.
2025-02-15 17:25:21,826 [ERROR] LogOutputStream:75 - [STDERR_REDIRECT] 
2025-02-15 17:25:21,826 [ERROR] LogOutputStream:75 - [STDERR_REDIRECT] Feb 15, 2025 5:25:21 PM java.util.prefs.FileSystemPreferences syncWorld
2025-02-15 17:25:21,826 [ERROR] LogOutputStream:75 - [STDERR_REDIRECT] WARNING: Couldn't flush system prefs: java.util.prefs.BackingStoreException: Couldn't get file lock.
2025-02-15 17:25:21,826 [ERROR] LogOutputStream:75 - [STDERR_REDIRECT] 
2025-02-15 17:25:51,826 [ERROR] LogOutputStream:75 - [STDERR_REDIRECT] Feb 15, 2025 5:25:51 PM java.util.prefs.FileSystemPreferences checkLockFile0ErrorCode
2025-02-15 17:25:51,827 [ERROR] LogOutputStream:75 - [STDERR_REDIRECT] WARNING: Could not lock System prefs. Unix error code 2.
2025-02-15 17:25:51,827 [ERROR] LogOutputStream:75 - [STDERR_REDIRECT] 
2025-02-15 17:25:51,827 [ERROR] LogOutputStream:75 - [STDERR_REDIRECT] Feb 15, 2025 5:25:51 PM java.util.prefs.FileSystemPreferences syncWorld
2025-02-15 17:25:51,827 [ERROR] LogOutputStream:75 - [STDERR_REDIRECT] WARNING: Couldn't flush system prefs: java.util.prefs.BackingStoreException: Couldn't get file lock.
2025-02-15 17:25:51,827 [ERROR] LogOutputStream:75 - [STDERR_REDIRECT] 
2025-02-15 17:26:21,826 [ERROR] LogOutputStream:75 - [STDERR_REDIRECT] Feb 15, 2025 5:26:21 PM java.util.prefs.FileSystemPreferences checkLockFile0ErrorCode
2025-02-15 17:26:21,827 [ERROR] LogOutputStream:75 - [STDERR_REDIRECT] WARNING: Could not lock System prefs. Unix error code 2.
2025-02-15 17:26:21,827 [ERROR] LogOutputStream:75 - [STDERR_REDIRECT] 
2025-02-15 17:26:21,827 [ERROR] LogOutputStream:75 - [STDERR_REDIRECT] Feb 15, 2025 5:26:21 PM java.util.prefs.FileSystemPreferences syncWorld
2025-02-15 17:26:21,827 [ERROR] LogOutputStream:75 - [STDERR_REDIRECT] WARNING: Couldn't flush system prefs: java.util.prefs.BackingStoreException: Couldn't get file lock.
2025-02-15 17:26:21,827 [ERROR] LogOutputStream:75 - [STDERR_REDIRECT] 
2025-02-15 17:26:51,826 [ERROR] LogOutputStream:75 - [STDERR_REDIRECT] Feb 15, 2025 5:26:51 PM java.util.prefs.FileSystemPreferences checkLockFile0ErrorCode
2025-02-15 17:26:51,826 [ERROR] LogOutputStream:75 - [STDERR_REDIRECT] WARNING: Could not lock System prefs. Unix error code 2.
2025-02-15 17:26:51,827 [ERROR] LogOutputStream:75 - [STDERR_REDIRECT] 
2025-02-15 17:26:51,827 [ERROR] LogOutputStream:75 - [STDERR_REDIRECT] Feb 15, 2025 5:26:51 PM java.util.prefs.FileSystemPreferences syncWorld
2025-02-15 17:26:51,827 [ERROR] LogOutputStream:75 - [STDERR_REDIRECT] WARNING: Couldn't flush system prefs: java.util.prefs.BackingStoreException: Couldn't get file lock.
2025-02-15 17:26:51,827 [ERROR] LogOutputStream:75 - [STDERR_REDIRECT] 
2025-02-15 17:27:21,826 [ERROR] LogOutputStream:75 - [STDERR_REDIRECT] Feb 15, 2025 5:27:21 PM java.util.prefs.FileSystemPreferences checkLockFile0ErrorCode
2025-02-15 17:27:21,826 [ERROR] LogOutputStream:75 - [STDERR_REDIRECT] WARNING: Could not lock System prefs. Unix error code 2.
2025-02-15 17:27:21,826 [ERROR] LogOutputStream:75 - [STDERR_REDIRECT] 
2025-02-15 17:27:21,826 [ERROR] LogOutputStream:75 - [STDERR_REDIRECT] Feb 15, 2025 5:27:21 PM java.util.prefs.FileSystemPreferences syncWorld
2025-02-15 17:27:21,826 [ERROR] LogOutputStream:75 - [STDERR_REDIRECT] WARNING: Couldn't flush system prefs: java.util.prefs.BackingStoreException: Couldn't get file lock.
2025-02-15 17:27:21,826 [ERROR] LogOutputStream:75 - [STDERR_REDIRECT] 
2025-02-15 17:27:51,826 [ERROR] LogOutputStream:75 - [STDERR_REDIRECT] Feb 15, 2025 5:27:51 PM java.util.prefs.FileSystemPreferences checkLockFile0ErrorCode
2025-02-15 17:27:51,826 [ERROR] LogOutputStream:75 - [STDERR_REDIRECT] WARNING: Could not lock System prefs. Unix error code 2.
2025-02-15 17:27:51,826 [ERROR] LogOutputStream:75 - [STDERR_REDIRECT] 
2025-02-15 17:27:51,826 [ERROR] LogOutputStream:75 - [STDERR_REDIRECT] Feb 15, 2025 5:27:51 PM java.util.prefs.FileSystemPreferences syncWorld
2025-02-15 17:27:51,826 [ERROR] LogOutputStream:75 - [STDERR_REDIRECT] WARNING: Couldn't flush system prefs: java.util.prefs.BackingStoreException: Couldn't get file lock.
2025-02-15 17:27:51,826 [ERROR] LogOutputStream:75 - [STDERR_REDIRECT] 
2025-02-15 17:28:21,826 [ERROR] LogOutputStream:75 - [STDERR_REDIRECT] Feb 15, 2025 5:28:21 PM java.util.prefs.FileSystemPreferences checkLockFile0ErrorCode
2025-02-15 17:28:21,826 [ERROR] LogOutputStream:75 - [STDERR_REDIRECT] WARNING: Could not lock System prefs. Unix error code 2.
2025-02-15 17:28:21,826 [ERROR] LogOutputStream:75 - [STDERR_REDIRECT] 
2025-02-15 17:28:21,827 [ERROR] LogOutputStream:75 - [STDERR_REDIRECT] Feb 15, 2025 5:28:21 PM java.util.prefs.FileSystemPreferences syncWorld
2025-02-15 17:28:21,827 [ERROR] LogOutputStream:75 - [STDERR_REDIRECT] WARNING: Couldn't flush system prefs: java.util.prefs.BackingStoreException: Couldn't get file lock.
2025-02-15 17:28:21,827 [ERROR] LogOutputStream:75 - [STDERR_REDIRECT] 
2025-02-15 17:28:51,826 [ERROR] LogOutputStream:75 - [STDERR_REDIRECT] Feb 15, 2025 5:28:51 PM java.util.prefs.FileSystemPreferences checkLockFile0ErrorCode
2025-02-15 17:28:51,826 [ERROR] LogOutputStream:75 - [STDERR_REDIRECT] WARNING: Could not lock System prefs. Unix error code 2.
2025-02-15 17:28:51,826 [ERROR] LogOutputStream:75 - [STDERR_REDIRECT] 
2025-02-15 17:28:51,827 [ERROR] LogOutputStream:75 - [STDERR_REDIRECT] Feb 15, 2025 5:28:51 PM java.util.prefs.FileSystemPreferences syncWorld
2025-02-15 17:28:51,827 [ERROR] LogOutputStream:75 - [STDERR_REDIRECT] WARNING: Couldn't flush system prefs: java.util.prefs.BackingStoreException: Couldn't get file lock.
2025-02-15 17:28:51,827 [ERROR] LogOutputStream:75 - [STDERR_REDIRECT] 
2025-02-15 17:29:03,023 [WARN] IP:2251 - I2C_Coeff_DF not found: check if there is a RefParameter without a condition.
2025-02-15 17:29:03,023 [WARN] IP:2251 - Analog_Filter not found: check if there is a RefParameter without a condition.
2025-02-15 17:29:03,086 [WARN] IP:2251 - I2C_Coeff_DF not found: check if there is a RefParameter without a condition.
2025-02-15 17:29:03,086 [WARN] IP:2251 - Analog_Filter not found: check if there is a RefParameter without a condition.
2025-02-15 17:29:03,087 [WARN] IP:2251 - I2C_Coeff_DF not found: check if there is a RefParameter without a condition.
2025-02-15 17:29:03,087 [WARN] IP:2251 - Analog_Filter not found: check if there is a RefParameter without a condition.
2025-02-15 17:29:03,088 [WARN] IP:2251 - I2C_Coeff_DF not found: check if there is a RefParameter without a condition.
2025-02-15 17:29:03,088 [WARN] IP:2251 - Analog_Filter not found: check if there is a RefParameter without a condition.
2025-02-15 17:29:03,088 [WARN] IP:2251 - I2C_Coeff_DF not found: check if there is a RefParameter without a condition.
2025-02-15 17:29:03,088 [WARN] IP:2251 - Analog_Filter not found: check if there is a RefParameter without a condition.
2025-02-15 17:29:03,121 [WARN] IP:2251 - I2C_Coeff_DF not found: check if there is a RefParameter without a condition.
2025-02-15 17:29:03,121 [WARN] IP:2251 - Analog_Filter not found: check if there is a RefParameter without a condition.
2025-02-15 17:29:03,123 [WARN] IP:2251 - I2C_Coeff_DF not found: check if there is a RefParameter without a condition.
2025-02-15 17:29:03,123 [WARN] IP:2251 - Analog_Filter not found: check if there is a RefParameter without a condition.
2025-02-15 17:29:03,158 [WARN] IP:2251 - I2C_Coeff_DF not found: check if there is a RefParameter without a condition.
2025-02-15 17:29:03,158 [WARN] IP:2251 - Analog_Filter not found: check if there is a RefParameter without a condition.
2025-02-15 17:29:03,159 [WARN] IP:2251 - I2C_Coeff_DF not found: check if there is a RefParameter without a condition.
2025-02-15 17:29:03,159 [WARN] IP:2251 - Analog_Filter not found: check if there is a RefParameter without a condition.
2025-02-15 17:29:21,828 [ERROR] LogOutputStream:75 - [STDERR_REDIRECT] Feb 15, 2025 5:29:21 PM java.util.prefs.FileSystemPreferences checkLockFile0ErrorCode
2025-02-15 17:29:21,828 [ERROR] LogOutputStream:75 - [STDERR_REDIRECT] WARNING: Could not lock System prefs. Unix error code 2.
2025-02-15 17:29:21,828 [ERROR] LogOutputStream:75 - [STDERR_REDIRECT] 
2025-02-15 17:29:21,828 [ERROR] LogOutputStream:75 - [STDERR_REDIRECT] Feb 15, 2025 5:29:21 PM java.util.prefs.FileSystemPreferences syncWorld
2025-02-15 17:29:21,828 [ERROR] LogOutputStream:75 - [STDERR_REDIRECT] WARNING: Couldn't flush system prefs: java.util.prefs.BackingStoreException: Couldn't get file lock.
2025-02-15 17:29:21,828 [ERROR] LogOutputStream:75 - [STDERR_REDIRECT] 
2025-02-15 17:29:51,826 [ERROR] LogOutputStream:75 - [STDERR_REDIRECT] Feb 15, 2025 5:29:51 PM java.util.prefs.FileSystemPreferences checkLockFile0ErrorCode
2025-02-15 17:29:51,827 [ERROR] LogOutputStream:75 - [STDERR_REDIRECT] WARNING: Could not lock System prefs. Unix error code 2.
2025-02-15 17:29:51,827 [ERROR] LogOutputStream:75 - [STDERR_REDIRECT] 
2025-02-15 17:29:51,827 [ERROR] LogOutputStream:75 - [STDERR_REDIRECT] Feb 15, 2025 5:29:51 PM java.util.prefs.FileSystemPreferences syncWorld
2025-02-15 17:29:51,827 [ERROR] LogOutputStream:75 - [STDERR_REDIRECT] WARNING: Couldn't flush system prefs: java.util.prefs.BackingStoreException: Couldn't get file lock.
2025-02-15 17:29:51,827 [ERROR] LogOutputStream:75 - [STDERR_REDIRECT] 
2025-02-15 17:30:21,826 [ERROR] LogOutputStream:75 - [STDERR_REDIRECT] Feb 15, 2025 5:30:21 PM java.util.prefs.FileSystemPreferences checkLockFile0ErrorCode
2025-02-15 17:30:21,826 [ERROR] LogOutputStream:75 - [STDERR_REDIRECT] WARNING: Could not lock System prefs. Unix error code 2.
2025-02-15 17:30:21,826 [ERROR] LogOutputStream:75 - [STDERR_REDIRECT] 
2025-02-15 17:30:21,827 [ERROR] LogOutputStream:75 - [STDERR_REDIRECT] Feb 15, 2025 5:30:21 PM java.util.prefs.FileSystemPreferences syncWorld
2025-02-15 17:30:21,827 [ERROR] LogOutputStream:75 - [STDERR_REDIRECT] WARNING: Couldn't flush system prefs: java.util.prefs.BackingStoreException: Couldn't get file lock.
2025-02-15 17:30:21,827 [ERROR] LogOutputStream:75 - [STDERR_REDIRECT] 
2025-02-15 17:30:51,826 [ERROR] LogOutputStream:75 - [STDERR_REDIRECT] Feb 15, 2025 5:30:51 PM java.util.prefs.FileSystemPreferences checkLockFile0ErrorCode
2025-02-15 17:30:51,826 [ERROR] LogOutputStream:75 - [STDERR_REDIRECT] WARNING: Could not lock System prefs. Unix error code 2.
2025-02-15 17:30:51,826 [ERROR] LogOutputStream:75 - [STDERR_REDIRECT] 
2025-02-15 17:30:51,826 [ERROR] LogOutputStream:75 - [STDERR_REDIRECT] Feb 15, 2025 5:30:51 PM java.util.prefs.FileSystemPreferences syncWorld
2025-02-15 17:30:51,826 [ERROR] LogOutputStream:75 - [STDERR_REDIRECT] WARNING: Couldn't flush system prefs: java.util.prefs.BackingStoreException: Couldn't get file lock.
2025-02-15 17:30:51,826 [ERROR] LogOutputStream:75 - [STDERR_REDIRECT] 
2025-02-15 17:31:21,827 [ERROR] LogOutputStream:75 - [STDERR_REDIRECT] Feb 15, 2025 5:31:21 PM java.util.prefs.FileSystemPreferences checkLockFile0ErrorCode
2025-02-15 17:31:21,827 [ERROR] LogOutputStream:75 - [STDERR_REDIRECT] WARNING: Could not lock System prefs. Unix error code 2.
2025-02-15 17:31:21,827 [ERROR] LogOutputStream:75 - [STDERR_REDIRECT] 
2025-02-15 17:31:21,827 [ERROR] LogOutputStream:75 - [STDERR_REDIRECT] Feb 15, 2025 5:31:21 PM java.util.prefs.FileSystemPreferences syncWorld
2025-02-15 17:31:21,827 [ERROR] LogOutputStream:75 - [STDERR_REDIRECT] WARNING: Couldn't flush system prefs: java.util.prefs.BackingStoreException: Couldn't get file lock.
2025-02-15 17:31:21,827 [ERROR] LogOutputStream:75 - [STDERR_REDIRECT] 
2025-02-15 17:31:51,827 [ERROR] LogOutputStream:75 - [STDERR_REDIRECT] Feb 15, 2025 5:31:51 PM java.util.prefs.FileSystemPreferences checkLockFile0ErrorCode
2025-02-15 17:31:51,827 [ERROR] LogOutputStream:75 - [STDERR_REDIRECT] WARNING: Could not lock System prefs. Unix error code 2.
2025-02-15 17:31:51,827 [ERROR] LogOutputStream:75 - [STDERR_REDIRECT] 
2025-02-15 17:31:51,827 [ERROR] LogOutputStream:75 - [STDERR_REDIRECT] Feb 15, 2025 5:31:51 PM java.util.prefs.FileSystemPreferences syncWorld
2025-02-15 17:31:51,827 [ERROR] LogOutputStream:75 - [STDERR_REDIRECT] WARNING: Couldn't flush system prefs: java.util.prefs.BackingStoreException: Couldn't get file lock.
2025-02-15 17:31:51,827 [ERROR] LogOutputStream:75 - [STDERR_REDIRECT] 
2025-02-15 17:32:21,826 [ERROR] LogOutputStream:75 - [STDERR_REDIRECT] Feb 15, 2025 5:32:21 PM java.util.prefs.FileSystemPreferences checkLockFile0ErrorCode
2025-02-15 17:32:21,827 [ERROR] LogOutputStream:75 - [STDERR_REDIRECT] WARNING: Could not lock System prefs. Unix error code 2.
2025-02-15 17:32:21,827 [ERROR] LogOutputStream:75 - [STDERR_REDIRECT] 
2025-02-15 17:32:21,827 [ERROR] LogOutputStream:75 - [STDERR_REDIRECT] Feb 15, 2025 5:32:21 PM java.util.prefs.FileSystemPreferences syncWorld
2025-02-15 17:32:21,827 [ERROR] LogOutputStream:75 - [STDERR_REDIRECT] WARNING: Couldn't flush system prefs: java.util.prefs.BackingStoreException: Couldn't get file lock.
2025-02-15 17:32:21,827 [ERROR] LogOutputStream:75 - [STDERR_REDIRECT] 
2025-02-15 17:32:51,826 [ERROR] LogOutputStream:75 - [STDERR_REDIRECT] Feb 15, 2025 5:32:51 PM java.util.prefs.FileSystemPreferences checkLockFile0ErrorCode
2025-02-15 17:32:51,827 [ERROR] LogOutputStream:75 - [STDERR_REDIRECT] WARNING: Could not lock System prefs. Unix error code 2.
2025-02-15 17:32:51,827 [ERROR] LogOutputStream:75 - [STDERR_REDIRECT] 
2025-02-15 17:32:51,827 [ERROR] LogOutputStream:75 - [STDERR_REDIRECT] Feb 15, 2025 5:32:51 PM java.util.prefs.FileSystemPreferences syncWorld
2025-02-15 17:32:51,827 [ERROR] LogOutputStream:75 - [STDERR_REDIRECT] WARNING: Couldn't flush system prefs: java.util.prefs.BackingStoreException: Couldn't get file lock.
2025-02-15 17:32:51,827 [ERROR] LogOutputStream:75 - [STDERR_REDIRECT] 
2025-02-15 17:33:21,826 [ERROR] LogOutputStream:75 - [STDERR_REDIRECT] Feb 15, 2025 5:33:21 PM java.util.prefs.FileSystemPreferences checkLockFile0ErrorCode
2025-02-15 17:33:21,826 [ERROR] LogOutputStream:75 - [STDERR_REDIRECT] WARNING: Could not lock System prefs. Unix error code 2.
2025-02-15 17:33:21,826 [ERROR] LogOutputStream:75 - [STDERR_REDIRECT] 
2025-02-15 17:33:21,826 [ERROR] LogOutputStream:75 - [STDERR_REDIRECT] Feb 15, 2025 5:33:21 PM java.util.prefs.FileSystemPreferences syncWorld
2025-02-15 17:33:21,826 [ERROR] LogOutputStream:75 - [STDERR_REDIRECT] WARNING: Couldn't flush system prefs: java.util.prefs.BackingStoreException: Couldn't get file lock.
2025-02-15 17:33:21,826 [ERROR] LogOutputStream:75 - [STDERR_REDIRECT] 
2025-02-15 17:33:51,827 [ERROR] LogOutputStream:75 - [STDERR_REDIRECT] Feb 15, 2025 5:33:51 PM java.util.prefs.FileSystemPreferences checkLockFile0ErrorCode
2025-02-15 17:33:51,827 [ERROR] LogOutputStream:75 - [STDERR_REDIRECT] WARNING: Could not lock System prefs. Unix error code 2.
2025-02-15 17:33:51,827 [ERROR] LogOutputStream:75 - [STDERR_REDIRECT] 
2025-02-15 17:33:51,827 [ERROR] LogOutputStream:75 - [STDERR_REDIRECT] Feb 15, 2025 5:33:51 PM java.util.prefs.FileSystemPreferences syncWorld
2025-02-15 17:33:51,827 [ERROR] LogOutputStream:75 - [STDERR_REDIRECT] WARNING: Couldn't flush system prefs: java.util.prefs.BackingStoreException: Couldn't get file lock.
2025-02-15 17:33:51,827 [ERROR] LogOutputStream:75 - [STDERR_REDIRECT] 
2025-02-15 17:34:21,826 [ERROR] LogOutputStream:75 - [STDERR_REDIRECT] Feb 15, 2025 5:34:21 PM java.util.prefs.FileSystemPreferences checkLockFile0ErrorCode
2025-02-15 17:34:21,826 [ERROR] LogOutputStream:75 - [STDERR_REDIRECT] WARNING: Could not lock System prefs. Unix error code 2.
2025-02-15 17:34:21,833 [ERROR] LogOutputStream:75 - [STDERR_REDIRECT] 
2025-02-15 17:34:21,833 [ERROR] LogOutputStream:75 - [STDERR_REDIRECT] Feb 15, 2025 5:34:21 PM java.util.prefs.FileSystemPreferences syncWorld
2025-02-15 17:34:21,833 [ERROR] LogOutputStream:75 - [STDERR_REDIRECT] WARNING: Couldn't flush system prefs: java.util.prefs.BackingStoreException: Couldn't get file lock.
2025-02-15 17:34:21,833 [ERROR] LogOutputStream:75 - [STDERR_REDIRECT] 
2025-02-15 17:34:51,826 [ERROR] LogOutputStream:75 - [STDERR_REDIRECT] Feb 15, 2025 5:34:51 PM java.util.prefs.FileSystemPreferences checkLockFile0ErrorCode
2025-02-15 17:34:51,827 [ERROR] LogOutputStream:75 - [STDERR_REDIRECT] WARNING: Could not lock System prefs. Unix error code 2.
2025-02-15 17:34:51,827 [ERROR] LogOutputStream:75 - [STDERR_REDIRECT] 
2025-02-15 17:34:51,827 [ERROR] LogOutputStream:75 - [STDERR_REDIRECT] Feb 15, 2025 5:34:51 PM java.util.prefs.FileSystemPreferences syncWorld
2025-02-15 17:34:51,827 [ERROR] LogOutputStream:75 - [STDERR_REDIRECT] WARNING: Couldn't flush system prefs: java.util.prefs.BackingStoreException: Couldn't get file lock.
2025-02-15 17:34:51,828 [ERROR] LogOutputStream:75 - [STDERR_REDIRECT] 
2025-02-15 17:35:21,826 [ERROR] LogOutputStream:75 - [STDERR_REDIRECT] Feb 15, 2025 5:35:21 PM java.util.prefs.FileSystemPreferences checkLockFile0ErrorCode
2025-02-15 17:35:21,826 [ERROR] LogOutputStream:75 - [STDERR_REDIRECT] WARNING: Could not lock System prefs. Unix error code 2.
2025-02-15 17:35:21,826 [ERROR] LogOutputStream:75 - [STDERR_REDIRECT] 
2025-02-15 17:35:21,826 [ERROR] LogOutputStream:75 - [STDERR_REDIRECT] Feb 15, 2025 5:35:21 PM java.util.prefs.FileSystemPreferences syncWorld
2025-02-15 17:35:21,826 [ERROR] LogOutputStream:75 - [STDERR_REDIRECT] WARNING: Couldn't flush system prefs: java.util.prefs.BackingStoreException: Couldn't get file lock.
2025-02-15 17:35:21,826 [ERROR] LogOutputStream:75 - [STDERR_REDIRECT] 
2025-02-15 17:35:51,827 [ERROR] LogOutputStream:75 - [STDERR_REDIRECT] Feb 15, 2025 5:35:51 PM java.util.prefs.FileSystemPreferences checkLockFile0ErrorCode
2025-02-15 17:35:51,827 [ERROR] LogOutputStream:75 - [STDERR_REDIRECT] WARNING: Could not lock System prefs. Unix error code 2.
2025-02-15 17:35:51,827 [ERROR] LogOutputStream:75 - [STDERR_REDIRECT] 
2025-02-15 17:35:51,827 [ERROR] LogOutputStream:75 - [STDERR_REDIRECT] Feb 15, 2025 5:35:51 PM java.util.prefs.FileSystemPreferences syncWorld
2025-02-15 17:35:51,827 [ERROR] LogOutputStream:75 - [STDERR_REDIRECT] WARNING: Couldn't flush system prefs: java.util.prefs.BackingStoreException: Couldn't get file lock.
2025-02-15 17:35:51,827 [ERROR] LogOutputStream:75 - [STDERR_REDIRECT] 
2025-02-15 17:36:21,826 [ERROR] LogOutputStream:75 - [STDERR_REDIRECT] Feb 15, 2025 5:36:21 PM java.util.prefs.FileSystemPreferences checkLockFile0ErrorCode
2025-02-15 17:36:21,826 [ERROR] LogOutputStream:75 - [STDERR_REDIRECT] WARNING: Could not lock System prefs. Unix error code 2.
2025-02-15 17:36:21,827 [ERROR] LogOutputStream:75 - [STDERR_REDIRECT] 
2025-02-15 17:36:21,827 [ERROR] LogOutputStream:75 - [STDERR_REDIRECT] Feb 15, 2025 5:36:21 PM java.util.prefs.FileSystemPreferences syncWorld
2025-02-15 17:36:21,827 [ERROR] LogOutputStream:75 - [STDERR_REDIRECT] WARNING: Couldn't flush system prefs: java.util.prefs.BackingStoreException: Couldn't get file lock.
2025-02-15 17:36:21,827 [ERROR] LogOutputStream:75 - [STDERR_REDIRECT] 
2025-02-15 17:36:51,826 [ERROR] LogOutputStream:75 - [STDERR_REDIRECT] Feb 15, 2025 5:36:51 PM java.util.prefs.FileSystemPreferences checkLockFile0ErrorCode
2025-02-15 17:36:51,826 [ERROR] LogOutputStream:75 - [STDERR_REDIRECT] WARNING: Could not lock System prefs. Unix error code 2.
2025-02-15 17:36:51,827 [ERROR] LogOutputStream:75 - [STDERR_REDIRECT] 
2025-02-15 17:36:51,827 [ERROR] LogOutputStream:75 - [STDERR_REDIRECT] Feb 15, 2025 5:36:51 PM java.util.prefs.FileSystemPreferences syncWorld
2025-02-15 17:36:51,827 [ERROR] LogOutputStream:75 - [STDERR_REDIRECT] WARNING: Couldn't flush system prefs: java.util.prefs.BackingStoreException: Couldn't get file lock.
2025-02-15 17:36:51,827 [ERROR] LogOutputStream:75 - [STDERR_REDIRECT] 
2025-02-15 17:37:21,826 [ERROR] LogOutputStream:75 - [STDERR_REDIRECT] Feb 15, 2025 5:37:21 PM java.util.prefs.FileSystemPreferences checkLockFile0ErrorCode
2025-02-15 17:37:21,826 [ERROR] LogOutputStream:75 - [STDERR_REDIRECT] WARNING: Could not lock System prefs. Unix error code 2.
2025-02-15 17:37:21,826 [ERROR] LogOutputStream:75 - [STDERR_REDIRECT] 
2025-02-15 17:37:21,826 [ERROR] LogOutputStream:75 - [STDERR_REDIRECT] Feb 15, 2025 5:37:21 PM java.util.prefs.FileSystemPreferences syncWorld
2025-02-15 17:37:21,826 [ERROR] LogOutputStream:75 - [STDERR_REDIRECT] WARNING: Couldn't flush system prefs: java.util.prefs.BackingStoreException: Couldn't get file lock.
2025-02-15 17:37:21,827 [ERROR] LogOutputStream:75 - [STDERR_REDIRECT] 
2025-02-15 17:37:51,826 [ERROR] LogOutputStream:75 - [STDERR_REDIRECT] Feb 15, 2025 5:37:51 PM java.util.prefs.FileSystemPreferences checkLockFile0ErrorCode
2025-02-15 17:37:51,826 [ERROR] LogOutputStream:75 - [STDERR_REDIRECT] WARNING: Could not lock System prefs. Unix error code 2.
2025-02-15 17:37:51,826 [ERROR] LogOutputStream:75 - [STDERR_REDIRECT] 
2025-02-15 17:37:51,826 [ERROR] LogOutputStream:75 - [STDERR_REDIRECT] Feb 15, 2025 5:37:51 PM java.util.prefs.FileSystemPreferences syncWorld
2025-02-15 17:37:51,826 [ERROR] LogOutputStream:75 - [STDERR_REDIRECT] WARNING: Couldn't flush system prefs: java.util.prefs.BackingStoreException: Couldn't get file lock.
2025-02-15 17:37:51,826 [ERROR] LogOutputStream:75 - [STDERR_REDIRECT] 
2025-02-15 17:38:21,826 [ERROR] LogOutputStream:75 - [STDERR_REDIRECT] Feb 15, 2025 5:38:21 PM java.util.prefs.FileSystemPreferences checkLockFile0ErrorCode
2025-02-15 17:38:21,827 [ERROR] LogOutputStream:75 - [STDERR_REDIRECT] WARNING: Could not lock System prefs. Unix error code 2.
2025-02-15 17:38:21,827 [ERROR] LogOutputStream:75 - [STDERR_REDIRECT] 
2025-02-15 17:38:21,827 [ERROR] LogOutputStream:75 - [STDERR_REDIRECT] Feb 15, 2025 5:38:21 PM java.util.prefs.FileSystemPreferences syncWorld
2025-02-15 17:38:21,827 [ERROR] LogOutputStream:75 - [STDERR_REDIRECT] WARNING: Couldn't flush system prefs: java.util.prefs.BackingStoreException: Couldn't get file lock.
2025-02-15 17:38:21,827 [ERROR] LogOutputStream:75 - [STDERR_REDIRECT] 
2025-02-15 17:38:51,826 [ERROR] LogOutputStream:75 - [STDERR_REDIRECT] Feb 15, 2025 5:38:51 PM java.util.prefs.FileSystemPreferences checkLockFile0ErrorCode
2025-02-15 17:38:51,826 [ERROR] LogOutputStream:75 - [STDERR_REDIRECT] WARNING: Could not lock System prefs. Unix error code 2.
2025-02-15 17:38:51,827 [ERROR] LogOutputStream:75 - [STDERR_REDIRECT] 
2025-02-15 17:38:51,827 [ERROR] LogOutputStream:75 - [STDERR_REDIRECT] Feb 15, 2025 5:38:51 PM java.util.prefs.FileSystemPreferences syncWorld
2025-02-15 17:38:51,827 [ERROR] LogOutputStream:75 - [STDERR_REDIRECT] WARNING: Couldn't flush system prefs: java.util.prefs.BackingStoreException: Couldn't get file lock.
2025-02-15 17:38:51,827 [ERROR] LogOutputStream:75 - [STDERR_REDIRECT] 
2025-02-15 17:39:21,827 [ERROR] LogOutputStream:75 - [STDERR_REDIRECT] Feb 15, 2025 5:39:21 PM java.util.prefs.FileSystemPreferences checkLockFile0ErrorCode
2025-02-15 17:39:21,827 [ERROR] LogOutputStream:75 - [STDERR_REDIRECT] WARNING: Could not lock System prefs. Unix error code 2.
2025-02-15 17:39:21,827 [ERROR] LogOutputStream:75 - [STDERR_REDIRECT] 
2025-02-15 17:39:21,827 [ERROR] LogOutputStream:75 - [STDERR_REDIRECT] Feb 15, 2025 5:39:21 PM java.util.prefs.FileSystemPreferences syncWorld
2025-02-15 17:39:21,827 [ERROR] LogOutputStream:75 - [STDERR_REDIRECT] WARNING: Couldn't flush system prefs: java.util.prefs.BackingStoreException: Couldn't get file lock.
2025-02-15 17:39:21,827 [ERROR] LogOutputStream:75 - [STDERR_REDIRECT] 
2025-02-15 17:39:51,827 [ERROR] LogOutputStream:75 - [STDERR_REDIRECT] Feb 15, 2025 5:39:51 PM java.util.prefs.FileSystemPreferences checkLockFile0ErrorCode
2025-02-15 17:39:51,827 [ERROR] LogOutputStream:75 - [STDERR_REDIRECT] WARNING: Could not lock System prefs. Unix error code 2.
2025-02-15 17:39:51,827 [ERROR] LogOutputStream:75 - [STDERR_REDIRECT] 
2025-02-15 17:39:51,827 [ERROR] LogOutputStream:75 - [STDERR_REDIRECT] Feb 15, 2025 5:39:51 PM java.util.prefs.FileSystemPreferences syncWorld
2025-02-15 17:39:51,827 [ERROR] LogOutputStream:75 - [STDERR_REDIRECT] WARNING: Couldn't flush system prefs: java.util.prefs.BackingStoreException: Couldn't get file lock.
2025-02-15 17:39:51,827 [ERROR] LogOutputStream:75 - [STDERR_REDIRECT] 
2025-02-15 17:40:21,826 [ERROR] LogOutputStream:75 - [STDERR_REDIRECT] Feb 15, 2025 5:40:21 PM java.util.prefs.FileSystemPreferences checkLockFile0ErrorCode
2025-02-15 17:40:21,826 [ERROR] LogOutputStream:75 - [STDERR_REDIRECT] WARNING: Could not lock System prefs. Unix error code 2.
2025-02-15 17:40:21,826 [ERROR] LogOutputStream:75 - [STDERR_REDIRECT] 
2025-02-15 17:40:21,826 [ERROR] LogOutputStream:75 - [STDERR_REDIRECT] Feb 15, 2025 5:40:21 PM java.util.prefs.FileSystemPreferences syncWorld
2025-02-15 17:40:21,827 [ERROR] LogOutputStream:75 - [STDERR_REDIRECT] WARNING: Couldn't flush system prefs: java.util.prefs.BackingStoreException: Couldn't get file lock.
2025-02-15 17:40:21,827 [ERROR] LogOutputStream:75 - [STDERR_REDIRECT] 
2025-02-15 17:40:51,826 [ERROR] LogOutputStream:75 - [STDERR_REDIRECT] Feb 15, 2025 5:40:51 PM java.util.prefs.FileSystemPreferences checkLockFile0ErrorCode
2025-02-15 17:40:51,826 [ERROR] LogOutputStream:75 - [STDERR_REDIRECT] WARNING: Could not lock System prefs. Unix error code 2.
2025-02-15 17:40:51,826 [ERROR] LogOutputStream:75 - [STDERR_REDIRECT] 
2025-02-15 17:40:51,826 [ERROR] LogOutputStream:75 - [STDERR_REDIRECT] Feb 15, 2025 5:40:51 PM java.util.prefs.FileSystemPreferences syncWorld
2025-02-15 17:40:51,826 [ERROR] LogOutputStream:75 - [STDERR_REDIRECT] WARNING: Couldn't flush system prefs: java.util.prefs.BackingStoreException: Couldn't get file lock.
2025-02-15 17:40:51,826 [ERROR] LogOutputStream:75 - [STDERR_REDIRECT] 
2025-02-15 17:41:21,827 [ERROR] LogOutputStream:75 - [STDERR_REDIRECT] Feb 15, 2025 5:41:21 PM java.util.prefs.FileSystemPreferences checkLockFile0ErrorCode
2025-02-15 17:41:21,827 [ERROR] LogOutputStream:75 - [STDERR_REDIRECT] WARNING: Could not lock System prefs. Unix error code 2.
2025-02-15 17:41:21,827 [ERROR] LogOutputStream:75 - [STDERR_REDIRECT] 
2025-02-15 17:41:21,827 [ERROR] LogOutputStream:75 - [STDERR_REDIRECT] Feb 15, 2025 5:41:21 PM java.util.prefs.FileSystemPreferences syncWorld
2025-02-15 17:41:21,827 [ERROR] LogOutputStream:75 - [STDERR_REDIRECT] WARNING: Couldn't flush system prefs: java.util.prefs.BackingStoreException: Couldn't get file lock.
2025-02-15 17:41:21,827 [ERROR] LogOutputStream:75 - [STDERR_REDIRECT] 
2025-02-15 17:41:51,826 [ERROR] LogOutputStream:75 - [STDERR_REDIRECT] Feb 15, 2025 5:41:51 PM java.util.prefs.FileSystemPreferences checkLockFile0ErrorCode
2025-02-15 17:41:51,827 [ERROR] LogOutputStream:75 - [STDERR_REDIRECT] WARNING: Could not lock System prefs. Unix error code 2.
2025-02-15 17:41:51,827 [ERROR] LogOutputStream:75 - [STDERR_REDIRECT] 
2025-02-15 17:41:51,827 [ERROR] LogOutputStream:75 - [STDERR_REDIRECT] Feb 15, 2025 5:41:51 PM java.util.prefs.FileSystemPreferences syncWorld
2025-02-15 17:41:51,827 [ERROR] LogOutputStream:75 - [STDERR_REDIRECT] WARNING: Couldn't flush system prefs: java.util.prefs.BackingStoreException: Couldn't get file lock.
2025-02-15 17:41:51,827 [ERROR] LogOutputStream:75 - [STDERR_REDIRECT] 
2025-02-15 17:42:21,826 [ERROR] LogOutputStream:75 - [STDERR_REDIRECT] Feb 15, 2025 5:42:21 PM java.util.prefs.FileSystemPreferences checkLockFile0ErrorCode
2025-02-15 17:42:21,826 [ERROR] LogOutputStream:75 - [STDERR_REDIRECT] WARNING: Could not lock System prefs. Unix error code 2.
2025-02-15 17:42:21,826 [ERROR] LogOutputStream:75 - [STDERR_REDIRECT] 
2025-02-15 17:42:21,827 [ERROR] LogOutputStream:75 - [STDERR_REDIRECT] Feb 15, 2025 5:42:21 PM java.util.prefs.FileSystemPreferences syncWorld
2025-02-15 17:42:21,827 [ERROR] LogOutputStream:75 - [STDERR_REDIRECT] WARNING: Couldn't flush system prefs: java.util.prefs.BackingStoreException: Couldn't get file lock.
2025-02-15 17:42:21,827 [ERROR] LogOutputStream:75 - [STDERR_REDIRECT] 
2025-02-15 17:42:51,826 [ERROR] LogOutputStream:75 - [STDERR_REDIRECT] Feb 15, 2025 5:42:51 PM java.util.prefs.FileSystemPreferences checkLockFile0ErrorCode
2025-02-15 17:42:51,826 [ERROR] LogOutputStream:75 - [STDERR_REDIRECT] WARNING: Could not lock System prefs. Unix error code 2.
2025-02-15 17:42:51,826 [ERROR] LogOutputStream:75 - [STDERR_REDIRECT] 
2025-02-15 17:42:51,826 [ERROR] LogOutputStream:75 - [STDERR_REDIRECT] Feb 15, 2025 5:42:51 PM java.util.prefs.FileSystemPreferences syncWorld
2025-02-15 17:42:51,826 [ERROR] LogOutputStream:75 - [STDERR_REDIRECT] WARNING: Couldn't flush system prefs: java.util.prefs.BackingStoreException: Couldn't get file lock.
2025-02-15 17:42:51,826 [ERROR] LogOutputStream:75 - [STDERR_REDIRECT] 
2025-02-15 17:43:21,827 [ERROR] LogOutputStream:75 - [STDERR_REDIRECT] Feb 15, 2025 5:43:21 PM java.util.prefs.FileSystemPreferences checkLockFile0ErrorCode
2025-02-15 17:43:21,827 [ERROR] LogOutputStream:75 - [STDERR_REDIRECT] WARNING: Could not lock System prefs. Unix error code 2.
2025-02-15 17:43:21,827 [ERROR] LogOutputStream:75 - [STDERR_REDIRECT] 
2025-02-15 17:43:21,827 [ERROR] LogOutputStream:75 - [STDERR_REDIRECT] Feb 15, 2025 5:43:21 PM java.util.prefs.FileSystemPreferences syncWorld
2025-02-15 17:43:21,827 [ERROR] LogOutputStream:75 - [STDERR_REDIRECT] WARNING: Couldn't flush system prefs: java.util.prefs.BackingStoreException: Couldn't get file lock.
2025-02-15 17:43:21,827 [ERROR] LogOutputStream:75 - [STDERR_REDIRECT] 
2025-02-15 17:43:51,828 [ERROR] LogOutputStream:75 - [STDERR_REDIRECT] Feb 15, 2025 5:43:51 PM java.util.prefs.FileSystemPreferences checkLockFile0ErrorCode
2025-02-15 17:43:51,828 [ERROR] LogOutputStream:75 - [STDERR_REDIRECT] WARNING: Could not lock System prefs. Unix error code 2.
2025-02-15 17:43:51,828 [ERROR] LogOutputStream:75 - [STDERR_REDIRECT] 
2025-02-15 17:43:51,828 [ERROR] LogOutputStream:75 - [STDERR_REDIRECT] Feb 15, 2025 5:43:51 PM java.util.prefs.FileSystemPreferences syncWorld
2025-02-15 17:43:51,828 [ERROR] LogOutputStream:75 - [STDERR_REDIRECT] WARNING: Couldn't flush system prefs: java.util.prefs.BackingStoreException: Couldn't get file lock.
2025-02-15 17:43:51,828 [ERROR] LogOutputStream:75 - [STDERR_REDIRECT] 
2025-02-15 17:44:21,828 [ERROR] LogOutputStream:75 - [STDERR_REDIRECT] Feb 15, 2025 5:44:21 PM java.util.prefs.FileSystemPreferences checkLockFile0ErrorCode
2025-02-15 17:44:21,828 [ERROR] LogOutputStream:75 - [STDERR_REDIRECT] WARNING: Could not lock System prefs. Unix error code 2.
2025-02-15 17:44:21,828 [ERROR] LogOutputStream:75 - [STDERR_REDIRECT] 
2025-02-15 17:44:21,828 [ERROR] LogOutputStream:75 - [STDERR_REDIRECT] Feb 15, 2025 5:44:21 PM java.util.prefs.FileSystemPreferences syncWorld
2025-02-15 17:44:21,828 [ERROR] LogOutputStream:75 - [STDERR_REDIRECT] WARNING: Couldn't flush system prefs: java.util.prefs.BackingStoreException: Couldn't get file lock.
2025-02-15 17:44:21,828 [ERROR] LogOutputStream:75 - [STDERR_REDIRECT] 
2025-02-15 17:44:51,827 [ERROR] LogOutputStream:75 - [STDERR_REDIRECT] Feb 15, 2025 5:44:51 PM java.util.prefs.FileSystemPreferences checkLockFile0ErrorCode
2025-02-15 17:44:51,828 [ERROR] LogOutputStream:75 - [STDERR_REDIRECT] WARNING: Could not lock System prefs. Unix error code 2.
2025-02-15 17:44:51,828 [ERROR] LogOutputStream:75 - [STDERR_REDIRECT] 
2025-02-15 17:44:51,828 [ERROR] LogOutputStream:75 - [STDERR_REDIRECT] Feb 15, 2025 5:44:51 PM java.util.prefs.FileSystemPreferences syncWorld
2025-02-15 17:44:51,828 [ERROR] LogOutputStream:75 - [STDERR_REDIRECT] WARNING: Couldn't flush system prefs: java.util.prefs.BackingStoreException: Couldn't get file lock.
2025-02-15 17:44:51,828 [ERROR] LogOutputStream:75 - [STDERR_REDIRECT] 
2025-02-15 17:45:21,827 [ERROR] LogOutputStream:75 - [STDERR_REDIRECT] Feb 15, 2025 5:45:21 PM java.util.prefs.FileSystemPreferences checkLockFile0ErrorCode
2025-02-15 17:45:21,827 [ERROR] LogOutputStream:75 - [STDERR_REDIRECT] WARNING: Could not lock System prefs. Unix error code 2.
2025-02-15 17:45:21,833 [ERROR] LogOutputStream:75 - [STDERR_REDIRECT] 
2025-02-15 17:45:21,834 [ERROR] LogOutputStream:75 - [STDERR_REDIRECT] Feb 15, 2025 5:45:21 PM java.util.prefs.FileSystemPreferences syncWorld
2025-02-15 17:45:21,834 [ERROR] LogOutputStream:75 - [STDERR_REDIRECT] WARNING: Couldn't flush system prefs: java.util.prefs.BackingStoreException: Couldn't get file lock.
2025-02-15 17:45:21,834 [ERROR] LogOutputStream:75 - [STDERR_REDIRECT] 
2025-02-15 17:45:51,827 [ERROR] LogOutputStream:75 - [STDERR_REDIRECT] Feb 15, 2025 5:45:51 PM java.util.prefs.FileSystemPreferences checkLockFile0ErrorCode
2025-02-15 17:45:51,827 [ERROR] LogOutputStream:75 - [STDERR_REDIRECT] WARNING: Could not lock System prefs. Unix error code 2.
2025-02-15 17:45:51,827 [ERROR] LogOutputStream:75 - [STDERR_REDIRECT] 
2025-02-15 17:45:51,828 [ERROR] LogOutputStream:75 - [STDERR_REDIRECT] Feb 15, 2025 5:45:51 PM java.util.prefs.FileSystemPreferences syncWorld
2025-02-15 17:45:51,828 [ERROR] LogOutputStream:75 - [STDERR_REDIRECT] WARNING: Couldn't flush system prefs: java.util.prefs.BackingStoreException: Couldn't get file lock.
2025-02-15 17:45:51,828 [ERROR] LogOutputStream:75 - [STDERR_REDIRECT] 
2025-02-15 17:46:21,827 [ERROR] LogOutputStream:75 - [STDERR_REDIRECT] Feb 15, 2025 5:46:21 PM java.util.prefs.FileSystemPreferences checkLockFile0ErrorCode
2025-02-15 17:46:21,827 [ERROR] LogOutputStream:75 - [STDERR_REDIRECT] WARNING: Could not lock System prefs. Unix error code 2.
2025-02-15 17:46:21,827 [ERROR] LogOutputStream:75 - [STDERR_REDIRECT] 
2025-02-15 17:46:21,827 [ERROR] LogOutputStream:75 - [STDERR_REDIRECT] Feb 15, 2025 5:46:21 PM java.util.prefs.FileSystemPreferences syncWorld
2025-02-15 17:46:21,828 [ERROR] LogOutputStream:75 - [STDERR_REDIRECT] WARNING: Couldn't flush system prefs: java.util.prefs.BackingStoreException: Couldn't get file lock.
2025-02-15 17:46:21,828 [ERROR] LogOutputStream:75 - [STDERR_REDIRECT] 
2025-02-15 17:46:51,827 [ERROR] LogOutputStream:75 - [STDERR_REDIRECT] Feb 15, 2025 5:46:51 PM java.util.prefs.FileSystemPreferences checkLockFile0ErrorCode
2025-02-15 17:46:51,827 [ERROR] LogOutputStream:75 - [STDERR_REDIRECT] WARNING: Could not lock System prefs. Unix error code 2.
2025-02-15 17:46:51,827 [ERROR] LogOutputStream:75 - [STDERR_REDIRECT] 
2025-02-15 17:46:51,827 [ERROR] LogOutputStream:75 - [STDERR_REDIRECT] Feb 15, 2025 5:46:51 PM java.util.prefs.FileSystemPreferences syncWorld
2025-02-15 17:46:51,827 [ERROR] LogOutputStream:75 - [STDERR_REDIRECT] WARNING: Couldn't flush system prefs: java.util.prefs.BackingStoreException: Couldn't get file lock.
2025-02-15 17:46:51,827 [ERROR] LogOutputStream:75 - [STDERR_REDIRECT] 
2025-02-15 17:47:21,827 [ERROR] LogOutputStream:75 - [STDERR_REDIRECT] Feb 15, 2025 5:47:21 PM java.util.prefs.FileSystemPreferences checkLockFile0ErrorCode
2025-02-15 17:47:21,828 [ERROR] LogOutputStream:75 - [STDERR_REDIRECT] WARNING: Could not lock System prefs. Unix error code 2.
2025-02-15 17:47:21,828 [ERROR] LogOutputStream:75 - [STDERR_REDIRECT] 
2025-02-15 17:47:21,828 [ERROR] LogOutputStream:75 - [STDERR_REDIRECT] Feb 15, 2025 5:47:21 PM java.util.prefs.FileSystemPreferences syncWorld
2025-02-15 17:47:21,828 [ERROR] LogOutputStream:75 - [STDERR_REDIRECT] WARNING: Couldn't flush system prefs: java.util.prefs.BackingStoreException: Couldn't get file lock.
2025-02-15 17:47:21,828 [ERROR] LogOutputStream:75 - [STDERR_REDIRECT] 
2025-02-15 17:47:51,827 [ERROR] LogOutputStream:75 - [STDERR_REDIRECT] Feb 15, 2025 5:47:51 PM java.util.prefs.FileSystemPreferences checkLockFile0ErrorCode
2025-02-15 17:47:51,827 [ERROR] LogOutputStream:75 - [STDERR_REDIRECT] WARNING: Could not lock System prefs. Unix error code 2.
2025-02-15 17:47:51,833 [ERROR] LogOutputStream:75 - [STDERR_REDIRECT] 
2025-02-15 17:47:51,833 [ERROR] LogOutputStream:75 - [STDERR_REDIRECT] Feb 15, 2025 5:47:51 PM java.util.prefs.FileSystemPreferences syncWorld
2025-02-15 17:47:51,834 [ERROR] LogOutputStream:75 - [STDERR_REDIRECT] WARNING: Couldn't flush system prefs: java.util.prefs.BackingStoreException: Couldn't get file lock.
2025-02-15 17:47:51,834 [ERROR] LogOutputStream:75 - [STDERR_REDIRECT] 
2025-02-15 17:48:21,827 [ERROR] LogOutputStream:75 - [STDERR_REDIRECT] Feb 15, 2025 5:48:21 PM java.util.prefs.FileSystemPreferences checkLockFile0ErrorCode
2025-02-15 17:48:21,827 [ERROR] LogOutputStream:75 - [STDERR_REDIRECT] WARNING: Could not lock System prefs. Unix error code 2.
2025-02-15 17:48:21,827 [ERROR] LogOutputStream:75 - [STDERR_REDIRECT] 
2025-02-15 17:48:21,827 [ERROR] LogOutputStream:75 - [STDERR_REDIRECT] Feb 15, 2025 5:48:21 PM java.util.prefs.FileSystemPreferences syncWorld
2025-02-15 17:48:21,827 [ERROR] LogOutputStream:75 - [STDERR_REDIRECT] WARNING: Couldn't flush system prefs: java.util.prefs.BackingStoreException: Couldn't get file lock.
2025-02-15 17:48:21,828 [ERROR] LogOutputStream:75 - [STDERR_REDIRECT] 
2025-02-15 17:48:51,827 [ERROR] LogOutputStream:75 - [STDERR_REDIRECT] Feb 15, 2025 5:48:51 PM java.util.prefs.FileSystemPreferences checkLockFile0ErrorCode
2025-02-15 17:48:51,827 [ERROR] LogOutputStream:75 - [STDERR_REDIRECT] WARNING: Could not lock System prefs. Unix error code 2.
2025-02-15 17:48:51,827 [ERROR] LogOutputStream:75 - [STDERR_REDIRECT] 
2025-02-15 17:48:51,827 [ERROR] LogOutputStream:75 - [STDERR_REDIRECT] Feb 15, 2025 5:48:51 PM java.util.prefs.FileSystemPreferences syncWorld
2025-02-15 17:48:51,827 [ERROR] LogOutputStream:75 - [STDERR_REDIRECT] WARNING: Couldn't flush system prefs: java.util.prefs.BackingStoreException: Couldn't get file lock.
2025-02-15 17:48:51,827 [ERROR] LogOutputStream:75 - [STDERR_REDIRECT] 
2025-02-15 17:49:21,827 [ERROR] LogOutputStream:75 - [STDERR_REDIRECT] Feb 15, 2025 5:49:21 PM java.util.prefs.FileSystemPreferences checkLockFile0ErrorCode
2025-02-15 17:49:21,827 [ERROR] LogOutputStream:75 - [STDERR_REDIRECT] WARNING: Could not lock System prefs. Unix error code 2.
2025-02-15 17:49:21,827 [ERROR] LogOutputStream:75 - [STDERR_REDIRECT] 
2025-02-15 17:49:21,828 [ERROR] LogOutputStream:75 - [STDERR_REDIRECT] Feb 15, 2025 5:49:21 PM java.util.prefs.FileSystemPreferences syncWorld
2025-02-15 17:49:21,828 [ERROR] LogOutputStream:75 - [STDERR_REDIRECT] WARNING: Couldn't flush system prefs: java.util.prefs.BackingStoreException: Couldn't get file lock.
2025-02-15 17:49:21,828 [ERROR] LogOutputStream:75 - [STDERR_REDIRECT] 
2025-02-15 17:49:51,827 [ERROR] LogOutputStream:75 - [STDERR_REDIRECT] Feb 15, 2025 5:49:51 PM java.util.prefs.FileSystemPreferences checkLockFile0ErrorCode
2025-02-15 17:49:51,827 [ERROR] LogOutputStream:75 - [STDERR_REDIRECT] WARNING: Could not lock System prefs. Unix error code 2.
2025-02-15 17:49:51,827 [ERROR] LogOutputStream:75 - [STDERR_REDIRECT] 
2025-02-15 17:49:51,827 [ERROR] LogOutputStream:75 - [STDERR_REDIRECT] Feb 15, 2025 5:49:51 PM java.util.prefs.FileSystemPreferences syncWorld
2025-02-15 17:49:51,827 [ERROR] LogOutputStream:75 - [STDERR_REDIRECT] WARNING: Couldn't flush system prefs: java.util.prefs.BackingStoreException: Couldn't get file lock.
2025-02-15 17:49:51,827 [ERROR] LogOutputStream:75 - [STDERR_REDIRECT] 
2025-02-15 17:50:21,827 [ERROR] LogOutputStream:75 - [STDERR_REDIRECT] Feb 15, 2025 5:50:21 PM java.util.prefs.FileSystemPreferences checkLockFile0ErrorCode
2025-02-15 17:50:21,828 [ERROR] LogOutputStream:75 - [STDERR_REDIRECT] WARNING: Could not lock System prefs. Unix error code 2.
2025-02-15 17:50:21,828 [ERROR] LogOutputStream:75 - [STDERR_REDIRECT] 
2025-02-15 17:50:21,828 [ERROR] LogOutputStream:75 - [STDERR_REDIRECT] Feb 15, 2025 5:50:21 PM java.util.prefs.FileSystemPreferences syncWorld
2025-02-15 17:50:21,834 [ERROR] LogOutputStream:75 - [STDERR_REDIRECT] WARNING: Couldn't flush system prefs: java.util.prefs.BackingStoreException: Couldn't get file lock.
2025-02-15 17:50:21,834 [ERROR] LogOutputStream:75 - [STDERR_REDIRECT] 
2025-02-15 17:50:51,827 [ERROR] LogOutputStream:75 - [STDERR_REDIRECT] Feb 15, 2025 5:50:51 PM java.util.prefs.FileSystemPreferences checkLockFile0ErrorCode
2025-02-15 17:50:51,827 [ERROR] LogOutputStream:75 - [STDERR_REDIRECT] WARNING: Could not lock System prefs. Unix error code 2.
2025-02-15 17:50:51,827 [ERROR] LogOutputStream:75 - [STDERR_REDIRECT] 
2025-02-15 17:50:51,827 [ERROR] LogOutputStream:75 - [STDERR_REDIRECT] Feb 15, 2025 5:50:51 PM java.util.prefs.FileSystemPreferences syncWorld
2025-02-15 17:50:51,828 [ERROR] LogOutputStream:75 - [STDERR_REDIRECT] WARNING: Couldn't flush system prefs: java.util.prefs.BackingStoreException: Couldn't get file lock.
2025-02-15 17:50:51,828 [ERROR] LogOutputStream:75 - [STDERR_REDIRECT] 
2025-02-15 17:51:21,827 [ERROR] LogOutputStream:75 - [STDERR_REDIRECT] Feb 15, 2025 5:51:21 PM java.util.prefs.FileSystemPreferences checkLockFile0ErrorCode
2025-02-15 17:51:21,827 [ERROR] LogOutputStream:75 - [STDERR_REDIRECT] WARNING: Could not lock System prefs. Unix error code 2.
2025-02-15 17:51:21,827 [ERROR] LogOutputStream:75 - [STDERR_REDIRECT] 
2025-02-15 17:51:21,828 [ERROR] LogOutputStream:75 - [STDERR_REDIRECT] Feb 15, 2025 5:51:21 PM java.util.prefs.FileSystemPreferences syncWorld
2025-02-15 17:51:21,828 [ERROR] LogOutputStream:75 - [STDERR_REDIRECT] WARNING: Couldn't flush system prefs: java.util.prefs.BackingStoreException: Couldn't get file lock.
2025-02-15 17:51:21,828 [ERROR] LogOutputStream:75 - [STDERR_REDIRECT] 
2025-02-15 17:51:51,827 [ERROR] LogOutputStream:75 - [STDERR_REDIRECT] Feb 15, 2025 5:51:51 PM java.util.prefs.FileSystemPreferences checkLockFile0ErrorCode
2025-02-15 17:51:51,827 [ERROR] LogOutputStream:75 - [STDERR_REDIRECT] WARNING: Could not lock System prefs. Unix error code 2.
2025-02-15 17:51:51,833 [ERROR] LogOutputStream:75 - [STDERR_REDIRECT] 
2025-02-15 17:51:51,833 [ERROR] LogOutputStream:75 - [STDERR_REDIRECT] Feb 15, 2025 5:51:51 PM java.util.prefs.FileSystemPreferences syncWorld
2025-02-15 17:51:51,834 [ERROR] LogOutputStream:75 - [STDERR_REDIRECT] WARNING: Couldn't flush system prefs: java.util.prefs.BackingStoreException: Couldn't get file lock.
2025-02-15 17:51:51,834 [ERROR] LogOutputStream:75 - [STDERR_REDIRECT] 
2025-02-15 17:52:21,827 [ERROR] LogOutputStream:75 - [STDERR_REDIRECT] Feb 15, 2025 5:52:21 PM java.util.prefs.FileSystemPreferences checkLockFile0ErrorCode
2025-02-15 17:52:21,827 [ERROR] LogOutputStream:75 - [STDERR_REDIRECT] WARNING: Could not lock System prefs. Unix error code 2.
2025-02-15 17:52:21,827 [ERROR] LogOutputStream:75 - [STDERR_REDIRECT] 
2025-02-15 17:52:21,827 [ERROR] LogOutputStream:75 - [STDERR_REDIRECT] Feb 15, 2025 5:52:21 PM java.util.prefs.FileSystemPreferences syncWorld
2025-02-15 17:52:21,827 [ERROR] LogOutputStream:75 - [STDERR_REDIRECT] WARNING: Couldn't flush system prefs: java.util.prefs.BackingStoreException: Couldn't get file lock.
2025-02-15 17:52:21,827 [ERROR] LogOutputStream:75 - [STDERR_REDIRECT] 
2025-02-15 17:52:51,827 [ERROR] LogOutputStream:75 - [STDERR_REDIRECT] Feb 15, 2025 5:52:51 PM java.util.prefs.FileSystemPreferences checkLockFile0ErrorCode
2025-02-15 17:52:51,828 [ERROR] LogOutputStream:75 - [STDERR_REDIRECT] WARNING: Could not lock System prefs. Unix error code 2.
2025-02-15 17:52:51,828 [ERROR] LogOutputStream:75 - [STDERR_REDIRECT] 
2025-02-15 17:52:51,828 [ERROR] LogOutputStream:75 - [STDERR_REDIRECT] Feb 15, 2025 5:52:51 PM java.util.prefs.FileSystemPreferences syncWorld
2025-02-15 17:52:51,828 [ERROR] LogOutputStream:75 - [STDERR_REDIRECT] WARNING: Couldn't flush system prefs: java.util.prefs.BackingStoreException: Couldn't get file lock.
2025-02-15 17:52:51,828 [ERROR] LogOutputStream:75 - [STDERR_REDIRECT] 
2025-02-15 17:53:21,827 [ERROR] LogOutputStream:75 - [STDERR_REDIRECT] Feb 15, 2025 5:53:21 PM java.util.prefs.FileSystemPreferences checkLockFile0ErrorCode
2025-02-15 17:53:21,828 [ERROR] LogOutputStream:75 - [STDERR_REDIRECT] WARNING: Could not lock System prefs. Unix error code 2.
2025-02-15 17:53:21,828 [ERROR] LogOutputStream:75 - [STDERR_REDIRECT] 
2025-02-15 17:53:21,828 [ERROR] LogOutputStream:75 - [STDERR_REDIRECT] Feb 15, 2025 5:53:21 PM java.util.prefs.FileSystemPreferences syncWorld
2025-02-15 17:53:21,828 [ERROR] LogOutputStream:75 - [STDERR_REDIRECT] WARNING: Couldn't flush system prefs: java.util.prefs.BackingStoreException: Couldn't get file lock.
2025-02-15 17:53:21,828 [ERROR] LogOutputStream:75 - [STDERR_REDIRECT] 
2025-02-15 17:53:51,827 [ERROR] LogOutputStream:75 - [STDERR_REDIRECT] Feb 15, 2025 5:53:51 PM java.util.prefs.FileSystemPreferences checkLockFile0ErrorCode
2025-02-15 17:53:51,828 [ERROR] LogOutputStream:75 - [STDERR_REDIRECT] WARNING: Could not lock System prefs. Unix error code 2.
2025-02-15 17:53:51,828 [ERROR] LogOutputStream:75 - [STDERR_REDIRECT] 
2025-02-15 17:53:51,828 [ERROR] LogOutputStream:75 - [STDERR_REDIRECT] Feb 15, 2025 5:53:51 PM java.util.prefs.FileSystemPreferences syncWorld
2025-02-15 17:53:51,828 [ERROR] LogOutputStream:75 - [STDERR_REDIRECT] WARNING: Couldn't flush system prefs: java.util.prefs.BackingStoreException: Couldn't get file lock.
2025-02-15 17:53:51,828 [ERROR] LogOutputStream:75 - [STDERR_REDIRECT] 
2025-02-15 17:54:21,828 [ERROR] LogOutputStream:75 - [STDERR_REDIRECT] Feb 15, 2025 5:54:21 PM java.util.prefs.FileSystemPreferences checkLockFile0ErrorCode
2025-02-15 17:54:21,828 [ERROR] LogOutputStream:75 - [STDERR_REDIRECT] WARNING: Could not lock System prefs. Unix error code 2.
2025-02-15 17:54:21,834 [ERROR] LogOutputStream:75 - [STDERR_REDIRECT] 
2025-02-15 17:54:21,834 [ERROR] LogOutputStream:75 - [STDERR_REDIRECT] Feb 15, 2025 5:54:21 PM java.util.prefs.FileSystemPreferences syncWorld
2025-02-15 17:54:21,834 [ERROR] LogOutputStream:75 - [STDERR_REDIRECT] WARNING: Couldn't flush system prefs: java.util.prefs.BackingStoreException: Couldn't get file lock.
2025-02-15 17:54:21,835 [ERROR] LogOutputStream:75 - [STDERR_REDIRECT] 
2025-02-15 17:54:51,827 [ERROR] LogOutputStream:75 - [STDERR_REDIRECT] Feb 15, 2025 5:54:51 PM java.util.prefs.FileSystemPreferences checkLockFile0ErrorCode
2025-02-15 17:54:51,827 [ERROR] LogOutputStream:75 - [STDERR_REDIRECT] WARNING: Could not lock System prefs. Unix error code 2.
2025-02-15 17:54:51,827 [ERROR] LogOutputStream:75 - [STDERR_REDIRECT] 
2025-02-15 17:54:51,827 [ERROR] LogOutputStream:75 - [STDERR_REDIRECT] Feb 15, 2025 5:54:51 PM java.util.prefs.FileSystemPreferences syncWorld
2025-02-15 17:54:51,827 [ERROR] LogOutputStream:75 - [STDERR_REDIRECT] WARNING: Couldn't flush system prefs: java.util.prefs.BackingStoreException: Couldn't get file lock.
2025-02-15 17:54:51,828 [ERROR] LogOutputStream:75 - [STDERR_REDIRECT] 
2025-02-15 17:55:21,827 [ERROR] LogOutputStream:75 - [STDERR_REDIRECT] Feb 15, 2025 5:55:21 PM java.util.prefs.FileSystemPreferences checkLockFile0ErrorCode
2025-02-15 17:55:21,827 [ERROR] LogOutputStream:75 - [STDERR_REDIRECT] WARNING: Could not lock System prefs. Unix error code 2.
2025-02-15 17:55:21,827 [ERROR] LogOutputStream:75 - [STDERR_REDIRECT] 
2025-02-15 17:55:21,827 [ERROR] LogOutputStream:75 - [STDERR_REDIRECT] Feb 15, 2025 5:55:21 PM java.util.prefs.FileSystemPreferences syncWorld
2025-02-15 17:55:21,827 [ERROR] LogOutputStream:75 - [STDERR_REDIRECT] WARNING: Couldn't flush system prefs: java.util.prefs.BackingStoreException: Couldn't get file lock.
2025-02-15 17:55:21,827 [ERROR] LogOutputStream:75 - [STDERR_REDIRECT] 
2025-02-15 17:55:51,827 [ERROR] LogOutputStream:75 - [STDERR_REDIRECT] Feb 15, 2025 5:55:51 PM java.util.prefs.FileSystemPreferences checkLockFile0ErrorCode
2025-02-15 17:55:51,827 [ERROR] LogOutputStream:75 - [STDERR_REDIRECT] WARNING: Could not lock System prefs. Unix error code 2.
2025-02-15 17:55:51,827 [ERROR] LogOutputStream:75 - [STDERR_REDIRECT] 
2025-02-15 17:55:51,828 [ERROR] LogOutputStream:75 - [STDERR_REDIRECT] Feb 15, 2025 5:55:51 PM java.util.prefs.FileSystemPreferences syncWorld
2025-02-15 17:55:51,828 [ERROR] LogOutputStream:75 - [STDERR_REDIRECT] WARNING: Couldn't flush system prefs: java.util.prefs.BackingStoreException: Couldn't get file lock.
2025-02-15 17:55:51,828 [ERROR] LogOutputStream:75 - [STDERR_REDIRECT] 
2025-02-15 17:56:21,827 [ERROR] LogOutputStream:75 - [STDERR_REDIRECT] Feb 15, 2025 5:56:21 PM java.util.prefs.FileSystemPreferences checkLockFile0ErrorCode
2025-02-15 17:56:21,827 [ERROR] LogOutputStream:75 - [STDERR_REDIRECT] WARNING: Could not lock System prefs. Unix error code 2.
2025-02-15 17:56:21,827 [ERROR] LogOutputStream:75 - [STDERR_REDIRECT] 
2025-02-15 17:56:21,828 [ERROR] LogOutputStream:75 - [STDERR_REDIRECT] Feb 15, 2025 5:56:21 PM java.util.prefs.FileSystemPreferences syncWorld
2025-02-15 17:56:21,828 [ERROR] LogOutputStream:75 - [STDERR_REDIRECT] WARNING: Couldn't flush system prefs: java.util.prefs.BackingStoreException: Couldn't get file lock.
2025-02-15 17:56:21,828 [ERROR] LogOutputStream:75 - [STDERR_REDIRECT] 
2025-02-15 17:56:51,827 [ERROR] LogOutputStream:75 - [STDERR_REDIRECT] Feb 15, 2025 5:56:51 PM java.util.prefs.FileSystemPreferences checkLockFile0ErrorCode
2025-02-15 17:56:51,827 [ERROR] LogOutputStream:75 - [STDERR_REDIRECT] WARNING: Could not lock System prefs. Unix error code 2.
2025-02-15 17:56:51,827 [ERROR] LogOutputStream:75 - [STDERR_REDIRECT] 
2025-02-15 17:56:51,828 [ERROR] LogOutputStream:75 - [STDERR_REDIRECT] Feb 15, 2025 5:56:51 PM java.util.prefs.FileSystemPreferences syncWorld
2025-02-15 17:56:51,828 [ERROR] LogOutputStream:75 - [STDERR_REDIRECT] WARNING: Couldn't flush system prefs: java.util.prefs.BackingStoreException: Couldn't get file lock.
2025-02-15 17:56:51,828 [ERROR] LogOutputStream:75 - [STDERR_REDIRECT] 
2025-02-15 17:57:21,827 [ERROR] LogOutputStream:75 - [STDERR_REDIRECT] Feb 15, 2025 5:57:21 PM java.util.prefs.FileSystemPreferences checkLockFile0ErrorCode
2025-02-15 17:57:21,827 [ERROR] LogOutputStream:75 - [STDERR_REDIRECT] WARNING: Could not lock System prefs. Unix error code 2.
2025-02-15 17:57:21,827 [ERROR] LogOutputStream:75 - [STDERR_REDIRECT] 
2025-02-15 17:57:21,827 [ERROR] LogOutputStream:75 - [STDERR_REDIRECT] Feb 15, 2025 5:57:21 PM java.util.prefs.FileSystemPreferences syncWorld
2025-02-15 17:57:21,827 [ERROR] LogOutputStream:75 - [STDERR_REDIRECT] WARNING: Couldn't flush system prefs: java.util.prefs.BackingStoreException: Couldn't get file lock.
2025-02-15 17:57:21,827 [ERROR] LogOutputStream:75 - [STDERR_REDIRECT] 
2025-02-15 17:57:51,828 [ERROR] LogOutputStream:75 - [STDERR_REDIRECT] Feb 15, 2025 5:57:51 PM java.util.prefs.FileSystemPreferences checkLockFile0ErrorCode
2025-02-15 17:57:51,828 [ERROR] LogOutputStream:75 - [STDERR_REDIRECT] WARNING: Could not lock System prefs. Unix error code 2.
2025-02-15 17:57:51,828 [ERROR] LogOutputStream:75 - [STDERR_REDIRECT] 
2025-02-15 17:57:51,828 [ERROR] LogOutputStream:75 - [STDERR_REDIRECT] Feb 15, 2025 5:57:51 PM java.util.prefs.FileSystemPreferences syncWorld
2025-02-15 17:57:51,828 [ERROR] LogOutputStream:75 - [STDERR_REDIRECT] WARNING: Couldn't flush system prefs: java.util.prefs.BackingStoreException: Couldn't get file lock.
2025-02-15 17:57:51,828 [ERROR] LogOutputStream:75 - [STDERR_REDIRECT] 
2025-02-15 17:58:21,829 [ERROR] LogOutputStream:75 - [STDERR_REDIRECT] Feb 15, 2025 5:58:21 PM java.util.prefs.FileSystemPreferences checkLockFile0ErrorCode
2025-02-15 17:58:21,829 [ERROR] LogOutputStream:75 - [STDERR_REDIRECT] WARNING: Could not lock System prefs. Unix error code 2.
2025-02-15 17:58:21,829 [ERROR] LogOutputStream:75 - [STDERR_REDIRECT] 
2025-02-15 17:58:21,829 [ERROR] LogOutputStream:75 - [STDERR_REDIRECT] Feb 15, 2025 5:58:21 PM java.util.prefs.FileSystemPreferences syncWorld
2025-02-15 17:58:21,829 [ERROR] LogOutputStream:75 - [STDERR_REDIRECT] WARNING: Couldn't flush system prefs: java.util.prefs.BackingStoreException: Couldn't get file lock.
2025-02-15 17:58:21,829 [ERROR] LogOutputStream:75 - [STDERR_REDIRECT] 
2025-02-15 17:58:51,828 [ERROR] LogOutputStream:75 - [STDERR_REDIRECT] Feb 15, 2025 5:58:51 PM java.util.prefs.FileSystemPreferences checkLockFile0ErrorCode
2025-02-15 17:58:51,828 [ERROR] LogOutputStream:75 - [STDERR_REDIRECT] WARNING: Could not lock System prefs. Unix error code 2.
2025-02-15 17:58:51,828 [ERROR] LogOutputStream:75 - [STDERR_REDIRECT] 
2025-02-15 17:58:51,829 [ERROR] LogOutputStream:75 - [STDERR_REDIRECT] Feb 15, 2025 5:58:51 PM java.util.prefs.FileSystemPreferences syncWorld
2025-02-15 17:58:51,829 [ERROR] LogOutputStream:75 - [STDERR_REDIRECT] WARNING: Couldn't flush system prefs: java.util.prefs.BackingStoreException: Couldn't get file lock.
2025-02-15 17:58:51,829 [ERROR] LogOutputStream:75 - [STDERR_REDIRECT] 
2025-02-15 17:59:21,828 [ERROR] LogOutputStream:75 - [STDERR_REDIRECT] Feb 15, 2025 5:59:21 PM java.util.prefs.FileSystemPreferences checkLockFile0ErrorCode
2025-02-15 17:59:21,828 [ERROR] LogOutputStream:75 - [STDERR_REDIRECT] WARNING: Could not lock System prefs. Unix error code 2.
2025-02-15 17:59:21,828 [ERROR] LogOutputStream:75 - [STDERR_REDIRECT] 
2025-02-15 17:59:21,828 [ERROR] LogOutputStream:75 - [STDERR_REDIRECT] Feb 15, 2025 5:59:21 PM java.util.prefs.FileSystemPreferences syncWorld
2025-02-15 17:59:21,828 [ERROR] LogOutputStream:75 - [STDERR_REDIRECT] WARNING: Couldn't flush system prefs: java.util.prefs.BackingStoreException: Couldn't get file lock.
2025-02-15 17:59:21,828 [ERROR] LogOutputStream:75 - [STDERR_REDIRECT] 
2025-02-15 17:59:51,829 [ERROR] LogOutputStream:75 - [STDERR_REDIRECT] Feb 15, 2025 5:59:51 PM java.util.prefs.FileSystemPreferences checkLockFile0ErrorCode
2025-02-15 17:59:51,829 [ERROR] LogOutputStream:75 - [STDERR_REDIRECT] WARNING: Could not lock System prefs. Unix error code 2.
2025-02-15 17:59:51,829 [ERROR] LogOutputStream:75 - [STDERR_REDIRECT] 
2025-02-15 17:59:51,829 [ERROR] LogOutputStream:75 - [STDERR_REDIRECT] Feb 15, 2025 5:59:51 PM java.util.prefs.FileSystemPreferences syncWorld
2025-02-15 17:59:51,829 [ERROR] LogOutputStream:75 - [STDERR_REDIRECT] WARNING: Couldn't flush system prefs: java.util.prefs.BackingStoreException: Couldn't get file lock.
2025-02-15 17:59:51,829 [ERROR] LogOutputStream:75 - [STDERR_REDIRECT] 
2025-02-15 18:00:21,828 [ERROR] LogOutputStream:75 - [STDERR_REDIRECT] Feb 15, 2025 6:00:21 PM java.util.prefs.FileSystemPreferences checkLockFile0ErrorCode
2025-02-15 18:00:21,829 [ERROR] LogOutputStream:75 - [STDERR_REDIRECT] WARNING: Could not lock System prefs. Unix error code 2.
2025-02-15 18:00:21,829 [ERROR] LogOutputStream:75 - [STDERR_REDIRECT] 
2025-02-15 18:00:21,829 [ERROR] LogOutputStream:75 - [STDERR_REDIRECT] Feb 15, 2025 6:00:21 PM java.util.prefs.FileSystemPreferences syncWorld
2025-02-15 18:00:21,829 [ERROR] LogOutputStream:75 - [STDERR_REDIRECT] WARNING: Couldn't flush system prefs: java.util.prefs.BackingStoreException: Couldn't get file lock.
2025-02-15 18:00:21,829 [ERROR] LogOutputStream:75 - [STDERR_REDIRECT] 
2025-02-15 18:00:51,828 [ERROR] LogOutputStream:75 - [STDERR_REDIRECT] Feb 15, 2025 6:00:51 PM java.util.prefs.FileSystemPreferences checkLockFile0ErrorCode
2025-02-15 18:00:51,828 [ERROR] LogOutputStream:75 - [STDERR_REDIRECT] WARNING: Could not lock System prefs. Unix error code 2.
2025-02-15 18:00:51,828 [ERROR] LogOutputStream:75 - [STDERR_REDIRECT] 
2025-02-15 18:00:51,828 [ERROR] LogOutputStream:75 - [STDERR_REDIRECT] Feb 15, 2025 6:00:51 PM java.util.prefs.FileSystemPreferences syncWorld
2025-02-15 18:00:51,828 [ERROR] LogOutputStream:75 - [STDERR_REDIRECT] WARNING: Couldn't flush system prefs: java.util.prefs.BackingStoreException: Couldn't get file lock.
2025-02-15 18:00:51,828 [ERROR] LogOutputStream:75 - [STDERR_REDIRECT] 
2025-02-15 18:01:21,835 [ERROR] LogOutputStream:75 - [STDERR_REDIRECT] Feb 15, 2025 6:01:21 PM java.util.prefs.FileSystemPreferences checkLockFile0ErrorCode
2025-02-15 18:01:21,835 [ERROR] LogOutputStream:75 - [STDERR_REDIRECT] WARNING: Could not lock System prefs. Unix error code 2.
2025-02-15 18:01:21,835 [ERROR] LogOutputStream:75 - [STDERR_REDIRECT] 
2025-02-15 18:01:21,836 [ERROR] LogOutputStream:75 - [STDERR_REDIRECT] Feb 15, 2025 6:01:21 PM java.util.prefs.FileSystemPreferences syncWorld
2025-02-15 18:01:21,836 [ERROR] LogOutputStream:75 - [STDERR_REDIRECT] WARNING: Couldn't flush system prefs: java.util.prefs.BackingStoreException: Couldn't get file lock.
2025-02-15 18:01:21,836 [ERROR] LogOutputStream:75 - [STDERR_REDIRECT] 
2025-02-15 18:01:51,829 [ERROR] LogOutputStream:75 - [STDERR_REDIRECT] Feb 15, 2025 6:01:51 PM java.util.prefs.FileSystemPreferences checkLockFile0ErrorCode
2025-02-15 18:01:51,829 [ERROR] LogOutputStream:75 - [STDERR_REDIRECT] WARNING: Could not lock System prefs. Unix error code 2.
2025-02-15 18:01:51,830 [ERROR] LogOutputStream:75 - [STDERR_REDIRECT] 
2025-02-15 18:01:51,830 [ERROR] LogOutputStream:75 - [STDERR_REDIRECT] Feb 15, 2025 6:01:51 PM java.util.prefs.FileSystemPreferences syncWorld
2025-02-15 18:01:51,830 [ERROR] LogOutputStream:75 - [STDERR_REDIRECT] WARNING: Couldn't flush system prefs: java.util.prefs.BackingStoreException: Couldn't get file lock.
2025-02-15 18:01:51,830 [ERROR] LogOutputStream:75 - [STDERR_REDIRECT] 
2025-02-15 18:02:21,830 [ERROR] LogOutputStream:75 - [STDERR_REDIRECT] Feb 15, 2025 6:02:21 PM java.util.prefs.FileSystemPreferences checkLockFile0ErrorCode
2025-02-15 18:02:21,830 [ERROR] LogOutputStream:75 - [STDERR_REDIRECT] WARNING: Could not lock System prefs. Unix error code 2.
2025-02-15 18:02:21,830 [ERROR] LogOutputStream:75 - [STDERR_REDIRECT] 
2025-02-15 18:02:21,831 [ERROR] LogOutputStream:75 - [STDERR_REDIRECT] Feb 15, 2025 6:02:21 PM java.util.prefs.FileSystemPreferences syncWorld
2025-02-15 18:02:21,831 [ERROR] LogOutputStream:75 - [STDERR_REDIRECT] WARNING: Couldn't flush system prefs: java.util.prefs.BackingStoreException: Couldn't get file lock.
2025-02-15 18:02:21,831 [ERROR] LogOutputStream:75 - [STDERR_REDIRECT] 
2025-02-15 18:02:51,829 [ERROR] LogOutputStream:75 - [STDERR_REDIRECT] Feb 15, 2025 6:02:51 PM java.util.prefs.FileSystemPreferences checkLockFile0ErrorCode
2025-02-15 18:02:51,829 [ERROR] LogOutputStream:75 - [STDERR_REDIRECT] WARNING: Could not lock System prefs. Unix error code 2.
2025-02-15 18:02:51,829 [ERROR] LogOutputStream:75 - [STDERR_REDIRECT] 
2025-02-15 18:02:51,829 [ERROR] LogOutputStream:75 - [STDERR_REDIRECT] Feb 15, 2025 6:02:51 PM java.util.prefs.FileSystemPreferences syncWorld
2025-02-15 18:02:51,829 [ERROR] LogOutputStream:75 - [STDERR_REDIRECT] WARNING: Couldn't flush system prefs: java.util.prefs.BackingStoreException: Couldn't get file lock.
2025-02-15 18:02:51,829 [ERROR] LogOutputStream:75 - [STDERR_REDIRECT] 
2025-02-15 18:03:21,830 [ERROR] LogOutputStream:75 - [STDERR_REDIRECT] Feb 15, 2025 6:03:21 PM java.util.prefs.FileSystemPreferences checkLockFile0ErrorCode
2025-02-15 18:03:21,830 [ERROR] LogOutputStream:75 - [STDERR_REDIRECT] WARNING: Could not lock System prefs. Unix error code 2.
2025-02-15 18:03:21,830 [ERROR] LogOutputStream:75 - [STDERR_REDIRECT] 
2025-02-15 18:03:21,830 [ERROR] LogOutputStream:75 - [STDERR_REDIRECT] Feb 15, 2025 6:03:21 PM java.util.prefs.FileSystemPreferences syncWorld
2025-02-15 18:03:21,830 [ERROR] LogOutputStream:75 - [STDERR_REDIRECT] WARNING: Couldn't flush system prefs: java.util.prefs.BackingStoreException: Couldn't get file lock.
2025-02-15 18:03:21,830 [ERROR] LogOutputStream:75 - [STDERR_REDIRECT] 
2025-02-15 18:03:51,829 [ERROR] LogOutputStream:75 - [STDERR_REDIRECT] Feb 15, 2025 6:03:51 PM java.util.prefs.FileSystemPreferences checkLockFile0ErrorCode
2025-02-15 18:03:51,830 [ERROR] LogOutputStream:75 - [STDERR_REDIRECT] WARNING: Could not lock System prefs. Unix error code 2.
2025-02-15 18:03:51,836 [ERROR] LogOutputStream:75 - [STDERR_REDIRECT] 
2025-02-15 18:03:51,836 [ERROR] LogOutputStream:75 - [STDERR_REDIRECT] Feb 15, 2025 6:03:51 PM java.util.prefs.FileSystemPreferences syncWorld
2025-02-15 18:03:51,836 [ERROR] LogOutputStream:75 - [STDERR_REDIRECT] WARNING: Couldn't flush system prefs: java.util.prefs.BackingStoreException: Couldn't get file lock.
2025-02-15 18:03:51,836 [ERROR] LogOutputStream:75 - [STDERR_REDIRECT] 
2025-02-15 18:04:21,829 [ERROR] LogOutputStream:75 - [STDERR_REDIRECT] Feb 15, 2025 6:04:21 PM java.util.prefs.FileSystemPreferences checkLockFile0ErrorCode
2025-02-15 18:04:21,830 [ERROR] LogOutputStream:75 - [STDERR_REDIRECT] WARNING: Could not lock System prefs. Unix error code 2.
2025-02-15 18:04:21,830 [ERROR] LogOutputStream:75 - [STDERR_REDIRECT] 
2025-02-15 18:04:21,830 [ERROR] LogOutputStream:75 - [STDERR_REDIRECT] Feb 15, 2025 6:04:21 PM java.util.prefs.FileSystemPreferences syncWorld
2025-02-15 18:04:21,830 [ERROR] LogOutputStream:75 - [STDERR_REDIRECT] WARNING: Couldn't flush system prefs: java.util.prefs.BackingStoreException: Couldn't get file lock.
2025-02-15 18:04:21,830 [ERROR] LogOutputStream:75 - [STDERR_REDIRECT] 
2025-02-15 18:04:51,829 [ERROR] LogOutputStream:75 - [STDERR_REDIRECT] Feb 15, 2025 6:04:51 PM java.util.prefs.FileSystemPreferences checkLockFile0ErrorCode
2025-02-15 18:04:51,829 [ERROR] LogOutputStream:75 - [STDERR_REDIRECT] WARNING: Could not lock System prefs. Unix error code 2.
2025-02-15 18:04:51,830 [ERROR] LogOutputStream:75 - [STDERR_REDIRECT] 
2025-02-15 18:04:51,830 [ERROR] LogOutputStream:75 - [STDERR_REDIRECT] Feb 15, 2025 6:04:51 PM java.util.prefs.FileSystemPreferences syncWorld
2025-02-15 18:04:51,830 [ERROR] LogOutputStream:75 - [STDERR_REDIRECT] WARNING: Couldn't flush system prefs: java.util.prefs.BackingStoreException: Couldn't get file lock.
2025-02-15 18:04:51,830 [ERROR] LogOutputStream:75 - [STDERR_REDIRECT] 
2025-02-15 18:05:21,829 [ERROR] LogOutputStream:75 - [STDERR_REDIRECT] Feb 15, 2025 6:05:21 PM java.util.prefs.FileSystemPreferences checkLockFile0ErrorCode
2025-02-15 18:05:21,829 [ERROR] LogOutputStream:75 - [STDERR_REDIRECT] WARNING: Could not lock System prefs. Unix error code 2.
2025-02-15 18:05:21,829 [ERROR] LogOutputStream:75 - [STDERR_REDIRECT] 
2025-02-15 18:05:21,830 [ERROR] LogOutputStream:75 - [STDERR_REDIRECT] Feb 15, 2025 6:05:21 PM java.util.prefs.FileSystemPreferences syncWorld
2025-02-15 18:05:21,830 [ERROR] LogOutputStream:75 - [STDERR_REDIRECT] WARNING: Couldn't flush system prefs: java.util.prefs.BackingStoreException: Couldn't get file lock.
2025-02-15 18:05:21,830 [ERROR] LogOutputStream:75 - [STDERR_REDIRECT] 
2025-02-15 18:05:51,829 [ERROR] LogOutputStream:75 - [STDERR_REDIRECT] Feb 15, 2025 6:05:51 PM java.util.prefs.FileSystemPreferences checkLockFile0ErrorCode
2025-02-15 18:05:51,829 [ERROR] LogOutputStream:75 - [STDERR_REDIRECT] WARNING: Could not lock System prefs. Unix error code 2.
2025-02-15 18:05:51,829 [ERROR] LogOutputStream:75 - [STDERR_REDIRECT] 
2025-02-15 18:05:51,829 [ERROR] LogOutputStream:75 - [STDERR_REDIRECT] Feb 15, 2025 6:05:51 PM java.util.prefs.FileSystemPreferences syncWorld
2025-02-15 18:05:51,829 [ERROR] LogOutputStream:75 - [STDERR_REDIRECT] WARNING: Couldn't flush system prefs: java.util.prefs.BackingStoreException: Couldn't get file lock.
2025-02-15 18:05:51,830 [ERROR] LogOutputStream:75 - [STDERR_REDIRECT] 
2025-02-15 18:06:21,829 [ERROR] LogOutputStream:75 - [STDERR_REDIRECT] Feb 15, 2025 6:06:21 PM java.util.prefs.FileSystemPreferences checkLockFile0ErrorCode
2025-02-15 18:06:21,829 [ERROR] LogOutputStream:75 - [STDERR_REDIRECT] WARNING: Could not lock System prefs. Unix error code 2.
2025-02-15 18:06:21,829 [ERROR] LogOutputStream:75 - [STDERR_REDIRECT] 
2025-02-15 18:06:21,829 [ERROR] LogOutputStream:75 - [STDERR_REDIRECT] Feb 15, 2025 6:06:21 PM java.util.prefs.FileSystemPreferences syncWorld
2025-02-15 18:06:21,829 [ERROR] LogOutputStream:75 - [STDERR_REDIRECT] WARNING: Couldn't flush system prefs: java.util.prefs.BackingStoreException: Couldn't get file lock.
2025-02-15 18:06:21,829 [ERROR] LogOutputStream:75 - [STDERR_REDIRECT] 
2025-02-15 18:06:51,829 [ERROR] LogOutputStream:75 - [STDERR_REDIRECT] Feb 15, 2025 6:06:51 PM java.util.prefs.FileSystemPreferences checkLockFile0ErrorCode
2025-02-15 18:06:51,829 [ERROR] LogOutputStream:75 - [STDERR_REDIRECT] WARNING: Could not lock System prefs. Unix error code 2.
2025-02-15 18:06:51,829 [ERROR] LogOutputStream:75 - [STDERR_REDIRECT] 
2025-02-15 18:06:51,829 [ERROR] LogOutputStream:75 - [STDERR_REDIRECT] Feb 15, 2025 6:06:51 PM java.util.prefs.FileSystemPreferences syncWorld
2025-02-15 18:06:51,830 [ERROR] LogOutputStream:75 - [STDERR_REDIRECT] WARNING: Couldn't flush system prefs: java.util.prefs.BackingStoreException: Couldn't get file lock.
2025-02-15 18:06:51,830 [ERROR] LogOutputStream:75 - [STDERR_REDIRECT] 
2025-02-15 18:07:21,829 [ERROR] LogOutputStream:75 - [STDERR_REDIRECT] Feb 15, 2025 6:07:21 PM java.util.prefs.FileSystemPreferences checkLockFile0ErrorCode
2025-02-15 18:07:21,829 [ERROR] LogOutputStream:75 - [STDERR_REDIRECT] WARNING: Could not lock System prefs. Unix error code 2.
2025-02-15 18:07:21,829 [ERROR] LogOutputStream:75 - [STDERR_REDIRECT] 
2025-02-15 18:07:21,829 [ERROR] LogOutputStream:75 - [STDERR_REDIRECT] Feb 15, 2025 6:07:21 PM java.util.prefs.FileSystemPreferences syncWorld
2025-02-15 18:07:21,829 [ERROR] LogOutputStream:75 - [STDERR_REDIRECT] WARNING: Couldn't flush system prefs: java.util.prefs.BackingStoreException: Couldn't get file lock.
2025-02-15 18:07:21,829 [ERROR] LogOutputStream:75 - [STDERR_REDIRECT] 
2025-02-15 18:07:51,829 [ERROR] LogOutputStream:75 - [STDERR_REDIRECT] Feb 15, 2025 6:07:51 PM java.util.prefs.FileSystemPreferences checkLockFile0ErrorCode
2025-02-15 18:07:51,829 [ERROR] LogOutputStream:75 - [STDERR_REDIRECT] WARNING: Could not lock System prefs. Unix error code 2.
2025-02-15 18:07:51,829 [ERROR] LogOutputStream:75 - [STDERR_REDIRECT] 
2025-02-15 18:07:51,829 [ERROR] LogOutputStream:75 - [STDERR_REDIRECT] Feb 15, 2025 6:07:51 PM java.util.prefs.FileSystemPreferences syncWorld
2025-02-15 18:07:51,829 [ERROR] LogOutputStream:75 - [STDERR_REDIRECT] WARNING: Couldn't flush system prefs: java.util.prefs.BackingStoreException: Couldn't get file lock.
2025-02-15 18:07:51,829 [ERROR] LogOutputStream:75 - [STDERR_REDIRECT] 
2025-02-15 18:08:21,829 [ERROR] LogOutputStream:75 - [STDERR_REDIRECT] Feb 15, 2025 6:08:21 PM java.util.prefs.FileSystemPreferences checkLockFile0ErrorCode
2025-02-15 18:08:21,829 [ERROR] LogOutputStream:75 - [STDERR_REDIRECT] WARNING: Could not lock System prefs. Unix error code 2.
2025-02-15 18:08:21,829 [ERROR] LogOutputStream:75 - [STDERR_REDIRECT] 
2025-02-15 18:08:21,829 [ERROR] LogOutputStream:75 - [STDERR_REDIRECT] Feb 15, 2025 6:08:21 PM java.util.prefs.FileSystemPreferences syncWorld
2025-02-15 18:08:21,829 [ERROR] LogOutputStream:75 - [STDERR_REDIRECT] WARNING: Couldn't flush system prefs: java.util.prefs.BackingStoreException: Couldn't get file lock.
2025-02-15 18:08:21,829 [ERROR] LogOutputStream:75 - [STDERR_REDIRECT] 
2025-02-15 18:08:51,830 [ERROR] LogOutputStream:75 - [STDERR_REDIRECT] Feb 15, 2025 6:08:51 PM java.util.prefs.FileSystemPreferences checkLockFile0ErrorCode
2025-02-15 18:08:51,830 [ERROR] LogOutputStream:75 - [STDERR_REDIRECT] WARNING: Could not lock System prefs. Unix error code 2.
2025-02-15 18:08:51,830 [ERROR] LogOutputStream:75 - [STDERR_REDIRECT] 
2025-02-15 18:08:51,830 [ERROR] LogOutputStream:75 - [STDERR_REDIRECT] Feb 15, 2025 6:08:51 PM java.util.prefs.FileSystemPreferences syncWorld
2025-02-15 18:08:51,830 [ERROR] LogOutputStream:75 - [STDERR_REDIRECT] WARNING: Couldn't flush system prefs: java.util.prefs.BackingStoreException: Couldn't get file lock.
2025-02-15 18:08:51,830 [ERROR] LogOutputStream:75 - [STDERR_REDIRECT] 
2025-02-15 18:09:21,829 [ERROR] LogOutputStream:75 - [STDERR_REDIRECT] Feb 15, 2025 6:09:21 PM java.util.prefs.FileSystemPreferences checkLockFile0ErrorCode
2025-02-15 18:09:21,829 [ERROR] LogOutputStream:75 - [STDERR_REDIRECT] WARNING: Could not lock System prefs. Unix error code 2.
2025-02-15 18:09:21,829 [ERROR] LogOutputStream:75 - [STDERR_REDIRECT] 
2025-02-15 18:09:21,829 [ERROR] LogOutputStream:75 - [STDERR_REDIRECT] Feb 15, 2025 6:09:21 PM java.util.prefs.FileSystemPreferences syncWorld
2025-02-15 18:09:21,829 [ERROR] LogOutputStream:75 - [STDERR_REDIRECT] WARNING: Couldn't flush system prefs: java.util.prefs.BackingStoreException: Couldn't get file lock.
2025-02-15 18:09:21,830 [ERROR] LogOutputStream:75 - [STDERR_REDIRECT] 
2025-02-15 18:09:51,829 [ERROR] LogOutputStream:75 - [STDERR_REDIRECT] Feb 15, 2025 6:09:51 PM java.util.prefs.FileSystemPreferences checkLockFile0ErrorCode
2025-02-15 18:09:51,829 [ERROR] LogOutputStream:75 - [STDERR_REDIRECT] WARNING: Could not lock System prefs. Unix error code 2.
2025-02-15 18:09:51,829 [ERROR] LogOutputStream:75 - [STDERR_REDIRECT] 
2025-02-15 18:09:51,829 [ERROR] LogOutputStream:75 - [STDERR_REDIRECT] Feb 15, 2025 6:09:51 PM java.util.prefs.FileSystemPreferences syncWorld
2025-02-15 18:09:51,829 [ERROR] LogOutputStream:75 - [STDERR_REDIRECT] WARNING: Couldn't flush system prefs: java.util.prefs.BackingStoreException: Couldn't get file lock.
2025-02-15 18:09:51,829 [ERROR] LogOutputStream:75 - [STDERR_REDIRECT] 
2025-02-15 18:10:21,829 [ERROR] LogOutputStream:75 - [STDERR_REDIRECT] Feb 15, 2025 6:10:21 PM java.util.prefs.FileSystemPreferences checkLockFile0ErrorCode
2025-02-15 18:10:21,829 [ERROR] LogOutputStream:75 - [STDERR_REDIRECT] WARNING: Could not lock System prefs. Unix error code 2.
2025-02-15 18:10:21,830 [ERROR] LogOutputStream:75 - [STDERR_REDIRECT] 
2025-02-15 18:10:21,830 [ERROR] LogOutputStream:75 - [STDERR_REDIRECT] Feb 15, 2025 6:10:21 PM java.util.prefs.FileSystemPreferences syncWorld
2025-02-15 18:10:21,830 [ERROR] LogOutputStream:75 - [STDERR_REDIRECT] WARNING: Couldn't flush system prefs: java.util.prefs.BackingStoreException: Couldn't get file lock.
2025-02-15 18:10:21,830 [ERROR] LogOutputStream:75 - [STDERR_REDIRECT] 
2025-02-15 18:10:51,829 [ERROR] LogOutputStream:75 - [STDERR_REDIRECT] Feb 15, 2025 6:10:51 PM java.util.prefs.FileSystemPreferences checkLockFile0ErrorCode
2025-02-15 18:10:51,829 [ERROR] LogOutputStream:75 - [STDERR_REDIRECT] WARNING: Could not lock System prefs. Unix error code 2.
2025-02-15 18:10:51,829 [ERROR] LogOutputStream:75 - [STDERR_REDIRECT] 
2025-02-15 18:10:51,830 [ERROR] LogOutputStream:75 - [STDERR_REDIRECT] Feb 15, 2025 6:10:51 PM java.util.prefs.FileSystemPreferences syncWorld
2025-02-15 18:10:51,830 [ERROR] LogOutputStream:75 - [STDERR_REDIRECT] WARNING: Couldn't flush system prefs: java.util.prefs.BackingStoreException: Couldn't get file lock.
2025-02-15 18:10:51,830 [ERROR] LogOutputStream:75 - [STDERR_REDIRECT] 
2025-02-15 18:11:21,829 [ERROR] LogOutputStream:75 - [STDERR_REDIRECT] Feb 15, 2025 6:11:21 PM java.util.prefs.FileSystemPreferences checkLockFile0ErrorCode
2025-02-15 18:11:21,829 [ERROR] LogOutputStream:75 - [STDERR_REDIRECT] WARNING: Could not lock System prefs. Unix error code 2.
2025-02-15 18:11:21,829 [ERROR] LogOutputStream:75 - [STDERR_REDIRECT] 
2025-02-15 18:11:21,829 [ERROR] LogOutputStream:75 - [STDERR_REDIRECT] Feb 15, 2025 6:11:21 PM java.util.prefs.FileSystemPreferences syncWorld
2025-02-15 18:11:21,829 [ERROR] LogOutputStream:75 - [STDERR_REDIRECT] WARNING: Couldn't flush system prefs: java.util.prefs.BackingStoreException: Couldn't get file lock.
2025-02-15 18:11:21,829 [ERROR] LogOutputStream:75 - [STDERR_REDIRECT] 
2025-02-15 18:11:51,829 [ERROR] LogOutputStream:75 - [STDERR_REDIRECT] Feb 15, 2025 6:11:51 PM java.util.prefs.FileSystemPreferences checkLockFile0ErrorCode
2025-02-15 18:11:51,830 [ERROR] LogOutputStream:75 - [STDERR_REDIRECT] WARNING: Could not lock System prefs. Unix error code 2.
2025-02-15 18:11:51,830 [ERROR] LogOutputStream:75 - [STDERR_REDIRECT] 
2025-02-15 18:11:51,830 [ERROR] LogOutputStream:75 - [STDERR_REDIRECT] Feb 15, 2025 6:11:51 PM java.util.prefs.FileSystemPreferences syncWorld
2025-02-15 18:11:51,830 [ERROR] LogOutputStream:75 - [STDERR_REDIRECT] WARNING: Couldn't flush system prefs: java.util.prefs.BackingStoreException: Couldn't get file lock.
2025-02-15 18:11:51,830 [ERROR] LogOutputStream:75 - [STDERR_REDIRECT] 
2025-02-15 18:12:21,829 [ERROR] LogOutputStream:75 - [STDERR_REDIRECT] Feb 15, 2025 6:12:21 PM java.util.prefs.FileSystemPreferences checkLockFile0ErrorCode
2025-02-15 18:12:21,829 [ERROR] LogOutputStream:75 - [STDERR_REDIRECT] WARNING: Could not lock System prefs. Unix error code 2.
2025-02-15 18:12:21,829 [ERROR] LogOutputStream:75 - [STDERR_REDIRECT] 
2025-02-15 18:12:21,829 [ERROR] LogOutputStream:75 - [STDERR_REDIRECT] Feb 15, 2025 6:12:21 PM java.util.prefs.FileSystemPreferences syncWorld
2025-02-15 18:12:21,829 [ERROR] LogOutputStream:75 - [STDERR_REDIRECT] WARNING: Couldn't flush system prefs: java.util.prefs.BackingStoreException: Couldn't get file lock.
2025-02-15 18:12:21,829 [ERROR] LogOutputStream:75 - [STDERR_REDIRECT] 
2025-02-15 18:12:51,830 [ERROR] LogOutputStream:75 - [STDERR_REDIRECT] Feb 15, 2025 6:12:51 PM java.util.prefs.FileSystemPreferences checkLockFile0ErrorCode
2025-02-15 18:12:51,830 [ERROR] LogOutputStream:75 - [STDERR_REDIRECT] WARNING: Could not lock System prefs. Unix error code 2.
2025-02-15 18:12:51,830 [ERROR] LogOutputStream:75 - [STDERR_REDIRECT] 
2025-02-15 18:12:51,830 [ERROR] LogOutputStream:75 - [STDERR_REDIRECT] Feb 15, 2025 6:12:51 PM java.util.prefs.FileSystemPreferences syncWorld
2025-02-15 18:12:51,830 [ERROR] LogOutputStream:75 - [STDERR_REDIRECT] WARNING: Couldn't flush system prefs: java.util.prefs.BackingStoreException: Couldn't get file lock.
2025-02-15 18:12:51,830 [ERROR] LogOutputStream:75 - [STDERR_REDIRECT] 
2025-02-15 18:13:21,829 [ERROR] LogOutputStream:75 - [STDERR_REDIRECT] Feb 15, 2025 6:13:21 PM java.util.prefs.FileSystemPreferences checkLockFile0ErrorCode
2025-02-15 18:13:21,830 [ERROR] LogOutputStream:75 - [STDERR_REDIRECT] WARNING: Could not lock System prefs. Unix error code 2.
2025-02-15 18:13:21,830 [ERROR] LogOutputStream:75 - [STDERR_REDIRECT] 
2025-02-15 18:13:21,830 [ERROR] LogOutputStream:75 - [STDERR_REDIRECT] Feb 15, 2025 6:13:21 PM java.util.prefs.FileSystemPreferences syncWorld
2025-02-15 18:13:21,830 [ERROR] LogOutputStream:75 - [STDERR_REDIRECT] WARNING: Couldn't flush system prefs: java.util.prefs.BackingStoreException: Couldn't get file lock.
2025-02-15 18:13:21,830 [ERROR] LogOutputStream:75 - [STDERR_REDIRECT] 
2025-02-15 18:13:51,829 [ERROR] LogOutputStream:75 - [STDERR_REDIRECT] Feb 15, 2025 6:13:51 PM java.util.prefs.FileSystemPreferences checkLockFile0ErrorCode
2025-02-15 18:13:51,830 [ERROR] LogOutputStream:75 - [STDERR_REDIRECT] WARNING: Could not lock System prefs. Unix error code 2.
2025-02-15 18:13:51,830 [ERROR] LogOutputStream:75 - [STDERR_REDIRECT] 
2025-02-15 18:13:51,830 [ERROR] LogOutputStream:75 - [STDERR_REDIRECT] Feb 15, 2025 6:13:51 PM java.util.prefs.FileSystemPreferences syncWorld
2025-02-15 18:13:51,830 [ERROR] LogOutputStream:75 - [STDERR_REDIRECT] WARNING: Couldn't flush system prefs: java.util.prefs.BackingStoreException: Couldn't get file lock.
2025-02-15 18:13:51,830 [ERROR] LogOutputStream:75 - [STDERR_REDIRECT] 
2025-02-15 18:14:21,829 [ERROR] LogOutputStream:75 - [STDERR_REDIRECT] Feb 15, 2025 6:14:21 PM java.util.prefs.FileSystemPreferences checkLockFile0ErrorCode
2025-02-15 18:14:21,829 [ERROR] LogOutputStream:75 - [STDERR_REDIRECT] WARNING: Could not lock System prefs. Unix error code 2.
2025-02-15 18:14:21,829 [ERROR] LogOutputStream:75 - [STDERR_REDIRECT] 
2025-02-15 18:14:21,829 [ERROR] LogOutputStream:75 - [STDERR_REDIRECT] Feb 15, 2025 6:14:21 PM java.util.prefs.FileSystemPreferences syncWorld
2025-02-15 18:14:21,829 [ERROR] LogOutputStream:75 - [STDERR_REDIRECT] WARNING: Couldn't flush system prefs: java.util.prefs.BackingStoreException: Couldn't get file lock.
2025-02-15 18:14:21,829 [ERROR] LogOutputStream:75 - [STDERR_REDIRECT] 
2025-02-15 18:14:51,830 [ERROR] LogOutputStream:75 - [STDERR_REDIRECT] Feb 15, 2025 6:14:51 PM java.util.prefs.FileSystemPreferences checkLockFile0ErrorCode
2025-02-15 18:14:51,830 [ERROR] LogOutputStream:75 - [STDERR_REDIRECT] WARNING: Could not lock System prefs. Unix error code 2.
2025-02-15 18:14:51,830 [ERROR] LogOutputStream:75 - [STDERR_REDIRECT] 
2025-02-15 18:14:51,830 [ERROR] LogOutputStream:75 - [STDERR_REDIRECT] Feb 15, 2025 6:14:51 PM java.util.prefs.FileSystemPreferences syncWorld
2025-02-15 18:14:51,830 [ERROR] LogOutputStream:75 - [STDERR_REDIRECT] WARNING: Couldn't flush system prefs: java.util.prefs.BackingStoreException: Couldn't get file lock.
2025-02-15 18:14:51,830 [ERROR] LogOutputStream:75 - [STDERR_REDIRECT] 
2025-02-15 18:15:21,829 [ERROR] LogOutputStream:75 - [STDERR_REDIRECT] Feb 15, 2025 6:15:21 PM java.util.prefs.FileSystemPreferences checkLockFile0ErrorCode
2025-02-15 18:15:21,829 [ERROR] LogOutputStream:75 - [STDERR_REDIRECT] WARNING: Could not lock System prefs. Unix error code 2.
2025-02-15 18:15:21,829 [ERROR] LogOutputStream:75 - [STDERR_REDIRECT] 
2025-02-15 18:15:21,830 [ERROR] LogOutputStream:75 - [STDERR_REDIRECT] Feb 15, 2025 6:15:21 PM java.util.prefs.FileSystemPreferences syncWorld
2025-02-15 18:15:21,830 [ERROR] LogOutputStream:75 - [STDERR_REDIRECT] WARNING: Couldn't flush system prefs: java.util.prefs.BackingStoreException: Couldn't get file lock.
2025-02-15 18:15:21,830 [ERROR] LogOutputStream:75 - [STDERR_REDIRECT] 
2025-02-15 18:15:51,829 [ERROR] LogOutputStream:75 - [STDERR_REDIRECT] Feb 15, 2025 6:15:51 PM java.util.prefs.FileSystemPreferences checkLockFile0ErrorCode
2025-02-15 18:15:51,829 [ERROR] LogOutputStream:75 - [STDERR_REDIRECT] WARNING: Could not lock System prefs. Unix error code 2.
2025-02-15 18:15:51,829 [ERROR] LogOutputStream:75 - [STDERR_REDIRECT] 
2025-02-15 18:15:51,829 [ERROR] LogOutputStream:75 - [STDERR_REDIRECT] Feb 15, 2025 6:15:51 PM java.util.prefs.FileSystemPreferences syncWorld
2025-02-15 18:15:51,829 [ERROR] LogOutputStream:75 - [STDERR_REDIRECT] WARNING: Couldn't flush system prefs: java.util.prefs.BackingStoreException: Couldn't get file lock.
2025-02-15 18:15:51,829 [ERROR] LogOutputStream:75 - [STDERR_REDIRECT] 
2025-02-15 18:16:21,829 [ERROR] LogOutputStream:75 - [STDERR_REDIRECT] Feb 15, 2025 6:16:21 PM java.util.prefs.FileSystemPreferences checkLockFile0ErrorCode
2025-02-15 18:16:21,830 [ERROR] LogOutputStream:75 - [STDERR_REDIRECT] WARNING: Could not lock System prefs. Unix error code 2.
2025-02-15 18:16:21,830 [ERROR] LogOutputStream:75 - [STDERR_REDIRECT] 
2025-02-15 18:16:21,830 [ERROR] LogOutputStream:75 - [STDERR_REDIRECT] Feb 15, 2025 6:16:21 PM java.util.prefs.FileSystemPreferences syncWorld
2025-02-15 18:16:21,830 [ERROR] LogOutputStream:75 - [STDERR_REDIRECT] WARNING: Couldn't flush system prefs: java.util.prefs.BackingStoreException: Couldn't get file lock.
2025-02-15 18:16:21,830 [ERROR] LogOutputStream:75 - [STDERR_REDIRECT] 
2025-02-15 18:16:51,829 [ERROR] LogOutputStream:75 - [STDERR_REDIRECT] Feb 15, 2025 6:16:51 PM java.util.prefs.FileSystemPreferences checkLockFile0ErrorCode
2025-02-15 18:16:51,829 [ERROR] LogOutputStream:75 - [STDERR_REDIRECT] WARNING: Could not lock System prefs. Unix error code 2.
2025-02-15 18:16:51,829 [ERROR] LogOutputStream:75 - [STDERR_REDIRECT] 
2025-02-15 18:16:51,829 [ERROR] LogOutputStream:75 - [STDERR_REDIRECT] Feb 15, 2025 6:16:51 PM java.util.prefs.FileSystemPreferences syncWorld
2025-02-15 18:16:51,829 [ERROR] LogOutputStream:75 - [STDERR_REDIRECT] WARNING: Couldn't flush system prefs: java.util.prefs.BackingStoreException: Couldn't get file lock.
2025-02-15 18:16:51,829 [ERROR] LogOutputStream:75 - [STDERR_REDIRECT] 
2025-02-15 18:17:21,830 [ERROR] LogOutputStream:75 - [STDERR_REDIRECT] Feb 15, 2025 6:17:21 PM java.util.prefs.FileSystemPreferences checkLockFile0ErrorCode
2025-02-15 18:17:21,830 [ERROR] LogOutputStream:75 - [STDERR_REDIRECT] WARNING: Could not lock System prefs. Unix error code 2.
2025-02-15 18:17:21,830 [ERROR] LogOutputStream:75 - [STDERR_REDIRECT] 
2025-02-15 18:17:21,830 [ERROR] LogOutputStream:75 - [STDERR_REDIRECT] Feb 15, 2025 6:17:21 PM java.util.prefs.FileSystemPreferences syncWorld
2025-02-15 18:17:21,830 [ERROR] LogOutputStream:75 - [STDERR_REDIRECT] WARNING: Couldn't flush system prefs: java.util.prefs.BackingStoreException: Couldn't get file lock.
2025-02-15 18:17:21,830 [ERROR] LogOutputStream:75 - [STDERR_REDIRECT] 
2025-02-15 18:17:51,830 [ERROR] LogOutputStream:75 - [STDERR_REDIRECT] Feb 15, 2025 6:17:51 PM java.util.prefs.FileSystemPreferences checkLockFile0ErrorCode
2025-02-15 18:17:51,830 [ERROR] LogOutputStream:75 - [STDERR_REDIRECT] WARNING: Could not lock System prefs. Unix error code 2.
2025-02-15 18:17:51,830 [ERROR] LogOutputStream:75 - [STDERR_REDIRECT] 
2025-02-15 18:17:51,831 [ERROR] LogOutputStream:75 - [STDERR_REDIRECT] Feb 15, 2025 6:17:51 PM java.util.prefs.FileSystemPreferences syncWorld
2025-02-15 18:17:51,831 [ERROR] LogOutputStream:75 - [STDERR_REDIRECT] WARNING: Couldn't flush system prefs: java.util.prefs.BackingStoreException: Couldn't get file lock.
2025-02-15 18:17:51,831 [ERROR] LogOutputStream:75 - [STDERR_REDIRECT] 
2025-02-15 18:18:21,830 [ERROR] LogOutputStream:75 - [STDERR_REDIRECT] Feb 15, 2025 6:18:21 PM java.util.prefs.FileSystemPreferences checkLockFile0ErrorCode
2025-02-15 18:18:21,830 [ERROR] LogOutputStream:75 - [STDERR_REDIRECT] WARNING: Could not lock System prefs. Unix error code 2.
2025-02-15 18:18:21,830 [ERROR] LogOutputStream:75 - [STDERR_REDIRECT] 
2025-02-15 18:18:21,830 [ERROR] LogOutputStream:75 - [STDERR_REDIRECT] Feb 15, 2025 6:18:21 PM java.util.prefs.FileSystemPreferences syncWorld
2025-02-15 18:18:21,830 [ERROR] LogOutputStream:75 - [STDERR_REDIRECT] WARNING: Couldn't flush system prefs: java.util.prefs.BackingStoreException: Couldn't get file lock.
2025-02-15 18:18:21,830 [ERROR] LogOutputStream:75 - [STDERR_REDIRECT] 
2025-02-15 18:18:51,831 [ERROR] LogOutputStream:75 - [STDERR_REDIRECT] Feb 15, 2025 6:18:51 PM java.util.prefs.FileSystemPreferences checkLockFile0ErrorCode
2025-02-15 18:18:51,831 [ERROR] LogOutputStream:75 - [STDERR_REDIRECT] WARNING: Could not lock System prefs. Unix error code 2.
2025-02-15 18:18:51,831 [ERROR] LogOutputStream:75 - [STDERR_REDIRECT] 
2025-02-15 18:18:51,831 [ERROR] LogOutputStream:75 - [STDERR_REDIRECT] Feb 15, 2025 6:18:51 PM java.util.prefs.FileSystemPreferences syncWorld
2025-02-15 18:18:51,831 [ERROR] LogOutputStream:75 - [STDERR_REDIRECT] WARNING: Couldn't flush system prefs: java.util.prefs.BackingStoreException: Couldn't get file lock.
2025-02-15 18:18:51,831 [ERROR] LogOutputStream:75 - [STDERR_REDIRECT] 
2025-02-15 18:19:21,830 [ERROR] LogOutputStream:75 - [STDERR_REDIRECT] Feb 15, 2025 6:19:21 PM java.util.prefs.FileSystemPreferences checkLockFile0ErrorCode
2025-02-15 18:19:21,830 [ERROR] LogOutputStream:75 - [STDERR_REDIRECT] WARNING: Could not lock System prefs. Unix error code 2.
2025-02-15 18:19:21,831 [ERROR] LogOutputStream:75 - [STDERR_REDIRECT] 
2025-02-15 18:19:21,831 [ERROR] LogOutputStream:75 - [STDERR_REDIRECT] Feb 15, 2025 6:19:21 PM java.util.prefs.FileSystemPreferences syncWorld
2025-02-15 18:19:21,831 [ERROR] LogOutputStream:75 - [STDERR_REDIRECT] WARNING: Couldn't flush system prefs: java.util.prefs.BackingStoreException: Couldn't get file lock.
2025-02-15 18:19:21,831 [ERROR] LogOutputStream:75 - [STDERR_REDIRECT] 
2025-02-15 18:19:51,830 [ERROR] LogOutputStream:75 - [STDERR_REDIRECT] Feb 15, 2025 6:19:51 PM java.util.prefs.FileSystemPreferences checkLockFile0ErrorCode
2025-02-15 18:19:51,830 [ERROR] LogOutputStream:75 - [STDERR_REDIRECT] WARNING: Could not lock System prefs. Unix error code 2.
2025-02-15 18:19:51,830 [ERROR] LogOutputStream:75 - [STDERR_REDIRECT] 
2025-02-15 18:19:51,830 [ERROR] LogOutputStream:75 - [STDERR_REDIRECT] Feb 15, 2025 6:19:51 PM java.util.prefs.FileSystemPreferences syncWorld
2025-02-15 18:19:51,830 [ERROR] LogOutputStream:75 - [STDERR_REDIRECT] WARNING: Couldn't flush system prefs: java.util.prefs.BackingStoreException: Couldn't get file lock.
2025-02-15 18:19:51,830 [ERROR] LogOutputStream:75 - [STDERR_REDIRECT] 
2025-02-15 18:20:21,831 [ERROR] LogOutputStream:75 - [STDERR_REDIRECT] Feb 15, 2025 6:20:21 PM java.util.prefs.FileSystemPreferences checkLockFile0ErrorCode
2025-02-15 18:20:21,831 [ERROR] LogOutputStream:75 - [STDERR_REDIRECT] WARNING: Could not lock System prefs. Unix error code 2.
2025-02-15 18:20:21,831 [ERROR] LogOutputStream:75 - [STDERR_REDIRECT] 
2025-02-15 18:20:21,831 [ERROR] LogOutputStream:75 - [STDERR_REDIRECT] Feb 15, 2025 6:20:21 PM java.util.prefs.FileSystemPreferences syncWorld
2025-02-15 18:20:21,831 [ERROR] LogOutputStream:75 - [STDERR_REDIRECT] WARNING: Couldn't flush system prefs: java.util.prefs.BackingStoreException: Couldn't get file lock.
2025-02-15 18:20:21,831 [ERROR] LogOutputStream:75 - [STDERR_REDIRECT] 
2025-02-15 18:20:51,831 [ERROR] LogOutputStream:75 - [STDERR_REDIRECT] Feb 15, 2025 6:20:51 PM java.util.prefs.FileSystemPreferences checkLockFile0ErrorCode
2025-02-15 18:20:51,831 [ERROR] LogOutputStream:75 - [STDERR_REDIRECT] WARNING: Could not lock System prefs. Unix error code 2.
2025-02-15 18:20:51,831 [ERROR] LogOutputStream:75 - [STDERR_REDIRECT] 
2025-02-15 18:20:51,831 [ERROR] LogOutputStream:75 - [STDERR_REDIRECT] Feb 15, 2025 6:20:51 PM java.util.prefs.FileSystemPreferences syncWorld
2025-02-15 18:20:51,831 [ERROR] LogOutputStream:75 - [STDERR_REDIRECT] WARNING: Couldn't flush system prefs: java.util.prefs.BackingStoreException: Couldn't get file lock.
2025-02-15 18:20:51,831 [ERROR] LogOutputStream:75 - [STDERR_REDIRECT] 
2025-02-15 18:21:21,832 [ERROR] LogOutputStream:75 - [STDERR_REDIRECT] Feb 15, 2025 6:21:21 PM java.util.prefs.FileSystemPreferences checkLockFile0ErrorCode
2025-02-15 18:21:21,832 [ERROR] LogOutputStream:75 - [STDERR_REDIRECT] WARNING: Could not lock System prefs. Unix error code 2.
2025-02-15 18:21:21,838 [ERROR] LogOutputStream:75 - [STDERR_REDIRECT] 
2025-02-15 18:21:21,838 [ERROR] LogOutputStream:75 - [STDERR_REDIRECT] Feb 15, 2025 6:21:21 PM java.util.prefs.FileSystemPreferences syncWorld
2025-02-15 18:21:21,838 [ERROR] LogOutputStream:75 - [STDERR_REDIRECT] WARNING: Couldn't flush system prefs: java.util.prefs.BackingStoreException: Couldn't get file lock.
2025-02-15 18:21:21,839 [ERROR] LogOutputStream:75 - [STDERR_REDIRECT] 
2025-02-15 18:21:51,832 [ERROR] LogOutputStream:75 - [STDERR_REDIRECT] Feb 15, 2025 6:21:51 PM java.util.prefs.FileSystemPreferences checkLockFile0ErrorCode
2025-02-15 18:21:51,832 [ERROR] LogOutputStream:75 - [STDERR_REDIRECT] WARNING: Could not lock System prefs. Unix error code 2.
2025-02-15 18:21:51,832 [ERROR] LogOutputStream:75 - [STDERR_REDIRECT] 
2025-02-15 18:21:51,832 [ERROR] LogOutputStream:75 - [STDERR_REDIRECT] Feb 15, 2025 6:21:51 PM java.util.prefs.FileSystemPreferences syncWorld
2025-02-15 18:21:51,832 [ERROR] LogOutputStream:75 - [STDERR_REDIRECT] WARNING: Couldn't flush system prefs: java.util.prefs.BackingStoreException: Couldn't get file lock.
2025-02-15 18:21:51,832 [ERROR] LogOutputStream:75 - [STDERR_REDIRECT] 
2025-02-15 18:22:21,833 [ERROR] LogOutputStream:75 - [STDERR_REDIRECT] Feb 15, 2025 6:22:21 PM java.util.prefs.FileSystemPreferences checkLockFile0ErrorCode
2025-02-15 18:22:21,833 [ERROR] LogOutputStream:75 - [STDERR_REDIRECT] WARNING: Could not lock System prefs. Unix error code 2.
2025-02-15 18:22:21,833 [ERROR] LogOutputStream:75 - [STDERR_REDIRECT] 
2025-02-15 18:22:21,833 [ERROR] LogOutputStream:75 - [STDERR_REDIRECT] Feb 15, 2025 6:22:21 PM java.util.prefs.FileSystemPreferences syncWorld
2025-02-15 18:22:21,833 [ERROR] LogOutputStream:75 - [STDERR_REDIRECT] WARNING: Couldn't flush system prefs: java.util.prefs.BackingStoreException: Couldn't get file lock.
2025-02-15 18:22:21,833 [ERROR] LogOutputStream:75 - [STDERR_REDIRECT] 
2025-02-15 18:22:51,832 [ERROR] LogOutputStream:75 - [STDERR_REDIRECT] Feb 15, 2025 6:22:51 PM java.util.prefs.FileSystemPreferences checkLockFile0ErrorCode
2025-02-15 18:22:51,832 [ERROR] LogOutputStream:75 - [STDERR_REDIRECT] WARNING: Could not lock System prefs. Unix error code 2.
2025-02-15 18:22:51,832 [ERROR] LogOutputStream:75 - [STDERR_REDIRECT] 
2025-02-15 18:22:51,832 [ERROR] LogOutputStream:75 - [STDERR_REDIRECT] Feb 15, 2025 6:22:51 PM java.util.prefs.FileSystemPreferences syncWorld
2025-02-15 18:22:51,832 [ERROR] LogOutputStream:75 - [STDERR_REDIRECT] WARNING: Couldn't flush system prefs: java.util.prefs.BackingStoreException: Couldn't get file lock.
2025-02-15 18:22:51,832 [ERROR] LogOutputStream:75 - [STDERR_REDIRECT] 
2025-02-15 18:23:21,833 [ERROR] LogOutputStream:75 - [STDERR_REDIRECT] Feb 15, 2025 6:23:21 PM java.util.prefs.FileSystemPreferences checkLockFile0ErrorCode
2025-02-15 18:23:21,833 [ERROR] LogOutputStream:75 - [STDERR_REDIRECT] WARNING: Could not lock System prefs. Unix error code 2.
2025-02-15 18:23:21,833 [ERROR] LogOutputStream:75 - [STDERR_REDIRECT] 
2025-02-15 18:23:21,833 [ERROR] LogOutputStream:75 - [STDERR_REDIRECT] Feb 15, 2025 6:23:21 PM java.util.prefs.FileSystemPreferences syncWorld
2025-02-15 18:23:21,833 [ERROR] LogOutputStream:75 - [STDERR_REDIRECT] WARNING: Couldn't flush system prefs: java.util.prefs.BackingStoreException: Couldn't get file lock.
2025-02-15 18:23:21,833 [ERROR] LogOutputStream:75 - [STDERR_REDIRECT] 
2025-02-15 18:23:51,834 [ERROR] LogOutputStream:75 - [STDERR_REDIRECT] Feb 15, 2025 6:23:51 PM java.util.prefs.FileSystemPreferences checkLockFile0ErrorCode
2025-02-15 18:23:51,834 [ERROR] LogOutputStream:75 - [STDERR_REDIRECT] WARNING: Could not lock System prefs. Unix error code 2.
2025-02-15 18:23:51,834 [ERROR] LogOutputStream:75 - [STDERR_REDIRECT] 
2025-02-15 18:23:51,834 [ERROR] LogOutputStream:75 - [STDERR_REDIRECT] Feb 15, 2025 6:23:51 PM java.util.prefs.FileSystemPreferences syncWorld
2025-02-15 18:23:51,834 [ERROR] LogOutputStream:75 - [STDERR_REDIRECT] WARNING: Couldn't flush system prefs: java.util.prefs.BackingStoreException: Couldn't get file lock.
2025-02-15 18:23:51,834 [ERROR] LogOutputStream:75 - [STDERR_REDIRECT] 
2025-02-15 18:24:21,833 [ERROR] LogOutputStream:75 - [STDERR_REDIRECT] Feb 15, 2025 6:24:21 PM java.util.prefs.FileSystemPreferences checkLockFile0ErrorCode
2025-02-15 18:24:21,833 [ERROR] LogOutputStream:75 - [STDERR_REDIRECT] WARNING: Could not lock System prefs. Unix error code 2.
2025-02-15 18:24:21,833 [ERROR] LogOutputStream:75 - [STDERR_REDIRECT] 
2025-02-15 18:24:21,833 [ERROR] LogOutputStream:75 - [STDERR_REDIRECT] Feb 15, 2025 6:24:21 PM java.util.prefs.FileSystemPreferences syncWorld
2025-02-15 18:24:21,833 [ERROR] LogOutputStream:75 - [STDERR_REDIRECT] WARNING: Couldn't flush system prefs: java.util.prefs.BackingStoreException: Couldn't get file lock.
2025-02-15 18:24:21,833 [ERROR] LogOutputStream:75 - [STDERR_REDIRECT] 
2025-02-15 18:24:51,833 [ERROR] LogOutputStream:75 - [STDERR_REDIRECT] Feb 15, 2025 6:24:51 PM java.util.prefs.FileSystemPreferences checkLockFile0ErrorCode
2025-02-15 18:24:51,834 [ERROR] LogOutputStream:75 - [STDERR_REDIRECT] WARNING: Could not lock System prefs. Unix error code 2.
2025-02-15 18:24:51,834 [ERROR] LogOutputStream:75 - [STDERR_REDIRECT] 
2025-02-15 18:24:51,834 [ERROR] LogOutputStream:75 - [STDERR_REDIRECT] Feb 15, 2025 6:24:51 PM java.util.prefs.FileSystemPreferences syncWorld
2025-02-15 18:24:51,834 [ERROR] LogOutputStream:75 - [STDERR_REDIRECT] WARNING: Couldn't flush system prefs: java.util.prefs.BackingStoreException: Couldn't get file lock.
2025-02-15 18:24:51,834 [ERROR] LogOutputStream:75 - [STDERR_REDIRECT] 
2025-02-15 18:25:21,834 [ERROR] LogOutputStream:75 - [STDERR_REDIRECT] Feb 15, 2025 6:25:21 PM java.util.prefs.FileSystemPreferences checkLockFile0ErrorCode
2025-02-15 18:25:21,834 [ERROR] LogOutputStream:75 - [STDERR_REDIRECT] WARNING: Could not lock System prefs. Unix error code 2.
2025-02-15 18:25:21,834 [ERROR] LogOutputStream:75 - [STDERR_REDIRECT] 
2025-02-15 18:25:21,834 [ERROR] LogOutputStream:75 - [STDERR_REDIRECT] Feb 15, 2025 6:25:21 PM java.util.prefs.FileSystemPreferences syncWorld
2025-02-15 18:25:21,834 [ERROR] LogOutputStream:75 - [STDERR_REDIRECT] WARNING: Couldn't flush system prefs: java.util.prefs.BackingStoreException: Couldn't get file lock.
2025-02-15 18:25:21,834 [ERROR] LogOutputStream:75 - [STDERR_REDIRECT] 
2025-02-15 18:25:51,835 [ERROR] LogOutputStream:75 - [STDERR_REDIRECT] Feb 15, 2025 6:25:51 PM java.util.prefs.FileSystemPreferences checkLockFile0ErrorCode
2025-02-15 18:25:51,835 [ERROR] LogOutputStream:75 - [STDERR_REDIRECT] WARNING: Could not lock System prefs. Unix error code 2.
2025-02-15 18:25:51,835 [ERROR] LogOutputStream:75 - [STDERR_REDIRECT] 
2025-02-15 18:25:51,835 [ERROR] LogOutputStream:75 - [STDERR_REDIRECT] Feb 15, 2025 6:25:51 PM java.util.prefs.FileSystemPreferences syncWorld
2025-02-15 18:25:51,835 [ERROR] LogOutputStream:75 - [STDERR_REDIRECT] WARNING: Couldn't flush system prefs: java.util.prefs.BackingStoreException: Couldn't get file lock.
2025-02-15 18:25:51,835 [ERROR] LogOutputStream:75 - [STDERR_REDIRECT] 
2025-02-15 18:26:21,835 [ERROR] LogOutputStream:75 - [STDERR_REDIRECT] Feb 15, 2025 6:26:21 PM java.util.prefs.FileSystemPreferences checkLockFile0ErrorCode
2025-02-15 18:26:21,836 [ERROR] LogOutputStream:75 - [STDERR_REDIRECT] WARNING: Could not lock System prefs. Unix error code 2.
2025-02-15 18:26:21,836 [ERROR] LogOutputStream:75 - [STDERR_REDIRECT] 
2025-02-15 18:26:21,836 [ERROR] LogOutputStream:75 - [STDERR_REDIRECT] Feb 15, 2025 6:26:21 PM java.util.prefs.FileSystemPreferences syncWorld
2025-02-15 18:26:21,836 [ERROR] LogOutputStream:75 - [STDERR_REDIRECT] WARNING: Couldn't flush system prefs: java.util.prefs.BackingStoreException: Couldn't get file lock.
2025-02-15 18:26:21,836 [ERROR] LogOutputStream:75 - [STDERR_REDIRECT] 
2025-02-15 18:26:51,835 [ERROR] LogOutputStream:75 - [STDERR_REDIRECT] Feb 15, 2025 6:26:51 PM java.util.prefs.FileSystemPreferences checkLockFile0ErrorCode
2025-02-15 18:26:51,835 [ERROR] LogOutputStream:75 - [STDERR_REDIRECT] WARNING: Could not lock System prefs. Unix error code 2.
2025-02-15 18:26:51,835 [ERROR] LogOutputStream:75 - [STDERR_REDIRECT] 
2025-02-15 18:26:51,835 [ERROR] LogOutputStream:75 - [STDERR_REDIRECT] Feb 15, 2025 6:26:51 PM java.util.prefs.FileSystemPreferences syncWorld
2025-02-15 18:26:51,835 [ERROR] LogOutputStream:75 - [STDERR_REDIRECT] WARNING: Couldn't flush system prefs: java.util.prefs.BackingStoreException: Couldn't get file lock.
2025-02-15 18:26:51,836 [ERROR] LogOutputStream:75 - [STDERR_REDIRECT] 
2025-02-15 18:27:21,834 [ERROR] LogOutputStream:75 - [STDERR_REDIRECT] Feb 15, 2025 6:27:21 PM java.util.prefs.FileSystemPreferences checkLockFile0ErrorCode
2025-02-15 18:27:21,835 [ERROR] LogOutputStream:75 - [STDERR_REDIRECT] WARNING: Could not lock System prefs. Unix error code 2.
2025-02-15 18:27:21,841 [ERROR] LogOutputStream:75 - [STDERR_REDIRECT] 
2025-02-15 18:27:21,841 [ERROR] LogOutputStream:75 - [STDERR_REDIRECT] Feb 15, 2025 6:27:21 PM java.util.prefs.FileSystemPreferences syncWorld
2025-02-15 18:27:21,841 [ERROR] LogOutputStream:75 - [STDERR_REDIRECT] WARNING: Couldn't flush system prefs: java.util.prefs.BackingStoreException: Couldn't get file lock.
2025-02-15 18:27:21,841 [ERROR] LogOutputStream:75 - [STDERR_REDIRECT] 
2025-02-15 18:27:51,835 [ERROR] LogOutputStream:75 - [STDERR_REDIRECT] Feb 15, 2025 6:27:51 PM java.util.prefs.FileSystemPreferences checkLockFile0ErrorCode
2025-02-15 18:27:51,835 [ERROR] LogOutputStream:75 - [STDERR_REDIRECT] WARNING: Could not lock System prefs. Unix error code 2.
2025-02-15 18:27:51,835 [ERROR] LogOutputStream:75 - [STDERR_REDIRECT] 
2025-02-15 18:27:51,835 [ERROR] LogOutputStream:75 - [STDERR_REDIRECT] Feb 15, 2025 6:27:51 PM java.util.prefs.FileSystemPreferences syncWorld
2025-02-15 18:27:51,836 [ERROR] LogOutputStream:75 - [STDERR_REDIRECT] WARNING: Couldn't flush system prefs: java.util.prefs.BackingStoreException: Couldn't get file lock.
2025-02-15 18:27:51,836 [ERROR] LogOutputStream:75 - [STDERR_REDIRECT] 
2025-02-15 18:28:21,835 [ERROR] LogOutputStream:75 - [STDERR_REDIRECT] Feb 15, 2025 6:28:21 PM java.util.prefs.FileSystemPreferences checkLockFile0ErrorCode
2025-02-15 18:28:21,835 [ERROR] LogOutputStream:75 - [STDERR_REDIRECT] WARNING: Could not lock System prefs. Unix error code 2.
2025-02-15 18:28:21,835 [ERROR] LogOutputStream:75 - [STDERR_REDIRECT] 
2025-02-15 18:28:21,835 [ERROR] LogOutputStream:75 - [STDERR_REDIRECT] Feb 15, 2025 6:28:21 PM java.util.prefs.FileSystemPreferences syncWorld
2025-02-15 18:28:21,835 [ERROR] LogOutputStream:75 - [STDERR_REDIRECT] WARNING: Couldn't flush system prefs: java.util.prefs.BackingStoreException: Couldn't get file lock.
2025-02-15 18:28:21,835 [ERROR] LogOutputStream:75 - [STDERR_REDIRECT] 
2025-02-15 18:28:51,835 [ERROR] LogOutputStream:75 - [STDERR_REDIRECT] Feb 15, 2025 6:28:51 PM java.util.prefs.FileSystemPreferences checkLockFile0ErrorCode
2025-02-15 18:28:51,835 [ERROR] LogOutputStream:75 - [STDERR_REDIRECT] WARNING: Could not lock System prefs. Unix error code 2.
2025-02-15 18:28:51,835 [ERROR] LogOutputStream:75 - [STDERR_REDIRECT] 
2025-02-15 18:28:51,835 [ERROR] LogOutputStream:75 - [STDERR_REDIRECT] Feb 15, 2025 6:28:51 PM java.util.prefs.FileSystemPreferences syncWorld
2025-02-15 18:28:51,835 [ERROR] LogOutputStream:75 - [STDERR_REDIRECT] WARNING: Couldn't flush system prefs: java.util.prefs.BackingStoreException: Couldn't get file lock.
2025-02-15 18:28:51,835 [ERROR] LogOutputStream:75 - [STDERR_REDIRECT] 
2025-02-15 18:29:21,836 [ERROR] LogOutputStream:75 - [STDERR_REDIRECT] Feb 15, 2025 6:29:21 PM java.util.prefs.FileSystemPreferences checkLockFile0ErrorCode
2025-02-15 18:29:21,836 [ERROR] LogOutputStream:75 - [STDERR_REDIRECT] WARNING: Could not lock System prefs. Unix error code 2.
2025-02-15 18:29:21,836 [ERROR] LogOutputStream:75 - [STDERR_REDIRECT] 
2025-02-15 18:29:21,836 [ERROR] LogOutputStream:75 - [STDERR_REDIRECT] Feb 15, 2025 6:29:21 PM java.util.prefs.FileSystemPreferences syncWorld
2025-02-15 18:29:21,836 [ERROR] LogOutputStream:75 - [STDERR_REDIRECT] WARNING: Couldn't flush system prefs: java.util.prefs.BackingStoreException: Couldn't get file lock.
2025-02-15 18:29:21,836 [ERROR] LogOutputStream:75 - [STDERR_REDIRECT] 
2025-02-15 18:29:51,836 [ERROR] LogOutputStream:75 - [STDERR_REDIRECT] Feb 15, 2025 6:29:51 PM java.util.prefs.FileSystemPreferences checkLockFile0ErrorCode
2025-02-15 18:29:51,836 [ERROR] LogOutputStream:75 - [STDERR_REDIRECT] WARNING: Could not lock System prefs. Unix error code 2.
2025-02-15 18:29:51,836 [ERROR] LogOutputStream:75 - [STDERR_REDIRECT] 
2025-02-15 18:29:51,836 [ERROR] LogOutputStream:75 - [STDERR_REDIRECT] Feb 15, 2025 6:29:51 PM java.util.prefs.FileSystemPreferences syncWorld
2025-02-15 18:29:51,836 [ERROR] LogOutputStream:75 - [STDERR_REDIRECT] WARNING: Couldn't flush system prefs: java.util.prefs.BackingStoreException: Couldn't get file lock.
2025-02-15 18:29:51,836 [ERROR] LogOutputStream:75 - [STDERR_REDIRECT] 
2025-02-15 18:30:21,837 [ERROR] LogOutputStream:75 - [STDERR_REDIRECT] Feb 15, 2025 6:30:21 PM java.util.prefs.FileSystemPreferences checkLockFile0ErrorCode
2025-02-15 18:30:21,837 [ERROR] LogOutputStream:75 - [STDERR_REDIRECT] WARNING: Could not lock System prefs. Unix error code 2.
2025-02-15 18:30:21,837 [ERROR] LogOutputStream:75 - [STDERR_REDIRECT] 
2025-02-15 18:30:21,837 [ERROR] LogOutputStream:75 - [STDERR_REDIRECT] Feb 15, 2025 6:30:21 PM java.util.prefs.FileSystemPreferences syncWorld
2025-02-15 18:30:21,837 [ERROR] LogOutputStream:75 - [STDERR_REDIRECT] WARNING: Couldn't flush system prefs: java.util.prefs.BackingStoreException: Couldn't get file lock.
2025-02-15 18:30:21,837 [ERROR] LogOutputStream:75 - [STDERR_REDIRECT] 
2025-02-15 18:30:51,836 [ERROR] LogOutputStream:75 - [STDERR_REDIRECT] Feb 15, 2025 6:30:51 PM java.util.prefs.FileSystemPreferences checkLockFile0ErrorCode
2025-02-15 18:30:51,836 [ERROR] LogOutputStream:75 - [STDERR_REDIRECT] WARNING: Could not lock System prefs. Unix error code 2.
2025-02-15 18:30:51,836 [ERROR] LogOutputStream:75 - [STDERR_REDIRECT] 
2025-02-15 18:30:51,836 [ERROR] LogOutputStream:75 - [STDERR_REDIRECT] Feb 15, 2025 6:30:51 PM java.util.prefs.FileSystemPreferences syncWorld
2025-02-15 18:30:51,836 [ERROR] LogOutputStream:75 - [STDERR_REDIRECT] WARNING: Couldn't flush system prefs: java.util.prefs.BackingStoreException: Couldn't get file lock.
2025-02-15 18:30:51,836 [ERROR] LogOutputStream:75 - [STDERR_REDIRECT] 
2025-02-15 18:31:21,836 [ERROR] LogOutputStream:75 - [STDERR_REDIRECT] Feb 15, 2025 6:31:21 PM java.util.prefs.FileSystemPreferences checkLockFile0ErrorCode
2025-02-15 18:31:21,837 [ERROR] LogOutputStream:75 - [STDERR_REDIRECT] WARNING: Could not lock System prefs. Unix error code 2.
2025-02-15 18:31:21,837 [ERROR] LogOutputStream:75 - [STDERR_REDIRECT] 
2025-02-15 18:31:21,837 [ERROR] LogOutputStream:75 - [STDERR_REDIRECT] Feb 15, 2025 6:31:21 PM java.util.prefs.FileSystemPreferences syncWorld
2025-02-15 18:31:21,837 [ERROR] LogOutputStream:75 - [STDERR_REDIRECT] WARNING: Couldn't flush system prefs: java.util.prefs.BackingStoreException: Couldn't get file lock.
2025-02-15 18:31:21,837 [ERROR] LogOutputStream:75 - [STDERR_REDIRECT] 
2025-02-15 18:31:51,837 [ERROR] LogOutputStream:75 - [STDERR_REDIRECT] Feb 15, 2025 6:31:51 PM java.util.prefs.FileSystemPreferences checkLockFile0ErrorCode
2025-02-15 18:31:51,837 [ERROR] LogOutputStream:75 - [STDERR_REDIRECT] WARNING: Could not lock System prefs. Unix error code 2.
2025-02-15 18:31:51,837 [ERROR] LogOutputStream:75 - [STDERR_REDIRECT] 
2025-02-15 18:31:51,837 [ERROR] LogOutputStream:75 - [STDERR_REDIRECT] Feb 15, 2025 6:31:51 PM java.util.prefs.FileSystemPreferences syncWorld
2025-02-15 18:31:51,837 [ERROR] LogOutputStream:75 - [STDERR_REDIRECT] WARNING: Couldn't flush system prefs: java.util.prefs.BackingStoreException: Couldn't get file lock.
2025-02-15 18:31:51,837 [ERROR] LogOutputStream:75 - [STDERR_REDIRECT] 
2025-02-15 18:32:21,837 [ERROR] LogOutputStream:75 - [STDERR_REDIRECT] Feb 15, 2025 6:32:21 PM java.util.prefs.FileSystemPreferences checkLockFile0ErrorCode
2025-02-15 18:32:21,837 [ERROR] LogOutputStream:75 - [STDERR_REDIRECT] WARNING: Could not lock System prefs. Unix error code 2.
2025-02-15 18:32:21,837 [ERROR] LogOutputStream:75 - [STDERR_REDIRECT] 
2025-02-15 18:32:21,837 [ERROR] LogOutputStream:75 - [STDERR_REDIRECT] Feb 15, 2025 6:32:21 PM java.util.prefs.FileSystemPreferences syncWorld
2025-02-15 18:32:21,838 [ERROR] LogOutputStream:75 - [STDERR_REDIRECT] WARNING: Couldn't flush system prefs: java.util.prefs.BackingStoreException: Couldn't get file lock.
2025-02-15 18:32:21,838 [ERROR] LogOutputStream:75 - [STDERR_REDIRECT] 
2025-02-15 18:32:51,837 [ERROR] LogOutputStream:75 - [STDERR_REDIRECT] Feb 15, 2025 6:32:51 PM java.util.prefs.FileSystemPreferences checkLockFile0ErrorCode
2025-02-15 18:32:51,837 [ERROR] LogOutputStream:75 - [STDERR_REDIRECT] WARNING: Could not lock System prefs. Unix error code 2.
2025-02-15 18:32:51,837 [ERROR] LogOutputStream:75 - [STDERR_REDIRECT] 
2025-02-15 18:32:51,837 [ERROR] LogOutputStream:75 - [STDERR_REDIRECT] Feb 15, 2025 6:32:51 PM java.util.prefs.FileSystemPreferences syncWorld
2025-02-15 18:32:51,837 [ERROR] LogOutputStream:75 - [STDERR_REDIRECT] WARNING: Couldn't flush system prefs: java.util.prefs.BackingStoreException: Couldn't get file lock.
2025-02-15 18:32:51,837 [ERROR] LogOutputStream:75 - [STDERR_REDIRECT] 
2025-02-15 18:33:21,838 [ERROR] LogOutputStream:75 - [STDERR_REDIRECT] Feb 15, 2025 6:33:21 PM java.util.prefs.FileSystemPreferences checkLockFile0ErrorCode
2025-02-15 18:33:21,838 [ERROR] LogOutputStream:75 - [STDERR_REDIRECT] WARNING: Could not lock System prefs. Unix error code 2.
2025-02-15 18:33:21,838 [ERROR] LogOutputStream:75 - [STDERR_REDIRECT] 
2025-02-15 18:33:21,838 [ERROR] LogOutputStream:75 - [STDERR_REDIRECT] Feb 15, 2025 6:33:21 PM java.util.prefs.FileSystemPreferences syncWorld
2025-02-15 18:33:21,838 [ERROR] LogOutputStream:75 - [STDERR_REDIRECT] WARNING: Couldn't flush system prefs: java.util.prefs.BackingStoreException: Couldn't get file lock.
2025-02-15 18:33:21,838 [ERROR] LogOutputStream:75 - [STDERR_REDIRECT] 
2025-02-15 18:33:51,837 [ERROR] LogOutputStream:75 - [STDERR_REDIRECT] Feb 15, 2025 6:33:51 PM java.util.prefs.FileSystemPreferences checkLockFile0ErrorCode
2025-02-15 18:33:51,837 [ERROR] LogOutputStream:75 - [STDERR_REDIRECT] WARNING: Could not lock System prefs. Unix error code 2.
2025-02-15 18:33:51,837 [ERROR] LogOutputStream:75 - [STDERR_REDIRECT] 
2025-02-15 18:33:51,837 [ERROR] LogOutputStream:75 - [STDERR_REDIRECT] Feb 15, 2025 6:33:51 PM java.util.prefs.FileSystemPreferences syncWorld
2025-02-15 18:33:51,837 [ERROR] LogOutputStream:75 - [STDERR_REDIRECT] WARNING: Couldn't flush system prefs: java.util.prefs.BackingStoreException: Couldn't get file lock.
2025-02-15 18:33:51,838 [ERROR] LogOutputStream:75 - [STDERR_REDIRECT] 
2025-02-15 18:34:21,837 [ERROR] LogOutputStream:75 - [STDERR_REDIRECT] Feb 15, 2025 6:34:21 PM java.util.prefs.FileSystemPreferences checkLockFile0ErrorCode
2025-02-15 18:34:21,837 [ERROR] LogOutputStream:75 - [STDERR_REDIRECT] WARNING: Could not lock System prefs. Unix error code 2.
2025-02-15 18:34:21,837 [ERROR] LogOutputStream:75 - [STDERR_REDIRECT] 
2025-02-15 18:34:21,837 [ERROR] LogOutputStream:75 - [STDERR_REDIRECT] Feb 15, 2025 6:34:21 PM java.util.prefs.FileSystemPreferences syncWorld
2025-02-15 18:34:21,837 [ERROR] LogOutputStream:75 - [STDERR_REDIRECT] WARNING: Couldn't flush system prefs: java.util.prefs.BackingStoreException: Couldn't get file lock.
2025-02-15 18:34:21,837 [ERROR] LogOutputStream:75 - [STDERR_REDIRECT] 
2025-02-15 18:34:51,837 [ERROR] LogOutputStream:75 - [STDERR_REDIRECT] Feb 15, 2025 6:34:51 PM java.util.prefs.FileSystemPreferences checkLockFile0ErrorCode
2025-02-15 18:34:51,837 [ERROR] LogOutputStream:75 - [STDERR_REDIRECT] WARNING: Could not lock System prefs. Unix error code 2.
2025-02-15 18:34:51,837 [ERROR] LogOutputStream:75 - [STDERR_REDIRECT] 
2025-02-15 18:34:51,838 [ERROR] LogOutputStream:75 - [STDERR_REDIRECT] Feb 15, 2025 6:34:51 PM java.util.prefs.FileSystemPreferences syncWorld
2025-02-15 18:34:51,838 [ERROR] LogOutputStream:75 - [STDERR_REDIRECT] WARNING: Couldn't flush system prefs: java.util.prefs.BackingStoreException: Couldn't get file lock.
2025-02-15 18:34:51,838 [ERROR] LogOutputStream:75 - [STDERR_REDIRECT] 
2025-02-15 18:35:21,837 [ERROR] LogOutputStream:75 - [STDERR_REDIRECT] Feb 15, 2025 6:35:21 PM java.util.prefs.FileSystemPreferences checkLockFile0ErrorCode
2025-02-15 18:35:21,837 [ERROR] LogOutputStream:75 - [STDERR_REDIRECT] WARNING: Could not lock System prefs. Unix error code 2.
2025-02-15 18:35:21,837 [ERROR] LogOutputStream:75 - [STDERR_REDIRECT] 
2025-02-15 18:35:21,837 [ERROR] LogOutputStream:75 - [STDERR_REDIRECT] Feb 15, 2025 6:35:21 PM java.util.prefs.FileSystemPreferences syncWorld
2025-02-15 18:35:21,837 [ERROR] LogOutputStream:75 - [STDERR_REDIRECT] WARNING: Couldn't flush system prefs: java.util.prefs.BackingStoreException: Couldn't get file lock.
2025-02-15 18:35:21,837 [ERROR] LogOutputStream:75 - [STDERR_REDIRECT] 
2025-02-15 18:35:51,837 [ERROR] LogOutputStream:75 - [STDERR_REDIRECT] Feb 15, 2025 6:35:51 PM java.util.prefs.FileSystemPreferences checkLockFile0ErrorCode
2025-02-15 18:35:51,837 [ERROR] LogOutputStream:75 - [STDERR_REDIRECT] WARNING: Could not lock System prefs. Unix error code 2.
2025-02-15 18:35:51,837 [ERROR] LogOutputStream:75 - [STDERR_REDIRECT] 
2025-02-15 18:35:51,837 [ERROR] LogOutputStream:75 - [STDERR_REDIRECT] Feb 15, 2025 6:35:51 PM java.util.prefs.FileSystemPreferences syncWorld
2025-02-15 18:35:51,837 [ERROR] LogOutputStream:75 - [STDERR_REDIRECT] WARNING: Couldn't flush system prefs: java.util.prefs.BackingStoreException: Couldn't get file lock.
2025-02-15 18:35:51,837 [ERROR] LogOutputStream:75 - [STDERR_REDIRECT] 
2025-02-15 18:36:21,838 [ERROR] LogOutputStream:75 - [STDERR_REDIRECT] Feb 15, 2025 6:36:21 PM java.util.prefs.FileSystemPreferences checkLockFile0ErrorCode
2025-02-15 18:36:21,838 [ERROR] LogOutputStream:75 - [STDERR_REDIRECT] WARNING: Could not lock System prefs. Unix error code 2.
2025-02-15 18:36:21,838 [ERROR] LogOutputStream:75 - [STDERR_REDIRECT] 
2025-02-15 18:36:21,838 [ERROR] LogOutputStream:75 - [STDERR_REDIRECT] Feb 15, 2025 6:36:21 PM java.util.prefs.FileSystemPreferences syncWorld
2025-02-15 18:36:21,838 [ERROR] LogOutputStream:75 - [STDERR_REDIRECT] WARNING: Couldn't flush system prefs: java.util.prefs.BackingStoreException: Couldn't get file lock.
2025-02-15 18:36:21,838 [ERROR] LogOutputStream:75 - [STDERR_REDIRECT] 
2025-02-15 18:36:51,838 [ERROR] LogOutputStream:75 - [STDERR_REDIRECT] Feb 15, 2025 6:36:51 PM java.util.prefs.FileSystemPreferences checkLockFile0ErrorCode
2025-02-15 18:36:51,838 [ERROR] LogOutputStream:75 - [STDERR_REDIRECT] WARNING: Could not lock System prefs. Unix error code 2.
2025-02-15 18:36:51,838 [ERROR] LogOutputStream:75 - [STDERR_REDIRECT] 
2025-02-15 18:36:51,839 [ERROR] LogOutputStream:75 - [STDERR_REDIRECT] Feb 15, 2025 6:36:51 PM java.util.prefs.FileSystemPreferences syncWorld
2025-02-15 18:36:51,839 [ERROR] LogOutputStream:75 - [STDERR_REDIRECT] WARNING: Couldn't flush system prefs: java.util.prefs.BackingStoreException: Couldn't get file lock.
2025-02-15 18:36:51,839 [ERROR] LogOutputStream:75 - [STDERR_REDIRECT] 
2025-02-15 18:37:21,838 [ERROR] LogOutputStream:75 - [STDERR_REDIRECT] Feb 15, 2025 6:37:21 PM java.util.prefs.FileSystemPreferences checkLockFile0ErrorCode
2025-02-15 18:37:21,838 [ERROR] LogOutputStream:75 - [STDERR_REDIRECT] WARNING: Could not lock System prefs. Unix error code 2.
2025-02-15 18:37:21,838 [ERROR] LogOutputStream:75 - [STDERR_REDIRECT] 
2025-02-15 18:37:21,838 [ERROR] LogOutputStream:75 - [STDERR_REDIRECT] Feb 15, 2025 6:37:21 PM java.util.prefs.FileSystemPreferences syncWorld
2025-02-15 18:37:21,838 [ERROR] LogOutputStream:75 - [STDERR_REDIRECT] WARNING: Couldn't flush system prefs: java.util.prefs.BackingStoreException: Couldn't get file lock.
2025-02-15 18:37:21,838 [ERROR] LogOutputStream:75 - [STDERR_REDIRECT] 
2025-02-15 18:37:51,839 [ERROR] LogOutputStream:75 - [STDERR_REDIRECT] Feb 15, 2025 6:37:51 PM java.util.prefs.FileSystemPreferences checkLockFile0ErrorCode
2025-02-15 18:37:51,839 [ERROR] LogOutputStream:75 - [STDERR_REDIRECT] WARNING: Could not lock System prefs. Unix error code 2.
2025-02-15 18:37:51,839 [ERROR] LogOutputStream:75 - [STDERR_REDIRECT] 
2025-02-15 18:37:51,839 [ERROR] LogOutputStream:75 - [STDERR_REDIRECT] Feb 15, 2025 6:37:51 PM java.util.prefs.FileSystemPreferences syncWorld
2025-02-15 18:37:51,839 [ERROR] LogOutputStream:75 - [STDERR_REDIRECT] WARNING: Couldn't flush system prefs: java.util.prefs.BackingStoreException: Couldn't get file lock.
2025-02-15 18:37:51,839 [ERROR] LogOutputStream:75 - [STDERR_REDIRECT] 
2025-02-15 18:38:21,838 [ERROR] LogOutputStream:75 - [STDERR_REDIRECT] Feb 15, 2025 6:38:21 PM java.util.prefs.FileSystemPreferences checkLockFile0ErrorCode
2025-02-15 18:38:21,838 [ERROR] LogOutputStream:75 - [STDERR_REDIRECT] WARNING: Could not lock System prefs. Unix error code 2.
2025-02-15 18:38:21,838 [ERROR] LogOutputStream:75 - [STDERR_REDIRECT] 
2025-02-15 18:38:21,838 [ERROR] LogOutputStream:75 - [STDERR_REDIRECT] Feb 15, 2025 6:38:21 PM java.util.prefs.FileSystemPreferences syncWorld
2025-02-15 18:38:21,838 [ERROR] LogOutputStream:75 - [STDERR_REDIRECT] WARNING: Couldn't flush system prefs: java.util.prefs.BackingStoreException: Couldn't get file lock.
2025-02-15 18:38:21,838 [ERROR] LogOutputStream:75 - [STDERR_REDIRECT] 
2025-02-15 18:38:51,839 [ERROR] LogOutputStream:75 - [STDERR_REDIRECT] Feb 15, 2025 6:38:51 PM java.util.prefs.FileSystemPreferences checkLockFile0ErrorCode
2025-02-15 18:38:51,839 [ERROR] LogOutputStream:75 - [STDERR_REDIRECT] WARNING: Could not lock System prefs. Unix error code 2.
2025-02-15 18:38:51,839 [ERROR] LogOutputStream:75 - [STDERR_REDIRECT] 
2025-02-15 18:38:51,839 [ERROR] LogOutputStream:75 - [STDERR_REDIRECT] Feb 15, 2025 6:38:51 PM java.util.prefs.FileSystemPreferences syncWorld
2025-02-15 18:38:51,839 [ERROR] LogOutputStream:75 - [STDERR_REDIRECT] WARNING: Couldn't flush system prefs: java.util.prefs.BackingStoreException: Couldn't get file lock.
2025-02-15 18:38:51,839 [ERROR] LogOutputStream:75 - [STDERR_REDIRECT] 
2025-02-15 18:39:21,840 [ERROR] LogOutputStream:75 - [STDERR_REDIRECT] Feb 15, 2025 6:39:21 PM java.util.prefs.FileSystemPreferences checkLockFile0ErrorCode
2025-02-15 18:39:21,840 [ERROR] LogOutputStream:75 - [STDERR_REDIRECT] WARNING: Could not lock System prefs. Unix error code 2.
2025-02-15 18:39:21,840 [ERROR] LogOutputStream:75 - [STDERR_REDIRECT] 
2025-02-15 18:39:21,840 [ERROR] LogOutputStream:75 - [STDERR_REDIRECT] Feb 15, 2025 6:39:21 PM java.util.prefs.FileSystemPreferences syncWorld
2025-02-15 18:39:21,840 [ERROR] LogOutputStream:75 - [STDERR_REDIRECT] WARNING: Couldn't flush system prefs: java.util.prefs.BackingStoreException: Couldn't get file lock.
2025-02-15 18:39:21,840 [ERROR] LogOutputStream:75 - [STDERR_REDIRECT] 
2025-02-15 18:39:51,839 [ERROR] LogOutputStream:75 - [STDERR_REDIRECT] Feb 15, 2025 6:39:51 PM java.util.prefs.FileSystemPreferences checkLockFile0ErrorCode
2025-02-15 18:39:51,839 [ERROR] LogOutputStream:75 - [STDERR_REDIRECT] WARNING: Could not lock System prefs. Unix error code 2.
2025-02-15 18:39:51,840 [ERROR] LogOutputStream:75 - [STDERR_REDIRECT] 
2025-02-15 18:39:51,840 [ERROR] LogOutputStream:75 - [STDERR_REDIRECT] Feb 15, 2025 6:39:51 PM java.util.prefs.FileSystemPreferences syncWorld
2025-02-15 18:39:51,840 [ERROR] LogOutputStream:75 - [STDERR_REDIRECT] WARNING: Couldn't flush system prefs: java.util.prefs.BackingStoreException: Couldn't get file lock.
2025-02-15 18:39:51,840 [ERROR] LogOutputStream:75 - [STDERR_REDIRECT] 
2025-02-15 18:40:21,839 [ERROR] LogOutputStream:75 - [STDERR_REDIRECT] Feb 15, 2025 6:40:21 PM java.util.prefs.FileSystemPreferences checkLockFile0ErrorCode
2025-02-15 18:40:21,839 [ERROR] LogOutputStream:75 - [STDERR_REDIRECT] WARNING: Could not lock System prefs. Unix error code 2.
2025-02-15 18:40:21,839 [ERROR] LogOutputStream:75 - [STDERR_REDIRECT] 
2025-02-15 18:40:21,839 [ERROR] LogOutputStream:75 - [STDERR_REDIRECT] Feb 15, 2025 6:40:21 PM java.util.prefs.FileSystemPreferences syncWorld
2025-02-15 18:40:21,839 [ERROR] LogOutputStream:75 - [STDERR_REDIRECT] WARNING: Couldn't flush system prefs: java.util.prefs.BackingStoreException: Couldn't get file lock.
2025-02-15 18:40:21,839 [ERROR] LogOutputStream:75 - [STDERR_REDIRECT] 
2025-02-15 18:40:51,840 [ERROR] LogOutputStream:75 - [STDERR_REDIRECT] Feb 15, 2025 6:40:51 PM java.util.prefs.FileSystemPreferences checkLockFile0ErrorCode
2025-02-15 18:40:51,840 [ERROR] LogOutputStream:75 - [STDERR_REDIRECT] WARNING: Could not lock System prefs. Unix error code 2.
2025-02-15 18:40:51,840 [ERROR] LogOutputStream:75 - [STDERR_REDIRECT] 
2025-02-15 18:40:51,840 [ERROR] LogOutputStream:75 - [STDERR_REDIRECT] Feb 15, 2025 6:40:51 PM java.util.prefs.FileSystemPreferences syncWorld
2025-02-15 18:40:51,840 [ERROR] LogOutputStream:75 - [STDERR_REDIRECT] WARNING: Couldn't flush system prefs: java.util.prefs.BackingStoreException: Couldn't get file lock.
2025-02-15 18:40:51,840 [ERROR] LogOutputStream:75 - [STDERR_REDIRECT] 
2025-02-15 18:41:21,839 [ERROR] LogOutputStream:75 - [STDERR_REDIRECT] Feb 15, 2025 6:41:21 PM java.util.prefs.FileSystemPreferences checkLockFile0ErrorCode
2025-02-15 18:41:21,839 [ERROR] LogOutputStream:75 - [STDERR_REDIRECT] WARNING: Could not lock System prefs. Unix error code 2.
2025-02-15 18:41:21,839 [ERROR] LogOutputStream:75 - [STDERR_REDIRECT] 
2025-02-15 18:41:21,839 [ERROR] LogOutputStream:75 - [STDERR_REDIRECT] Feb 15, 2025 6:41:21 PM java.util.prefs.FileSystemPreferences syncWorld
2025-02-15 18:41:21,839 [ERROR] LogOutputStream:75 - [STDERR_REDIRECT] WARNING: Couldn't flush system prefs: java.util.prefs.BackingStoreException: Couldn't get file lock.
2025-02-15 18:41:21,839 [ERROR] LogOutputStream:75 - [STDERR_REDIRECT] 
2025-02-15 18:41:51,839 [ERROR] LogOutputStream:75 - [STDERR_REDIRECT] Feb 15, 2025 6:41:51 PM java.util.prefs.FileSystemPreferences checkLockFile0ErrorCode
2025-02-15 18:41:51,840 [ERROR] LogOutputStream:75 - [STDERR_REDIRECT] WARNING: Could not lock System prefs. Unix error code 2.
2025-02-15 18:41:51,840 [ERROR] LogOutputStream:75 - [STDERR_REDIRECT] 
2025-02-15 18:41:51,840 [ERROR] LogOutputStream:75 - [STDERR_REDIRECT] Feb 15, 2025 6:41:51 PM java.util.prefs.FileSystemPreferences syncWorld
2025-02-15 18:41:51,840 [ERROR] LogOutputStream:75 - [STDERR_REDIRECT] WARNING: Couldn't flush system prefs: java.util.prefs.BackingStoreException: Couldn't get file lock.
2025-02-15 18:41:51,840 [ERROR] LogOutputStream:75 - [STDERR_REDIRECT] 
2025-02-15 18:42:21,839 [ERROR] LogOutputStream:75 - [STDERR_REDIRECT] Feb 15, 2025 6:42:21 PM java.util.prefs.FileSystemPreferences checkLockFile0ErrorCode
2025-02-15 18:42:21,839 [ERROR] LogOutputStream:75 - [STDERR_REDIRECT] WARNING: Could not lock System prefs. Unix error code 2.
2025-02-15 18:42:21,839 [ERROR] LogOutputStream:75 - [STDERR_REDIRECT] 
2025-02-15 18:42:21,839 [ERROR] LogOutputStream:75 - [STDERR_REDIRECT] Feb 15, 2025 6:42:21 PM java.util.prefs.FileSystemPreferences syncWorld
2025-02-15 18:42:21,839 [ERROR] LogOutputStream:75 - [STDERR_REDIRECT] WARNING: Couldn't flush system prefs: java.util.prefs.BackingStoreException: Couldn't get file lock.
2025-02-15 18:42:21,839 [ERROR] LogOutputStream:75 - [STDERR_REDIRECT] 
2025-02-15 18:42:51,840 [ERROR] LogOutputStream:75 - [STDERR_REDIRECT] Feb 15, 2025 6:42:51 PM java.util.prefs.FileSystemPreferences checkLockFile0ErrorCode
2025-02-15 18:42:51,840 [ERROR] LogOutputStream:75 - [STDERR_REDIRECT] WARNING: Could not lock System prefs. Unix error code 2.
2025-02-15 18:42:51,840 [ERROR] LogOutputStream:75 - [STDERR_REDIRECT] 
2025-02-15 18:42:51,840 [ERROR] LogOutputStream:75 - [STDERR_REDIRECT] Feb 15, 2025 6:42:51 PM java.util.prefs.FileSystemPreferences syncWorld
2025-02-15 18:42:51,840 [ERROR] LogOutputStream:75 - [STDERR_REDIRECT] WARNING: Couldn't flush system prefs: java.util.prefs.BackingStoreException: Couldn't get file lock.
2025-02-15 18:42:51,840 [ERROR] LogOutputStream:75 - [STDERR_REDIRECT] 
2025-02-15 18:43:21,839 [ERROR] LogOutputStream:75 - [STDERR_REDIRECT] Feb 15, 2025 6:43:21 PM java.util.prefs.FileSystemPreferences checkLockFile0ErrorCode
2025-02-15 18:43:21,839 [ERROR] LogOutputStream:75 - [STDERR_REDIRECT] WARNING: Could not lock System prefs. Unix error code 2.
2025-02-15 18:43:21,839 [ERROR] LogOutputStream:75 - [STDERR_REDIRECT] 
2025-02-15 18:43:21,839 [ERROR] LogOutputStream:75 - [STDERR_REDIRECT] Feb 15, 2025 6:43:21 PM java.util.prefs.FileSystemPreferences syncWorld
2025-02-15 18:43:21,839 [ERROR] LogOutputStream:75 - [STDERR_REDIRECT] WARNING: Couldn't flush system prefs: java.util.prefs.BackingStoreException: Couldn't get file lock.
2025-02-15 18:43:21,839 [ERROR] LogOutputStream:75 - [STDERR_REDIRECT] 
2025-02-15 18:43:51,839 [ERROR] LogOutputStream:75 - [STDERR_REDIRECT] Feb 15, 2025 6:43:51 PM java.util.prefs.FileSystemPreferences checkLockFile0ErrorCode
2025-02-15 18:43:51,839 [ERROR] LogOutputStream:75 - [STDERR_REDIRECT] WARNING: Could not lock System prefs. Unix error code 2.
2025-02-15 18:43:51,840 [ERROR] LogOutputStream:75 - [STDERR_REDIRECT] 
2025-02-15 18:43:51,840 [ERROR] LogOutputStream:75 - [STDERR_REDIRECT] Feb 15, 2025 6:43:51 PM java.util.prefs.FileSystemPreferences syncWorld
2025-02-15 18:43:51,840 [ERROR] LogOutputStream:75 - [STDERR_REDIRECT] WARNING: Couldn't flush system prefs: java.util.prefs.BackingStoreException: Couldn't get file lock.
2025-02-15 18:43:51,840 [ERROR] LogOutputStream:75 - [STDERR_REDIRECT] 
2025-02-15 18:44:21,839 [ERROR] LogOutputStream:75 - [STDERR_REDIRECT] Feb 15, 2025 6:44:21 PM java.util.prefs.FileSystemPreferences checkLockFile0ErrorCode
2025-02-15 18:44:21,839 [ERROR] LogOutputStream:75 - [STDERR_REDIRECT] WARNING: Could not lock System prefs. Unix error code 2.
2025-02-15 18:44:21,839 [ERROR] LogOutputStream:75 - [STDERR_REDIRECT] 
2025-02-15 18:44:21,839 [ERROR] LogOutputStream:75 - [STDERR_REDIRECT] Feb 15, 2025 6:44:21 PM java.util.prefs.FileSystemPreferences syncWorld
2025-02-15 18:44:21,839 [ERROR] LogOutputStream:75 - [STDERR_REDIRECT] WARNING: Couldn't flush system prefs: java.util.prefs.BackingStoreException: Couldn't get file lock.
2025-02-15 18:44:21,839 [ERROR] LogOutputStream:75 - [STDERR_REDIRECT] 
2025-02-15 18:44:51,839 [ERROR] LogOutputStream:75 - [STDERR_REDIRECT] Feb 15, 2025 6:44:51 PM java.util.prefs.FileSystemPreferences checkLockFile0ErrorCode
2025-02-15 18:44:51,839 [ERROR] LogOutputStream:75 - [STDERR_REDIRECT] WARNING: Could not lock System prefs. Unix error code 2.
2025-02-15 18:44:51,839 [ERROR] LogOutputStream:75 - [STDERR_REDIRECT] 
2025-02-15 18:44:51,839 [ERROR] LogOutputStream:75 - [STDERR_REDIRECT] Feb 15, 2025 6:44:51 PM java.util.prefs.FileSystemPreferences syncWorld
2025-02-15 18:44:51,839 [ERROR] LogOutputStream:75 - [STDERR_REDIRECT] WARNING: Couldn't flush system prefs: java.util.prefs.BackingStoreException: Couldn't get file lock.
2025-02-15 18:44:51,839 [ERROR] LogOutputStream:75 - [STDERR_REDIRECT] 
2025-02-15 18:45:21,840 [ERROR] LogOutputStream:75 - [STDERR_REDIRECT] Feb 15, 2025 6:45:21 PM java.util.prefs.FileSystemPreferences checkLockFile0ErrorCode
2025-02-15 18:45:21,840 [ERROR] LogOutputStream:75 - [STDERR_REDIRECT] WARNING: Could not lock System prefs. Unix error code 2.
2025-02-15 18:45:21,840 [ERROR] LogOutputStream:75 - [STDERR_REDIRECT] 
2025-02-15 18:45:21,840 [ERROR] LogOutputStream:75 - [STDERR_REDIRECT] Feb 15, 2025 6:45:21 PM java.util.prefs.FileSystemPreferences syncWorld
2025-02-15 18:45:21,840 [ERROR] LogOutputStream:75 - [STDERR_REDIRECT] WARNING: Couldn't flush system prefs: java.util.prefs.BackingStoreException: Couldn't get file lock.
2025-02-15 18:45:21,840 [ERROR] LogOutputStream:75 - [STDERR_REDIRECT] 
2025-02-15 18:45:51,840 [ERROR] LogOutputStream:75 - [STDERR_REDIRECT] Feb 15, 2025 6:45:51 PM java.util.prefs.FileSystemPreferences checkLockFile0ErrorCode
2025-02-15 18:45:51,840 [ERROR] LogOutputStream:75 - [STDERR_REDIRECT] WARNING: Could not lock System prefs. Unix error code 2.
2025-02-15 18:45:51,840 [ERROR] LogOutputStream:75 - [STDERR_REDIRECT] 
2025-02-15 18:45:51,840 [ERROR] LogOutputStream:75 - [STDERR_REDIRECT] Feb 15, 2025 6:45:51 PM java.util.prefs.FileSystemPreferences syncWorld
2025-02-15 18:45:51,840 [ERROR] LogOutputStream:75 - [STDERR_REDIRECT] WARNING: Couldn't flush system prefs: java.util.prefs.BackingStoreException: Couldn't get file lock.
2025-02-15 18:45:51,840 [ERROR] LogOutputStream:75 - [STDERR_REDIRECT] 
2025-02-15 18:46:21,841 [ERROR] LogOutputStream:75 - [STDERR_REDIRECT] Feb 15, 2025 6:46:21 PM java.util.prefs.FileSystemPreferences checkLockFile0ErrorCode
2025-02-15 18:46:21,841 [ERROR] LogOutputStream:75 - [STDERR_REDIRECT] WARNING: Could not lock System prefs. Unix error code 2.
2025-02-15 18:46:21,841 [ERROR] LogOutputStream:75 - [STDERR_REDIRECT] 
2025-02-15 18:46:21,841 [ERROR] LogOutputStream:75 - [STDERR_REDIRECT] Feb 15, 2025 6:46:21 PM java.util.prefs.FileSystemPreferences syncWorld
2025-02-15 18:46:21,841 [ERROR] LogOutputStream:75 - [STDERR_REDIRECT] WARNING: Couldn't flush system prefs: java.util.prefs.BackingStoreException: Couldn't get file lock.
2025-02-15 18:46:21,841 [ERROR] LogOutputStream:75 - [STDERR_REDIRECT] 
2025-02-15 18:46:51,841 [ERROR] LogOutputStream:75 - [STDERR_REDIRECT] Feb 15, 2025 6:46:51 PM java.util.prefs.FileSystemPreferences checkLockFile0ErrorCode
2025-02-15 18:46:51,841 [ERROR] LogOutputStream:75 - [STDERR_REDIRECT] WARNING: Could not lock System prefs. Unix error code 2.
2025-02-15 18:46:51,841 [ERROR] LogOutputStream:75 - [STDERR_REDIRECT] 
2025-02-15 18:46:51,841 [ERROR] LogOutputStream:75 - [STDERR_REDIRECT] Feb 15, 2025 6:46:51 PM java.util.prefs.FileSystemPreferences syncWorld
2025-02-15 18:46:51,841 [ERROR] LogOutputStream:75 - [STDERR_REDIRECT] WARNING: Couldn't flush system prefs: java.util.prefs.BackingStoreException: Couldn't get file lock.
2025-02-15 18:46:51,841 [ERROR] LogOutputStream:75 - [STDERR_REDIRECT] 
2025-02-15 18:47:21,842 [ERROR] LogOutputStream:75 - [STDERR_REDIRECT] Feb 15, 2025 6:47:21 PM java.util.prefs.FileSystemPreferences checkLockFile0ErrorCode
2025-02-15 18:47:21,842 [ERROR] LogOutputStream:75 - [STDERR_REDIRECT] WARNING: Could not lock System prefs. Unix error code 2.
2025-02-15 18:47:21,842 [ERROR] LogOutputStream:75 - [STDERR_REDIRECT] 
2025-02-15 18:47:21,842 [ERROR] LogOutputStream:75 - [STDERR_REDIRECT] Feb 15, 2025 6:47:21 PM java.util.prefs.FileSystemPreferences syncWorld
2025-02-15 18:47:21,842 [ERROR] LogOutputStream:75 - [STDERR_REDIRECT] WARNING: Couldn't flush system prefs: java.util.prefs.BackingStoreException: Couldn't get file lock.
2025-02-15 18:47:21,842 [ERROR] LogOutputStream:75 - [STDERR_REDIRECT] 
2025-02-15 18:47:51,841 [ERROR] LogOutputStream:75 - [STDERR_REDIRECT] Feb 15, 2025 6:47:51 PM java.util.prefs.FileSystemPreferences checkLockFile0ErrorCode
2025-02-15 18:47:51,841 [ERROR] LogOutputStream:75 - [STDERR_REDIRECT] WARNING: Could not lock System prefs. Unix error code 2.
2025-02-15 18:47:51,841 [ERROR] LogOutputStream:75 - [STDERR_REDIRECT] 
2025-02-15 18:47:51,841 [ERROR] LogOutputStream:75 - [STDERR_REDIRECT] Feb 15, 2025 6:47:51 PM java.util.prefs.FileSystemPreferences syncWorld
2025-02-15 18:47:51,841 [ERROR] LogOutputStream:75 - [STDERR_REDIRECT] WARNING: Couldn't flush system prefs: java.util.prefs.BackingStoreException: Couldn't get file lock.
2025-02-15 18:47:51,841 [ERROR] LogOutputStream:75 - [STDERR_REDIRECT] 
2025-02-15 18:48:21,842 [ERROR] LogOutputStream:75 - [STDERR_REDIRECT] Feb 15, 2025 6:48:21 PM java.util.prefs.FileSystemPreferences checkLockFile0ErrorCode
2025-02-15 18:48:21,842 [ERROR] LogOutputStream:75 - [STDERR_REDIRECT] WARNING: Could not lock System prefs. Unix error code 2.
2025-02-15 18:48:21,842 [ERROR] LogOutputStream:75 - [STDERR_REDIRECT] 
2025-02-15 18:48:21,842 [ERROR] LogOutputStream:75 - [STDERR_REDIRECT] Feb 15, 2025 6:48:21 PM java.util.prefs.FileSystemPreferences syncWorld
2025-02-15 18:48:21,842 [ERROR] LogOutputStream:75 - [STDERR_REDIRECT] WARNING: Couldn't flush system prefs: java.util.prefs.BackingStoreException: Couldn't get file lock.
2025-02-15 18:48:21,842 [ERROR] LogOutputStream:75 - [STDERR_REDIRECT] 
2025-02-15 18:48:51,841 [ERROR] LogOutputStream:75 - [STDERR_REDIRECT] Feb 15, 2025 6:48:51 PM java.util.prefs.FileSystemPreferences checkLockFile0ErrorCode
2025-02-15 18:48:51,841 [ERROR] LogOutputStream:75 - [STDERR_REDIRECT] WARNING: Could not lock System prefs. Unix error code 2.
2025-02-15 18:48:51,841 [ERROR] LogOutputStream:75 - [STDERR_REDIRECT] 
2025-02-15 18:48:51,841 [ERROR] LogOutputStream:75 - [STDERR_REDIRECT] Feb 15, 2025 6:48:51 PM java.util.prefs.FileSystemPreferences syncWorld
2025-02-15 18:48:51,841 [ERROR] LogOutputStream:75 - [STDERR_REDIRECT] WARNING: Couldn't flush system prefs: java.util.prefs.BackingStoreException: Couldn't get file lock.
2025-02-15 18:48:51,841 [ERROR] LogOutputStream:75 - [STDERR_REDIRECT] 
2025-02-15 18:49:21,841 [ERROR] LogOutputStream:75 - [STDERR_REDIRECT] Feb 15, 2025 6:49:21 PM java.util.prefs.FileSystemPreferences checkLockFile0ErrorCode
2025-02-15 18:49:21,842 [ERROR] LogOutputStream:75 - [STDERR_REDIRECT] WARNING: Could not lock System prefs. Unix error code 2.
2025-02-15 18:49:21,842 [ERROR] LogOutputStream:75 - [STDERR_REDIRECT] 
2025-02-15 18:49:21,842 [ERROR] LogOutputStream:75 - [STDERR_REDIRECT] Feb 15, 2025 6:49:21 PM java.util.prefs.FileSystemPreferences syncWorld
2025-02-15 18:49:21,842 [ERROR] LogOutputStream:75 - [STDERR_REDIRECT] WARNING: Couldn't flush system prefs: java.util.prefs.BackingStoreException: Couldn't get file lock.
2025-02-15 18:49:21,842 [ERROR] LogOutputStream:75 - [STDERR_REDIRECT] 
2025-02-15 18:49:51,841 [ERROR] LogOutputStream:75 - [STDERR_REDIRECT] Feb 15, 2025 6:49:51 PM java.util.prefs.FileSystemPreferences checkLockFile0ErrorCode
2025-02-15 18:49:51,841 [ERROR] LogOutputStream:75 - [STDERR_REDIRECT] WARNING: Could not lock System prefs. Unix error code 2.
2025-02-15 18:49:51,841 [ERROR] LogOutputStream:75 - [STDERR_REDIRECT] 
2025-02-15 18:49:51,841 [ERROR] LogOutputStream:75 - [STDERR_REDIRECT] Feb 15, 2025 6:49:51 PM java.util.prefs.FileSystemPreferences syncWorld
2025-02-15 18:49:51,841 [ERROR] LogOutputStream:75 - [STDERR_REDIRECT] WARNING: Couldn't flush system prefs: java.util.prefs.BackingStoreException: Couldn't get file lock.
2025-02-15 18:49:51,841 [ERROR] LogOutputStream:75 - [STDERR_REDIRECT] 
2025-02-15 18:50:21,842 [ERROR] LogOutputStream:75 - [STDERR_REDIRECT] Feb 15, 2025 6:50:21 PM java.util.prefs.FileSystemPreferences checkLockFile0ErrorCode
2025-02-15 18:50:21,842 [ERROR] LogOutputStream:75 - [STDERR_REDIRECT] WARNING: Could not lock System prefs. Unix error code 2.
2025-02-15 18:50:21,842 [ERROR] LogOutputStream:75 - [STDERR_REDIRECT] 
2025-02-15 18:50:21,842 [ERROR] LogOutputStream:75 - [STDERR_REDIRECT] Feb 15, 2025 6:50:21 PM java.util.prefs.FileSystemPreferences syncWorld
2025-02-15 18:50:21,842 [ERROR] LogOutputStream:75 - [STDERR_REDIRECT] WARNING: Couldn't flush system prefs: java.util.prefs.BackingStoreException: Couldn't get file lock.
2025-02-15 18:50:21,842 [ERROR] LogOutputStream:75 - [STDERR_REDIRECT] 
2025-02-15 18:50:51,841 [ERROR] LogOutputStream:75 - [STDERR_REDIRECT] Feb 15, 2025 6:50:51 PM java.util.prefs.FileSystemPreferences checkLockFile0ErrorCode
2025-02-15 18:50:51,841 [ERROR] LogOutputStream:75 - [STDERR_REDIRECT] WARNING: Could not lock System prefs. Unix error code 2.
2025-02-15 18:50:51,841 [ERROR] LogOutputStream:75 - [STDERR_REDIRECT] 
2025-02-15 18:50:51,841 [ERROR] LogOutputStream:75 - [STDERR_REDIRECT] Feb 15, 2025 6:50:51 PM java.util.prefs.FileSystemPreferences syncWorld
2025-02-15 18:50:51,841 [ERROR] LogOutputStream:75 - [STDERR_REDIRECT] WARNING: Couldn't flush system prefs: java.util.prefs.BackingStoreException: Couldn't get file lock.
2025-02-15 18:50:51,841 [ERROR] LogOutputStream:75 - [STDERR_REDIRECT] 
2025-02-15 18:51:21,842 [ERROR] LogOutputStream:75 - [STDERR_REDIRECT] Feb 15, 2025 6:51:21 PM java.util.prefs.FileSystemPreferences checkLockFile0ErrorCode
2025-02-15 18:51:21,842 [ERROR] LogOutputStream:75 - [STDERR_REDIRECT] WARNING: Could not lock System prefs. Unix error code 2.
2025-02-15 18:51:21,842 [ERROR] LogOutputStream:75 - [STDERR_REDIRECT] 
2025-02-15 18:51:21,842 [ERROR] LogOutputStream:75 - [STDERR_REDIRECT] Feb 15, 2025 6:51:21 PM java.util.prefs.FileSystemPreferences syncWorld
2025-02-15 18:51:21,842 [ERROR] LogOutputStream:75 - [STDERR_REDIRECT] WARNING: Couldn't flush system prefs: java.util.prefs.BackingStoreException: Couldn't get file lock.
2025-02-15 18:51:21,842 [ERROR] LogOutputStream:75 - [STDERR_REDIRECT] 
2025-02-15 18:51:51,841 [ERROR] LogOutputStream:75 - [STDERR_REDIRECT] Feb 15, 2025 6:51:51 PM java.util.prefs.FileSystemPreferences checkLockFile0ErrorCode
2025-02-15 18:51:51,841 [ERROR] LogOutputStream:75 - [STDERR_REDIRECT] WARNING: Could not lock System prefs. Unix error code 2.
2025-02-15 18:51:51,841 [ERROR] LogOutputStream:75 - [STDERR_REDIRECT] 
2025-02-15 18:51:51,842 [ERROR] LogOutputStream:75 - [STDERR_REDIRECT] Feb 15, 2025 6:51:51 PM java.util.prefs.FileSystemPreferences syncWorld
2025-02-15 18:51:51,842 [ERROR] LogOutputStream:75 - [STDERR_REDIRECT] WARNING: Couldn't flush system prefs: java.util.prefs.BackingStoreException: Couldn't get file lock.
2025-02-15 18:51:51,842 [ERROR] LogOutputStream:75 - [STDERR_REDIRECT] 
2025-02-15 18:52:21,841 [ERROR] LogOutputStream:75 - [STDERR_REDIRECT] Feb 15, 2025 6:52:21 PM java.util.prefs.FileSystemPreferences checkLockFile0ErrorCode
2025-02-15 18:52:21,841 [ERROR] LogOutputStream:75 - [STDERR_REDIRECT] WARNING: Could not lock System prefs. Unix error code 2.
2025-02-15 18:52:21,841 [ERROR] LogOutputStream:75 - [STDERR_REDIRECT] 
2025-02-15 18:52:21,841 [ERROR] LogOutputStream:75 - [STDERR_REDIRECT] Feb 15, 2025 6:52:21 PM java.util.prefs.FileSystemPreferences syncWorld
2025-02-15 18:52:21,841 [ERROR] LogOutputStream:75 - [STDERR_REDIRECT] WARNING: Couldn't flush system prefs: java.util.prefs.BackingStoreException: Couldn't get file lock.
2025-02-15 18:52:21,841 [ERROR] LogOutputStream:75 - [STDERR_REDIRECT] 
2025-02-15 18:52:51,841 [ERROR] LogOutputStream:75 - [STDERR_REDIRECT] Feb 15, 2025 6:52:51 PM java.util.prefs.FileSystemPreferences checkLockFile0ErrorCode
2025-02-15 18:52:51,841 [ERROR] LogOutputStream:75 - [STDERR_REDIRECT] WARNING: Could not lock System prefs. Unix error code 2.
2025-02-15 18:52:51,841 [ERROR] LogOutputStream:75 - [STDERR_REDIRECT] 
2025-02-15 18:52:51,841 [ERROR] LogOutputStream:75 - [STDERR_REDIRECT] Feb 15, 2025 6:52:51 PM java.util.prefs.FileSystemPreferences syncWorld
2025-02-15 18:52:51,842 [ERROR] LogOutputStream:75 - [STDERR_REDIRECT] WARNING: Couldn't flush system prefs: java.util.prefs.BackingStoreException: Couldn't get file lock.
2025-02-15 18:52:51,842 [ERROR] LogOutputStream:75 - [STDERR_REDIRECT] 
2025-02-15 18:53:21,841 [ERROR] LogOutputStream:75 - [STDERR_REDIRECT] Feb 15, 2025 6:53:21 PM java.util.prefs.FileSystemPreferences checkLockFile0ErrorCode
2025-02-15 18:53:21,841 [ERROR] LogOutputStream:75 - [STDERR_REDIRECT] WARNING: Could not lock System prefs. Unix error code 2.
2025-02-15 18:53:21,841 [ERROR] LogOutputStream:75 - [STDERR_REDIRECT] 
2025-02-15 18:53:21,841 [ERROR] LogOutputStream:75 - [STDERR_REDIRECT] Feb 15, 2025 6:53:21 PM java.util.prefs.FileSystemPreferences syncWorld
2025-02-15 18:53:21,841 [ERROR] LogOutputStream:75 - [STDERR_REDIRECT] WARNING: Couldn't flush system prefs: java.util.prefs.BackingStoreException: Couldn't get file lock.
2025-02-15 18:53:21,841 [ERROR] LogOutputStream:75 - [STDERR_REDIRECT] 
2025-02-15 18:53:51,841 [ERROR] LogOutputStream:75 - [STDERR_REDIRECT] Feb 15, 2025 6:53:51 PM java.util.prefs.FileSystemPreferences checkLockFile0ErrorCode
2025-02-15 18:53:51,841 [ERROR] LogOutputStream:75 - [STDERR_REDIRECT] WARNING: Could not lock System prefs. Unix error code 2.
2025-02-15 18:53:51,841 [ERROR] LogOutputStream:75 - [STDERR_REDIRECT] 
2025-02-15 18:53:51,841 [ERROR] LogOutputStream:75 - [STDERR_REDIRECT] Feb 15, 2025 6:53:51 PM java.util.prefs.FileSystemPreferences syncWorld
2025-02-15 18:53:51,841 [ERROR] LogOutputStream:75 - [STDERR_REDIRECT] WARNING: Couldn't flush system prefs: java.util.prefs.BackingStoreException: Couldn't get file lock.
2025-02-15 18:53:51,842 [ERROR] LogOutputStream:75 - [STDERR_REDIRECT] 
2025-02-15 18:54:21,841 [ERROR] LogOutputStream:75 - [STDERR_REDIRECT] Feb 15, 2025 6:54:21 PM java.util.prefs.FileSystemPreferences checkLockFile0ErrorCode
2025-02-15 18:54:21,841 [ERROR] LogOutputStream:75 - [STDERR_REDIRECT] WARNING: Could not lock System prefs. Unix error code 2.
2025-02-15 18:54:21,841 [ERROR] LogOutputStream:75 - [STDERR_REDIRECT] 
2025-02-15 18:54:21,841 [ERROR] LogOutputStream:75 - [STDERR_REDIRECT] Feb 15, 2025 6:54:21 PM java.util.prefs.FileSystemPreferences syncWorld
2025-02-15 18:54:21,841 [ERROR] LogOutputStream:75 - [STDERR_REDIRECT] WARNING: Couldn't flush system prefs: java.util.prefs.BackingStoreException: Couldn't get file lock.
2025-02-15 18:54:21,841 [ERROR] LogOutputStream:75 - [STDERR_REDIRECT] 
2025-02-15 18:54:51,841 [ERROR] LogOutputStream:75 - [STDERR_REDIRECT] Feb 15, 2025 6:54:51 PM java.util.prefs.FileSystemPreferences checkLockFile0ErrorCode
2025-02-15 18:54:51,841 [ERROR] LogOutputStream:75 - [STDERR_REDIRECT] WARNING: Could not lock System prefs. Unix error code 2.
2025-02-15 18:54:51,841 [ERROR] LogOutputStream:75 - [STDERR_REDIRECT] 
2025-02-15 18:54:51,841 [ERROR] LogOutputStream:75 - [STDERR_REDIRECT] Feb 15, 2025 6:54:51 PM java.util.prefs.FileSystemPreferences syncWorld
2025-02-15 18:54:51,841 [ERROR] LogOutputStream:75 - [STDERR_REDIRECT] WARNING: Couldn't flush system prefs: java.util.prefs.BackingStoreException: Couldn't get file lock.
2025-02-15 18:54:51,842 [ERROR] LogOutputStream:75 - [STDERR_REDIRECT] 
2025-02-15 18:55:21,841 [ERROR] LogOutputStream:75 - [STDERR_REDIRECT] Feb 15, 2025 6:55:21 PM java.util.prefs.FileSystemPreferences checkLockFile0ErrorCode
2025-02-15 18:55:21,841 [ERROR] LogOutputStream:75 - [STDERR_REDIRECT] WARNING: Could not lock System prefs. Unix error code 2.
2025-02-15 18:55:21,841 [ERROR] LogOutputStream:75 - [STDERR_REDIRECT] 
2025-02-15 18:55:21,841 [ERROR] LogOutputStream:75 - [STDERR_REDIRECT] Feb 15, 2025 6:55:21 PM java.util.prefs.FileSystemPreferences syncWorld
2025-02-15 18:55:21,841 [ERROR] LogOutputStream:75 - [STDERR_REDIRECT] WARNING: Couldn't flush system prefs: java.util.prefs.BackingStoreException: Couldn't get file lock.
2025-02-15 18:55:21,841 [ERROR] LogOutputStream:75 - [STDERR_REDIRECT] 
2025-02-15 18:55:51,841 [ERROR] LogOutputStream:75 - [STDERR_REDIRECT] Feb 15, 2025 6:55:51 PM java.util.prefs.FileSystemPreferences checkLockFile0ErrorCode
2025-02-15 18:55:51,841 [ERROR] LogOutputStream:75 - [STDERR_REDIRECT] WARNING: Could not lock System prefs. Unix error code 2.
2025-02-15 18:55:51,848 [ERROR] LogOutputStream:75 - [STDERR_REDIRECT] 
2025-02-15 18:55:51,848 [ERROR] LogOutputStream:75 - [STDERR_REDIRECT] Feb 15, 2025 6:55:51 PM java.util.prefs.FileSystemPreferences syncWorld
2025-02-15 18:55:51,848 [ERROR] LogOutputStream:75 - [STDERR_REDIRECT] WARNING: Couldn't flush system prefs: java.util.prefs.BackingStoreException: Couldn't get file lock.
2025-02-15 18:55:51,848 [ERROR] LogOutputStream:75 - [STDERR_REDIRECT] 
2025-02-15 18:56:21,841 [ERROR] LogOutputStream:75 - [STDERR_REDIRECT] Feb 15, 2025 6:56:21 PM java.util.prefs.FileSystemPreferences checkLockFile0ErrorCode
2025-02-15 18:56:21,841 [ERROR] LogOutputStream:75 - [STDERR_REDIRECT] WARNING: Could not lock System prefs. Unix error code 2.
2025-02-15 18:56:21,841 [ERROR] LogOutputStream:75 - [STDERR_REDIRECT] 
2025-02-15 18:56:21,842 [ERROR] LogOutputStream:75 - [STDERR_REDIRECT] Feb 15, 2025 6:56:21 PM java.util.prefs.FileSystemPreferences syncWorld
2025-02-15 18:56:21,842 [ERROR] LogOutputStream:75 - [STDERR_REDIRECT] WARNING: Couldn't flush system prefs: java.util.prefs.BackingStoreException: Couldn't get file lock.
2025-02-15 18:56:21,842 [ERROR] LogOutputStream:75 - [STDERR_REDIRECT] 
2025-02-15 18:56:51,841 [ERROR] LogOutputStream:75 - [STDERR_REDIRECT] Feb 15, 2025 6:56:51 PM java.util.prefs.FileSystemPreferences checkLockFile0ErrorCode
2025-02-15 18:56:51,841 [ERROR] LogOutputStream:75 - [STDERR_REDIRECT] WARNING: Could not lock System prefs. Unix error code 2.
2025-02-15 18:56:51,841 [ERROR] LogOutputStream:75 - [STDERR_REDIRECT] 
2025-02-15 18:56:51,841 [ERROR] LogOutputStream:75 - [STDERR_REDIRECT] Feb 15, 2025 6:56:51 PM java.util.prefs.FileSystemPreferences syncWorld
2025-02-15 18:56:51,841 [ERROR] LogOutputStream:75 - [STDERR_REDIRECT] WARNING: Couldn't flush system prefs: java.util.prefs.BackingStoreException: Couldn't get file lock.
2025-02-15 18:56:51,841 [ERROR] LogOutputStream:75 - [STDERR_REDIRECT] 
2025-02-15 18:57:21,842 [ERROR] LogOutputStream:75 - [STDERR_REDIRECT] Feb 15, 2025 6:57:21 PM java.util.prefs.FileSystemPreferences checkLockFile0ErrorCode
2025-02-15 18:57:21,842 [ERROR] LogOutputStream:75 - [STDERR_REDIRECT] WARNING: Could not lock System prefs. Unix error code 2.
2025-02-15 18:57:21,848 [ERROR] LogOutputStream:75 - [STDERR_REDIRECT] 
2025-02-15 18:57:21,848 [ERROR] LogOutputStream:75 - [STDERR_REDIRECT] Feb 15, 2025 6:57:21 PM java.util.prefs.FileSystemPreferences syncWorld
2025-02-15 18:57:21,848 [ERROR] LogOutputStream:75 - [STDERR_REDIRECT] WARNING: Couldn't flush system prefs: java.util.prefs.BackingStoreException: Couldn't get file lock.
2025-02-15 18:57:21,848 [ERROR] LogOutputStream:75 - [STDERR_REDIRECT] 
2025-02-15 18:57:51,841 [ERROR] LogOutputStream:75 - [STDERR_REDIRECT] Feb 15, 2025 6:57:51 PM java.util.prefs.FileSystemPreferences checkLockFile0ErrorCode
2025-02-15 18:57:51,842 [ERROR] LogOutputStream:75 - [STDERR_REDIRECT] WARNING: Could not lock System prefs. Unix error code 2.
2025-02-15 18:57:51,842 [ERROR] LogOutputStream:75 - [STDERR_REDIRECT] 
2025-02-15 18:57:51,842 [ERROR] LogOutputStream:75 - [STDERR_REDIRECT] Feb 15, 2025 6:57:51 PM java.util.prefs.FileSystemPreferences syncWorld
2025-02-15 18:57:51,842 [ERROR] LogOutputStream:75 - [STDERR_REDIRECT] WARNING: Couldn't flush system prefs: java.util.prefs.BackingStoreException: Couldn't get file lock.
2025-02-15 18:57:51,842 [ERROR] LogOutputStream:75 - [STDERR_REDIRECT] 
2025-02-15 18:58:21,842 [ERROR] LogOutputStream:75 - [STDERR_REDIRECT] Feb 15, 2025 6:58:21 PM java.util.prefs.FileSystemPreferences checkLockFile0ErrorCode
2025-02-15 18:58:21,842 [ERROR] LogOutputStream:75 - [STDERR_REDIRECT] WARNING: Could not lock System prefs. Unix error code 2.
2025-02-15 18:58:21,842 [ERROR] LogOutputStream:75 - [STDERR_REDIRECT] 
2025-02-15 18:58:21,842 [ERROR] LogOutputStream:75 - [STDERR_REDIRECT] Feb 15, 2025 6:58:21 PM java.util.prefs.FileSystemPreferences syncWorld
2025-02-15 18:58:21,842 [ERROR] LogOutputStream:75 - [STDERR_REDIRECT] WARNING: Couldn't flush system prefs: java.util.prefs.BackingStoreException: Couldn't get file lock.
2025-02-15 18:58:21,842 [ERROR] LogOutputStream:75 - [STDERR_REDIRECT] 
2025-02-15 18:58:51,842 [ERROR] LogOutputStream:75 - [STDERR_REDIRECT] Feb 15, 2025 6:58:51 PM java.util.prefs.FileSystemPreferences checkLockFile0ErrorCode
2025-02-15 18:58:51,842 [ERROR] LogOutputStream:75 - [STDERR_REDIRECT] WARNING: Could not lock System prefs. Unix error code 2.
2025-02-15 18:58:51,842 [ERROR] LogOutputStream:75 - [STDERR_REDIRECT] 
2025-02-15 18:58:51,842 [ERROR] LogOutputStream:75 - [STDERR_REDIRECT] Feb 15, 2025 6:58:51 PM java.util.prefs.FileSystemPreferences syncWorld
2025-02-15 18:58:51,842 [ERROR] LogOutputStream:75 - [STDERR_REDIRECT] WARNING: Couldn't flush system prefs: java.util.prefs.BackingStoreException: Couldn't get file lock.
2025-02-15 18:58:51,842 [ERROR] LogOutputStream:75 - [STDERR_REDIRECT] 
2025-02-15 18:59:21,841 [ERROR] LogOutputStream:75 - [STDERR_REDIRECT] Feb 15, 2025 6:59:21 PM java.util.prefs.FileSystemPreferences checkLockFile0ErrorCode
2025-02-15 18:59:21,841 [ERROR] LogOutputStream:75 - [STDERR_REDIRECT] WARNING: Could not lock System prefs. Unix error code 2.
2025-02-15 18:59:21,842 [ERROR] LogOutputStream:75 - [STDERR_REDIRECT] 
2025-02-15 18:59:21,842 [ERROR] LogOutputStream:75 - [STDERR_REDIRECT] Feb 15, 2025 6:59:21 PM java.util.prefs.FileSystemPreferences syncWorld
2025-02-15 18:59:21,842 [ERROR] LogOutputStream:75 - [STDERR_REDIRECT] WARNING: Couldn't flush system prefs: java.util.prefs.BackingStoreException: Couldn't get file lock.
2025-02-15 18:59:21,842 [ERROR] LogOutputStream:75 - [STDERR_REDIRECT] 
2025-02-15 18:59:51,841 [ERROR] LogOutputStream:75 - [STDERR_REDIRECT] Feb 15, 2025 6:59:51 PM java.util.prefs.FileSystemPreferences checkLockFile0ErrorCode
2025-02-15 18:59:51,841 [ERROR] LogOutputStream:75 - [STDERR_REDIRECT] WARNING: Could not lock System prefs. Unix error code 2.
2025-02-15 18:59:51,841 [ERROR] LogOutputStream:75 - [STDERR_REDIRECT] 
2025-02-15 18:59:51,841 [ERROR] LogOutputStream:75 - [STDERR_REDIRECT] Feb 15, 2025 6:59:51 PM java.util.prefs.FileSystemPreferences syncWorld
2025-02-15 18:59:51,841 [ERROR] LogOutputStream:75 - [STDERR_REDIRECT] WARNING: Couldn't flush system prefs: java.util.prefs.BackingStoreException: Couldn't get file lock.
2025-02-15 18:59:51,841 [ERROR] LogOutputStream:75 - [STDERR_REDIRECT] 
2025-02-15 19:00:21,842 [ERROR] LogOutputStream:75 - [STDERR_REDIRECT] Feb 15, 2025 7:00:21 PM java.util.prefs.FileSystemPreferences checkLockFile0ErrorCode
2025-02-15 19:00:21,842 [ERROR] LogOutputStream:75 - [STDERR_REDIRECT] WARNING: Could not lock System prefs. Unix error code 2.
2025-02-15 19:00:21,842 [ERROR] LogOutputStream:75 - [STDERR_REDIRECT] 
2025-02-15 19:00:21,842 [ERROR] LogOutputStream:75 - [STDERR_REDIRECT] Feb 15, 2025 7:00:21 PM java.util.prefs.FileSystemPreferences syncWorld
2025-02-15 19:00:21,842 [ERROR] LogOutputStream:75 - [STDERR_REDIRECT] WARNING: Couldn't flush system prefs: java.util.prefs.BackingStoreException: Couldn't get file lock.
2025-02-15 19:00:21,842 [ERROR] LogOutputStream:75 - [STDERR_REDIRECT] 
2025-02-15 19:00:51,842 [ERROR] LogOutputStream:75 - [STDERR_REDIRECT] Feb 15, 2025 7:00:51 PM java.util.prefs.FileSystemPreferences checkLockFile0ErrorCode
2025-02-15 19:00:51,842 [ERROR] LogOutputStream:75 - [STDERR_REDIRECT] WARNING: Could not lock System prefs. Unix error code 2.
2025-02-15 19:00:51,842 [ERROR] LogOutputStream:75 - [STDERR_REDIRECT] 
2025-02-15 19:00:51,843 [ERROR] LogOutputStream:75 - [STDERR_REDIRECT] Feb 15, 2025 7:00:51 PM java.util.prefs.FileSystemPreferences syncWorld
2025-02-15 19:00:51,843 [ERROR] LogOutputStream:75 - [STDERR_REDIRECT] WARNING: Couldn't flush system prefs: java.util.prefs.BackingStoreException: Couldn't get file lock.
2025-02-15 19:00:51,843 [ERROR] LogOutputStream:75 - [STDERR_REDIRECT] 
2025-02-15 19:01:21,842 [ERROR] LogOutputStream:75 - [STDERR_REDIRECT] Feb 15, 2025 7:01:21 PM java.util.prefs.FileSystemPreferences checkLockFile0ErrorCode
2025-02-15 19:01:21,842 [ERROR] LogOutputStream:75 - [STDERR_REDIRECT] WARNING: Could not lock System prefs. Unix error code 2.
2025-02-15 19:01:21,842 [ERROR] LogOutputStream:75 - [STDERR_REDIRECT] 
2025-02-15 19:01:21,842 [ERROR] LogOutputStream:75 - [STDERR_REDIRECT] Feb 15, 2025 7:01:21 PM java.util.prefs.FileSystemPreferences syncWorld
2025-02-15 19:01:21,842 [ERROR] LogOutputStream:75 - [STDERR_REDIRECT] WARNING: Couldn't flush system prefs: java.util.prefs.BackingStoreException: Couldn't get file lock.
2025-02-15 19:01:21,842 [ERROR] LogOutputStream:75 - [STDERR_REDIRECT] 
2025-02-15 19:01:51,843 [ERROR] LogOutputStream:75 - [STDERR_REDIRECT] Feb 15, 2025 7:01:51 PM java.util.prefs.FileSystemPreferences checkLockFile0ErrorCode
2025-02-15 19:01:51,843 [ERROR] LogOutputStream:75 - [STDERR_REDIRECT] WARNING: Could not lock System prefs. Unix error code 2.
2025-02-15 19:01:51,843 [ERROR] LogOutputStream:75 - [STDERR_REDIRECT] 
2025-02-15 19:01:51,843 [ERROR] LogOutputStream:75 - [STDERR_REDIRECT] Feb 15, 2025 7:01:51 PM java.util.prefs.FileSystemPreferences syncWorld
2025-02-15 19:01:51,843 [ERROR] LogOutputStream:75 - [STDERR_REDIRECT] WARNING: Couldn't flush system prefs: java.util.prefs.BackingStoreException: Couldn't get file lock.
2025-02-15 19:01:51,843 [ERROR] LogOutputStream:75 - [STDERR_REDIRECT] 
2025-02-15 19:02:21,842 [ERROR] LogOutputStream:75 - [STDERR_REDIRECT] Feb 15, 2025 7:02:21 PM java.util.prefs.FileSystemPreferences checkLockFile0ErrorCode
2025-02-15 19:02:21,842 [ERROR] LogOutputStream:75 - [STDERR_REDIRECT] WARNING: Could not lock System prefs. Unix error code 2.
2025-02-15 19:02:21,843 [ERROR] LogOutputStream:75 - [STDERR_REDIRECT] 
2025-02-15 19:02:21,843 [ERROR] LogOutputStream:75 - [STDERR_REDIRECT] Feb 15, 2025 7:02:21 PM java.util.prefs.FileSystemPreferences syncWorld
2025-02-15 19:02:21,843 [ERROR] LogOutputStream:75 - [STDERR_REDIRECT] WARNING: Couldn't flush system prefs: java.util.prefs.BackingStoreException: Couldn't get file lock.
2025-02-15 19:02:21,843 [ERROR] LogOutputStream:75 - [STDERR_REDIRECT] 
2025-02-15 19:02:51,842 [ERROR] LogOutputStream:75 - [STDERR_REDIRECT] Feb 15, 2025 7:02:51 PM java.util.prefs.FileSystemPreferences checkLockFile0ErrorCode
2025-02-15 19:02:51,842 [ERROR] LogOutputStream:75 - [STDERR_REDIRECT] WARNING: Could not lock System prefs. Unix error code 2.
2025-02-15 19:02:51,842 [ERROR] LogOutputStream:75 - [STDERR_REDIRECT] 
2025-02-15 19:02:51,842 [ERROR] LogOutputStream:75 - [STDERR_REDIRECT] Feb 15, 2025 7:02:51 PM java.util.prefs.FileSystemPreferences syncWorld
2025-02-15 19:02:51,842 [ERROR] LogOutputStream:75 - [STDERR_REDIRECT] WARNING: Couldn't flush system prefs: java.util.prefs.BackingStoreException: Couldn't get file lock.
2025-02-15 19:02:51,842 [ERROR] LogOutputStream:75 - [STDERR_REDIRECT] 
2025-02-15 19:03:21,843 [ERROR] LogOutputStream:75 - [STDERR_REDIRECT] Feb 15, 2025 7:03:21 PM java.util.prefs.FileSystemPreferences checkLockFile0ErrorCode
2025-02-15 19:03:21,843 [ERROR] LogOutputStream:75 - [STDERR_REDIRECT] WARNING: Could not lock System prefs. Unix error code 2.
2025-02-15 19:03:21,843 [ERROR] LogOutputStream:75 - [STDERR_REDIRECT] 
2025-02-15 19:03:21,843 [ERROR] LogOutputStream:75 - [STDERR_REDIRECT] Feb 15, 2025 7:03:21 PM java.util.prefs.FileSystemPreferences syncWorld
2025-02-15 19:03:21,843 [ERROR] LogOutputStream:75 - [STDERR_REDIRECT] WARNING: Couldn't flush system prefs: java.util.prefs.BackingStoreException: Couldn't get file lock.
2025-02-15 19:03:21,843 [ERROR] LogOutputStream:75 - [STDERR_REDIRECT] 
2025-02-15 19:03:51,843 [ERROR] LogOutputStream:75 - [STDERR_REDIRECT] Feb 15, 2025 7:03:51 PM java.util.prefs.FileSystemPreferences checkLockFile0ErrorCode
2025-02-15 19:03:51,843 [ERROR] LogOutputStream:75 - [STDERR_REDIRECT] WARNING: Could not lock System prefs. Unix error code 2.
2025-02-15 19:03:51,843 [ERROR] LogOutputStream:75 - [STDERR_REDIRECT] 
2025-02-15 19:03:51,843 [ERROR] LogOutputStream:75 - [STDERR_REDIRECT] Feb 15, 2025 7:03:51 PM java.util.prefs.FileSystemPreferences syncWorld
2025-02-15 19:03:51,844 [ERROR] LogOutputStream:75 - [STDERR_REDIRECT] WARNING: Couldn't flush system prefs: java.util.prefs.BackingStoreException: Couldn't get file lock.
2025-02-15 19:03:51,844 [ERROR] LogOutputStream:75 - [STDERR_REDIRECT] 
2025-02-15 19:04:21,843 [ERROR] LogOutputStream:75 - [STDERR_REDIRECT] Feb 15, 2025 7:04:21 PM java.util.prefs.FileSystemPreferences checkLockFile0ErrorCode
2025-02-15 19:04:21,843 [ERROR] LogOutputStream:75 - [STDERR_REDIRECT] WARNING: Could not lock System prefs. Unix error code 2.
2025-02-15 19:04:21,843 [ERROR] LogOutputStream:75 - [STDERR_REDIRECT] 
2025-02-15 19:04:21,843 [ERROR] LogOutputStream:75 - [STDERR_REDIRECT] Feb 15, 2025 7:04:21 PM java.util.prefs.FileSystemPreferences syncWorld
2025-02-15 19:04:21,843 [ERROR] LogOutputStream:75 - [STDERR_REDIRECT] WARNING: Couldn't flush system prefs: java.util.prefs.BackingStoreException: Couldn't get file lock.
2025-02-15 19:04:21,843 [ERROR] LogOutputStream:75 - [STDERR_REDIRECT] 
2025-02-15 19:04:51,844 [ERROR] LogOutputStream:75 - [STDERR_REDIRECT] Feb 15, 2025 7:04:51 PM java.util.prefs.FileSystemPreferences checkLockFile0ErrorCode
2025-02-15 19:04:51,844 [ERROR] LogOutputStream:75 - [STDERR_REDIRECT] WARNING: Could not lock System prefs. Unix error code 2.
2025-02-15 19:04:51,844 [ERROR] LogOutputStream:75 - [STDERR_REDIRECT] 
2025-02-15 19:04:51,844 [ERROR] LogOutputStream:75 - [STDERR_REDIRECT] Feb 15, 2025 7:04:51 PM java.util.prefs.FileSystemPreferences syncWorld
2025-02-15 19:04:51,844 [ERROR] LogOutputStream:75 - [STDERR_REDIRECT] WARNING: Couldn't flush system prefs: java.util.prefs.BackingStoreException: Couldn't get file lock.
2025-02-15 19:04:51,844 [ERROR] LogOutputStream:75 - [STDERR_REDIRECT] 
2025-02-15 19:05:21,843 [ERROR] LogOutputStream:75 - [STDERR_REDIRECT] Feb 15, 2025 7:05:21 PM java.util.prefs.FileSystemPreferences checkLockFile0ErrorCode
2025-02-15 19:05:21,843 [ERROR] LogOutputStream:75 - [STDERR_REDIRECT] WARNING: Could not lock System prefs. Unix error code 2.
2025-02-15 19:05:21,843 [ERROR] LogOutputStream:75 - [STDERR_REDIRECT] 
2025-02-15 19:05:21,843 [ERROR] LogOutputStream:75 - [STDERR_REDIRECT] Feb 15, 2025 7:05:21 PM java.util.prefs.FileSystemPreferences syncWorld
2025-02-15 19:05:21,843 [ERROR] LogOutputStream:75 - [STDERR_REDIRECT] WARNING: Couldn't flush system prefs: java.util.prefs.BackingStoreException: Couldn't get file lock.
2025-02-15 19:05:21,843 [ERROR] LogOutputStream:75 - [STDERR_REDIRECT] 
2025-02-15 19:05:51,844 [ERROR] LogOutputStream:75 - [STDERR_REDIRECT] Feb 15, 2025 7:05:51 PM java.util.prefs.FileSystemPreferences checkLockFile0ErrorCode
2025-02-15 19:05:51,844 [ERROR] LogOutputStream:75 - [STDERR_REDIRECT] WARNING: Could not lock System prefs. Unix error code 2.
2025-02-15 19:05:51,844 [ERROR] LogOutputStream:75 - [STDERR_REDIRECT] 
2025-02-15 19:05:51,844 [ERROR] LogOutputStream:75 - [STDERR_REDIRECT] Feb 15, 2025 7:05:51 PM java.util.prefs.FileSystemPreferences syncWorld
2025-02-15 19:05:51,844 [ERROR] LogOutputStream:75 - [STDERR_REDIRECT] WARNING: Couldn't flush system prefs: java.util.prefs.BackingStoreException: Couldn't get file lock.
2025-02-15 19:05:51,844 [ERROR] LogOutputStream:75 - [STDERR_REDIRECT] 
2025-02-15 19:06:21,845 [ERROR] LogOutputStream:75 - [STDERR_REDIRECT] Feb 15, 2025 7:06:21 PM java.util.prefs.FileSystemPreferences checkLockFile0ErrorCode
2025-02-15 19:06:21,845 [ERROR] LogOutputStream:75 - [STDERR_REDIRECT] WARNING: Could not lock System prefs. Unix error code 2.
2025-02-15 19:06:21,845 [ERROR] LogOutputStream:75 - [STDERR_REDIRECT] 
2025-02-15 19:06:21,845 [ERROR] LogOutputStream:75 - [STDERR_REDIRECT] Feb 15, 2025 7:06:21 PM java.util.prefs.FileSystemPreferences syncWorld
2025-02-15 19:06:21,845 [ERROR] LogOutputStream:75 - [STDERR_REDIRECT] WARNING: Couldn't flush system prefs: java.util.prefs.BackingStoreException: Couldn't get file lock.
2025-02-15 19:06:21,845 [ERROR] LogOutputStream:75 - [STDERR_REDIRECT] 
2025-02-15 19:06:51,844 [ERROR] LogOutputStream:75 - [STDERR_REDIRECT] Feb 15, 2025 7:06:51 PM java.util.prefs.FileSystemPreferences checkLockFile0ErrorCode
2025-02-15 19:06:51,844 [ERROR] LogOutputStream:75 - [STDERR_REDIRECT] WARNING: Could not lock System prefs. Unix error code 2.
2025-02-15 19:06:51,844 [ERROR] LogOutputStream:75 - [STDERR_REDIRECT] 
2025-02-15 19:06:51,844 [ERROR] LogOutputStream:75 - [STDERR_REDIRECT] Feb 15, 2025 7:06:51 PM java.util.prefs.FileSystemPreferences syncWorld
2025-02-15 19:06:51,845 [ERROR] LogOutputStream:75 - [STDERR_REDIRECT] WARNING: Couldn't flush system prefs: java.util.prefs.BackingStoreException: Couldn't get file lock.
2025-02-15 19:06:51,845 [ERROR] LogOutputStream:75 - [STDERR_REDIRECT] 
2025-02-15 19:07:21,844 [ERROR] LogOutputStream:75 - [STDERR_REDIRECT] Feb 15, 2025 7:07:21 PM java.util.prefs.FileSystemPreferences checkLockFile0ErrorCode
2025-02-15 19:07:21,844 [ERROR] LogOutputStream:75 - [STDERR_REDIRECT] WARNING: Could not lock System prefs. Unix error code 2.
2025-02-15 19:07:21,844 [ERROR] LogOutputStream:75 - [STDERR_REDIRECT] 
2025-02-15 19:07:21,844 [ERROR] LogOutputStream:75 - [STDERR_REDIRECT] Feb 15, 2025 7:07:21 PM java.util.prefs.FileSystemPreferences syncWorld
2025-02-15 19:07:21,844 [ERROR] LogOutputStream:75 - [STDERR_REDIRECT] WARNING: Couldn't flush system prefs: java.util.prefs.BackingStoreException: Couldn't get file lock.
2025-02-15 19:07:21,844 [ERROR] LogOutputStream:75 - [STDERR_REDIRECT] 
2025-02-15 19:07:51,844 [ERROR] LogOutputStream:75 - [STDERR_REDIRECT] Feb 15, 2025 7:07:51 PM java.util.prefs.FileSystemPreferences checkLockFile0ErrorCode
2025-02-15 19:07:51,845 [ERROR] LogOutputStream:75 - [STDERR_REDIRECT] WARNING: Could not lock System prefs. Unix error code 2.
2025-02-15 19:07:51,845 [ERROR] LogOutputStream:75 - [STDERR_REDIRECT] 
2025-02-15 19:07:51,845 [ERROR] LogOutputStream:75 - [STDERR_REDIRECT] Feb 15, 2025 7:07:51 PM java.util.prefs.FileSystemPreferences syncWorld
2025-02-15 19:07:51,845 [ERROR] LogOutputStream:75 - [STDERR_REDIRECT] WARNING: Couldn't flush system prefs: java.util.prefs.BackingStoreException: Couldn't get file lock.
2025-02-15 19:07:51,845 [ERROR] LogOutputStream:75 - [STDERR_REDIRECT] 
2025-02-15 19:08:21,844 [ERROR] LogOutputStream:75 - [STDERR_REDIRECT] Feb 15, 2025 7:08:21 PM java.util.prefs.FileSystemPreferences checkLockFile0ErrorCode
2025-02-15 19:08:21,844 [ERROR] LogOutputStream:75 - [STDERR_REDIRECT] WARNING: Could not lock System prefs. Unix error code 2.
2025-02-15 19:08:21,844 [ERROR] LogOutputStream:75 - [STDERR_REDIRECT] 
2025-02-15 19:08:21,844 [ERROR] LogOutputStream:75 - [STDERR_REDIRECT] Feb 15, 2025 7:08:21 PM java.util.prefs.FileSystemPreferences syncWorld
2025-02-15 19:08:21,844 [ERROR] LogOutputStream:75 - [STDERR_REDIRECT] WARNING: Couldn't flush system prefs: java.util.prefs.BackingStoreException: Couldn't get file lock.
2025-02-15 19:08:21,845 [ERROR] LogOutputStream:75 - [STDERR_REDIRECT] 
2025-02-15 19:08:51,844 [ERROR] LogOutputStream:75 - [STDERR_REDIRECT] Feb 15, 2025 7:08:51 PM java.util.prefs.FileSystemPreferences checkLockFile0ErrorCode
2025-02-15 19:08:51,844 [ERROR] LogOutputStream:75 - [STDERR_REDIRECT] WARNING: Could not lock System prefs. Unix error code 2.
2025-02-15 19:08:51,844 [ERROR] LogOutputStream:75 - [STDERR_REDIRECT] 
2025-02-15 19:08:51,844 [ERROR] LogOutputStream:75 - [STDERR_REDIRECT] Feb 15, 2025 7:08:51 PM java.util.prefs.FileSystemPreferences syncWorld
2025-02-15 19:08:51,844 [ERROR] LogOutputStream:75 - [STDERR_REDIRECT] WARNING: Couldn't flush system prefs: java.util.prefs.BackingStoreException: Couldn't get file lock.
2025-02-15 19:08:51,844 [ERROR] LogOutputStream:75 - [STDERR_REDIRECT] 
2025-02-15 19:09:21,844 [ERROR] LogOutputStream:75 - [STDERR_REDIRECT] Feb 15, 2025 7:09:21 PM java.util.prefs.FileSystemPreferences checkLockFile0ErrorCode
2025-02-15 19:09:21,845 [ERROR] LogOutputStream:75 - [STDERR_REDIRECT] WARNING: Could not lock System prefs. Unix error code 2.
2025-02-15 19:09:21,845 [ERROR] LogOutputStream:75 - [STDERR_REDIRECT] 
2025-02-15 19:09:21,845 [ERROR] LogOutputStream:75 - [STDERR_REDIRECT] Feb 15, 2025 7:09:21 PM java.util.prefs.FileSystemPreferences syncWorld
2025-02-15 19:09:21,845 [ERROR] LogOutputStream:75 - [STDERR_REDIRECT] WARNING: Couldn't flush system prefs: java.util.prefs.BackingStoreException: Couldn't get file lock.
2025-02-15 19:09:21,845 [ERROR] LogOutputStream:75 - [STDERR_REDIRECT] 
2025-02-15 19:09:51,844 [ERROR] LogOutputStream:75 - [STDERR_REDIRECT] Feb 15, 2025 7:09:51 PM java.util.prefs.FileSystemPreferences checkLockFile0ErrorCode
2025-02-15 19:09:51,844 [ERROR] LogOutputStream:75 - [STDERR_REDIRECT] WARNING: Could not lock System prefs. Unix error code 2.
2025-02-15 19:09:51,844 [ERROR] LogOutputStream:75 - [STDERR_REDIRECT] 
2025-02-15 19:09:51,844 [ERROR] LogOutputStream:75 - [STDERR_REDIRECT] Feb 15, 2025 7:09:51 PM java.util.prefs.FileSystemPreferences syncWorld
2025-02-15 19:09:51,844 [ERROR] LogOutputStream:75 - [STDERR_REDIRECT] WARNING: Couldn't flush system prefs: java.util.prefs.BackingStoreException: Couldn't get file lock.
2025-02-15 19:09:51,844 [ERROR] LogOutputStream:75 - [STDERR_REDIRECT] 
2025-02-15 19:10:21,844 [ERROR] LogOutputStream:75 - [STDERR_REDIRECT] Feb 15, 2025 7:10:21 PM java.util.prefs.FileSystemPreferences checkLockFile0ErrorCode
2025-02-15 19:10:21,844 [ERROR] LogOutputStream:75 - [STDERR_REDIRECT] WARNING: Could not lock System prefs. Unix error code 2.
2025-02-15 19:10:21,845 [ERROR] LogOutputStream:75 - [STDERR_REDIRECT] 
2025-02-15 19:10:21,845 [ERROR] LogOutputStream:75 - [STDERR_REDIRECT] Feb 15, 2025 7:10:21 PM java.util.prefs.FileSystemPreferences syncWorld
2025-02-15 19:10:21,845 [ERROR] LogOutputStream:75 - [STDERR_REDIRECT] WARNING: Couldn't flush system prefs: java.util.prefs.BackingStoreException: Couldn't get file lock.
2025-02-15 19:10:21,845 [ERROR] LogOutputStream:75 - [STDERR_REDIRECT] 
2025-02-15 19:10:51,844 [ERROR] LogOutputStream:75 - [STDERR_REDIRECT] Feb 15, 2025 7:10:51 PM java.util.prefs.FileSystemPreferences checkLockFile0ErrorCode
2025-02-15 19:10:51,844 [ERROR] LogOutputStream:75 - [STDERR_REDIRECT] WARNING: Could not lock System prefs. Unix error code 2.
2025-02-15 19:10:51,844 [ERROR] LogOutputStream:75 - [STDERR_REDIRECT] 
2025-02-15 19:10:51,844 [ERROR] LogOutputStream:75 - [STDERR_REDIRECT] Feb 15, 2025 7:10:51 PM java.util.prefs.FileSystemPreferences syncWorld
2025-02-15 19:10:51,844 [ERROR] LogOutputStream:75 - [STDERR_REDIRECT] WARNING: Couldn't flush system prefs: java.util.prefs.BackingStoreException: Couldn't get file lock.
2025-02-15 19:10:51,844 [ERROR] LogOutputStream:75 - [STDERR_REDIRECT] 
2025-02-15 19:11:21,845 [ERROR] LogOutputStream:75 - [STDERR_REDIRECT] Feb 15, 2025 7:11:21 PM java.util.prefs.FileSystemPreferences checkLockFile0ErrorCode
2025-02-15 19:11:21,845 [ERROR] LogOutputStream:75 - [STDERR_REDIRECT] WARNING: Could not lock System prefs. Unix error code 2.
2025-02-15 19:11:21,845 [ERROR] LogOutputStream:75 - [STDERR_REDIRECT] 
2025-02-15 19:11:21,845 [ERROR] LogOutputStream:75 - [STDERR_REDIRECT] Feb 15, 2025 7:11:21 PM java.util.prefs.FileSystemPreferences syncWorld
2025-02-15 19:11:21,845 [ERROR] LogOutputStream:75 - [STDERR_REDIRECT] WARNING: Couldn't flush system prefs: java.util.prefs.BackingStoreException: Couldn't get file lock.
2025-02-15 19:11:21,845 [ERROR] LogOutputStream:75 - [STDERR_REDIRECT] 
2025-02-15 19:11:51,845 [ERROR] LogOutputStream:75 - [STDERR_REDIRECT] Feb 15, 2025 7:11:51 PM java.util.prefs.FileSystemPreferences checkLockFile0ErrorCode
2025-02-15 19:11:51,845 [ERROR] LogOutputStream:75 - [STDERR_REDIRECT] WARNING: Could not lock System prefs. Unix error code 2.
2025-02-15 19:11:51,845 [ERROR] LogOutputStream:75 - [STDERR_REDIRECT] 
2025-02-15 19:11:51,845 [ERROR] LogOutputStream:75 - [STDERR_REDIRECT] Feb 15, 2025 7:11:51 PM java.util.prefs.FileSystemPreferences syncWorld
2025-02-15 19:11:51,846 [ERROR] LogOutputStream:75 - [STDERR_REDIRECT] WARNING: Couldn't flush system prefs: java.util.prefs.BackingStoreException: Couldn't get file lock.
2025-02-15 19:11:51,846 [ERROR] LogOutputStream:75 - [STDERR_REDIRECT] 
2025-02-15 19:12:21,845 [ERROR] LogOutputStream:75 - [STDERR_REDIRECT] Feb 15, 2025 7:12:21 PM java.util.prefs.FileSystemPreferences checkLockFile0ErrorCode
2025-02-15 19:12:21,845 [ERROR] LogOutputStream:75 - [STDERR_REDIRECT] WARNING: Could not lock System prefs. Unix error code 2.
2025-02-15 19:12:21,845 [ERROR] LogOutputStream:75 - [STDERR_REDIRECT] 
2025-02-15 19:12:21,845 [ERROR] LogOutputStream:75 - [STDERR_REDIRECT] Feb 15, 2025 7:12:21 PM java.util.prefs.FileSystemPreferences syncWorld
2025-02-15 19:12:21,845 [ERROR] LogOutputStream:75 - [STDERR_REDIRECT] WARNING: Couldn't flush system prefs: java.util.prefs.BackingStoreException: Couldn't get file lock.
2025-02-15 19:12:21,845 [ERROR] LogOutputStream:75 - [STDERR_REDIRECT] 
2025-02-15 19:12:51,846 [ERROR] LogOutputStream:75 - [STDERR_REDIRECT] Feb 15, 2025 7:12:51 PM java.util.prefs.FileSystemPreferences checkLockFile0ErrorCode
2025-02-15 19:12:51,846 [ERROR] LogOutputStream:75 - [STDERR_REDIRECT] WARNING: Could not lock System prefs. Unix error code 2.
2025-02-15 19:12:51,846 [ERROR] LogOutputStream:75 - [STDERR_REDIRECT] 
2025-02-15 19:12:51,846 [ERROR] LogOutputStream:75 - [STDERR_REDIRECT] Feb 15, 2025 7:12:51 PM java.util.prefs.FileSystemPreferences syncWorld
2025-02-15 19:12:51,846 [ERROR] LogOutputStream:75 - [STDERR_REDIRECT] WARNING: Couldn't flush system prefs: java.util.prefs.BackingStoreException: Couldn't get file lock.
2025-02-15 19:12:51,846 [ERROR] LogOutputStream:75 - [STDERR_REDIRECT] 
2025-02-15 19:13:21,846 [ERROR] LogOutputStream:75 - [STDERR_REDIRECT] Feb 15, 2025 7:13:21 PM java.util.prefs.FileSystemPreferences checkLockFile0ErrorCode
2025-02-15 19:13:21,846 [ERROR] LogOutputStream:75 - [STDERR_REDIRECT] WARNING: Could not lock System prefs. Unix error code 2.
2025-02-15 19:13:21,847 [ERROR] LogOutputStream:75 - [STDERR_REDIRECT] 
2025-02-15 19:13:21,847 [ERROR] LogOutputStream:75 - [STDERR_REDIRECT] Feb 15, 2025 7:13:21 PM java.util.prefs.FileSystemPreferences syncWorld
2025-02-15 19:13:21,847 [ERROR] LogOutputStream:75 - [STDERR_REDIRECT] WARNING: Couldn't flush system prefs: java.util.prefs.BackingStoreException: Couldn't get file lock.
2025-02-15 19:13:21,847 [ERROR] LogOutputStream:75 - [STDERR_REDIRECT] 
2025-02-15 19:13:51,846 [ERROR] LogOutputStream:75 - [STDERR_REDIRECT] Feb 15, 2025 7:13:51 PM java.util.prefs.FileSystemPreferences checkLockFile0ErrorCode
2025-02-15 19:13:51,846 [ERROR] LogOutputStream:75 - [STDERR_REDIRECT] WARNING: Could not lock System prefs. Unix error code 2.
2025-02-15 19:13:51,846 [ERROR] LogOutputStream:75 - [STDERR_REDIRECT] 
2025-02-15 19:13:51,846 [ERROR] LogOutputStream:75 - [STDERR_REDIRECT] Feb 15, 2025 7:13:51 PM java.util.prefs.FileSystemPreferences syncWorld
2025-02-15 19:13:51,846 [ERROR] LogOutputStream:75 - [STDERR_REDIRECT] WARNING: Couldn't flush system prefs: java.util.prefs.BackingStoreException: Couldn't get file lock.
2025-02-15 19:13:51,846 [ERROR] LogOutputStream:75 - [STDERR_REDIRECT] 
2025-02-15 19:14:21,846 [ERROR] LogOutputStream:75 - [STDERR_REDIRECT] Feb 15, 2025 7:14:21 PM java.util.prefs.FileSystemPreferences checkLockFile0ErrorCode
2025-02-15 19:14:21,846 [ERROR] LogOutputStream:75 - [STDERR_REDIRECT] WARNING: Could not lock System prefs. Unix error code 2.
2025-02-15 19:14:21,853 [ERROR] LogOutputStream:75 - [STDERR_REDIRECT] 
2025-02-15 19:14:21,853 [ERROR] LogOutputStream:75 - [STDERR_REDIRECT] Feb 15, 2025 7:14:21 PM java.util.prefs.FileSystemPreferences syncWorld
2025-02-15 19:14:21,853 [ERROR] LogOutputStream:75 - [STDERR_REDIRECT] WARNING: Couldn't flush system prefs: java.util.prefs.BackingStoreException: Couldn't get file lock.
2025-02-15 19:14:21,853 [ERROR] LogOutputStream:75 - [STDERR_REDIRECT] 
2025-02-15 19:14:51,846 [ERROR] LogOutputStream:75 - [STDERR_REDIRECT] Feb 15, 2025 7:14:51 PM java.util.prefs.FileSystemPreferences checkLockFile0ErrorCode
2025-02-15 19:14:51,846 [ERROR] LogOutputStream:75 - [STDERR_REDIRECT] WARNING: Could not lock System prefs. Unix error code 2.
2025-02-15 19:14:51,846 [ERROR] LogOutputStream:75 - [STDERR_REDIRECT] 
2025-02-15 19:14:51,846 [ERROR] LogOutputStream:75 - [STDERR_REDIRECT] Feb 15, 2025 7:14:51 PM java.util.prefs.FileSystemPreferences syncWorld
2025-02-15 19:14:51,846 [ERROR] LogOutputStream:75 - [STDERR_REDIRECT] WARNING: Couldn't flush system prefs: java.util.prefs.BackingStoreException: Couldn't get file lock.
2025-02-15 19:14:51,846 [ERROR] LogOutputStream:75 - [STDERR_REDIRECT] 
2025-02-15 19:15:21,846 [ERROR] LogOutputStream:75 - [STDERR_REDIRECT] Feb 15, 2025 7:15:21 PM java.util.prefs.FileSystemPreferences checkLockFile0ErrorCode
2025-02-15 19:15:21,846 [ERROR] LogOutputStream:75 - [STDERR_REDIRECT] WARNING: Could not lock System prefs. Unix error code 2.
2025-02-15 19:15:21,847 [ERROR] LogOutputStream:75 - [STDERR_REDIRECT] 
2025-02-15 19:15:21,847 [ERROR] LogOutputStream:75 - [STDERR_REDIRECT] Feb 15, 2025 7:15:21 PM java.util.prefs.FileSystemPreferences syncWorld
2025-02-15 19:15:21,847 [ERROR] LogOutputStream:75 - [STDERR_REDIRECT] WARNING: Couldn't flush system prefs: java.util.prefs.BackingStoreException: Couldn't get file lock.
2025-02-15 19:15:21,847 [ERROR] LogOutputStream:75 - [STDERR_REDIRECT] 
2025-02-15 19:15:51,846 [ERROR] LogOutputStream:75 - [STDERR_REDIRECT] Feb 15, 2025 7:15:51 PM java.util.prefs.FileSystemPreferences checkLockFile0ErrorCode
2025-02-15 19:15:51,846 [ERROR] LogOutputStream:75 - [STDERR_REDIRECT] WARNING: Could not lock System prefs. Unix error code 2.
2025-02-15 19:15:51,846 [ERROR] LogOutputStream:75 - [STDERR_REDIRECT] 
2025-02-15 19:15:51,846 [ERROR] LogOutputStream:75 - [STDERR_REDIRECT] Feb 15, 2025 7:15:51 PM java.util.prefs.FileSystemPreferences syncWorld
2025-02-15 19:15:51,846 [ERROR] LogOutputStream:75 - [STDERR_REDIRECT] WARNING: Couldn't flush system prefs: java.util.prefs.BackingStoreException: Couldn't get file lock.
2025-02-15 19:15:51,846 [ERROR] LogOutputStream:75 - [STDERR_REDIRECT] 
2025-02-15 19:16:21,847 [ERROR] LogOutputStream:75 - [STDERR_REDIRECT] Feb 15, 2025 7:16:21 PM java.util.prefs.FileSystemPreferences checkLockFile0ErrorCode
2025-02-15 19:16:21,847 [ERROR] LogOutputStream:75 - [STDERR_REDIRECT] WARNING: Could not lock System prefs. Unix error code 2.
2025-02-15 19:16:21,847 [ERROR] LogOutputStream:75 - [STDERR_REDIRECT] 
2025-02-15 19:16:21,847 [ERROR] LogOutputStream:75 - [STDERR_REDIRECT] Feb 15, 2025 7:16:21 PM java.util.prefs.FileSystemPreferences syncWorld
2025-02-15 19:16:21,847 [ERROR] LogOutputStream:75 - [STDERR_REDIRECT] WARNING: Couldn't flush system prefs: java.util.prefs.BackingStoreException: Couldn't get file lock.
2025-02-15 19:16:21,847 [ERROR] LogOutputStream:75 - [STDERR_REDIRECT] 
2025-02-15 19:16:51,846 [ERROR] LogOutputStream:75 - [STDERR_REDIRECT] Feb 15, 2025 7:16:51 PM java.util.prefs.FileSystemPreferences checkLockFile0ErrorCode
2025-02-15 19:16:51,846 [ERROR] LogOutputStream:75 - [STDERR_REDIRECT] WARNING: Could not lock System prefs. Unix error code 2.
2025-02-15 19:16:51,846 [ERROR] LogOutputStream:75 - [STDERR_REDIRECT] 
2025-02-15 19:16:51,846 [ERROR] LogOutputStream:75 - [STDERR_REDIRECT] Feb 15, 2025 7:16:51 PM java.util.prefs.FileSystemPreferences syncWorld
2025-02-15 19:16:51,846 [ERROR] LogOutputStream:75 - [STDERR_REDIRECT] WARNING: Couldn't flush system prefs: java.util.prefs.BackingStoreException: Couldn't get file lock.
2025-02-15 19:16:51,846 [ERROR] LogOutputStream:75 - [STDERR_REDIRECT] 
2025-02-15 19:17:21,846 [ERROR] LogOutputStream:75 - [STDERR_REDIRECT] Feb 15, 2025 7:17:21 PM java.util.prefs.FileSystemPreferences checkLockFile0ErrorCode
2025-02-15 19:17:21,847 [ERROR] LogOutputStream:75 - [STDERR_REDIRECT] WARNING: Could not lock System prefs. Unix error code 2.
2025-02-15 19:17:21,847 [ERROR] LogOutputStream:75 - [STDERR_REDIRECT] 
2025-02-15 19:17:21,847 [ERROR] LogOutputStream:75 - [STDERR_REDIRECT] Feb 15, 2025 7:17:21 PM java.util.prefs.FileSystemPreferences syncWorld
2025-02-15 19:17:21,847 [ERROR] LogOutputStream:75 - [STDERR_REDIRECT] WARNING: Couldn't flush system prefs: java.util.prefs.BackingStoreException: Couldn't get file lock.
2025-02-15 19:17:21,847 [ERROR] LogOutputStream:75 - [STDERR_REDIRECT] 
2025-02-15 19:17:51,846 [ERROR] LogOutputStream:75 - [STDERR_REDIRECT] Feb 15, 2025 7:17:51 PM java.util.prefs.FileSystemPreferences checkLockFile0ErrorCode
2025-02-15 19:17:51,846 [ERROR] LogOutputStream:75 - [STDERR_REDIRECT] WARNING: Could not lock System prefs. Unix error code 2.
2025-02-15 19:17:51,846 [ERROR] LogOutputStream:75 - [STDERR_REDIRECT] 
2025-02-15 19:17:51,846 [ERROR] LogOutputStream:75 - [STDERR_REDIRECT] Feb 15, 2025 7:17:51 PM java.util.prefs.FileSystemPreferences syncWorld
2025-02-15 19:17:51,846 [ERROR] LogOutputStream:75 - [STDERR_REDIRECT] WARNING: Couldn't flush system prefs: java.util.prefs.BackingStoreException: Couldn't get file lock.
2025-02-15 19:17:51,846 [ERROR] LogOutputStream:75 - [STDERR_REDIRECT] 
2025-02-15 19:18:21,846 [ERROR] LogOutputStream:75 - [STDERR_REDIRECT] Feb 15, 2025 7:18:21 PM java.util.prefs.FileSystemPreferences checkLockFile0ErrorCode
2025-02-15 19:18:21,847 [ERROR] LogOutputStream:75 - [STDERR_REDIRECT] WARNING: Could not lock System prefs. Unix error code 2.
2025-02-15 19:18:21,847 [ERROR] LogOutputStream:75 - [STDERR_REDIRECT] 
2025-02-15 19:18:21,847 [ERROR] LogOutputStream:75 - [STDERR_REDIRECT] Feb 15, 2025 7:18:21 PM java.util.prefs.FileSystemPreferences syncWorld
2025-02-15 19:18:21,847 [ERROR] LogOutputStream:75 - [STDERR_REDIRECT] WARNING: Couldn't flush system prefs: java.util.prefs.BackingStoreException: Couldn't get file lock.
2025-02-15 19:18:21,847 [ERROR] LogOutputStream:75 - [STDERR_REDIRECT] 
2025-02-15 19:18:51,846 [ERROR] LogOutputStream:75 - [STDERR_REDIRECT] Feb 15, 2025 7:18:51 PM java.util.prefs.FileSystemPreferences checkLockFile0ErrorCode
2025-02-15 19:18:51,846 [ERROR] LogOutputStream:75 - [STDERR_REDIRECT] WARNING: Could not lock System prefs. Unix error code 2.
2025-02-15 19:18:51,846 [ERROR] LogOutputStream:75 - [STDERR_REDIRECT] 
2025-02-15 19:18:51,846 [ERROR] LogOutputStream:75 - [STDERR_REDIRECT] Feb 15, 2025 7:18:51 PM java.util.prefs.FileSystemPreferences syncWorld
2025-02-15 19:18:51,846 [ERROR] LogOutputStream:75 - [STDERR_REDIRECT] WARNING: Couldn't flush system prefs: java.util.prefs.BackingStoreException: Couldn't get file lock.
2025-02-15 19:18:51,846 [ERROR] LogOutputStream:75 - [STDERR_REDIRECT] 
2025-02-15 19:19:21,846 [ERROR] LogOutputStream:75 - [STDERR_REDIRECT] Feb 15, 2025 7:19:21 PM java.util.prefs.FileSystemPreferences checkLockFile0ErrorCode
2025-02-15 19:19:21,846 [ERROR] LogOutputStream:75 - [STDERR_REDIRECT] WARNING: Could not lock System prefs. Unix error code 2.
2025-02-15 19:19:21,847 [ERROR] LogOutputStream:75 - [STDERR_REDIRECT] 
2025-02-15 19:19:21,847 [ERROR] LogOutputStream:75 - [STDERR_REDIRECT] Feb 15, 2025 7:19:21 PM java.util.prefs.FileSystemPreferences syncWorld
2025-02-15 19:19:21,847 [ERROR] LogOutputStream:75 - [STDERR_REDIRECT] WARNING: Couldn't flush system prefs: java.util.prefs.BackingStoreException: Couldn't get file lock.
2025-02-15 19:19:21,847 [ERROR] LogOutputStream:75 - [STDERR_REDIRECT] 
2025-02-15 19:19:51,846 [ERROR] LogOutputStream:75 - [STDERR_REDIRECT] Feb 15, 2025 7:19:51 PM java.util.prefs.FileSystemPreferences checkLockFile0ErrorCode
2025-02-15 19:19:51,846 [ERROR] LogOutputStream:75 - [STDERR_REDIRECT] WARNING: Could not lock System prefs. Unix error code 2.
2025-02-15 19:19:51,846 [ERROR] LogOutputStream:75 - [STDERR_REDIRECT] 
2025-02-15 19:19:51,846 [ERROR] LogOutputStream:75 - [STDERR_REDIRECT] Feb 15, 2025 7:19:51 PM java.util.prefs.FileSystemPreferences syncWorld
2025-02-15 19:19:51,846 [ERROR] LogOutputStream:75 - [STDERR_REDIRECT] WARNING: Couldn't flush system prefs: java.util.prefs.BackingStoreException: Couldn't get file lock.
2025-02-15 19:19:51,846 [ERROR] LogOutputStream:75 - [STDERR_REDIRECT] 
2025-02-15 19:20:21,847 [ERROR] LogOutputStream:75 - [STDERR_REDIRECT] Feb 15, 2025 7:20:21 PM java.util.prefs.FileSystemPreferences checkLockFile0ErrorCode
2025-02-15 19:20:21,847 [ERROR] LogOutputStream:75 - [STDERR_REDIRECT] WARNING: Could not lock System prefs. Unix error code 2.
2025-02-15 19:20:21,847 [ERROR] LogOutputStream:75 - [STDERR_REDIRECT] 
2025-02-15 19:20:21,847 [ERROR] LogOutputStream:75 - [STDERR_REDIRECT] Feb 15, 2025 7:20:21 PM java.util.prefs.FileSystemPreferences syncWorld
2025-02-15 19:20:21,847 [ERROR] LogOutputStream:75 - [STDERR_REDIRECT] WARNING: Couldn't flush system prefs: java.util.prefs.BackingStoreException: Couldn't get file lock.
2025-02-15 19:20:21,847 [ERROR] LogOutputStream:75 - [STDERR_REDIRECT] 
2025-02-15 19:20:51,846 [ERROR] LogOutputStream:75 - [STDERR_REDIRECT] Feb 15, 2025 7:20:51 PM java.util.prefs.FileSystemPreferences checkLockFile0ErrorCode
2025-02-15 19:20:51,846 [ERROR] LogOutputStream:75 - [STDERR_REDIRECT] WARNING: Could not lock System prefs. Unix error code 2.
2025-02-15 19:20:51,846 [ERROR] LogOutputStream:75 - [STDERR_REDIRECT] 
2025-02-15 19:20:51,846 [ERROR] LogOutputStream:75 - [STDERR_REDIRECT] Feb 15, 2025 7:20:51 PM java.util.prefs.FileSystemPreferences syncWorld
2025-02-15 19:20:51,846 [ERROR] LogOutputStream:75 - [STDERR_REDIRECT] WARNING: Couldn't flush system prefs: java.util.prefs.BackingStoreException: Couldn't get file lock.
2025-02-15 19:20:51,846 [ERROR] LogOutputStream:75 - [STDERR_REDIRECT] 
2025-02-15 19:21:21,846 [ERROR] LogOutputStream:75 - [STDERR_REDIRECT] Feb 15, 2025 7:21:21 PM java.util.prefs.FileSystemPreferences checkLockFile0ErrorCode
2025-02-15 19:21:21,847 [ERROR] LogOutputStream:75 - [STDERR_REDIRECT] WARNING: Could not lock System prefs. Unix error code 2.
2025-02-15 19:21:21,847 [ERROR] LogOutputStream:75 - [STDERR_REDIRECT] 
2025-02-15 19:21:21,847 [ERROR] LogOutputStream:75 - [STDERR_REDIRECT] Feb 15, 2025 7:21:21 PM java.util.prefs.FileSystemPreferences syncWorld
2025-02-15 19:21:21,847 [ERROR] LogOutputStream:75 - [STDERR_REDIRECT] WARNING: Couldn't flush system prefs: java.util.prefs.BackingStoreException: Couldn't get file lock.
2025-02-15 19:21:21,847 [ERROR] LogOutputStream:75 - [STDERR_REDIRECT] 
2025-02-15 19:21:51,846 [ERROR] LogOutputStream:75 - [STDERR_REDIRECT] Feb 15, 2025 7:21:51 PM java.util.prefs.FileSystemPreferences checkLockFile0ErrorCode
2025-02-15 19:21:51,846 [ERROR] LogOutputStream:75 - [STDERR_REDIRECT] WARNING: Could not lock System prefs. Unix error code 2.
2025-02-15 19:21:51,846 [ERROR] LogOutputStream:75 - [STDERR_REDIRECT] 
2025-02-15 19:21:51,846 [ERROR] LogOutputStream:75 - [STDERR_REDIRECT] Feb 15, 2025 7:21:51 PM java.util.prefs.FileSystemPreferences syncWorld
2025-02-15 19:21:51,846 [ERROR] LogOutputStream:75 - [STDERR_REDIRECT] WARNING: Couldn't flush system prefs: java.util.prefs.BackingStoreException: Couldn't get file lock.
2025-02-15 19:21:51,846 [ERROR] LogOutputStream:75 - [STDERR_REDIRECT] 
2025-02-15 19:22:21,846 [ERROR] LogOutputStream:75 - [STDERR_REDIRECT] Feb 15, 2025 7:22:21 PM java.util.prefs.FileSystemPreferences checkLockFile0ErrorCode
2025-02-15 19:22:21,847 [ERROR] LogOutputStream:75 - [STDERR_REDIRECT] WARNING: Could not lock System prefs. Unix error code 2.
2025-02-15 19:22:21,847 [ERROR] LogOutputStream:75 - [STDERR_REDIRECT] 
2025-02-15 19:22:21,847 [ERROR] LogOutputStream:75 - [STDERR_REDIRECT] Feb 15, 2025 7:22:21 PM java.util.prefs.FileSystemPreferences syncWorld
2025-02-15 19:22:21,847 [ERROR] LogOutputStream:75 - [STDERR_REDIRECT] WARNING: Couldn't flush system prefs: java.util.prefs.BackingStoreException: Couldn't get file lock.
2025-02-15 19:22:21,847 [ERROR] LogOutputStream:75 - [STDERR_REDIRECT] 
2025-02-15 19:22:51,846 [ERROR] LogOutputStream:75 - [STDERR_REDIRECT] Feb 15, 2025 7:22:51 PM java.util.prefs.FileSystemPreferences checkLockFile0ErrorCode
2025-02-15 19:22:51,846 [ERROR] LogOutputStream:75 - [STDERR_REDIRECT] WARNING: Could not lock System prefs. Unix error code 2.
2025-02-15 19:22:51,846 [ERROR] LogOutputStream:75 - [STDERR_REDIRECT] 
2025-02-15 19:22:51,846 [ERROR] LogOutputStream:75 - [STDERR_REDIRECT] Feb 15, 2025 7:22:51 PM java.util.prefs.FileSystemPreferences syncWorld
2025-02-15 19:22:51,846 [ERROR] LogOutputStream:75 - [STDERR_REDIRECT] WARNING: Couldn't flush system prefs: java.util.prefs.BackingStoreException: Couldn't get file lock.
2025-02-15 19:22:51,846 [ERROR] LogOutputStream:75 - [STDERR_REDIRECT] 
2025-02-15 19:23:21,846 [ERROR] LogOutputStream:75 - [STDERR_REDIRECT] Feb 15, 2025 7:23:21 PM java.util.prefs.FileSystemPreferences checkLockFile0ErrorCode
2025-02-15 19:23:21,846 [ERROR] LogOutputStream:75 - [STDERR_REDIRECT] WARNING: Could not lock System prefs. Unix error code 2.
2025-02-15 19:23:21,847 [ERROR] LogOutputStream:75 - [STDERR_REDIRECT] 
2025-02-15 19:23:21,847 [ERROR] LogOutputStream:75 - [STDERR_REDIRECT] Feb 15, 2025 7:23:21 PM java.util.prefs.FileSystemPreferences syncWorld
2025-02-15 19:23:21,847 [ERROR] LogOutputStream:75 - [STDERR_REDIRECT] WARNING: Couldn't flush system prefs: java.util.prefs.BackingStoreException: Couldn't get file lock.
2025-02-15 19:23:21,847 [ERROR] LogOutputStream:75 - [STDERR_REDIRECT] 
2025-02-15 19:23:51,846 [ERROR] LogOutputStream:75 - [STDERR_REDIRECT] Feb 15, 2025 7:23:51 PM java.util.prefs.FileSystemPreferences checkLockFile0ErrorCode
2025-02-15 19:23:51,846 [ERROR] LogOutputStream:75 - [STDERR_REDIRECT] WARNING: Could not lock System prefs. Unix error code 2.
2025-02-15 19:23:51,846 [ERROR] LogOutputStream:75 - [STDERR_REDIRECT] 
2025-02-15 19:23:51,846 [ERROR] LogOutputStream:75 - [STDERR_REDIRECT] Feb 15, 2025 7:23:51 PM java.util.prefs.FileSystemPreferences syncWorld
2025-02-15 19:23:51,846 [ERROR] LogOutputStream:75 - [STDERR_REDIRECT] WARNING: Couldn't flush system prefs: java.util.prefs.BackingStoreException: Couldn't get file lock.
2025-02-15 19:23:51,846 [ERROR] LogOutputStream:75 - [STDERR_REDIRECT] 
2025-02-15 19:24:21,846 [ERROR] LogOutputStream:75 - [STDERR_REDIRECT] Feb 15, 2025 7:24:21 PM java.util.prefs.FileSystemPreferences checkLockFile0ErrorCode
2025-02-15 19:24:21,846 [ERROR] LogOutputStream:75 - [STDERR_REDIRECT] WARNING: Could not lock System prefs. Unix error code 2.
2025-02-15 19:24:21,846 [ERROR] LogOutputStream:75 - [STDERR_REDIRECT] 
2025-02-15 19:24:21,846 [ERROR] LogOutputStream:75 - [STDERR_REDIRECT] Feb 15, 2025 7:24:21 PM java.util.prefs.FileSystemPreferences syncWorld
2025-02-15 19:24:21,846 [ERROR] LogOutputStream:75 - [STDERR_REDIRECT] WARNING: Couldn't flush system prefs: java.util.prefs.BackingStoreException: Couldn't get file lock.
2025-02-15 19:24:21,846 [ERROR] LogOutputStream:75 - [STDERR_REDIRECT] 
2025-02-15 19:24:51,847 [ERROR] LogOutputStream:75 - [STDERR_REDIRECT] Feb 15, 2025 7:24:51 PM java.util.prefs.FileSystemPreferences checkLockFile0ErrorCode
2025-02-15 19:24:51,847 [ERROR] LogOutputStream:75 - [STDERR_REDIRECT] WARNING: Could not lock System prefs. Unix error code 2.
2025-02-15 19:24:51,847 [ERROR] LogOutputStream:75 - [STDERR_REDIRECT] 
2025-02-15 19:24:51,847 [ERROR] LogOutputStream:75 - [STDERR_REDIRECT] Feb 15, 2025 7:24:51 PM java.util.prefs.FileSystemPreferences syncWorld
2025-02-15 19:24:51,847 [ERROR] LogOutputStream:75 - [STDERR_REDIRECT] WARNING: Couldn't flush system prefs: java.util.prefs.BackingStoreException: Couldn't get file lock.
2025-02-15 19:24:51,847 [ERROR] LogOutputStream:75 - [STDERR_REDIRECT] 
2025-02-15 19:25:21,847 [ERROR] LogOutputStream:75 - [STDERR_REDIRECT] Feb 15, 2025 7:25:21 PM java.util.prefs.FileSystemPreferences checkLockFile0ErrorCode
2025-02-15 19:25:21,847 [ERROR] LogOutputStream:75 - [STDERR_REDIRECT] WARNING: Could not lock System prefs. Unix error code 2.
2025-02-15 19:25:21,847 [ERROR] LogOutputStream:75 - [STDERR_REDIRECT] 
2025-02-15 19:25:21,847 [ERROR] LogOutputStream:75 - [STDERR_REDIRECT] Feb 15, 2025 7:25:21 PM java.util.prefs.FileSystemPreferences syncWorld
2025-02-15 19:25:21,847 [ERROR] LogOutputStream:75 - [STDERR_REDIRECT] WARNING: Couldn't flush system prefs: java.util.prefs.BackingStoreException: Couldn't get file lock.
2025-02-15 19:25:21,847 [ERROR] LogOutputStream:75 - [STDERR_REDIRECT] 
2025-02-15 19:25:51,847 [ERROR] LogOutputStream:75 - [STDERR_REDIRECT] Feb 15, 2025 7:25:51 PM java.util.prefs.FileSystemPreferences checkLockFile0ErrorCode
2025-02-15 19:25:51,848 [ERROR] LogOutputStream:75 - [STDERR_REDIRECT] WARNING: Could not lock System prefs. Unix error code 2.
2025-02-15 19:25:51,848 [ERROR] LogOutputStream:75 - [STDERR_REDIRECT] 
2025-02-15 19:25:51,848 [ERROR] LogOutputStream:75 - [STDERR_REDIRECT] Feb 15, 2025 7:25:51 PM java.util.prefs.FileSystemPreferences syncWorld
2025-02-15 19:25:51,848 [ERROR] LogOutputStream:75 - [STDERR_REDIRECT] WARNING: Couldn't flush system prefs: java.util.prefs.BackingStoreException: Couldn't get file lock.
2025-02-15 19:25:51,848 [ERROR] LogOutputStream:75 - [STDERR_REDIRECT] 
2025-02-15 19:26:21,847 [ERROR] LogOutputStream:75 - [STDERR_REDIRECT] Feb 15, 2025 7:26:21 PM java.util.prefs.FileSystemPreferences checkLockFile0ErrorCode
2025-02-15 19:26:21,847 [ERROR] LogOutputStream:75 - [STDERR_REDIRECT] WARNING: Could not lock System prefs. Unix error code 2.
2025-02-15 19:26:21,847 [ERROR] LogOutputStream:75 - [STDERR_REDIRECT] 
2025-02-15 19:26:21,848 [ERROR] LogOutputStream:75 - [STDERR_REDIRECT] Feb 15, 2025 7:26:21 PM java.util.prefs.FileSystemPreferences syncWorld
2025-02-15 19:26:21,848 [ERROR] LogOutputStream:75 - [STDERR_REDIRECT] WARNING: Couldn't flush system prefs: java.util.prefs.BackingStoreException: Couldn't get file lock.
2025-02-15 19:26:21,848 [ERROR] LogOutputStream:75 - [STDERR_REDIRECT] 
2025-02-15 19:26:51,847 [ERROR] LogOutputStream:75 - [STDERR_REDIRECT] Feb 15, 2025 7:26:51 PM java.util.prefs.FileSystemPreferences checkLockFile0ErrorCode
2025-02-15 19:26:51,847 [ERROR] LogOutputStream:75 - [STDERR_REDIRECT] WARNING: Could not lock System prefs. Unix error code 2.
2025-02-15 19:26:51,847 [ERROR] LogOutputStream:75 - [STDERR_REDIRECT] 
2025-02-15 19:26:51,847 [ERROR] LogOutputStream:75 - [STDERR_REDIRECT] Feb 15, 2025 7:26:51 PM java.util.prefs.FileSystemPreferences syncWorld
2025-02-15 19:26:51,847 [ERROR] LogOutputStream:75 - [STDERR_REDIRECT] WARNING: Couldn't flush system prefs: java.util.prefs.BackingStoreException: Couldn't get file lock.
2025-02-15 19:26:51,847 [ERROR] LogOutputStream:75 - [STDERR_REDIRECT] 
2025-02-15 19:27:21,847 [ERROR] LogOutputStream:75 - [STDERR_REDIRECT] Feb 15, 2025 7:27:21 PM java.util.prefs.FileSystemPreferences checkLockFile0ErrorCode
2025-02-15 19:27:21,847 [ERROR] LogOutputStream:75 - [STDERR_REDIRECT] WARNING: Could not lock System prefs. Unix error code 2.
2025-02-15 19:27:21,847 [ERROR] LogOutputStream:75 - [STDERR_REDIRECT] 
2025-02-15 19:27:21,848 [ERROR] LogOutputStream:75 - [STDERR_REDIRECT] Feb 15, 2025 7:27:21 PM java.util.prefs.FileSystemPreferences syncWorld
2025-02-15 19:27:21,848 [ERROR] LogOutputStream:75 - [STDERR_REDIRECT] WARNING: Couldn't flush system prefs: java.util.prefs.BackingStoreException: Couldn't get file lock.
2025-02-15 19:27:21,848 [ERROR] LogOutputStream:75 - [STDERR_REDIRECT] 
2025-02-15 19:27:51,847 [ERROR] LogOutputStream:75 - [STDERR_REDIRECT] Feb 15, 2025 7:27:51 PM java.util.prefs.FileSystemPreferences checkLockFile0ErrorCode
2025-02-15 19:27:51,847 [ERROR] LogOutputStream:75 - [STDERR_REDIRECT] WARNING: Could not lock System prefs. Unix error code 2.
2025-02-15 19:27:51,847 [ERROR] LogOutputStream:75 - [STDERR_REDIRECT] 
2025-02-15 19:27:51,847 [ERROR] LogOutputStream:75 - [STDERR_REDIRECT] Feb 15, 2025 7:27:51 PM java.util.prefs.FileSystemPreferences syncWorld
2025-02-15 19:27:51,847 [ERROR] LogOutputStream:75 - [STDERR_REDIRECT] WARNING: Couldn't flush system prefs: java.util.prefs.BackingStoreException: Couldn't get file lock.
2025-02-15 19:27:51,847 [ERROR] LogOutputStream:75 - [STDERR_REDIRECT] 
2025-02-15 19:28:21,847 [ERROR] LogOutputStream:75 - [STDERR_REDIRECT] Feb 15, 2025 7:28:21 PM java.util.prefs.FileSystemPreferences checkLockFile0ErrorCode
2025-02-15 19:28:21,847 [ERROR] LogOutputStream:75 - [STDERR_REDIRECT] WARNING: Could not lock System prefs. Unix error code 2.
2025-02-15 19:28:21,847 [ERROR] LogOutputStream:75 - [STDERR_REDIRECT] 
2025-02-15 19:28:21,848 [ERROR] LogOutputStream:75 - [STDERR_REDIRECT] Feb 15, 2025 7:28:21 PM java.util.prefs.FileSystemPreferences syncWorld
2025-02-15 19:28:21,848 [ERROR] LogOutputStream:75 - [STDERR_REDIRECT] WARNING: Couldn't flush system prefs: java.util.prefs.BackingStoreException: Couldn't get file lock.
2025-02-15 19:28:21,848 [ERROR] LogOutputStream:75 - [STDERR_REDIRECT] 
2025-02-15 19:28:51,847 [ERROR] LogOutputStream:75 - [STDERR_REDIRECT] Feb 15, 2025 7:28:51 PM java.util.prefs.FileSystemPreferences checkLockFile0ErrorCode
2025-02-15 19:28:51,847 [ERROR] LogOutputStream:75 - [STDERR_REDIRECT] WARNING: Could not lock System prefs. Unix error code 2.
2025-02-15 19:28:51,847 [ERROR] LogOutputStream:75 - [STDERR_REDIRECT] 
2025-02-15 19:28:51,847 [ERROR] LogOutputStream:75 - [STDERR_REDIRECT] Feb 15, 2025 7:28:51 PM java.util.prefs.FileSystemPreferences syncWorld
2025-02-15 19:28:51,847 [ERROR] LogOutputStream:75 - [STDERR_REDIRECT] WARNING: Couldn't flush system prefs: java.util.prefs.BackingStoreException: Couldn't get file lock.
2025-02-15 19:28:51,847 [ERROR] LogOutputStream:75 - [STDERR_REDIRECT] 
2025-02-15 19:29:21,847 [ERROR] LogOutputStream:75 - [STDERR_REDIRECT] Feb 15, 2025 7:29:21 PM java.util.prefs.FileSystemPreferences checkLockFile0ErrorCode
2025-02-15 19:29:21,847 [ERROR] LogOutputStream:75 - [STDERR_REDIRECT] WARNING: Could not lock System prefs. Unix error code 2.
2025-02-15 19:29:21,847 [ERROR] LogOutputStream:75 - [STDERR_REDIRECT] 
2025-02-15 19:29:21,848 [ERROR] LogOutputStream:75 - [STDERR_REDIRECT] Feb 15, 2025 7:29:21 PM java.util.prefs.FileSystemPreferences syncWorld
2025-02-15 19:29:21,848 [ERROR] LogOutputStream:75 - [STDERR_REDIRECT] WARNING: Couldn't flush system prefs: java.util.prefs.BackingStoreException: Couldn't get file lock.
2025-02-15 19:29:21,848 [ERROR] LogOutputStream:75 - [STDERR_REDIRECT] 
2025-02-15 19:29:51,847 [ERROR] LogOutputStream:75 - [STDERR_REDIRECT] Feb 15, 2025 7:29:51 PM java.util.prefs.FileSystemPreferences checkLockFile0ErrorCode
2025-02-15 19:29:51,847 [ERROR] LogOutputStream:75 - [STDERR_REDIRECT] WARNING: Could not lock System prefs. Unix error code 2.
2025-02-15 19:29:51,847 [ERROR] LogOutputStream:75 - [STDERR_REDIRECT] 
2025-02-15 19:29:51,847 [ERROR] LogOutputStream:75 - [STDERR_REDIRECT] Feb 15, 2025 7:29:51 PM java.util.prefs.FileSystemPreferences syncWorld
2025-02-15 19:29:51,847 [ERROR] LogOutputStream:75 - [STDERR_REDIRECT] WARNING: Couldn't flush system prefs: java.util.prefs.BackingStoreException: Couldn't get file lock.
2025-02-15 19:29:51,847 [ERROR] LogOutputStream:75 - [STDERR_REDIRECT] 
2025-02-15 19:30:21,847 [ERROR] LogOutputStream:75 - [STDERR_REDIRECT] Feb 15, 2025 7:30:21 PM java.util.prefs.FileSystemPreferences checkLockFile0ErrorCode
2025-02-15 19:30:21,847 [ERROR] LogOutputStream:75 - [STDERR_REDIRECT] WARNING: Could not lock System prefs. Unix error code 2.
2025-02-15 19:30:21,848 [ERROR] LogOutputStream:75 - [STDERR_REDIRECT] 
2025-02-15 19:30:21,848 [ERROR] LogOutputStream:75 - [STDERR_REDIRECT] Feb 15, 2025 7:30:21 PM java.util.prefs.FileSystemPreferences syncWorld
2025-02-15 19:30:21,848 [ERROR] LogOutputStream:75 - [STDERR_REDIRECT] WARNING: Couldn't flush system prefs: java.util.prefs.BackingStoreException: Couldn't get file lock.
2025-02-15 19:30:21,848 [ERROR] LogOutputStream:75 - [STDERR_REDIRECT] 
2025-02-15 19:30:51,847 [ERROR] LogOutputStream:75 - [STDERR_REDIRECT] Feb 15, 2025 7:30:51 PM java.util.prefs.FileSystemPreferences checkLockFile0ErrorCode
2025-02-15 19:30:51,847 [ERROR] LogOutputStream:75 - [STDERR_REDIRECT] WARNING: Could not lock System prefs. Unix error code 2.
2025-02-15 19:30:51,847 [ERROR] LogOutputStream:75 - [STDERR_REDIRECT] 
2025-02-15 19:30:51,847 [ERROR] LogOutputStream:75 - [STDERR_REDIRECT] Feb 15, 2025 7:30:51 PM java.util.prefs.FileSystemPreferences syncWorld
2025-02-15 19:30:51,847 [ERROR] LogOutputStream:75 - [STDERR_REDIRECT] WARNING: Couldn't flush system prefs: java.util.prefs.BackingStoreException: Couldn't get file lock.
2025-02-15 19:30:51,847 [ERROR] LogOutputStream:75 - [STDERR_REDIRECT] 
2025-02-15 19:31:21,848 [ERROR] LogOutputStream:75 - [STDERR_REDIRECT] Feb 15, 2025 7:31:21 PM java.util.prefs.FileSystemPreferences checkLockFile0ErrorCode
2025-02-15 19:31:21,848 [ERROR] LogOutputStream:75 - [STDERR_REDIRECT] WARNING: Could not lock System prefs. Unix error code 2.
2025-02-15 19:31:21,848 [ERROR] LogOutputStream:75 - [STDERR_REDIRECT] 
2025-02-15 19:31:21,848 [ERROR] LogOutputStream:75 - [STDERR_REDIRECT] Feb 15, 2025 7:31:21 PM java.util.prefs.FileSystemPreferences syncWorld
2025-02-15 19:31:21,848 [ERROR] LogOutputStream:75 - [STDERR_REDIRECT] WARNING: Couldn't flush system prefs: java.util.prefs.BackingStoreException: Couldn't get file lock.
2025-02-15 19:31:21,848 [ERROR] LogOutputStream:75 - [STDERR_REDIRECT] 
2025-02-15 19:31:51,848 [ERROR] LogOutputStream:75 - [STDERR_REDIRECT] Feb 15, 2025 7:31:51 PM java.util.prefs.FileSystemPreferences checkLockFile0ErrorCode
2025-02-15 19:31:51,848 [ERROR] LogOutputStream:75 - [STDERR_REDIRECT] WARNING: Could not lock System prefs. Unix error code 2.
2025-02-15 19:31:51,848 [ERROR] LogOutputStream:75 - [STDERR_REDIRECT] 
2025-02-15 19:31:51,849 [ERROR] LogOutputStream:75 - [STDERR_REDIRECT] Feb 15, 2025 7:31:51 PM java.util.prefs.FileSystemPreferences syncWorld
2025-02-15 19:31:51,849 [ERROR] LogOutputStream:75 - [STDERR_REDIRECT] WARNING: Couldn't flush system prefs: java.util.prefs.BackingStoreException: Couldn't get file lock.
2025-02-15 19:31:51,849 [ERROR] LogOutputStream:75 - [STDERR_REDIRECT] 
2025-02-15 19:32:21,848 [ERROR] LogOutputStream:75 - [STDERR_REDIRECT] Feb 15, 2025 7:32:21 PM java.util.prefs.FileSystemPreferences checkLockFile0ErrorCode
2025-02-15 19:32:21,848 [ERROR] LogOutputStream:75 - [STDERR_REDIRECT] WARNING: Could not lock System prefs. Unix error code 2.
2025-02-15 19:32:21,848 [ERROR] LogOutputStream:75 - [STDERR_REDIRECT] 
2025-02-15 19:32:21,848 [ERROR] LogOutputStream:75 - [STDERR_REDIRECT] Feb 15, 2025 7:32:21 PM java.util.prefs.FileSystemPreferences syncWorld
2025-02-15 19:32:21,848 [ERROR] LogOutputStream:75 - [STDERR_REDIRECT] WARNING: Couldn't flush system prefs: java.util.prefs.BackingStoreException: Couldn't get file lock.
2025-02-15 19:32:21,848 [ERROR] LogOutputStream:75 - [STDERR_REDIRECT] 
2025-02-15 19:32:51,848 [ERROR] LogOutputStream:75 - [STDERR_REDIRECT] Feb 15, 2025 7:32:51 PM java.util.prefs.FileSystemPreferences checkLockFile0ErrorCode
2025-02-15 19:32:51,848 [ERROR] LogOutputStream:75 - [STDERR_REDIRECT] WARNING: Could not lock System prefs. Unix error code 2.
2025-02-15 19:32:51,848 [ERROR] LogOutputStream:75 - [STDERR_REDIRECT] 
2025-02-15 19:32:51,849 [ERROR] LogOutputStream:75 - [STDERR_REDIRECT] Feb 15, 2025 7:32:51 PM java.util.prefs.FileSystemPreferences syncWorld
2025-02-15 19:32:51,849 [ERROR] LogOutputStream:75 - [STDERR_REDIRECT] WARNING: Couldn't flush system prefs: java.util.prefs.BackingStoreException: Couldn't get file lock.
2025-02-15 19:32:51,849 [ERROR] LogOutputStream:75 - [STDERR_REDIRECT] 
2025-02-15 19:33:21,848 [ERROR] LogOutputStream:75 - [STDERR_REDIRECT] Feb 15, 2025 7:33:21 PM java.util.prefs.FileSystemPreferences checkLockFile0ErrorCode
2025-02-15 19:33:21,848 [ERROR] LogOutputStream:75 - [STDERR_REDIRECT] WARNING: Could not lock System prefs. Unix error code 2.
2025-02-15 19:33:21,848 [ERROR] LogOutputStream:75 - [STDERR_REDIRECT] 
2025-02-15 19:33:21,848 [ERROR] LogOutputStream:75 - [STDERR_REDIRECT] Feb 15, 2025 7:33:21 PM java.util.prefs.FileSystemPreferences syncWorld
2025-02-15 19:33:21,848 [ERROR] LogOutputStream:75 - [STDERR_REDIRECT] WARNING: Couldn't flush system prefs: java.util.prefs.BackingStoreException: Couldn't get file lock.
2025-02-15 19:33:21,848 [ERROR] LogOutputStream:75 - [STDERR_REDIRECT] 
2025-02-15 19:33:51,848 [ERROR] LogOutputStream:75 - [STDERR_REDIRECT] Feb 15, 2025 7:33:51 PM java.util.prefs.FileSystemPreferences checkLockFile0ErrorCode
2025-02-15 19:33:51,848 [ERROR] LogOutputStream:75 - [STDERR_REDIRECT] WARNING: Could not lock System prefs. Unix error code 2.
2025-02-15 19:33:51,848 [ERROR] LogOutputStream:75 - [STDERR_REDIRECT] 
2025-02-15 19:33:51,848 [ERROR] LogOutputStream:75 - [STDERR_REDIRECT] Feb 15, 2025 7:33:51 PM java.util.prefs.FileSystemPreferences syncWorld
2025-02-15 19:33:51,848 [ERROR] LogOutputStream:75 - [STDERR_REDIRECT] WARNING: Couldn't flush system prefs: java.util.prefs.BackingStoreException: Couldn't get file lock.
2025-02-15 19:33:51,849 [ERROR] LogOutputStream:75 - [STDERR_REDIRECT] 
2025-02-15 19:34:21,848 [ERROR] LogOutputStream:75 - [STDERR_REDIRECT] Feb 15, 2025 7:34:21 PM java.util.prefs.FileSystemPreferences checkLockFile0ErrorCode
2025-02-15 19:34:21,848 [ERROR] LogOutputStream:75 - [STDERR_REDIRECT] WARNING: Could not lock System prefs. Unix error code 2.
2025-02-15 19:34:21,848 [ERROR] LogOutputStream:75 - [STDERR_REDIRECT] 
2025-02-15 19:34:21,848 [ERROR] LogOutputStream:75 - [STDERR_REDIRECT] Feb 15, 2025 7:34:21 PM java.util.prefs.FileSystemPreferences syncWorld
2025-02-15 19:34:21,848 [ERROR] LogOutputStream:75 - [STDERR_REDIRECT] WARNING: Couldn't flush system prefs: java.util.prefs.BackingStoreException: Couldn't get file lock.
2025-02-15 19:34:21,848 [ERROR] LogOutputStream:75 - [STDERR_REDIRECT] 
2025-02-15 19:34:51,848 [ERROR] LogOutputStream:75 - [STDERR_REDIRECT] Feb 15, 2025 7:34:51 PM java.util.prefs.FileSystemPreferences checkLockFile0ErrorCode
2025-02-15 19:34:51,848 [ERROR] LogOutputStream:75 - [STDERR_REDIRECT] WARNING: Could not lock System prefs. Unix error code 2.
2025-02-15 19:34:51,848 [ERROR] LogOutputStream:75 - [STDERR_REDIRECT] 
2025-02-15 19:34:51,849 [ERROR] LogOutputStream:75 - [STDERR_REDIRECT] Feb 15, 2025 7:34:51 PM java.util.prefs.FileSystemPreferences syncWorld
2025-02-15 19:34:51,849 [ERROR] LogOutputStream:75 - [STDERR_REDIRECT] WARNING: Couldn't flush system prefs: java.util.prefs.BackingStoreException: Couldn't get file lock.
2025-02-15 19:34:51,849 [ERROR] LogOutputStream:75 - [STDERR_REDIRECT] 
2025-02-15 19:35:21,848 [ERROR] LogOutputStream:75 - [STDERR_REDIRECT] Feb 15, 2025 7:35:21 PM java.util.prefs.FileSystemPreferences checkLockFile0ErrorCode
2025-02-15 19:35:21,848 [ERROR] LogOutputStream:75 - [STDERR_REDIRECT] WARNING: Could not lock System prefs. Unix error code 2.
2025-02-15 19:35:21,848 [ERROR] LogOutputStream:75 - [STDERR_REDIRECT] 
2025-02-15 19:35:21,848 [ERROR] LogOutputStream:75 - [STDERR_REDIRECT] Feb 15, 2025 7:35:21 PM java.util.prefs.FileSystemPreferences syncWorld
2025-02-15 19:35:21,848 [ERROR] LogOutputStream:75 - [STDERR_REDIRECT] WARNING: Couldn't flush system prefs: java.util.prefs.BackingStoreException: Couldn't get file lock.
2025-02-15 19:35:21,848 [ERROR] LogOutputStream:75 - [STDERR_REDIRECT] 
2025-02-15 19:35:51,848 [ERROR] LogOutputStream:75 - [STDERR_REDIRECT] Feb 15, 2025 7:35:51 PM java.util.prefs.FileSystemPreferences checkLockFile0ErrorCode
2025-02-15 19:35:51,848 [ERROR] LogOutputStream:75 - [STDERR_REDIRECT] WARNING: Could not lock System prefs. Unix error code 2.
2025-02-15 19:35:51,848 [ERROR] LogOutputStream:75 - [STDERR_REDIRECT] 
2025-02-15 19:35:51,848 [ERROR] LogOutputStream:75 - [STDERR_REDIRECT] Feb 15, 2025 7:35:51 PM java.util.prefs.FileSystemPreferences syncWorld
2025-02-15 19:35:51,848 [ERROR] LogOutputStream:75 - [STDERR_REDIRECT] WARNING: Couldn't flush system prefs: java.util.prefs.BackingStoreException: Couldn't get file lock.
2025-02-15 19:35:51,848 [ERROR] LogOutputStream:75 - [STDERR_REDIRECT] 
2025-02-15 19:36:21,848 [ERROR] LogOutputStream:75 - [STDERR_REDIRECT] Feb 15, 2025 7:36:21 PM java.util.prefs.FileSystemPreferences checkLockFile0ErrorCode
2025-02-15 19:36:21,848 [ERROR] LogOutputStream:75 - [STDERR_REDIRECT] WARNING: Could not lock System prefs. Unix error code 2.
2025-02-15 19:36:21,849 [ERROR] LogOutputStream:75 - [STDERR_REDIRECT] 
2025-02-15 19:36:21,849 [ERROR] LogOutputStream:75 - [STDERR_REDIRECT] Feb 15, 2025 7:36:21 PM java.util.prefs.FileSystemPreferences syncWorld
2025-02-15 19:36:21,849 [ERROR] LogOutputStream:75 - [STDERR_REDIRECT] WARNING: Couldn't flush system prefs: java.util.prefs.BackingStoreException: Couldn't get file lock.
2025-02-15 19:36:21,849 [ERROR] LogOutputStream:75 - [STDERR_REDIRECT] 
2025-02-15 19:36:51,849 [ERROR] LogOutputStream:75 - [STDERR_REDIRECT] Feb 15, 2025 7:36:51 PM java.util.prefs.FileSystemPreferences checkLockFile0ErrorCode
2025-02-15 19:36:51,849 [ERROR] LogOutputStream:75 - [STDERR_REDIRECT] WARNING: Could not lock System prefs. Unix error code 2.
2025-02-15 19:36:51,849 [ERROR] LogOutputStream:75 - [STDERR_REDIRECT] 
2025-02-15 19:36:51,849 [ERROR] LogOutputStream:75 - [STDERR_REDIRECT] Feb 15, 2025 7:36:51 PM java.util.prefs.FileSystemPreferences syncWorld
2025-02-15 19:36:51,849 [ERROR] LogOutputStream:75 - [STDERR_REDIRECT] WARNING: Couldn't flush system prefs: java.util.prefs.BackingStoreException: Couldn't get file lock.
2025-02-15 19:36:51,849 [ERROR] LogOutputStream:75 - [STDERR_REDIRECT] 
2025-02-15 19:37:21,850 [ERROR] LogOutputStream:75 - [STDERR_REDIRECT] Feb 15, 2025 7:37:21 PM java.util.prefs.FileSystemPreferences checkLockFile0ErrorCode
2025-02-15 19:37:21,850 [ERROR] LogOutputStream:75 - [STDERR_REDIRECT] WARNING: Could not lock System prefs. Unix error code 2.
2025-02-15 19:37:21,850 [ERROR] LogOutputStream:75 - [STDERR_REDIRECT] 
2025-02-15 19:37:21,850 [ERROR] LogOutputStream:75 - [STDERR_REDIRECT] Feb 15, 2025 7:37:21 PM java.util.prefs.FileSystemPreferences syncWorld
2025-02-15 19:37:21,850 [ERROR] LogOutputStream:75 - [STDERR_REDIRECT] WARNING: Couldn't flush system prefs: java.util.prefs.BackingStoreException: Couldn't get file lock.
2025-02-15 19:37:21,850 [ERROR] LogOutputStream:75 - [STDERR_REDIRECT] 
2025-02-15 19:37:51,849 [ERROR] LogOutputStream:75 - [STDERR_REDIRECT] Feb 15, 2025 7:37:51 PM java.util.prefs.FileSystemPreferences checkLockFile0ErrorCode
2025-02-15 19:37:51,849 [ERROR] LogOutputStream:75 - [STDERR_REDIRECT] WARNING: Could not lock System prefs. Unix error code 2.
2025-02-15 19:37:51,849 [ERROR] LogOutputStream:75 - [STDERR_REDIRECT] 
2025-02-15 19:37:51,849 [ERROR] LogOutputStream:75 - [STDERR_REDIRECT] Feb 15, 2025 7:37:51 PM java.util.prefs.FileSystemPreferences syncWorld
2025-02-15 19:37:51,849 [ERROR] LogOutputStream:75 - [STDERR_REDIRECT] WARNING: Couldn't flush system prefs: java.util.prefs.BackingStoreException: Couldn't get file lock.
2025-02-15 19:37:51,849 [ERROR] LogOutputStream:75 - [STDERR_REDIRECT] 
2025-02-15 19:38:21,850 [ERROR] LogOutputStream:75 - [STDERR_REDIRECT] Feb 15, 2025 7:38:21 PM java.util.prefs.FileSystemPreferences checkLockFile0ErrorCode
2025-02-15 19:38:21,850 [ERROR] LogOutputStream:75 - [STDERR_REDIRECT] WARNING: Could not lock System prefs. Unix error code 2.
2025-02-15 19:38:21,850 [ERROR] LogOutputStream:75 - [STDERR_REDIRECT] 
2025-02-15 19:38:21,850 [ERROR] LogOutputStream:75 - [STDERR_REDIRECT] Feb 15, 2025 7:38:21 PM java.util.prefs.FileSystemPreferences syncWorld
2025-02-15 19:38:21,850 [ERROR] LogOutputStream:75 - [STDERR_REDIRECT] WARNING: Couldn't flush system prefs: java.util.prefs.BackingStoreException: Couldn't get file lock.
2025-02-15 19:38:21,850 [ERROR] LogOutputStream:75 - [STDERR_REDIRECT] 
2025-02-15 19:38:51,850 [ERROR] LogOutputStream:75 - [STDERR_REDIRECT] Feb 15, 2025 7:38:51 PM java.util.prefs.FileSystemPreferences checkLockFile0ErrorCode
2025-02-15 19:38:51,850 [ERROR] LogOutputStream:75 - [STDERR_REDIRECT] WARNING: Could not lock System prefs. Unix error code 2.
2025-02-15 19:38:51,850 [ERROR] LogOutputStream:75 - [STDERR_REDIRECT] 
2025-02-15 19:38:51,850 [ERROR] LogOutputStream:75 - [STDERR_REDIRECT] Feb 15, 2025 7:38:51 PM java.util.prefs.FileSystemPreferences syncWorld
2025-02-15 19:38:51,850 [ERROR] LogOutputStream:75 - [STDERR_REDIRECT] WARNING: Couldn't flush system prefs: java.util.prefs.BackingStoreException: Couldn't get file lock.
2025-02-15 19:38:51,850 [ERROR] LogOutputStream:75 - [STDERR_REDIRECT] 
2025-02-15 19:39:21,851 [ERROR] LogOutputStream:75 - [STDERR_REDIRECT] Feb 15, 2025 7:39:21 PM java.util.prefs.FileSystemPreferences checkLockFile0ErrorCode
2025-02-15 19:39:21,851 [ERROR] LogOutputStream:75 - [STDERR_REDIRECT] WARNING: Could not lock System prefs. Unix error code 2.
2025-02-15 19:39:21,851 [ERROR] LogOutputStream:75 - [STDERR_REDIRECT] 
2025-02-15 19:39:21,851 [ERROR] LogOutputStream:75 - [STDERR_REDIRECT] Feb 15, 2025 7:39:21 PM java.util.prefs.FileSystemPreferences syncWorld
2025-02-15 19:39:21,851 [ERROR] LogOutputStream:75 - [STDERR_REDIRECT] WARNING: Couldn't flush system prefs: java.util.prefs.BackingStoreException: Couldn't get file lock.
2025-02-15 19:39:21,851 [ERROR] LogOutputStream:75 - [STDERR_REDIRECT] 
2025-02-15 19:39:51,851 [ERROR] LogOutputStream:75 - [STDERR_REDIRECT] Feb 15, 2025 7:39:51 PM java.util.prefs.FileSystemPreferences checkLockFile0ErrorCode
2025-02-15 19:39:51,851 [ERROR] LogOutputStream:75 - [STDERR_REDIRECT] WARNING: Could not lock System prefs. Unix error code 2.
2025-02-15 19:39:51,851 [ERROR] LogOutputStream:75 - [STDERR_REDIRECT] 
2025-02-15 19:39:51,851 [ERROR] LogOutputStream:75 - [STDERR_REDIRECT] Feb 15, 2025 7:39:51 PM java.util.prefs.FileSystemPreferences syncWorld
2025-02-15 19:39:51,851 [ERROR] LogOutputStream:75 - [STDERR_REDIRECT] WARNING: Couldn't flush system prefs: java.util.prefs.BackingStoreException: Couldn't get file lock.
2025-02-15 19:39:51,851 [ERROR] LogOutputStream:75 - [STDERR_REDIRECT] 
2025-02-15 19:40:21,851 [ERROR] LogOutputStream:75 - [STDERR_REDIRECT] Feb 15, 2025 7:40:21 PM java.util.prefs.FileSystemPreferences checkLockFile0ErrorCode
2025-02-15 19:40:21,852 [ERROR] LogOutputStream:75 - [STDERR_REDIRECT] WARNING: Could not lock System prefs. Unix error code 2.
2025-02-15 19:40:21,852 [ERROR] LogOutputStream:75 - [STDERR_REDIRECT] 
2025-02-15 19:40:21,852 [ERROR] LogOutputStream:75 - [STDERR_REDIRECT] Feb 15, 2025 7:40:21 PM java.util.prefs.FileSystemPreferences syncWorld
2025-02-15 19:40:21,852 [ERROR] LogOutputStream:75 - [STDERR_REDIRECT] WARNING: Couldn't flush system prefs: java.util.prefs.BackingStoreException: Couldn't get file lock.
2025-02-15 19:40:21,852 [ERROR] LogOutputStream:75 - [STDERR_REDIRECT] 
2025-02-15 19:40:51,851 [ERROR] LogOutputStream:75 - [STDERR_REDIRECT] Feb 15, 2025 7:40:51 PM java.util.prefs.FileSystemPreferences checkLockFile0ErrorCode
2025-02-15 19:40:51,851 [ERROR] LogOutputStream:75 - [STDERR_REDIRECT] WARNING: Could not lock System prefs. Unix error code 2.
2025-02-15 19:40:51,851 [ERROR] LogOutputStream:75 - [STDERR_REDIRECT] 
2025-02-15 19:40:51,851 [ERROR] LogOutputStream:75 - [STDERR_REDIRECT] Feb 15, 2025 7:40:51 PM java.util.prefs.FileSystemPreferences syncWorld
2025-02-15 19:40:51,851 [ERROR] LogOutputStream:75 - [STDERR_REDIRECT] WARNING: Couldn't flush system prefs: java.util.prefs.BackingStoreException: Couldn't get file lock.
2025-02-15 19:40:51,852 [ERROR] LogOutputStream:75 - [STDERR_REDIRECT] 
2025-02-15 19:41:21,851 [ERROR] LogOutputStream:75 - [STDERR_REDIRECT] Feb 15, 2025 7:41:21 PM java.util.prefs.FileSystemPreferences checkLockFile0ErrorCode
2025-02-15 19:41:21,851 [ERROR] LogOutputStream:75 - [STDERR_REDIRECT] WARNING: Could not lock System prefs. Unix error code 2.
2025-02-15 19:41:21,851 [ERROR] LogOutputStream:75 - [STDERR_REDIRECT] 
2025-02-15 19:41:21,851 [ERROR] LogOutputStream:75 - [STDERR_REDIRECT] Feb 15, 2025 7:41:21 PM java.util.prefs.FileSystemPreferences syncWorld
2025-02-15 19:41:21,851 [ERROR] LogOutputStream:75 - [STDERR_REDIRECT] WARNING: Couldn't flush system prefs: java.util.prefs.BackingStoreException: Couldn't get file lock.
2025-02-15 19:41:21,851 [ERROR] LogOutputStream:75 - [STDERR_REDIRECT] 
2025-02-15 19:41:51,851 [ERROR] LogOutputStream:75 - [STDERR_REDIRECT] Feb 15, 2025 7:41:51 PM java.util.prefs.FileSystemPreferences checkLockFile0ErrorCode
2025-02-15 19:41:51,851 [ERROR] LogOutputStream:75 - [STDERR_REDIRECT] WARNING: Could not lock System prefs. Unix error code 2.
2025-02-15 19:41:51,851 [ERROR] LogOutputStream:75 - [STDERR_REDIRECT] 
2025-02-15 19:41:51,851 [ERROR] LogOutputStream:75 - [STDERR_REDIRECT] Feb 15, 2025 7:41:51 PM java.util.prefs.FileSystemPreferences syncWorld
2025-02-15 19:41:51,851 [ERROR] LogOutputStream:75 - [STDERR_REDIRECT] WARNING: Couldn't flush system prefs: java.util.prefs.BackingStoreException: Couldn't get file lock.
2025-02-15 19:41:51,851 [ERROR] LogOutputStream:75 - [STDERR_REDIRECT] 
2025-02-15 19:42:21,852 [ERROR] LogOutputStream:75 - [STDERR_REDIRECT] Feb 15, 2025 7:42:21 PM java.util.prefs.FileSystemPreferences checkLockFile0ErrorCode
2025-02-15 19:42:21,852 [ERROR] LogOutputStream:75 - [STDERR_REDIRECT] WARNING: Could not lock System prefs. Unix error code 2.
2025-02-15 19:42:21,852 [ERROR] LogOutputStream:75 - [STDERR_REDIRECT] 
2025-02-15 19:42:21,852 [ERROR] LogOutputStream:75 - [STDERR_REDIRECT] Feb 15, 2025 7:42:21 PM java.util.prefs.FileSystemPreferences syncWorld
2025-02-15 19:42:21,852 [ERROR] LogOutputStream:75 - [STDERR_REDIRECT] WARNING: Couldn't flush system prefs: java.util.prefs.BackingStoreException: Couldn't get file lock.
2025-02-15 19:42:21,852 [ERROR] LogOutputStream:75 - [STDERR_REDIRECT] 
2025-02-15 19:42:51,852 [ERROR] LogOutputStream:75 - [STDERR_REDIRECT] Feb 15, 2025 7:42:51 PM java.util.prefs.FileSystemPreferences checkLockFile0ErrorCode
2025-02-15 19:42:51,852 [ERROR] LogOutputStream:75 - [STDERR_REDIRECT] WARNING: Could not lock System prefs. Unix error code 2.
2025-02-15 19:42:51,852 [ERROR] LogOutputStream:75 - [STDERR_REDIRECT] 
2025-02-15 19:42:51,853 [ERROR] LogOutputStream:75 - [STDERR_REDIRECT] Feb 15, 2025 7:42:51 PM java.util.prefs.FileSystemPreferences syncWorld
2025-02-15 19:42:51,853 [ERROR] LogOutputStream:75 - [STDERR_REDIRECT] WARNING: Couldn't flush system prefs: java.util.prefs.BackingStoreException: Couldn't get file lock.
2025-02-15 19:42:51,853 [ERROR] LogOutputStream:75 - [STDERR_REDIRECT] 
2025-02-15 19:43:21,852 [ERROR] LogOutputStream:75 - [STDERR_REDIRECT] Feb 15, 2025 7:43:21 PM java.util.prefs.FileSystemPreferences checkLockFile0ErrorCode
2025-02-15 19:43:21,852 [ERROR] LogOutputStream:75 - [STDERR_REDIRECT] WARNING: Could not lock System prefs. Unix error code 2.
2025-02-15 19:43:21,852 [ERROR] LogOutputStream:75 - [STDERR_REDIRECT] 
2025-02-15 19:43:21,852 [ERROR] LogOutputStream:75 - [STDERR_REDIRECT] Feb 15, 2025 7:43:21 PM java.util.prefs.FileSystemPreferences syncWorld
2025-02-15 19:43:21,852 [ERROR] LogOutputStream:75 - [STDERR_REDIRECT] WARNING: Couldn't flush system prefs: java.util.prefs.BackingStoreException: Couldn't get file lock.
2025-02-15 19:43:21,852 [ERROR] LogOutputStream:75 - [STDERR_REDIRECT] 
2025-02-15 19:43:51,852 [ERROR] LogOutputStream:75 - [STDERR_REDIRECT] Feb 15, 2025 7:43:51 PM java.util.prefs.FileSystemPreferences checkLockFile0ErrorCode
2025-02-15 19:43:51,853 [ERROR] LogOutputStream:75 - [STDERR_REDIRECT] WARNING: Could not lock System prefs. Unix error code 2.
2025-02-15 19:43:51,853 [ERROR] LogOutputStream:75 - [STDERR_REDIRECT] 
2025-02-15 19:43:51,853 [ERROR] LogOutputStream:75 - [STDERR_REDIRECT] Feb 15, 2025 7:43:51 PM java.util.prefs.FileSystemPreferences syncWorld
2025-02-15 19:43:51,853 [ERROR] LogOutputStream:75 - [STDERR_REDIRECT] WARNING: Couldn't flush system prefs: java.util.prefs.BackingStoreException: Couldn't get file lock.
2025-02-15 19:43:51,853 [ERROR] LogOutputStream:75 - [STDERR_REDIRECT] 
2025-02-15 19:44:21,852 [ERROR] LogOutputStream:75 - [STDERR_REDIRECT] Feb 15, 2025 7:44:21 PM java.util.prefs.FileSystemPreferences checkLockFile0ErrorCode
2025-02-15 19:44:21,852 [ERROR] LogOutputStream:75 - [STDERR_REDIRECT] WARNING: Could not lock System prefs. Unix error code 2.
2025-02-15 19:44:21,852 [ERROR] LogOutputStream:75 - [STDERR_REDIRECT] 
2025-02-15 19:44:21,852 [ERROR] LogOutputStream:75 - [STDERR_REDIRECT] Feb 15, 2025 7:44:21 PM java.util.prefs.FileSystemPreferences syncWorld
2025-02-15 19:44:21,852 [ERROR] LogOutputStream:75 - [STDERR_REDIRECT] WARNING: Couldn't flush system prefs: java.util.prefs.BackingStoreException: Couldn't get file lock.
2025-02-15 19:44:21,852 [ERROR] LogOutputStream:75 - [STDERR_REDIRECT] 
2025-02-15 19:44:51,852 [ERROR] LogOutputStream:75 - [STDERR_REDIRECT] Feb 15, 2025 7:44:51 PM java.util.prefs.FileSystemPreferences checkLockFile0ErrorCode
2025-02-15 19:44:51,853 [ERROR] LogOutputStream:75 - [STDERR_REDIRECT] WARNING: Could not lock System prefs. Unix error code 2.
2025-02-15 19:44:51,859 [ERROR] LogOutputStream:75 - [STDERR_REDIRECT] 
2025-02-15 19:44:51,859 [ERROR] LogOutputStream:75 - [STDERR_REDIRECT] Feb 15, 2025 7:44:51 PM java.util.prefs.FileSystemPreferences syncWorld
2025-02-15 19:44:51,859 [ERROR] LogOutputStream:75 - [STDERR_REDIRECT] WARNING: Couldn't flush system prefs: java.util.prefs.BackingStoreException: Couldn't get file lock.
2025-02-15 19:44:51,859 [ERROR] LogOutputStream:75 - [STDERR_REDIRECT] 
2025-02-15 19:45:21,852 [ERROR] LogOutputStream:75 - [STDERR_REDIRECT] Feb 15, 2025 7:45:21 PM java.util.prefs.FileSystemPreferences checkLockFile0ErrorCode
2025-02-15 19:45:21,852 [ERROR] LogOutputStream:75 - [STDERR_REDIRECT] WARNING: Could not lock System prefs. Unix error code 2.
2025-02-15 19:45:21,852 [ERROR] LogOutputStream:75 - [STDERR_REDIRECT] 
2025-02-15 19:45:21,852 [ERROR] LogOutputStream:75 - [STDERR_REDIRECT] Feb 15, 2025 7:45:21 PM java.util.prefs.FileSystemPreferences syncWorld
2025-02-15 19:45:21,852 [ERROR] LogOutputStream:75 - [STDERR_REDIRECT] WARNING: Couldn't flush system prefs: java.util.prefs.BackingStoreException: Couldn't get file lock.
2025-02-15 19:45:21,852 [ERROR] LogOutputStream:75 - [STDERR_REDIRECT] 
2025-02-15 19:45:51,852 [ERROR] LogOutputStream:75 - [STDERR_REDIRECT] Feb 15, 2025 7:45:51 PM java.util.prefs.FileSystemPreferences checkLockFile0ErrorCode
2025-02-15 19:45:51,853 [ERROR] LogOutputStream:75 - [STDERR_REDIRECT] WARNING: Could not lock System prefs. Unix error code 2.
2025-02-15 19:45:51,853 [ERROR] LogOutputStream:75 - [STDERR_REDIRECT] 
2025-02-15 19:45:51,853 [ERROR] LogOutputStream:75 - [STDERR_REDIRECT] Feb 15, 2025 7:45:51 PM java.util.prefs.FileSystemPreferences syncWorld
2025-02-15 19:45:51,853 [ERROR] LogOutputStream:75 - [STDERR_REDIRECT] WARNING: Couldn't flush system prefs: java.util.prefs.BackingStoreException: Couldn't get file lock.
2025-02-15 19:45:51,853 [ERROR] LogOutputStream:75 - [STDERR_REDIRECT] 
2025-02-15 19:46:21,853 [ERROR] LogOutputStream:75 - [STDERR_REDIRECT] Feb 15, 2025 7:46:21 PM java.util.prefs.FileSystemPreferences checkLockFile0ErrorCode
2025-02-15 19:46:21,853 [ERROR] LogOutputStream:75 - [STDERR_REDIRECT] WARNING: Could not lock System prefs. Unix error code 2.
2025-02-15 19:46:21,853 [ERROR] LogOutputStream:75 - [STDERR_REDIRECT] 
2025-02-15 19:46:21,853 [ERROR] LogOutputStream:75 - [STDERR_REDIRECT] Feb 15, 2025 7:46:21 PM java.util.prefs.FileSystemPreferences syncWorld
2025-02-15 19:46:21,853 [ERROR] LogOutputStream:75 - [STDERR_REDIRECT] WARNING: Couldn't flush system prefs: java.util.prefs.BackingStoreException: Couldn't get file lock.
2025-02-15 19:46:21,853 [ERROR] LogOutputStream:75 - [STDERR_REDIRECT] 
2025-02-15 19:46:51,853 [ERROR] LogOutputStream:75 - [STDERR_REDIRECT] Feb 15, 2025 7:46:51 PM java.util.prefs.FileSystemPreferences checkLockFile0ErrorCode
2025-02-15 19:46:51,853 [ERROR] LogOutputStream:75 - [STDERR_REDIRECT] WARNING: Could not lock System prefs. Unix error code 2.
2025-02-15 19:46:51,854 [ERROR] LogOutputStream:75 - [STDERR_REDIRECT] 
2025-02-15 19:46:51,854 [ERROR] LogOutputStream:75 - [STDERR_REDIRECT] Feb 15, 2025 7:46:51 PM java.util.prefs.FileSystemPreferences syncWorld
2025-02-15 19:46:51,854 [ERROR] LogOutputStream:75 - [STDERR_REDIRECT] WARNING: Couldn't flush system prefs: java.util.prefs.BackingStoreException: Couldn't get file lock.
2025-02-15 19:46:51,854 [ERROR] LogOutputStream:75 - [STDERR_REDIRECT] 
2025-02-15 19:47:21,853 [ERROR] LogOutputStream:75 - [STDERR_REDIRECT] Feb 15, 2025 7:47:21 PM java.util.prefs.FileSystemPreferences checkLockFile0ErrorCode
2025-02-15 19:47:21,853 [ERROR] LogOutputStream:75 - [STDERR_REDIRECT] WARNING: Could not lock System prefs. Unix error code 2.
2025-02-15 19:47:21,853 [ERROR] LogOutputStream:75 - [STDERR_REDIRECT] 
2025-02-15 19:47:21,853 [ERROR] LogOutputStream:75 - [STDERR_REDIRECT] Feb 15, 2025 7:47:21 PM java.util.prefs.FileSystemPreferences syncWorld
2025-02-15 19:47:21,853 [ERROR] LogOutputStream:75 - [STDERR_REDIRECT] WARNING: Couldn't flush system prefs: java.util.prefs.BackingStoreException: Couldn't get file lock.
2025-02-15 19:47:21,853 [ERROR] LogOutputStream:75 - [STDERR_REDIRECT] 
2025-02-15 19:47:51,853 [ERROR] LogOutputStream:75 - [STDERR_REDIRECT] Feb 15, 2025 7:47:51 PM java.util.prefs.FileSystemPreferences checkLockFile0ErrorCode
2025-02-15 19:47:51,853 [ERROR] LogOutputStream:75 - [STDERR_REDIRECT] WARNING: Could not lock System prefs. Unix error code 2.
2025-02-15 19:47:51,853 [ERROR] LogOutputStream:75 - [STDERR_REDIRECT] 
2025-02-15 19:47:51,854 [ERROR] LogOutputStream:75 - [STDERR_REDIRECT] Feb 15, 2025 7:47:51 PM java.util.prefs.FileSystemPreferences syncWorld
2025-02-15 19:47:51,854 [ERROR] LogOutputStream:75 - [STDERR_REDIRECT] WARNING: Couldn't flush system prefs: java.util.prefs.BackingStoreException: Couldn't get file lock.
2025-02-15 19:47:51,854 [ERROR] LogOutputStream:75 - [STDERR_REDIRECT] 
2025-02-15 19:48:21,853 [ERROR] LogOutputStream:75 - [STDERR_REDIRECT] Feb 15, 2025 7:48:21 PM java.util.prefs.FileSystemPreferences checkLockFile0ErrorCode
2025-02-15 19:48:21,853 [ERROR] LogOutputStream:75 - [STDERR_REDIRECT] WARNING: Could not lock System prefs. Unix error code 2.
2025-02-15 19:48:21,853 [ERROR] LogOutputStream:75 - [STDERR_REDIRECT] 
2025-02-15 19:48:21,853 [ERROR] LogOutputStream:75 - [STDERR_REDIRECT] Feb 15, 2025 7:48:21 PM java.util.prefs.FileSystemPreferences syncWorld
2025-02-15 19:48:21,853 [ERROR] LogOutputStream:75 - [STDERR_REDIRECT] WARNING: Couldn't flush system prefs: java.util.prefs.BackingStoreException: Couldn't get file lock.
2025-02-15 19:48:21,853 [ERROR] LogOutputStream:75 - [STDERR_REDIRECT] 
2025-02-15 19:48:51,853 [ERROR] LogOutputStream:75 - [STDERR_REDIRECT] Feb 15, 2025 7:48:51 PM java.util.prefs.FileSystemPreferences checkLockFile0ErrorCode
2025-02-15 19:48:51,853 [ERROR] LogOutputStream:75 - [STDERR_REDIRECT] WARNING: Could not lock System prefs. Unix error code 2.
2025-02-15 19:48:51,853 [ERROR] LogOutputStream:75 - [STDERR_REDIRECT] 
2025-02-15 19:48:51,853 [ERROR] LogOutputStream:75 - [STDERR_REDIRECT] Feb 15, 2025 7:48:51 PM java.util.prefs.FileSystemPreferences syncWorld
2025-02-15 19:48:51,853 [ERROR] LogOutputStream:75 - [STDERR_REDIRECT] WARNING: Couldn't flush system prefs: java.util.prefs.BackingStoreException: Couldn't get file lock.
2025-02-15 19:48:51,853 [ERROR] LogOutputStream:75 - [STDERR_REDIRECT] 
2025-02-15 19:49:21,854 [ERROR] LogOutputStream:75 - [STDERR_REDIRECT] Feb 15, 2025 7:49:21 PM java.util.prefs.FileSystemPreferences checkLockFile0ErrorCode
2025-02-15 19:49:21,854 [ERROR] LogOutputStream:75 - [STDERR_REDIRECT] WARNING: Could not lock System prefs. Unix error code 2.
2025-02-15 19:49:21,854 [ERROR] LogOutputStream:75 - [STDERR_REDIRECT] 
2025-02-15 19:49:21,854 [ERROR] LogOutputStream:75 - [STDERR_REDIRECT] Feb 15, 2025 7:49:21 PM java.util.prefs.FileSystemPreferences syncWorld
2025-02-15 19:49:21,854 [ERROR] LogOutputStream:75 - [STDERR_REDIRECT] WARNING: Couldn't flush system prefs: java.util.prefs.BackingStoreException: Couldn't get file lock.
2025-02-15 19:49:21,854 [ERROR] LogOutputStream:75 - [STDERR_REDIRECT] 
2025-02-15 19:49:51,854 [ERROR] LogOutputStream:75 - [STDERR_REDIRECT] Feb 15, 2025 7:49:51 PM java.util.prefs.FileSystemPreferences checkLockFile0ErrorCode
2025-02-15 19:49:51,854 [ERROR] LogOutputStream:75 - [STDERR_REDIRECT] WARNING: Could not lock System prefs. Unix error code 2.
2025-02-15 19:49:51,854 [ERROR] LogOutputStream:75 - [STDERR_REDIRECT] 
2025-02-15 19:49:51,854 [ERROR] LogOutputStream:75 - [STDERR_REDIRECT] Feb 15, 2025 7:49:51 PM java.util.prefs.FileSystemPreferences syncWorld
2025-02-15 19:49:51,854 [ERROR] LogOutputStream:75 - [STDERR_REDIRECT] WARNING: Couldn't flush system prefs: java.util.prefs.BackingStoreException: Couldn't get file lock.
2025-02-15 19:49:51,854 [ERROR] LogOutputStream:75 - [STDERR_REDIRECT] 
2025-02-15 19:50:21,855 [ERROR] LogOutputStream:75 - [STDERR_REDIRECT] Feb 15, 2025 7:50:21 PM java.util.prefs.FileSystemPreferences checkLockFile0ErrorCode
2025-02-15 19:50:21,855 [ERROR] LogOutputStream:75 - [STDERR_REDIRECT] WARNING: Could not lock System prefs. Unix error code 2.
2025-02-15 19:50:21,855 [ERROR] LogOutputStream:75 - [STDERR_REDIRECT] 
2025-02-15 19:50:21,855 [ERROR] LogOutputStream:75 - [STDERR_REDIRECT] Feb 15, 2025 7:50:21 PM java.util.prefs.FileSystemPreferences syncWorld
2025-02-15 19:50:21,855 [ERROR] LogOutputStream:75 - [STDERR_REDIRECT] WARNING: Couldn't flush system prefs: java.util.prefs.BackingStoreException: Couldn't get file lock.
2025-02-15 19:50:21,855 [ERROR] LogOutputStream:75 - [STDERR_REDIRECT] 
2025-02-15 19:50:51,855 [ERROR] LogOutputStream:75 - [STDERR_REDIRECT] Feb 15, 2025 7:50:51 PM java.util.prefs.FileSystemPreferences checkLockFile0ErrorCode
2025-02-15 19:50:51,855 [ERROR] LogOutputStream:75 - [STDERR_REDIRECT] WARNING: Could not lock System prefs. Unix error code 2.
2025-02-15 19:50:51,862 [ERROR] LogOutputStream:75 - [STDERR_REDIRECT] 
2025-02-15 19:50:51,862 [ERROR] LogOutputStream:75 - [STDERR_REDIRECT] Feb 15, 2025 7:50:51 PM java.util.prefs.FileSystemPreferences syncWorld
2025-02-15 19:50:51,862 [ERROR] LogOutputStream:75 - [STDERR_REDIRECT] WARNING: Couldn't flush system prefs: java.util.prefs.BackingStoreException: Couldn't get file lock.
2025-02-15 19:50:51,862 [ERROR] LogOutputStream:75 - [STDERR_REDIRECT] 
2025-02-15 19:51:21,855 [ERROR] LogOutputStream:75 - [STDERR_REDIRECT] Feb 15, 2025 7:51:21 PM java.util.prefs.FileSystemPreferences checkLockFile0ErrorCode
2025-02-15 19:51:21,855 [ERROR] LogOutputStream:75 - [STDERR_REDIRECT] WARNING: Could not lock System prefs. Unix error code 2.
2025-02-15 19:51:21,855 [ERROR] LogOutputStream:75 - [STDERR_REDIRECT] 
2025-02-15 19:51:21,855 [ERROR] LogOutputStream:75 - [STDERR_REDIRECT] Feb 15, 2025 7:51:21 PM java.util.prefs.FileSystemPreferences syncWorld
2025-02-15 19:51:21,855 [ERROR] LogOutputStream:75 - [STDERR_REDIRECT] WARNING: Couldn't flush system prefs: java.util.prefs.BackingStoreException: Couldn't get file lock.
2025-02-15 19:51:21,855 [ERROR] LogOutputStream:75 - [STDERR_REDIRECT] 
2025-02-15 19:51:51,855 [ERROR] LogOutputStream:75 - [STDERR_REDIRECT] Feb 15, 2025 7:51:51 PM java.util.prefs.FileSystemPreferences checkLockFile0ErrorCode
2025-02-15 19:51:51,855 [ERROR] LogOutputStream:75 - [STDERR_REDIRECT] WARNING: Could not lock System prefs. Unix error code 2.
2025-02-15 19:51:51,855 [ERROR] LogOutputStream:75 - [STDERR_REDIRECT] 
2025-02-15 19:51:51,856 [ERROR] LogOutputStream:75 - [STDERR_REDIRECT] Feb 15, 2025 7:51:51 PM java.util.prefs.FileSystemPreferences syncWorld
2025-02-15 19:51:51,856 [ERROR] LogOutputStream:75 - [STDERR_REDIRECT] WARNING: Couldn't flush system prefs: java.util.prefs.BackingStoreException: Couldn't get file lock.
2025-02-15 19:51:51,856 [ERROR] LogOutputStream:75 - [STDERR_REDIRECT] 
2025-02-15 19:52:21,855 [ERROR] LogOutputStream:75 - [STDERR_REDIRECT] Feb 15, 2025 7:52:21 PM java.util.prefs.FileSystemPreferences checkLockFile0ErrorCode
2025-02-15 19:52:21,855 [ERROR] LogOutputStream:75 - [STDERR_REDIRECT] WARNING: Could not lock System prefs. Unix error code 2.
2025-02-15 19:52:21,855 [ERROR] LogOutputStream:75 - [STDERR_REDIRECT] 
2025-02-15 19:52:21,855 [ERROR] LogOutputStream:75 - [STDERR_REDIRECT] Feb 15, 2025 7:52:21 PM java.util.prefs.FileSystemPreferences syncWorld
2025-02-15 19:52:21,855 [ERROR] LogOutputStream:75 - [STDERR_REDIRECT] WARNING: Couldn't flush system prefs: java.util.prefs.BackingStoreException: Couldn't get file lock.
2025-02-15 19:52:21,855 [ERROR] LogOutputStream:75 - [STDERR_REDIRECT] 
2025-02-15 19:52:51,855 [ERROR] LogOutputStream:75 - [STDERR_REDIRECT] Feb 15, 2025 7:52:51 PM java.util.prefs.FileSystemPreferences checkLockFile0ErrorCode
2025-02-15 19:52:51,855 [ERROR] LogOutputStream:75 - [STDERR_REDIRECT] WARNING: Could not lock System prefs. Unix error code 2.
2025-02-15 19:52:51,855 [ERROR] LogOutputStream:75 - [STDERR_REDIRECT] 
2025-02-15 19:52:51,856 [ERROR] LogOutputStream:75 - [STDERR_REDIRECT] Feb 15, 2025 7:52:51 PM java.util.prefs.FileSystemPreferences syncWorld
2025-02-15 19:52:51,856 [ERROR] LogOutputStream:75 - [STDERR_REDIRECT] WARNING: Couldn't flush system prefs: java.util.prefs.BackingStoreException: Couldn't get file lock.
2025-02-15 19:52:51,856 [ERROR] LogOutputStream:75 - [STDERR_REDIRECT] 
2025-02-15 19:53:21,855 [ERROR] LogOutputStream:75 - [STDERR_REDIRECT] Feb 15, 2025 7:53:21 PM java.util.prefs.FileSystemPreferences checkLockFile0ErrorCode
2025-02-15 19:53:21,855 [ERROR] LogOutputStream:75 - [STDERR_REDIRECT] WARNING: Could not lock System prefs. Unix error code 2.
2025-02-15 19:53:21,855 [ERROR] LogOutputStream:75 - [STDERR_REDIRECT] 
2025-02-15 19:53:21,855 [ERROR] LogOutputStream:75 - [STDERR_REDIRECT] Feb 15, 2025 7:53:21 PM java.util.prefs.FileSystemPreferences syncWorld
2025-02-15 19:53:21,855 [ERROR] LogOutputStream:75 - [STDERR_REDIRECT] WARNING: Couldn't flush system prefs: java.util.prefs.BackingStoreException: Couldn't get file lock.
2025-02-15 19:53:21,855 [ERROR] LogOutputStream:75 - [STDERR_REDIRECT] 
2025-02-15 19:53:51,855 [ERROR] LogOutputStream:75 - [STDERR_REDIRECT] Feb 15, 2025 7:53:51 PM java.util.prefs.FileSystemPreferences checkLockFile0ErrorCode
2025-02-15 19:53:51,855 [ERROR] LogOutputStream:75 - [STDERR_REDIRECT] WARNING: Could not lock System prefs. Unix error code 2.
2025-02-15 19:53:51,855 [ERROR] LogOutputStream:75 - [STDERR_REDIRECT] 
2025-02-15 19:53:51,856 [ERROR] LogOutputStream:75 - [STDERR_REDIRECT] Feb 15, 2025 7:53:51 PM java.util.prefs.FileSystemPreferences syncWorld
2025-02-15 19:53:51,856 [ERROR] LogOutputStream:75 - [STDERR_REDIRECT] WARNING: Couldn't flush system prefs: java.util.prefs.BackingStoreException: Couldn't get file lock.
2025-02-15 19:53:51,856 [ERROR] LogOutputStream:75 - [STDERR_REDIRECT] 
2025-02-15 19:54:21,855 [ERROR] LogOutputStream:75 - [STDERR_REDIRECT] Feb 15, 2025 7:54:21 PM java.util.prefs.FileSystemPreferences checkLockFile0ErrorCode
2025-02-15 19:54:21,855 [ERROR] LogOutputStream:75 - [STDERR_REDIRECT] WARNING: Could not lock System prefs. Unix error code 2.
2025-02-15 19:54:21,855 [ERROR] LogOutputStream:75 - [STDERR_REDIRECT] 
2025-02-15 19:54:21,855 [ERROR] LogOutputStream:75 - [STDERR_REDIRECT] Feb 15, 2025 7:54:21 PM java.util.prefs.FileSystemPreferences syncWorld
2025-02-15 19:54:21,855 [ERROR] LogOutputStream:75 - [STDERR_REDIRECT] WARNING: Couldn't flush system prefs: java.util.prefs.BackingStoreException: Couldn't get file lock.
2025-02-15 19:54:21,855 [ERROR] LogOutputStream:75 - [STDERR_REDIRECT] 
2025-02-15 19:54:51,855 [ERROR] LogOutputStream:75 - [STDERR_REDIRECT] Feb 15, 2025 7:54:51 PM java.util.prefs.FileSystemPreferences checkLockFile0ErrorCode
2025-02-15 19:54:51,855 [ERROR] LogOutputStream:75 - [STDERR_REDIRECT] WARNING: Could not lock System prefs. Unix error code 2.
2025-02-15 19:54:51,855 [ERROR] LogOutputStream:75 - [STDERR_REDIRECT] 
2025-02-15 19:54:51,856 [ERROR] LogOutputStream:75 - [STDERR_REDIRECT] Feb 15, 2025 7:54:51 PM java.util.prefs.FileSystemPreferences syncWorld
2025-02-15 19:54:51,856 [ERROR] LogOutputStream:75 - [STDERR_REDIRECT] WARNING: Couldn't flush system prefs: java.util.prefs.BackingStoreException: Couldn't get file lock.
2025-02-15 19:54:51,856 [ERROR] LogOutputStream:75 - [STDERR_REDIRECT] 
2025-02-15 19:55:21,855 [ERROR] LogOutputStream:75 - [STDERR_REDIRECT] Feb 15, 2025 7:55:21 PM java.util.prefs.FileSystemPreferences checkLockFile0ErrorCode
2025-02-15 19:55:21,855 [ERROR] LogOutputStream:75 - [STDERR_REDIRECT] WARNING: Could not lock System prefs. Unix error code 2.
2025-02-15 19:55:21,855 [ERROR] LogOutputStream:75 - [STDERR_REDIRECT] 
2025-02-15 19:55:21,855 [ERROR] LogOutputStream:75 - [STDERR_REDIRECT] Feb 15, 2025 7:55:21 PM java.util.prefs.FileSystemPreferences syncWorld
2025-02-15 19:55:21,855 [ERROR] LogOutputStream:75 - [STDERR_REDIRECT] WARNING: Couldn't flush system prefs: java.util.prefs.BackingStoreException: Couldn't get file lock.
2025-02-15 19:55:21,855 [ERROR] LogOutputStream:75 - [STDERR_REDIRECT] 
2025-02-15 19:55:51,855 [ERROR] LogOutputStream:75 - [STDERR_REDIRECT] Feb 15, 2025 7:55:51 PM java.util.prefs.FileSystemPreferences checkLockFile0ErrorCode
2025-02-15 19:55:51,855 [ERROR] LogOutputStream:75 - [STDERR_REDIRECT] WARNING: Could not lock System prefs. Unix error code 2.
2025-02-15 19:55:51,855 [ERROR] LogOutputStream:75 - [STDERR_REDIRECT] 
2025-02-15 19:55:51,856 [ERROR] LogOutputStream:75 - [STDERR_REDIRECT] Feb 15, 2025 7:55:51 PM java.util.prefs.FileSystemPreferences syncWorld
2025-02-15 19:55:51,856 [ERROR] LogOutputStream:75 - [STDERR_REDIRECT] WARNING: Couldn't flush system prefs: java.util.prefs.BackingStoreException: Couldn't get file lock.
2025-02-15 19:55:51,856 [ERROR] LogOutputStream:75 - [STDERR_REDIRECT] 
2025-02-15 19:56:21,855 [ERROR] LogOutputStream:75 - [STDERR_REDIRECT] Feb 15, 2025 7:56:21 PM java.util.prefs.FileSystemPreferences checkLockFile0ErrorCode
2025-02-15 19:56:21,855 [ERROR] LogOutputStream:75 - [STDERR_REDIRECT] WARNING: Could not lock System prefs. Unix error code 2.
2025-02-15 19:56:21,855 [ERROR] LogOutputStream:75 - [STDERR_REDIRECT] 
2025-02-15 19:56:21,855 [ERROR] LogOutputStream:75 - [STDERR_REDIRECT] Feb 15, 2025 7:56:21 PM java.util.prefs.FileSystemPreferences syncWorld
2025-02-15 19:56:21,855 [ERROR] LogOutputStream:75 - [STDERR_REDIRECT] WARNING: Couldn't flush system prefs: java.util.prefs.BackingStoreException: Couldn't get file lock.
2025-02-15 19:56:21,855 [ERROR] LogOutputStream:75 - [STDERR_REDIRECT] 
2025-02-15 19:56:51,855 [ERROR] LogOutputStream:75 - [STDERR_REDIRECT] Feb 15, 2025 7:56:51 PM java.util.prefs.FileSystemPreferences checkLockFile0ErrorCode
2025-02-15 19:56:51,855 [ERROR] LogOutputStream:75 - [STDERR_REDIRECT] WARNING: Could not lock System prefs. Unix error code 2.
2025-02-15 19:56:51,862 [ERROR] LogOutputStream:75 - [STDERR_REDIRECT] 
2025-02-15 19:56:51,862 [ERROR] LogOutputStream:75 - [STDERR_REDIRECT] Feb 15, 2025 7:56:51 PM java.util.prefs.FileSystemPreferences syncWorld
2025-02-15 19:56:51,862 [ERROR] LogOutputStream:75 - [STDERR_REDIRECT] WARNING: Couldn't flush system prefs: java.util.prefs.BackingStoreException: Couldn't get file lock.
2025-02-15 19:56:51,862 [ERROR] LogOutputStream:75 - [STDERR_REDIRECT] 
2025-02-15 19:57:21,855 [ERROR] LogOutputStream:75 - [STDERR_REDIRECT] Feb 15, 2025 7:57:21 PM java.util.prefs.FileSystemPreferences checkLockFile0ErrorCode
2025-02-15 19:57:21,855 [ERROR] LogOutputStream:75 - [STDERR_REDIRECT] WARNING: Could not lock System prefs. Unix error code 2.
2025-02-15 19:57:21,855 [ERROR] LogOutputStream:75 - [STDERR_REDIRECT] 
2025-02-15 19:57:21,855 [ERROR] LogOutputStream:75 - [STDERR_REDIRECT] Feb 15, 2025 7:57:21 PM java.util.prefs.FileSystemPreferences syncWorld
2025-02-15 19:57:21,855 [ERROR] LogOutputStream:75 - [STDERR_REDIRECT] WARNING: Couldn't flush system prefs: java.util.prefs.BackingStoreException: Couldn't get file lock.
2025-02-15 19:57:21,855 [ERROR] LogOutputStream:75 - [STDERR_REDIRECT] 
2025-02-15 19:57:51,856 [ERROR] LogOutputStream:75 - [STDERR_REDIRECT] Feb 15, 2025 7:57:51 PM java.util.prefs.FileSystemPreferences checkLockFile0ErrorCode
2025-02-15 19:57:51,856 [ERROR] LogOutputStream:75 - [STDERR_REDIRECT] WARNING: Could not lock System prefs. Unix error code 2.
2025-02-15 19:57:51,856 [ERROR] LogOutputStream:75 - [STDERR_REDIRECT] 
2025-02-15 19:57:51,856 [ERROR] LogOutputStream:75 - [STDERR_REDIRECT] Feb 15, 2025 7:57:51 PM java.util.prefs.FileSystemPreferences syncWorld
2025-02-15 19:57:51,856 [ERROR] LogOutputStream:75 - [STDERR_REDIRECT] WARNING: Couldn't flush system prefs: java.util.prefs.BackingStoreException: Couldn't get file lock.
2025-02-15 19:57:51,856 [ERROR] LogOutputStream:75 - [STDERR_REDIRECT] 
2025-02-15 19:58:21,856 [ERROR] LogOutputStream:75 - [STDERR_REDIRECT] Feb 15, 2025 7:58:21 PM java.util.prefs.FileSystemPreferences checkLockFile0ErrorCode
2025-02-15 19:58:21,856 [ERROR] LogOutputStream:75 - [STDERR_REDIRECT] WARNING: Could not lock System prefs. Unix error code 2.
2025-02-15 19:58:21,856 [ERROR] LogOutputStream:75 - [STDERR_REDIRECT] 
2025-02-15 19:58:21,857 [ERROR] LogOutputStream:75 - [STDERR_REDIRECT] Feb 15, 2025 7:58:21 PM java.util.prefs.FileSystemPreferences syncWorld
2025-02-15 19:58:21,857 [ERROR] LogOutputStream:75 - [STDERR_REDIRECT] WARNING: Couldn't flush system prefs: java.util.prefs.BackingStoreException: Couldn't get file lock.
2025-02-15 19:58:21,857 [ERROR] LogOutputStream:75 - [STDERR_REDIRECT] 
2025-02-15 19:58:51,856 [ERROR] LogOutputStream:75 - [STDERR_REDIRECT] Feb 15, 2025 7:58:51 PM java.util.prefs.FileSystemPreferences checkLockFile0ErrorCode
2025-02-15 19:58:51,856 [ERROR] LogOutputStream:75 - [STDERR_REDIRECT] WARNING: Could not lock System prefs. Unix error code 2.
2025-02-15 19:58:51,856 [ERROR] LogOutputStream:75 - [STDERR_REDIRECT] 
2025-02-15 19:58:51,856 [ERROR] LogOutputStream:75 - [STDERR_REDIRECT] Feb 15, 2025 7:58:51 PM java.util.prefs.FileSystemPreferences syncWorld
2025-02-15 19:58:51,856 [ERROR] LogOutputStream:75 - [STDERR_REDIRECT] WARNING: Couldn't flush system prefs: java.util.prefs.BackingStoreException: Couldn't get file lock.
2025-02-15 19:58:51,856 [ERROR] LogOutputStream:75 - [STDERR_REDIRECT] 
2025-02-15 19:59:21,857 [ERROR] LogOutputStream:75 - [STDERR_REDIRECT] Feb 15, 2025 7:59:21 PM java.util.prefs.FileSystemPreferences checkLockFile0ErrorCode
2025-02-15 19:59:21,857 [ERROR] LogOutputStream:75 - [STDERR_REDIRECT] WARNING: Could not lock System prefs. Unix error code 2.
2025-02-15 19:59:21,857 [ERROR] LogOutputStream:75 - [STDERR_REDIRECT] 
2025-02-15 19:59:21,857 [ERROR] LogOutputStream:75 - [STDERR_REDIRECT] Feb 15, 2025 7:59:21 PM java.util.prefs.FileSystemPreferences syncWorld
2025-02-15 19:59:21,857 [ERROR] LogOutputStream:75 - [STDERR_REDIRECT] WARNING: Couldn't flush system prefs: java.util.prefs.BackingStoreException: Couldn't get file lock.
2025-02-15 19:59:21,857 [ERROR] LogOutputStream:75 - [STDERR_REDIRECT] 
2025-02-15 19:59:51,856 [ERROR] LogOutputStream:75 - [STDERR_REDIRECT] Feb 15, 2025 7:59:51 PM java.util.prefs.FileSystemPreferences checkLockFile0ErrorCode
2025-02-15 19:59:51,856 [ERROR] LogOutputStream:75 - [STDERR_REDIRECT] WARNING: Could not lock System prefs. Unix error code 2.
2025-02-15 19:59:51,856 [ERROR] LogOutputStream:75 - [STDERR_REDIRECT] 
2025-02-15 19:59:51,856 [ERROR] LogOutputStream:75 - [STDERR_REDIRECT] Feb 15, 2025 7:59:51 PM java.util.prefs.FileSystemPreferences syncWorld
2025-02-15 19:59:51,856 [ERROR] LogOutputStream:75 - [STDERR_REDIRECT] WARNING: Couldn't flush system prefs: java.util.prefs.BackingStoreException: Couldn't get file lock.
2025-02-15 19:59:51,856 [ERROR] LogOutputStream:75 - [STDERR_REDIRECT] 
2025-02-15 20:00:21,857 [ERROR] LogOutputStream:75 - [STDERR_REDIRECT] Feb 15, 2025 8:00:21 PM java.util.prefs.FileSystemPreferences checkLockFile0ErrorCode
2025-02-15 20:00:21,857 [ERROR] LogOutputStream:75 - [STDERR_REDIRECT] WARNING: Could not lock System prefs. Unix error code 2.
2025-02-15 20:00:21,857 [ERROR] LogOutputStream:75 - [STDERR_REDIRECT] 
2025-02-15 20:00:21,857 [ERROR] LogOutputStream:75 - [STDERR_REDIRECT] Feb 15, 2025 8:00:21 PM java.util.prefs.FileSystemPreferences syncWorld
2025-02-15 20:00:21,857 [ERROR] LogOutputStream:75 - [STDERR_REDIRECT] WARNING: Couldn't flush system prefs: java.util.prefs.BackingStoreException: Couldn't get file lock.
2025-02-15 20:00:21,857 [ERROR] LogOutputStream:75 - [STDERR_REDIRECT] 
2025-02-15 20:00:51,857 [ERROR] LogOutputStream:75 - [STDERR_REDIRECT] Feb 15, 2025 8:00:51 PM java.util.prefs.FileSystemPreferences checkLockFile0ErrorCode
2025-02-15 20:00:51,857 [ERROR] LogOutputStream:75 - [STDERR_REDIRECT] WARNING: Could not lock System prefs. Unix error code 2.
2025-02-15 20:00:51,857 [ERROR] LogOutputStream:75 - [STDERR_REDIRECT] 
2025-02-15 20:00:51,857 [ERROR] LogOutputStream:75 - [STDERR_REDIRECT] Feb 15, 2025 8:00:51 PM java.util.prefs.FileSystemPreferences syncWorld
2025-02-15 20:00:51,857 [ERROR] LogOutputStream:75 - [STDERR_REDIRECT] WARNING: Couldn't flush system prefs: java.util.prefs.BackingStoreException: Couldn't get file lock.
2025-02-15 20:00:51,857 [ERROR] LogOutputStream:75 - [STDERR_REDIRECT] 
2025-02-15 20:01:21,858 [ERROR] LogOutputStream:75 - [STDERR_REDIRECT] Feb 15, 2025 8:01:21 PM java.util.prefs.FileSystemPreferences checkLockFile0ErrorCode
2025-02-15 20:01:21,858 [ERROR] LogOutputStream:75 - [STDERR_REDIRECT] WARNING: Could not lock System prefs. Unix error code 2.
2025-02-15 20:01:21,858 [ERROR] LogOutputStream:75 - [STDERR_REDIRECT] 
2025-02-15 20:01:21,858 [ERROR] LogOutputStream:75 - [STDERR_REDIRECT] Feb 15, 2025 8:01:21 PM java.util.prefs.FileSystemPreferences syncWorld
2025-02-15 20:01:21,858 [ERROR] LogOutputStream:75 - [STDERR_REDIRECT] WARNING: Couldn't flush system prefs: java.util.prefs.BackingStoreException: Couldn't get file lock.
2025-02-15 20:01:21,858 [ERROR] LogOutputStream:75 - [STDERR_REDIRECT] 
2025-02-15 20:01:51,858 [ERROR] LogOutputStream:75 - [STDERR_REDIRECT] Feb 15, 2025 8:01:51 PM java.util.prefs.FileSystemPreferences checkLockFile0ErrorCode
2025-02-15 20:01:51,859 [ERROR] LogOutputStream:75 - [STDERR_REDIRECT] WARNING: Could not lock System prefs. Unix error code 2.
2025-02-15 20:01:51,859 [ERROR] LogOutputStream:75 - [STDERR_REDIRECT] 
2025-02-15 20:01:51,859 [ERROR] LogOutputStream:75 - [STDERR_REDIRECT] Feb 15, 2025 8:01:51 PM java.util.prefs.FileSystemPreferences syncWorld
2025-02-15 20:01:51,859 [ERROR] LogOutputStream:75 - [STDERR_REDIRECT] WARNING: Couldn't flush system prefs: java.util.prefs.BackingStoreException: Couldn't get file lock.
2025-02-15 20:01:51,859 [ERROR] LogOutputStream:75 - [STDERR_REDIRECT] 
2025-02-15 20:02:21,858 [ERROR] LogOutputStream:75 - [STDERR_REDIRECT] Feb 15, 2025 8:02:21 PM java.util.prefs.FileSystemPreferences checkLockFile0ErrorCode
2025-02-15 20:02:21,858 [ERROR] LogOutputStream:75 - [STDERR_REDIRECT] WARNING: Could not lock System prefs. Unix error code 2.
2025-02-15 20:02:21,858 [ERROR] LogOutputStream:75 - [STDERR_REDIRECT] 
2025-02-15 20:02:21,858 [ERROR] LogOutputStream:75 - [STDERR_REDIRECT] Feb 15, 2025 8:02:21 PM java.util.prefs.FileSystemPreferences syncWorld
2025-02-15 20:02:21,858 [ERROR] LogOutputStream:75 - [STDERR_REDIRECT] WARNING: Couldn't flush system prefs: java.util.prefs.BackingStoreException: Couldn't get file lock.
2025-02-15 20:02:21,858 [ERROR] LogOutputStream:75 - [STDERR_REDIRECT] 
2025-02-15 20:02:51,859 [ERROR] LogOutputStream:75 - [STDERR_REDIRECT] Feb 15, 2025 8:02:51 PM java.util.prefs.FileSystemPreferences checkLockFile0ErrorCode
2025-02-15 20:02:51,859 [ERROR] LogOutputStream:75 - [STDERR_REDIRECT] WARNING: Could not lock System prefs. Unix error code 2.
2025-02-15 20:02:51,859 [ERROR] LogOutputStream:75 - [STDERR_REDIRECT] 
2025-02-15 20:02:51,859 [ERROR] LogOutputStream:75 - [STDERR_REDIRECT] Feb 15, 2025 8:02:51 PM java.util.prefs.FileSystemPreferences syncWorld
2025-02-15 20:02:51,859 [ERROR] LogOutputStream:75 - [STDERR_REDIRECT] WARNING: Couldn't flush system prefs: java.util.prefs.BackingStoreException: Couldn't get file lock.
2025-02-15 20:02:51,859 [ERROR] LogOutputStream:75 - [STDERR_REDIRECT] 
2025-02-15 20:03:21,858 [ERROR] LogOutputStream:75 - [STDERR_REDIRECT] Feb 15, 2025 8:03:21 PM java.util.prefs.FileSystemPreferences checkLockFile0ErrorCode
2025-02-15 20:03:21,858 [ERROR] LogOutputStream:75 - [STDERR_REDIRECT] WARNING: Could not lock System prefs. Unix error code 2.
2025-02-15 20:03:21,858 [ERROR] LogOutputStream:75 - [STDERR_REDIRECT] 
2025-02-15 20:03:21,858 [ERROR] LogOutputStream:75 - [STDERR_REDIRECT] Feb 15, 2025 8:03:21 PM java.util.prefs.FileSystemPreferences syncWorld
2025-02-15 20:03:21,858 [ERROR] LogOutputStream:75 - [STDERR_REDIRECT] WARNING: Couldn't flush system prefs: java.util.prefs.BackingStoreException: Couldn't get file lock.
2025-02-15 20:03:21,858 [ERROR] LogOutputStream:75 - [STDERR_REDIRECT] 
2025-02-15 20:03:51,859 [ERROR] LogOutputStream:75 - [STDERR_REDIRECT] Feb 15, 2025 8:03:51 PM java.util.prefs.FileSystemPreferences checkLockFile0ErrorCode
2025-02-15 20:03:51,859 [ERROR] LogOutputStream:75 - [STDERR_REDIRECT] WARNING: Could not lock System prefs. Unix error code 2.
2025-02-15 20:03:51,859 [ERROR] LogOutputStream:75 - [STDERR_REDIRECT] 
2025-02-15 20:03:51,859 [ERROR] LogOutputStream:75 - [STDERR_REDIRECT] Feb 15, 2025 8:03:51 PM java.util.prefs.FileSystemPreferences syncWorld
2025-02-15 20:03:51,859 [ERROR] LogOutputStream:75 - [STDERR_REDIRECT] WARNING: Couldn't flush system prefs: java.util.prefs.BackingStoreException: Couldn't get file lock.
2025-02-15 20:03:51,859 [ERROR] LogOutputStream:75 - [STDERR_REDIRECT] 
2025-02-15 20:04:21,858 [ERROR] LogOutputStream:75 - [STDERR_REDIRECT] Feb 15, 2025 8:04:21 PM java.util.prefs.FileSystemPreferences checkLockFile0ErrorCode
2025-02-15 20:04:21,858 [ERROR] LogOutputStream:75 - [STDERR_REDIRECT] WARNING: Could not lock System prefs. Unix error code 2.
2025-02-15 20:04:21,858 [ERROR] LogOutputStream:75 - [STDERR_REDIRECT] 
2025-02-15 20:04:21,858 [ERROR] LogOutputStream:75 - [STDERR_REDIRECT] Feb 15, 2025 8:04:21 PM java.util.prefs.FileSystemPreferences syncWorld
2025-02-15 20:04:21,858 [ERROR] LogOutputStream:75 - [STDERR_REDIRECT] WARNING: Couldn't flush system prefs: java.util.prefs.BackingStoreException: Couldn't get file lock.
2025-02-15 20:04:21,858 [ERROR] LogOutputStream:75 - [STDERR_REDIRECT] 
2025-02-15 20:04:51,859 [ERROR] LogOutputStream:75 - [STDERR_REDIRECT] Feb 15, 2025 8:04:51 PM java.util.prefs.FileSystemPreferences checkLockFile0ErrorCode
2025-02-15 20:04:51,859 [ERROR] LogOutputStream:75 - [STDERR_REDIRECT] WARNING: Could not lock System prefs. Unix error code 2.
2025-02-15 20:04:51,859 [ERROR] LogOutputStream:75 - [STDERR_REDIRECT] 
2025-02-15 20:04:51,859 [ERROR] LogOutputStream:75 - [STDERR_REDIRECT] Feb 15, 2025 8:04:51 PM java.util.prefs.FileSystemPreferences syncWorld
2025-02-15 20:04:51,859 [ERROR] LogOutputStream:75 - [STDERR_REDIRECT] WARNING: Couldn't flush system prefs: java.util.prefs.BackingStoreException: Couldn't get file lock.
2025-02-15 20:04:51,859 [ERROR] LogOutputStream:75 - [STDERR_REDIRECT] 
2025-02-15 20:05:21,859 [ERROR] LogOutputStream:75 - [STDERR_REDIRECT] Feb 15, 2025 8:05:21 PM java.util.prefs.FileSystemPreferences checkLockFile0ErrorCode
2025-02-15 20:05:21,859 [ERROR] LogOutputStream:75 - [STDERR_REDIRECT] WARNING: Could not lock System prefs. Unix error code 2.
2025-02-15 20:05:21,859 [ERROR] LogOutputStream:75 - [STDERR_REDIRECT] 
2025-02-15 20:05:21,859 [ERROR] LogOutputStream:75 - [STDERR_REDIRECT] Feb 15, 2025 8:05:21 PM java.util.prefs.FileSystemPreferences syncWorld
2025-02-15 20:05:21,859 [ERROR] LogOutputStream:75 - [STDERR_REDIRECT] WARNING: Couldn't flush system prefs: java.util.prefs.BackingStoreException: Couldn't get file lock.
2025-02-15 20:05:21,860 [ERROR] LogOutputStream:75 - [STDERR_REDIRECT] 
2025-02-15 20:05:51,859 [ERROR] LogOutputStream:75 - [STDERR_REDIRECT] Feb 15, 2025 8:05:51 PM java.util.prefs.FileSystemPreferences checkLockFile0ErrorCode
2025-02-15 20:05:51,859 [ERROR] LogOutputStream:75 - [STDERR_REDIRECT] WARNING: Could not lock System prefs. Unix error code 2.
2025-02-15 20:05:51,859 [ERROR] LogOutputStream:75 - [STDERR_REDIRECT] 
2025-02-15 20:05:51,859 [ERROR] LogOutputStream:75 - [STDERR_REDIRECT] Feb 15, 2025 8:05:51 PM java.util.prefs.FileSystemPreferences syncWorld
2025-02-15 20:05:51,859 [ERROR] LogOutputStream:75 - [STDERR_REDIRECT] WARNING: Couldn't flush system prefs: java.util.prefs.BackingStoreException: Couldn't get file lock.
2025-02-15 20:05:51,859 [ERROR] LogOutputStream:75 - [STDERR_REDIRECT] 
2025-02-15 20:06:21,859 [ERROR] LogOutputStream:75 - [STDERR_REDIRECT] Feb 15, 2025 8:06:21 PM java.util.prefs.FileSystemPreferences checkLockFile0ErrorCode
2025-02-15 20:06:21,859 [ERROR] LogOutputStream:75 - [STDERR_REDIRECT] WARNING: Could not lock System prefs. Unix error code 2.
2025-02-15 20:06:21,860 [ERROR] LogOutputStream:75 - [STDERR_REDIRECT] 
2025-02-15 20:06:21,860 [ERROR] LogOutputStream:75 - [STDERR_REDIRECT] Feb 15, 2025 8:06:21 PM java.util.prefs.FileSystemPreferences syncWorld
2025-02-15 20:06:21,860 [ERROR] LogOutputStream:75 - [STDERR_REDIRECT] WARNING: Couldn't flush system prefs: java.util.prefs.BackingStoreException: Couldn't get file lock.
2025-02-15 20:06:21,860 [ERROR] LogOutputStream:75 - [STDERR_REDIRECT] 
2025-02-15 20:06:51,859 [ERROR] LogOutputStream:75 - [STDERR_REDIRECT] Feb 15, 2025 8:06:51 PM java.util.prefs.FileSystemPreferences checkLockFile0ErrorCode
2025-02-15 20:06:51,859 [ERROR] LogOutputStream:75 - [STDERR_REDIRECT] WARNING: Could not lock System prefs. Unix error code 2.
2025-02-15 20:06:51,859 [ERROR] LogOutputStream:75 - [STDERR_REDIRECT] 
2025-02-15 20:06:51,859 [ERROR] LogOutputStream:75 - [STDERR_REDIRECT] Feb 15, 2025 8:06:51 PM java.util.prefs.FileSystemPreferences syncWorld
2025-02-15 20:06:51,859 [ERROR] LogOutputStream:75 - [STDERR_REDIRECT] WARNING: Couldn't flush system prefs: java.util.prefs.BackingStoreException: Couldn't get file lock.
2025-02-15 20:06:51,859 [ERROR] LogOutputStream:75 - [STDERR_REDIRECT] 
2025-02-15 20:07:21,860 [ERROR] LogOutputStream:75 - [STDERR_REDIRECT] Feb 15, 2025 8:07:21 PM java.util.prefs.FileSystemPreferences checkLockFile0ErrorCode
2025-02-15 20:07:21,860 [ERROR] LogOutputStream:75 - [STDERR_REDIRECT] WARNING: Could not lock System prefs. Unix error code 2.
2025-02-15 20:07:21,860 [ERROR] LogOutputStream:75 - [STDERR_REDIRECT] 
2025-02-15 20:07:21,860 [ERROR] LogOutputStream:75 - [STDERR_REDIRECT] Feb 15, 2025 8:07:21 PM java.util.prefs.FileSystemPreferences syncWorld
2025-02-15 20:07:21,860 [ERROR] LogOutputStream:75 - [STDERR_REDIRECT] WARNING: Couldn't flush system prefs: java.util.prefs.BackingStoreException: Couldn't get file lock.
2025-02-15 20:07:21,860 [ERROR] LogOutputStream:75 - [STDERR_REDIRECT] 
2025-02-15 20:07:51,859 [ERROR] LogOutputStream:75 - [STDERR_REDIRECT] Feb 15, 2025 8:07:51 PM java.util.prefs.FileSystemPreferences checkLockFile0ErrorCode
2025-02-15 20:07:51,859 [ERROR] LogOutputStream:75 - [STDERR_REDIRECT] WARNING: Could not lock System prefs. Unix error code 2.
2025-02-15 20:07:51,859 [ERROR] LogOutputStream:75 - [STDERR_REDIRECT] 
2025-02-15 20:07:51,859 [ERROR] LogOutputStream:75 - [STDERR_REDIRECT] Feb 15, 2025 8:07:51 PM java.util.prefs.FileSystemPreferences syncWorld
2025-02-15 20:07:51,859 [ERROR] LogOutputStream:75 - [STDERR_REDIRECT] WARNING: Couldn't flush system prefs: java.util.prefs.BackingStoreException: Couldn't get file lock.
2025-02-15 20:07:51,859 [ERROR] LogOutputStream:75 - [STDERR_REDIRECT] 
2025-02-15 20:08:21,860 [ERROR] LogOutputStream:75 - [STDERR_REDIRECT] Feb 15, 2025 8:08:21 PM java.util.prefs.FileSystemPreferences checkLockFile0ErrorCode
2025-02-15 20:08:21,860 [ERROR] LogOutputStream:75 - [STDERR_REDIRECT] WARNING: Could not lock System prefs. Unix error code 2.
2025-02-15 20:08:21,860 [ERROR] LogOutputStream:75 - [STDERR_REDIRECT] 
2025-02-15 20:08:21,860 [ERROR] LogOutputStream:75 - [STDERR_REDIRECT] Feb 15, 2025 8:08:21 PM java.util.prefs.FileSystemPreferences syncWorld
2025-02-15 20:08:21,860 [ERROR] LogOutputStream:75 - [STDERR_REDIRECT] WARNING: Couldn't flush system prefs: java.util.prefs.BackingStoreException: Couldn't get file lock.
2025-02-15 20:08:21,860 [ERROR] LogOutputStream:75 - [STDERR_REDIRECT] 
2025-02-15 20:08:51,860 [ERROR] LogOutputStream:75 - [STDERR_REDIRECT] Feb 15, 2025 8:08:51 PM java.util.prefs.FileSystemPreferences checkLockFile0ErrorCode
2025-02-15 20:08:51,860 [ERROR] LogOutputStream:75 - [STDERR_REDIRECT] WARNING: Could not lock System prefs. Unix error code 2.
2025-02-15 20:08:51,860 [ERROR] LogOutputStream:75 - [STDERR_REDIRECT] 
2025-02-15 20:08:51,860 [ERROR] LogOutputStream:75 - [STDERR_REDIRECT] Feb 15, 2025 8:08:51 PM java.util.prefs.FileSystemPreferences syncWorld
2025-02-15 20:08:51,860 [ERROR] LogOutputStream:75 - [STDERR_REDIRECT] WARNING: Couldn't flush system prefs: java.util.prefs.BackingStoreException: Couldn't get file lock.
2025-02-15 20:08:51,860 [ERROR] LogOutputStream:75 - [STDERR_REDIRECT] 
2025-02-15 20:09:21,861 [ERROR] LogOutputStream:75 - [STDERR_REDIRECT] Feb 15, 2025 8:09:21 PM java.util.prefs.FileSystemPreferences checkLockFile0ErrorCode
2025-02-15 20:09:21,861 [ERROR] LogOutputStream:75 - [STDERR_REDIRECT] WARNING: Could not lock System prefs. Unix error code 2.
2025-02-15 20:09:21,867 [ERROR] LogOutputStream:75 - [STDERR_REDIRECT] 
2025-02-15 20:09:21,867 [ERROR] LogOutputStream:75 - [STDERR_REDIRECT] Feb 15, 2025 8:09:21 PM java.util.prefs.FileSystemPreferences syncWorld
2025-02-15 20:09:21,867 [ERROR] LogOutputStream:75 - [STDERR_REDIRECT] WARNING: Couldn't flush system prefs: java.util.prefs.BackingStoreException: Couldn't get file lock.
2025-02-15 20:09:21,867 [ERROR] LogOutputStream:75 - [STDERR_REDIRECT] 
2025-02-15 20:09:51,861 [ERROR] LogOutputStream:75 - [STDERR_REDIRECT] Feb 15, 2025 8:09:51 PM java.util.prefs.FileSystemPreferences checkLockFile0ErrorCode
2025-02-15 20:09:51,861 [ERROR] LogOutputStream:75 - [STDERR_REDIRECT] WARNING: Could not lock System prefs. Unix error code 2.
2025-02-15 20:09:51,861 [ERROR] LogOutputStream:75 - [STDERR_REDIRECT] 
2025-02-15 20:09:51,862 [ERROR] LogOutputStream:75 - [STDERR_REDIRECT] Feb 15, 2025 8:09:51 PM java.util.prefs.FileSystemPreferences syncWorld
2025-02-15 20:09:51,862 [ERROR] LogOutputStream:75 - [STDERR_REDIRECT] WARNING: Couldn't flush system prefs: java.util.prefs.BackingStoreException: Couldn't get file lock.
2025-02-15 20:09:51,862 [ERROR] LogOutputStream:75 - [STDERR_REDIRECT] 
2025-02-15 20:10:21,861 [ERROR] LogOutputStream:75 - [STDERR_REDIRECT] Feb 15, 2025 8:10:21 PM java.util.prefs.FileSystemPreferences checkLockFile0ErrorCode
2025-02-15 20:10:21,861 [ERROR] LogOutputStream:75 - [STDERR_REDIRECT] WARNING: Could not lock System prefs. Unix error code 2.
2025-02-15 20:10:21,861 [ERROR] LogOutputStream:75 - [STDERR_REDIRECT] 
2025-02-15 20:10:21,861 [ERROR] LogOutputStream:75 - [STDERR_REDIRECT] Feb 15, 2025 8:10:21 PM java.util.prefs.FileSystemPreferences syncWorld
2025-02-15 20:10:21,861 [ERROR] LogOutputStream:75 - [STDERR_REDIRECT] WARNING: Couldn't flush system prefs: java.util.prefs.BackingStoreException: Couldn't get file lock.
2025-02-15 20:10:21,861 [ERROR] LogOutputStream:75 - [STDERR_REDIRECT] 
2025-02-15 20:10:51,862 [ERROR] LogOutputStream:75 - [STDERR_REDIRECT] Feb 15, 2025 8:10:51 PM java.util.prefs.FileSystemPreferences checkLockFile0ErrorCode
2025-02-15 20:10:51,862 [ERROR] LogOutputStream:75 - [STDERR_REDIRECT] WARNING: Could not lock System prefs. Unix error code 2.
2025-02-15 20:10:51,862 [ERROR] LogOutputStream:75 - [STDERR_REDIRECT] 
2025-02-15 20:10:51,862 [ERROR] LogOutputStream:75 - [STDERR_REDIRECT] Feb 15, 2025 8:10:51 PM java.util.prefs.FileSystemPreferences syncWorld
2025-02-15 20:10:51,862 [ERROR] LogOutputStream:75 - [STDERR_REDIRECT] WARNING: Couldn't flush system prefs: java.util.prefs.BackingStoreException: Couldn't get file lock.
2025-02-15 20:10:51,862 [ERROR] LogOutputStream:75 - [STDERR_REDIRECT] 
2025-02-15 20:11:21,861 [ERROR] LogOutputStream:75 - [STDERR_REDIRECT] Feb 15, 2025 8:11:21 PM java.util.prefs.FileSystemPreferences checkLockFile0ErrorCode
2025-02-15 20:11:21,861 [ERROR] LogOutputStream:75 - [STDERR_REDIRECT] WARNING: Could not lock System prefs. Unix error code 2.
2025-02-15 20:11:21,861 [ERROR] LogOutputStream:75 - [STDERR_REDIRECT] 
2025-02-15 20:11:21,861 [ERROR] LogOutputStream:75 - [STDERR_REDIRECT] Feb 15, 2025 8:11:21 PM java.util.prefs.FileSystemPreferences syncWorld
2025-02-15 20:11:21,861 [ERROR] LogOutputStream:75 - [STDERR_REDIRECT] WARNING: Couldn't flush system prefs: java.util.prefs.BackingStoreException: Couldn't get file lock.
2025-02-15 20:11:21,861 [ERROR] LogOutputStream:75 - [STDERR_REDIRECT] 
2025-02-15 20:11:51,862 [ERROR] LogOutputStream:75 - [STDERR_REDIRECT] Feb 15, 2025 8:11:51 PM java.util.prefs.FileSystemPreferences checkLockFile0ErrorCode
2025-02-15 20:11:51,862 [ERROR] LogOutputStream:75 - [STDERR_REDIRECT] WARNING: Could not lock System prefs. Unix error code 2.
2025-02-15 20:11:51,862 [ERROR] LogOutputStream:75 - [STDERR_REDIRECT] 
2025-02-15 20:11:51,862 [ERROR] LogOutputStream:75 - [STDERR_REDIRECT] Feb 15, 2025 8:11:51 PM java.util.prefs.FileSystemPreferences syncWorld
2025-02-15 20:11:51,862 [ERROR] LogOutputStream:75 - [STDERR_REDIRECT] WARNING: Couldn't flush system prefs: java.util.prefs.BackingStoreException: Couldn't get file lock.
2025-02-15 20:11:51,862 [ERROR] LogOutputStream:75 - [STDERR_REDIRECT] 
2025-02-15 20:12:21,861 [ERROR] LogOutputStream:75 - [STDERR_REDIRECT] Feb 15, 2025 8:12:21 PM java.util.prefs.FileSystemPreferences checkLockFile0ErrorCode
2025-02-15 20:12:21,861 [ERROR] LogOutputStream:75 - [STDERR_REDIRECT] WARNING: Could not lock System prefs. Unix error code 2.
2025-02-15 20:12:21,867 [ERROR] LogOutputStream:75 - [STDERR_REDIRECT] 
2025-02-15 20:12:21,868 [ERROR] LogOutputStream:75 - [STDERR_REDIRECT] Feb 15, 2025 8:12:21 PM java.util.prefs.FileSystemPreferences syncWorld
2025-02-15 20:12:21,868 [ERROR] LogOutputStream:75 - [STDERR_REDIRECT] WARNING: Couldn't flush system prefs: java.util.prefs.BackingStoreException: Couldn't get file lock.
2025-02-15 20:12:21,868 [ERROR] LogOutputStream:75 - [STDERR_REDIRECT] 
2025-02-15 20:12:51,861 [ERROR] LogOutputStream:75 - [STDERR_REDIRECT] Feb 15, 2025 8:12:51 PM java.util.prefs.FileSystemPreferences checkLockFile0ErrorCode
2025-02-15 20:12:51,861 [ERROR] LogOutputStream:75 - [STDERR_REDIRECT] WARNING: Could not lock System prefs. Unix error code 2.
2025-02-15 20:12:51,861 [ERROR] LogOutputStream:75 - [STDERR_REDIRECT] 
2025-02-15 20:12:51,861 [ERROR] LogOutputStream:75 - [STDERR_REDIRECT] Feb 15, 2025 8:12:51 PM java.util.prefs.FileSystemPreferences syncWorld
2025-02-15 20:12:51,861 [ERROR] LogOutputStream:75 - [STDERR_REDIRECT] WARNING: Couldn't flush system prefs: java.util.prefs.BackingStoreException: Couldn't get file lock.
2025-02-15 20:12:51,861 [ERROR] LogOutputStream:75 - [STDERR_REDIRECT] 
2025-02-15 20:13:21,861 [ERROR] LogOutputStream:75 - [STDERR_REDIRECT] Feb 15, 2025 8:13:21 PM java.util.prefs.FileSystemPreferences checkLockFile0ErrorCode
2025-02-15 20:13:21,862 [ERROR] LogOutputStream:75 - [STDERR_REDIRECT] WARNING: Could not lock System prefs. Unix error code 2.
2025-02-15 20:13:21,862 [ERROR] LogOutputStream:75 - [STDERR_REDIRECT] 
2025-02-15 20:13:21,862 [ERROR] LogOutputStream:75 - [STDERR_REDIRECT] Feb 15, 2025 8:13:21 PM java.util.prefs.FileSystemPreferences syncWorld
2025-02-15 20:13:21,862 [ERROR] LogOutputStream:75 - [STDERR_REDIRECT] WARNING: Couldn't flush system prefs: java.util.prefs.BackingStoreException: Couldn't get file lock.
2025-02-15 20:13:21,862 [ERROR] LogOutputStream:75 - [STDERR_REDIRECT] 
2025-02-15 20:13:51,861 [ERROR] LogOutputStream:75 - [STDERR_REDIRECT] Feb 15, 2025 8:13:51 PM java.util.prefs.FileSystemPreferences checkLockFile0ErrorCode
2025-02-15 20:13:51,861 [ERROR] LogOutputStream:75 - [STDERR_REDIRECT] WARNING: Could not lock System prefs. Unix error code 2.
2025-02-15 20:13:51,861 [ERROR] LogOutputStream:75 - [STDERR_REDIRECT] 
2025-02-15 20:13:51,861 [ERROR] LogOutputStream:75 - [STDERR_REDIRECT] Feb 15, 2025 8:13:51 PM java.util.prefs.FileSystemPreferences syncWorld
2025-02-15 20:13:51,861 [ERROR] LogOutputStream:75 - [STDERR_REDIRECT] WARNING: Couldn't flush system prefs: java.util.prefs.BackingStoreException: Couldn't get file lock.
2025-02-15 20:13:51,861 [ERROR] LogOutputStream:75 - [STDERR_REDIRECT] 
2025-02-15 20:14:21,861 [ERROR] LogOutputStream:75 - [STDERR_REDIRECT] Feb 15, 2025 8:14:21 PM java.util.prefs.FileSystemPreferences checkLockFile0ErrorCode
2025-02-15 20:14:21,862 [ERROR] LogOutputStream:75 - [STDERR_REDIRECT] WARNING: Could not lock System prefs. Unix error code 2.
2025-02-15 20:14:21,862 [ERROR] LogOutputStream:75 - [STDERR_REDIRECT] 
2025-02-15 20:14:21,862 [ERROR] LogOutputStream:75 - [STDERR_REDIRECT] Feb 15, 2025 8:14:21 PM java.util.prefs.FileSystemPreferences syncWorld
2025-02-15 20:14:21,862 [ERROR] LogOutputStream:75 - [STDERR_REDIRECT] WARNING: Couldn't flush system prefs: java.util.prefs.BackingStoreException: Couldn't get file lock.
2025-02-15 20:14:21,862 [ERROR] LogOutputStream:75 - [STDERR_REDIRECT] 
2025-02-15 20:14:51,861 [ERROR] LogOutputStream:75 - [STDERR_REDIRECT] Feb 15, 2025 8:14:51 PM java.util.prefs.FileSystemPreferences checkLockFile0ErrorCode
2025-02-15 20:14:51,861 [ERROR] LogOutputStream:75 - [STDERR_REDIRECT] WARNING: Could not lock System prefs. Unix error code 2.
2025-02-15 20:14:51,861 [ERROR] LogOutputStream:75 - [STDERR_REDIRECT] 
2025-02-15 20:14:51,861 [ERROR] LogOutputStream:75 - [STDERR_REDIRECT] Feb 15, 2025 8:14:51 PM java.util.prefs.FileSystemPreferences syncWorld
2025-02-15 20:14:51,861 [ERROR] LogOutputStream:75 - [STDERR_REDIRECT] WARNING: Couldn't flush system prefs: java.util.prefs.BackingStoreException: Couldn't get file lock.
2025-02-15 20:14:51,861 [ERROR] LogOutputStream:75 - [STDERR_REDIRECT] 
2025-02-15 20:15:21,862 [ERROR] LogOutputStream:75 - [STDERR_REDIRECT] Feb 15, 2025 8:15:21 PM java.util.prefs.FileSystemPreferences checkLockFile0ErrorCode
2025-02-15 20:15:21,862 [ERROR] LogOutputStream:75 - [STDERR_REDIRECT] WARNING: Could not lock System prefs. Unix error code 2.
2025-02-15 20:15:21,862 [ERROR] LogOutputStream:75 - [STDERR_REDIRECT] 
2025-02-15 20:15:21,862 [ERROR] LogOutputStream:75 - [STDERR_REDIRECT] Feb 15, 2025 8:15:21 PM java.util.prefs.FileSystemPreferences syncWorld
2025-02-15 20:15:21,862 [ERROR] LogOutputStream:75 - [STDERR_REDIRECT] WARNING: Couldn't flush system prefs: java.util.prefs.BackingStoreException: Couldn't get file lock.
2025-02-15 20:15:21,862 [ERROR] LogOutputStream:75 - [STDERR_REDIRECT] 
2025-02-15 20:15:51,861 [ERROR] LogOutputStream:75 - [STDERR_REDIRECT] Feb 15, 2025 8:15:51 PM java.util.prefs.FileSystemPreferences checkLockFile0ErrorCode
2025-02-15 20:15:51,861 [ERROR] LogOutputStream:75 - [STDERR_REDIRECT] WARNING: Could not lock System prefs. Unix error code 2.
2025-02-15 20:15:51,861 [ERROR] LogOutputStream:75 - [STDERR_REDIRECT] 
2025-02-15 20:15:51,861 [ERROR] LogOutputStream:75 - [STDERR_REDIRECT] Feb 15, 2025 8:15:51 PM java.util.prefs.FileSystemPreferences syncWorld
2025-02-15 20:15:51,861 [ERROR] LogOutputStream:75 - [STDERR_REDIRECT] WARNING: Couldn't flush system prefs: java.util.prefs.BackingStoreException: Couldn't get file lock.
2025-02-15 20:15:51,861 [ERROR] LogOutputStream:75 - [STDERR_REDIRECT] 
2025-02-15 20:16:21,861 [ERROR] LogOutputStream:75 - [STDERR_REDIRECT] Feb 15, 2025 8:16:21 PM java.util.prefs.FileSystemPreferences checkLockFile0ErrorCode
2025-02-15 20:16:21,861 [ERROR] LogOutputStream:75 - [STDERR_REDIRECT] WARNING: Could not lock System prefs. Unix error code 2.
2025-02-15 20:16:21,861 [ERROR] LogOutputStream:75 - [STDERR_REDIRECT] 
2025-02-15 20:16:21,862 [ERROR] LogOutputStream:75 - [STDERR_REDIRECT] Feb 15, 2025 8:16:21 PM java.util.prefs.FileSystemPreferences syncWorld
2025-02-15 20:16:21,862 [ERROR] LogOutputStream:75 - [STDERR_REDIRECT] WARNING: Couldn't flush system prefs: java.util.prefs.BackingStoreException: Couldn't get file lock.
2025-02-15 20:16:21,862 [ERROR] LogOutputStream:75 - [STDERR_REDIRECT] 
2025-02-15 20:16:51,861 [ERROR] LogOutputStream:75 - [STDERR_REDIRECT] Feb 15, 2025 8:16:51 PM java.util.prefs.FileSystemPreferences checkLockFile0ErrorCode
2025-02-15 20:16:51,861 [ERROR] LogOutputStream:75 - [STDERR_REDIRECT] WARNING: Could not lock System prefs. Unix error code 2.
2025-02-15 20:16:51,867 [ERROR] LogOutputStream:75 - [STDERR_REDIRECT] 
2025-02-15 20:16:51,868 [ERROR] LogOutputStream:75 - [STDERR_REDIRECT] Feb 15, 2025 8:16:51 PM java.util.prefs.FileSystemPreferences syncWorld
2025-02-15 20:16:51,868 [ERROR] LogOutputStream:75 - [STDERR_REDIRECT] WARNING: Couldn't flush system prefs: java.util.prefs.BackingStoreException: Couldn't get file lock.
2025-02-15 20:16:51,868 [ERROR] LogOutputStream:75 - [STDERR_REDIRECT] 
2025-02-15 20:17:21,861 [ERROR] LogOutputStream:75 - [STDERR_REDIRECT] Feb 15, 2025 8:17:21 PM java.util.prefs.FileSystemPreferences checkLockFile0ErrorCode
2025-02-15 20:17:21,861 [ERROR] LogOutputStream:75 - [STDERR_REDIRECT] WARNING: Could not lock System prefs. Unix error code 2.
2025-02-15 20:17:21,861 [ERROR] LogOutputStream:75 - [STDERR_REDIRECT] 
2025-02-15 20:17:21,861 [ERROR] LogOutputStream:75 - [STDERR_REDIRECT] Feb 15, 2025 8:17:21 PM java.util.prefs.FileSystemPreferences syncWorld
2025-02-15 20:17:21,861 [ERROR] LogOutputStream:75 - [STDERR_REDIRECT] WARNING: Couldn't flush system prefs: java.util.prefs.BackingStoreException: Couldn't get file lock.
2025-02-15 20:17:21,861 [ERROR] LogOutputStream:75 - [STDERR_REDIRECT] 
2025-02-15 20:17:51,861 [ERROR] LogOutputStream:75 - [STDERR_REDIRECT] Feb 15, 2025 8:17:51 PM java.util.prefs.FileSystemPreferences checkLockFile0ErrorCode
2025-02-15 20:17:51,861 [ERROR] LogOutputStream:75 - [STDERR_REDIRECT] WARNING: Could not lock System prefs. Unix error code 2.
2025-02-15 20:17:51,861 [ERROR] LogOutputStream:75 - [STDERR_REDIRECT] 
2025-02-15 20:17:51,861 [ERROR] LogOutputStream:75 - [STDERR_REDIRECT] Feb 15, 2025 8:17:51 PM java.util.prefs.FileSystemPreferences syncWorld
2025-02-15 20:17:51,861 [ERROR] LogOutputStream:75 - [STDERR_REDIRECT] WARNING: Couldn't flush system prefs: java.util.prefs.BackingStoreException: Couldn't get file lock.
2025-02-15 20:17:51,861 [ERROR] LogOutputStream:75 - [STDERR_REDIRECT] 
2025-02-15 20:18:21,860 [ERROR] LogOutputStream:75 - [STDERR_REDIRECT] Feb 15, 2025 8:18:21 PM java.util.prefs.FileSystemPreferences checkLockFile0ErrorCode
2025-02-15 20:18:21,861 [ERROR] LogOutputStream:75 - [STDERR_REDIRECT] WARNING: Could not lock System prefs. Unix error code 2.
2025-02-15 20:18:21,861 [ERROR] LogOutputStream:75 - [STDERR_REDIRECT] 
2025-02-15 20:18:21,861 [ERROR] LogOutputStream:75 - [STDERR_REDIRECT] Feb 15, 2025 8:18:21 PM java.util.prefs.FileSystemPreferences syncWorld
2025-02-15 20:18:21,861 [ERROR] LogOutputStream:75 - [STDERR_REDIRECT] WARNING: Couldn't flush system prefs: java.util.prefs.BackingStoreException: Couldn't get file lock.
2025-02-15 20:18:21,861 [ERROR] LogOutputStream:75 - [STDERR_REDIRECT] 
2025-02-15 20:18:51,861 [ERROR] LogOutputStream:75 - [STDERR_REDIRECT] Feb 15, 2025 8:18:51 PM java.util.prefs.FileSystemPreferences checkLockFile0ErrorCode
2025-02-15 20:18:51,861 [ERROR] LogOutputStream:75 - [STDERR_REDIRECT] WARNING: Could not lock System prefs. Unix error code 2.
2025-02-15 20:18:51,861 [ERROR] LogOutputStream:75 - [STDERR_REDIRECT] 
2025-02-15 20:18:51,861 [ERROR] LogOutputStream:75 - [STDERR_REDIRECT] Feb 15, 2025 8:18:51 PM java.util.prefs.FileSystemPreferences syncWorld
2025-02-15 20:18:51,861 [ERROR] LogOutputStream:75 - [STDERR_REDIRECT] WARNING: Couldn't flush system prefs: java.util.prefs.BackingStoreException: Couldn't get file lock.
2025-02-15 20:18:51,861 [ERROR] LogOutputStream:75 - [STDERR_REDIRECT] 
2025-02-15 20:19:21,861 [ERROR] LogOutputStream:75 - [STDERR_REDIRECT] Feb 15, 2025 8:19:21 PM java.util.prefs.FileSystemPreferences checkLockFile0ErrorCode
2025-02-15 20:19:21,861 [ERROR] LogOutputStream:75 - [STDERR_REDIRECT] WARNING: Could not lock System prefs. Unix error code 2.
2025-02-15 20:19:21,868 [ERROR] LogOutputStream:75 - [STDERR_REDIRECT] 
2025-02-15 20:19:21,868 [ERROR] LogOutputStream:75 - [STDERR_REDIRECT] Feb 15, 2025 8:19:21 PM java.util.prefs.FileSystemPreferences syncWorld
2025-02-15 20:19:21,868 [ERROR] LogOutputStream:75 - [STDERR_REDIRECT] WARNING: Couldn't flush system prefs: java.util.prefs.BackingStoreException: Couldn't get file lock.
2025-02-15 20:19:21,868 [ERROR] LogOutputStream:75 - [STDERR_REDIRECT] 
2025-02-15 20:19:51,861 [ERROR] LogOutputStream:75 - [STDERR_REDIRECT] Feb 15, 2025 8:19:51 PM java.util.prefs.FileSystemPreferences checkLockFile0ErrorCode
2025-02-15 20:19:51,862 [ERROR] LogOutputStream:75 - [STDERR_REDIRECT] WARNING: Could not lock System prefs. Unix error code 2.
2025-02-15 20:19:51,862 [ERROR] LogOutputStream:75 - [STDERR_REDIRECT] 
2025-02-15 20:19:51,862 [ERROR] LogOutputStream:75 - [STDERR_REDIRECT] Feb 15, 2025 8:19:51 PM java.util.prefs.FileSystemPreferences syncWorld
2025-02-15 20:19:51,862 [ERROR] LogOutputStream:75 - [STDERR_REDIRECT] WARNING: Couldn't flush system prefs: java.util.prefs.BackingStoreException: Couldn't get file lock.
2025-02-15 20:19:51,862 [ERROR] LogOutputStream:75 - [STDERR_REDIRECT] 
2025-02-15 20:20:21,861 [ERROR] LogOutputStream:75 - [STDERR_REDIRECT] Feb 15, 2025 8:20:21 PM java.util.prefs.FileSystemPreferences checkLockFile0ErrorCode
2025-02-15 20:20:21,861 [ERROR] LogOutputStream:75 - [STDERR_REDIRECT] WARNING: Could not lock System prefs. Unix error code 2.
2025-02-15 20:20:21,861 [ERROR] LogOutputStream:75 - [STDERR_REDIRECT] 
2025-02-15 20:20:21,861 [ERROR] LogOutputStream:75 - [STDERR_REDIRECT] Feb 15, 2025 8:20:21 PM java.util.prefs.FileSystemPreferences syncWorld
2025-02-15 20:20:21,861 [ERROR] LogOutputStream:75 - [STDERR_REDIRECT] WARNING: Couldn't flush system prefs: java.util.prefs.BackingStoreException: Couldn't get file lock.
2025-02-15 20:20:21,861 [ERROR] LogOutputStream:75 - [STDERR_REDIRECT] 
2025-02-15 20:20:51,862 [ERROR] LogOutputStream:75 - [STDERR_REDIRECT] Feb 15, 2025 8:20:51 PM java.util.prefs.FileSystemPreferences checkLockFile0ErrorCode
2025-02-15 20:20:51,862 [ERROR] LogOutputStream:75 - [STDERR_REDIRECT] WARNING: Could not lock System prefs. Unix error code 2.
2025-02-15 20:20:51,862 [ERROR] LogOutputStream:75 - [STDERR_REDIRECT] 
2025-02-15 20:20:51,862 [ERROR] LogOutputStream:75 - [STDERR_REDIRECT] Feb 15, 2025 8:20:51 PM java.util.prefs.FileSystemPreferences syncWorld
2025-02-15 20:20:51,862 [ERROR] LogOutputStream:75 - [STDERR_REDIRECT] WARNING: Couldn't flush system prefs: java.util.prefs.BackingStoreException: Couldn't get file lock.
2025-02-15 20:20:51,862 [ERROR] LogOutputStream:75 - [STDERR_REDIRECT] 
2025-02-15 20:21:21,862 [ERROR] LogOutputStream:75 - [STDERR_REDIRECT] Feb 15, 2025 8:21:21 PM java.util.prefs.FileSystemPreferences checkLockFile0ErrorCode
2025-02-15 20:21:21,862 [ERROR] LogOutputStream:75 - [STDERR_REDIRECT] WARNING: Could not lock System prefs. Unix error code 2.
2025-02-15 20:21:21,862 [ERROR] LogOutputStream:75 - [STDERR_REDIRECT] 
2025-02-15 20:21:21,862 [ERROR] LogOutputStream:75 - [STDERR_REDIRECT] Feb 15, 2025 8:21:21 PM java.util.prefs.FileSystemPreferences syncWorld
2025-02-15 20:21:21,863 [ERROR] LogOutputStream:75 - [STDERR_REDIRECT] WARNING: Couldn't flush system prefs: java.util.prefs.BackingStoreException: Couldn't get file lock.
2025-02-15 20:21:21,863 [ERROR] LogOutputStream:75 - [STDERR_REDIRECT] 
2025-02-15 20:21:51,862 [ERROR] LogOutputStream:75 - [STDERR_REDIRECT] Feb 15, 2025 8:21:51 PM java.util.prefs.FileSystemPreferences checkLockFile0ErrorCode
2025-02-15 20:21:51,862 [ERROR] LogOutputStream:75 - [STDERR_REDIRECT] WARNING: Could not lock System prefs. Unix error code 2.
2025-02-15 20:21:51,862 [ERROR] LogOutputStream:75 - [STDERR_REDIRECT] 
2025-02-15 20:21:51,862 [ERROR] LogOutputStream:75 - [STDERR_REDIRECT] Feb 15, 2025 8:21:51 PM java.util.prefs.FileSystemPreferences syncWorld
2025-02-15 20:21:51,862 [ERROR] LogOutputStream:75 - [STDERR_REDIRECT] WARNING: Couldn't flush system prefs: java.util.prefs.BackingStoreException: Couldn't get file lock.
2025-02-15 20:21:51,862 [ERROR] LogOutputStream:75 - [STDERR_REDIRECT] 
2025-02-15 20:22:21,862 [ERROR] LogOutputStream:75 - [STDERR_REDIRECT] Feb 15, 2025 8:22:21 PM java.util.prefs.FileSystemPreferences checkLockFile0ErrorCode
2025-02-15 20:22:21,862 [ERROR] LogOutputStream:75 - [STDERR_REDIRECT] WARNING: Could not lock System prefs. Unix error code 2.
2025-02-15 20:22:21,862 [ERROR] LogOutputStream:75 - [STDERR_REDIRECT] 
2025-02-15 20:22:21,863 [ERROR] LogOutputStream:75 - [STDERR_REDIRECT] Feb 15, 2025 8:22:21 PM java.util.prefs.FileSystemPreferences syncWorld
2025-02-15 20:22:21,863 [ERROR] LogOutputStream:75 - [STDERR_REDIRECT] WARNING: Couldn't flush system prefs: java.util.prefs.BackingStoreException: Couldn't get file lock.
2025-02-15 20:22:21,863 [ERROR] LogOutputStream:75 - [STDERR_REDIRECT] 
2025-02-15 20:22:51,862 [ERROR] LogOutputStream:75 - [STDERR_REDIRECT] Feb 15, 2025 8:22:51 PM java.util.prefs.FileSystemPreferences checkLockFile0ErrorCode
2025-02-15 20:22:51,862 [ERROR] LogOutputStream:75 - [STDERR_REDIRECT] WARNING: Could not lock System prefs. Unix error code 2.
2025-02-15 20:22:51,862 [ERROR] LogOutputStream:75 - [STDERR_REDIRECT] 
2025-02-15 20:22:51,862 [ERROR] LogOutputStream:75 - [STDERR_REDIRECT] Feb 15, 2025 8:22:51 PM java.util.prefs.FileSystemPreferences syncWorld
2025-02-15 20:22:51,862 [ERROR] LogOutputStream:75 - [STDERR_REDIRECT] WARNING: Couldn't flush system prefs: java.util.prefs.BackingStoreException: Couldn't get file lock.
2025-02-15 20:22:51,862 [ERROR] LogOutputStream:75 - [STDERR_REDIRECT] 
2025-02-15 20:23:21,862 [ERROR] LogOutputStream:75 - [STDERR_REDIRECT] Feb 15, 2025 8:23:21 PM java.util.prefs.FileSystemPreferences checkLockFile0ErrorCode
2025-02-15 20:23:21,862 [ERROR] LogOutputStream:75 - [STDERR_REDIRECT] WARNING: Could not lock System prefs. Unix error code 2.
2025-02-15 20:23:21,862 [ERROR] LogOutputStream:75 - [STDERR_REDIRECT] 
2025-02-15 20:23:21,863 [ERROR] LogOutputStream:75 - [STDERR_REDIRECT] Feb 15, 2025 8:23:21 PM java.util.prefs.FileSystemPreferences syncWorld
2025-02-15 20:23:21,863 [ERROR] LogOutputStream:75 - [STDERR_REDIRECT] WARNING: Couldn't flush system prefs: java.util.prefs.BackingStoreException: Couldn't get file lock.
2025-02-15 20:23:21,863 [ERROR] LogOutputStream:75 - [STDERR_REDIRECT] 
2025-02-15 20:23:51,862 [ERROR] LogOutputStream:75 - [STDERR_REDIRECT] Feb 15, 2025 8:23:51 PM java.util.prefs.FileSystemPreferences checkLockFile0ErrorCode
2025-02-15 20:23:51,862 [ERROR] LogOutputStream:75 - [STDERR_REDIRECT] WARNING: Could not lock System prefs. Unix error code 2.
2025-02-15 20:23:51,862 [ERROR] LogOutputStream:75 - [STDERR_REDIRECT] 
2025-02-15 20:23:51,862 [ERROR] LogOutputStream:75 - [STDERR_REDIRECT] Feb 15, 2025 8:23:51 PM java.util.prefs.FileSystemPreferences syncWorld
2025-02-15 20:23:51,862 [ERROR] LogOutputStream:75 - [STDERR_REDIRECT] WARNING: Couldn't flush system prefs: java.util.prefs.BackingStoreException: Couldn't get file lock.
2025-02-15 20:23:51,862 [ERROR] LogOutputStream:75 - [STDERR_REDIRECT] 
2025-02-15 20:24:21,862 [ERROR] LogOutputStream:75 - [STDERR_REDIRECT] Feb 15, 2025 8:24:21 PM java.util.prefs.FileSystemPreferences checkLockFile0ErrorCode
2025-02-15 20:24:21,862 [ERROR] LogOutputStream:75 - [STDERR_REDIRECT] WARNING: Could not lock System prefs. Unix error code 2.
2025-02-15 20:24:21,862 [ERROR] LogOutputStream:75 - [STDERR_REDIRECT] 
2025-02-15 20:24:21,862 [ERROR] LogOutputStream:75 - [STDERR_REDIRECT] Feb 15, 2025 8:24:21 PM java.util.prefs.FileSystemPreferences syncWorld
2025-02-15 20:24:21,862 [ERROR] LogOutputStream:75 - [STDERR_REDIRECT] WARNING: Couldn't flush system prefs: java.util.prefs.BackingStoreException: Couldn't get file lock.
2025-02-15 20:24:21,862 [ERROR] LogOutputStream:75 - [STDERR_REDIRECT] 
2025-02-15 20:24:51,863 [ERROR] LogOutputStream:75 - [STDERR_REDIRECT] Feb 15, 2025 8:24:51 PM java.util.prefs.FileSystemPreferences checkLockFile0ErrorCode
2025-02-15 20:24:51,863 [ERROR] LogOutputStream:75 - [STDERR_REDIRECT] WARNING: Could not lock System prefs. Unix error code 2.
2025-02-15 20:24:51,863 [ERROR] LogOutputStream:75 - [STDERR_REDIRECT] 
2025-02-15 20:24:51,863 [ERROR] LogOutputStream:75 - [STDERR_REDIRECT] Feb 15, 2025 8:24:51 PM java.util.prefs.FileSystemPreferences syncWorld
2025-02-15 20:24:51,863 [ERROR] LogOutputStream:75 - [STDERR_REDIRECT] WARNING: Couldn't flush system prefs: java.util.prefs.BackingStoreException: Couldn't get file lock.
2025-02-15 20:24:51,863 [ERROR] LogOutputStream:75 - [STDERR_REDIRECT] 
2025-02-15 20:25:21,863 [ERROR] LogOutputStream:75 - [STDERR_REDIRECT] Feb 15, 2025 8:25:21 PM java.util.prefs.FileSystemPreferences checkLockFile0ErrorCode
2025-02-15 20:25:21,863 [ERROR] LogOutputStream:75 - [STDERR_REDIRECT] WARNING: Could not lock System prefs. Unix error code 2.
2025-02-15 20:25:21,863 [ERROR] LogOutputStream:75 - [STDERR_REDIRECT] 
2025-02-15 20:25:21,864 [ERROR] LogOutputStream:75 - [STDERR_REDIRECT] Feb 15, 2025 8:25:21 PM java.util.prefs.FileSystemPreferences syncWorld
2025-02-15 20:25:21,864 [ERROR] LogOutputStream:75 - [STDERR_REDIRECT] WARNING: Couldn't flush system prefs: java.util.prefs.BackingStoreException: Couldn't get file lock.
2025-02-15 20:25:21,864 [ERROR] LogOutputStream:75 - [STDERR_REDIRECT] 
2025-02-15 20:25:51,863 [ERROR] LogOutputStream:75 - [STDERR_REDIRECT] Feb 15, 2025 8:25:51 PM java.util.prefs.FileSystemPreferences checkLockFile0ErrorCode
2025-02-15 20:25:51,863 [ERROR] LogOutputStream:75 - [STDERR_REDIRECT] WARNING: Could not lock System prefs. Unix error code 2.
2025-02-15 20:25:51,863 [ERROR] LogOutputStream:75 - [STDERR_REDIRECT] 
2025-02-15 20:25:51,863 [ERROR] LogOutputStream:75 - [STDERR_REDIRECT] Feb 15, 2025 8:25:51 PM java.util.prefs.FileSystemPreferences syncWorld
2025-02-15 20:25:51,863 [ERROR] LogOutputStream:75 - [STDERR_REDIRECT] WARNING: Couldn't flush system prefs: java.util.prefs.BackingStoreException: Couldn't get file lock.
2025-02-15 20:25:51,863 [ERROR] LogOutputStream:75 - [STDERR_REDIRECT] 
2025-02-15 20:26:21,863 [ERROR] LogOutputStream:75 - [STDERR_REDIRECT] Feb 15, 2025 8:26:21 PM java.util.prefs.FileSystemPreferences checkLockFile0ErrorCode
2025-02-15 20:26:21,863 [ERROR] LogOutputStream:75 - [STDERR_REDIRECT] WARNING: Could not lock System prefs. Unix error code 2.
2025-02-15 20:26:21,864 [ERROR] LogOutputStream:75 - [STDERR_REDIRECT] 
2025-02-15 20:26:21,864 [ERROR] LogOutputStream:75 - [STDERR_REDIRECT] Feb 15, 2025 8:26:21 PM java.util.prefs.FileSystemPreferences syncWorld
2025-02-15 20:26:21,864 [ERROR] LogOutputStream:75 - [STDERR_REDIRECT] WARNING: Couldn't flush system prefs: java.util.prefs.BackingStoreException: Couldn't get file lock.
2025-02-15 20:26:21,864 [ERROR] LogOutputStream:75 - [STDERR_REDIRECT] 
2025-02-15 20:26:51,863 [ERROR] LogOutputStream:75 - [STDERR_REDIRECT] Feb 15, 2025 8:26:51 PM java.util.prefs.FileSystemPreferences checkLockFile0ErrorCode
2025-02-15 20:26:51,863 [ERROR] LogOutputStream:75 - [STDERR_REDIRECT] WARNING: Could not lock System prefs. Unix error code 2.
2025-02-15 20:26:51,863 [ERROR] LogOutputStream:75 - [STDERR_REDIRECT] 
2025-02-15 20:26:51,863 [ERROR] LogOutputStream:75 - [STDERR_REDIRECT] Feb 15, 2025 8:26:51 PM java.util.prefs.FileSystemPreferences syncWorld
2025-02-15 20:26:51,863 [ERROR] LogOutputStream:75 - [STDERR_REDIRECT] WARNING: Couldn't flush system prefs: java.util.prefs.BackingStoreException: Couldn't get file lock.
2025-02-15 20:26:51,863 [ERROR] LogOutputStream:75 - [STDERR_REDIRECT] 
2025-02-15 20:27:21,863 [ERROR] LogOutputStream:75 - [STDERR_REDIRECT] Feb 15, 2025 8:27:21 PM java.util.prefs.FileSystemPreferences checkLockFile0ErrorCode
2025-02-15 20:27:21,863 [ERROR] LogOutputStream:75 - [STDERR_REDIRECT] WARNING: Could not lock System prefs. Unix error code 2.
2025-02-15 20:27:21,864 [ERROR] LogOutputStream:75 - [STDERR_REDIRECT] 
2025-02-15 20:27:21,864 [ERROR] LogOutputStream:75 - [STDERR_REDIRECT] Feb 15, 2025 8:27:21 PM java.util.prefs.FileSystemPreferences syncWorld
2025-02-15 20:27:21,864 [ERROR] LogOutputStream:75 - [STDERR_REDIRECT] WARNING: Couldn't flush system prefs: java.util.prefs.BackingStoreException: Couldn't get file lock.
2025-02-15 20:27:21,864 [ERROR] LogOutputStream:75 - [STDERR_REDIRECT] 
2025-02-15 20:27:51,863 [ERROR] LogOutputStream:75 - [STDERR_REDIRECT] Feb 15, 2025 8:27:51 PM java.util.prefs.FileSystemPreferences checkLockFile0ErrorCode
2025-02-15 20:27:51,863 [ERROR] LogOutputStream:75 - [STDERR_REDIRECT] WARNING: Could not lock System prefs. Unix error code 2.
2025-02-15 20:27:51,870 [ERROR] LogOutputStream:75 - [STDERR_REDIRECT] 
2025-02-15 20:27:51,870 [ERROR] LogOutputStream:75 - [STDERR_REDIRECT] Feb 15, 2025 8:27:51 PM java.util.prefs.FileSystemPreferences syncWorld
2025-02-15 20:27:51,870 [ERROR] LogOutputStream:75 - [STDERR_REDIRECT] WARNING: Couldn't flush system prefs: java.util.prefs.BackingStoreException: Couldn't get file lock.
2025-02-15 20:27:51,870 [ERROR] LogOutputStream:75 - [STDERR_REDIRECT] 
2025-02-15 20:28:21,863 [ERROR] LogOutputStream:75 - [STDERR_REDIRECT] Feb 15, 2025 8:28:21 PM java.util.prefs.FileSystemPreferences checkLockFile0ErrorCode
2025-02-15 20:28:21,863 [ERROR] LogOutputStream:75 - [STDERR_REDIRECT] WARNING: Could not lock System prefs. Unix error code 2.
2025-02-15 20:28:21,863 [ERROR] LogOutputStream:75 - [STDERR_REDIRECT] 
2025-02-15 20:28:21,863 [ERROR] LogOutputStream:75 - [STDERR_REDIRECT] Feb 15, 2025 8:28:21 PM java.util.prefs.FileSystemPreferences syncWorld
2025-02-15 20:28:21,863 [ERROR] LogOutputStream:75 - [STDERR_REDIRECT] WARNING: Couldn't flush system prefs: java.util.prefs.BackingStoreException: Couldn't get file lock.
2025-02-15 20:28:21,863 [ERROR] LogOutputStream:75 - [STDERR_REDIRECT] 
2025-02-15 20:28:51,863 [ERROR] LogOutputStream:75 - [STDERR_REDIRECT] Feb 15, 2025 8:28:51 PM java.util.prefs.FileSystemPreferences checkLockFile0ErrorCode
2025-02-15 20:28:51,863 [ERROR] LogOutputStream:75 - [STDERR_REDIRECT] WARNING: Could not lock System prefs. Unix error code 2.
2025-02-15 20:28:51,863 [ERROR] LogOutputStream:75 - [STDERR_REDIRECT] 
2025-02-15 20:28:51,863 [ERROR] LogOutputStream:75 - [STDERR_REDIRECT] Feb 15, 2025 8:28:51 PM java.util.prefs.FileSystemPreferences syncWorld
2025-02-15 20:28:51,863 [ERROR] LogOutputStream:75 - [STDERR_REDIRECT] WARNING: Couldn't flush system prefs: java.util.prefs.BackingStoreException: Couldn't get file lock.
2025-02-15 20:28:51,863 [ERROR] LogOutputStream:75 - [STDERR_REDIRECT] 
2025-02-15 20:29:21,864 [ERROR] LogOutputStream:75 - [STDERR_REDIRECT] Feb 15, 2025 8:29:21 PM java.util.prefs.FileSystemPreferences checkLockFile0ErrorCode
2025-02-15 20:29:21,864 [ERROR] LogOutputStream:75 - [STDERR_REDIRECT] WARNING: Could not lock System prefs. Unix error code 2.
2025-02-15 20:29:21,864 [ERROR] LogOutputStream:75 - [STDERR_REDIRECT] 
2025-02-15 20:29:21,864 [ERROR] LogOutputStream:75 - [STDERR_REDIRECT] Feb 15, 2025 8:29:21 PM java.util.prefs.FileSystemPreferences syncWorld
2025-02-15 20:29:21,864 [ERROR] LogOutputStream:75 - [STDERR_REDIRECT] WARNING: Couldn't flush system prefs: java.util.prefs.BackingStoreException: Couldn't get file lock.
2025-02-15 20:29:21,864 [ERROR] LogOutputStream:75 - [STDERR_REDIRECT] 
2025-02-15 20:29:51,864 [ERROR] LogOutputStream:75 - [STDERR_REDIRECT] Feb 15, 2025 8:29:51 PM java.util.prefs.FileSystemPreferences checkLockFile0ErrorCode
2025-02-15 20:29:51,864 [ERROR] LogOutputStream:75 - [STDERR_REDIRECT] WARNING: Could not lock System prefs. Unix error code 2.
2025-02-15 20:29:51,864 [ERROR] LogOutputStream:75 - [STDERR_REDIRECT] 
2025-02-15 20:29:51,864 [ERROR] LogOutputStream:75 - [STDERR_REDIRECT] Feb 15, 2025 8:29:51 PM java.util.prefs.FileSystemPreferences syncWorld
2025-02-15 20:29:51,864 [ERROR] LogOutputStream:75 - [STDERR_REDIRECT] WARNING: Couldn't flush system prefs: java.util.prefs.BackingStoreException: Couldn't get file lock.
2025-02-15 20:29:51,864 [ERROR] LogOutputStream:75 - [STDERR_REDIRECT] 
2025-02-15 20:30:21,865 [ERROR] LogOutputStream:75 - [STDERR_REDIRECT] Feb 15, 2025 8:30:21 PM java.util.prefs.FileSystemPreferences checkLockFile0ErrorCode
2025-02-15 20:30:21,865 [ERROR] LogOutputStream:75 - [STDERR_REDIRECT] WARNING: Could not lock System prefs. Unix error code 2.
2025-02-15 20:30:21,865 [ERROR] LogOutputStream:75 - [STDERR_REDIRECT] 
2025-02-15 20:30:21,865 [ERROR] LogOutputStream:75 - [STDERR_REDIRECT] Feb 15, 2025 8:30:21 PM java.util.prefs.FileSystemPreferences syncWorld
2025-02-15 20:30:21,865 [ERROR] LogOutputStream:75 - [STDERR_REDIRECT] WARNING: Couldn't flush system prefs: java.util.prefs.BackingStoreException: Couldn't get file lock.
2025-02-15 20:30:21,865 [ERROR] LogOutputStream:75 - [STDERR_REDIRECT] 
2025-02-15 20:30:51,865 [ERROR] LogOutputStream:75 - [STDERR_REDIRECT] Feb 15, 2025 8:30:51 PM java.util.prefs.FileSystemPreferences checkLockFile0ErrorCode
2025-02-15 20:30:51,865 [ERROR] LogOutputStream:75 - [STDERR_REDIRECT] WARNING: Could not lock System prefs. Unix error code 2.
2025-02-15 20:30:51,865 [ERROR] LogOutputStream:75 - [STDERR_REDIRECT] 
2025-02-15 20:30:51,865 [ERROR] LogOutputStream:75 - [STDERR_REDIRECT] Feb 15, 2025 8:30:51 PM java.util.prefs.FileSystemPreferences syncWorld
2025-02-15 20:30:51,866 [ERROR] LogOutputStream:75 - [STDERR_REDIRECT] WARNING: Couldn't flush system prefs: java.util.prefs.BackingStoreException: Couldn't get file lock.
2025-02-15 20:30:51,866 [ERROR] LogOutputStream:75 - [STDERR_REDIRECT] 
2025-02-15 20:31:21,865 [ERROR] LogOutputStream:75 - [STDERR_REDIRECT] Feb 15, 2025 8:31:21 PM java.util.prefs.FileSystemPreferences checkLockFile0ErrorCode
2025-02-15 20:31:21,865 [ERROR] LogOutputStream:75 - [STDERR_REDIRECT] WARNING: Could not lock System prefs. Unix error code 2.
2025-02-15 20:31:21,865 [ERROR] LogOutputStream:75 - [STDERR_REDIRECT] 
2025-02-15 20:31:21,865 [ERROR] LogOutputStream:75 - [STDERR_REDIRECT] Feb 15, 2025 8:31:21 PM java.util.prefs.FileSystemPreferences syncWorld
2025-02-15 20:31:21,865 [ERROR] LogOutputStream:75 - [STDERR_REDIRECT] WARNING: Couldn't flush system prefs: java.util.prefs.BackingStoreException: Couldn't get file lock.
2025-02-15 20:31:21,865 [ERROR] LogOutputStream:75 - [STDERR_REDIRECT] 
2025-02-15 20:31:51,865 [ERROR] LogOutputStream:75 - [STDERR_REDIRECT] Feb 15, 2025 8:31:51 PM java.util.prefs.FileSystemPreferences checkLockFile0ErrorCode
2025-02-15 20:31:51,865 [ERROR] LogOutputStream:75 - [STDERR_REDIRECT] WARNING: Could not lock System prefs. Unix error code 2.
2025-02-15 20:31:51,865 [ERROR] LogOutputStream:75 - [STDERR_REDIRECT] 
2025-02-15 20:31:51,865 [ERROR] LogOutputStream:75 - [STDERR_REDIRECT] Feb 15, 2025 8:31:51 PM java.util.prefs.FileSystemPreferences syncWorld
2025-02-15 20:31:51,865 [ERROR] LogOutputStream:75 - [STDERR_REDIRECT] WARNING: Couldn't flush system prefs: java.util.prefs.BackingStoreException: Couldn't get file lock.
2025-02-15 20:31:51,865 [ERROR] LogOutputStream:75 - [STDERR_REDIRECT] 
2025-02-15 20:32:21,865 [ERROR] LogOutputStream:75 - [STDERR_REDIRECT] Feb 15, 2025 8:32:21 PM java.util.prefs.FileSystemPreferences checkLockFile0ErrorCode
2025-02-15 20:32:21,865 [ERROR] LogOutputStream:75 - [STDERR_REDIRECT] WARNING: Could not lock System prefs. Unix error code 2.
2025-02-15 20:32:21,865 [ERROR] LogOutputStream:75 - [STDERR_REDIRECT] 
2025-02-15 20:32:21,866 [ERROR] LogOutputStream:75 - [STDERR_REDIRECT] Feb 15, 2025 8:32:21 PM java.util.prefs.FileSystemPreferences syncWorld
2025-02-15 20:32:21,866 [ERROR] LogOutputStream:75 - [STDERR_REDIRECT] WARNING: Couldn't flush system prefs: java.util.prefs.BackingStoreException: Couldn't get file lock.
2025-02-15 20:32:21,866 [ERROR] LogOutputStream:75 - [STDERR_REDIRECT] 
2025-02-15 20:32:51,865 [ERROR] LogOutputStream:75 - [STDERR_REDIRECT] Feb 15, 2025 8:32:51 PM java.util.prefs.FileSystemPreferences checkLockFile0ErrorCode
2025-02-15 20:32:51,865 [ERROR] LogOutputStream:75 - [STDERR_REDIRECT] WARNING: Could not lock System prefs. Unix error code 2.
2025-02-15 20:32:51,865 [ERROR] LogOutputStream:75 - [STDERR_REDIRECT] 
2025-02-15 20:32:51,865 [ERROR] LogOutputStream:75 - [STDERR_REDIRECT] Feb 15, 2025 8:32:51 PM java.util.prefs.FileSystemPreferences syncWorld
2025-02-15 20:32:51,865 [ERROR] LogOutputStream:75 - [STDERR_REDIRECT] WARNING: Couldn't flush system prefs: java.util.prefs.BackingStoreException: Couldn't get file lock.
2025-02-15 20:32:51,865 [ERROR] LogOutputStream:75 - [STDERR_REDIRECT] 
2025-02-15 20:33:21,865 [ERROR] LogOutputStream:75 - [STDERR_REDIRECT] Feb 15, 2025 8:33:21 PM java.util.prefs.FileSystemPreferences checkLockFile0ErrorCode
2025-02-15 20:33:21,865 [ERROR] LogOutputStream:75 - [STDERR_REDIRECT] WARNING: Could not lock System prefs. Unix error code 2.
2025-02-15 20:33:21,865 [ERROR] LogOutputStream:75 - [STDERR_REDIRECT] 
2025-02-15 20:33:21,866 [ERROR] LogOutputStream:75 - [STDERR_REDIRECT] Feb 15, 2025 8:33:21 PM java.util.prefs.FileSystemPreferences syncWorld
2025-02-15 20:33:21,866 [ERROR] LogOutputStream:75 - [STDERR_REDIRECT] WARNING: Couldn't flush system prefs: java.util.prefs.BackingStoreException: Couldn't get file lock.
2025-02-15 20:33:21,866 [ERROR] LogOutputStream:75 - [STDERR_REDIRECT] 
2025-02-15 20:33:51,865 [ERROR] LogOutputStream:75 - [STDERR_REDIRECT] Feb 15, 2025 8:33:51 PM java.util.prefs.FileSystemPreferences checkLockFile0ErrorCode
2025-02-15 20:33:51,865 [ERROR] LogOutputStream:75 - [STDERR_REDIRECT] WARNING: Could not lock System prefs. Unix error code 2.
2025-02-15 20:33:51,865 [ERROR] LogOutputStream:75 - [STDERR_REDIRECT] 
2025-02-15 20:33:51,865 [ERROR] LogOutputStream:75 - [STDERR_REDIRECT] Feb 15, 2025 8:33:51 PM java.util.prefs.FileSystemPreferences syncWorld
2025-02-15 20:33:51,865 [ERROR] LogOutputStream:75 - [STDERR_REDIRECT] WARNING: Couldn't flush system prefs: java.util.prefs.BackingStoreException: Couldn't get file lock.
2025-02-15 20:33:51,865 [ERROR] LogOutputStream:75 - [STDERR_REDIRECT] 
2025-02-15 20:34:21,865 [ERROR] LogOutputStream:75 - [STDERR_REDIRECT] Feb 15, 2025 8:34:21 PM java.util.prefs.FileSystemPreferences checkLockFile0ErrorCode
2025-02-15 20:34:21,865 [ERROR] LogOutputStream:75 - [STDERR_REDIRECT] WARNING: Could not lock System prefs. Unix error code 2.
2025-02-15 20:34:21,865 [ERROR] LogOutputStream:75 - [STDERR_REDIRECT] 
2025-02-15 20:34:21,865 [ERROR] LogOutputStream:75 - [STDERR_REDIRECT] Feb 15, 2025 8:34:21 PM java.util.prefs.FileSystemPreferences syncWorld
2025-02-15 20:34:21,865 [ERROR] LogOutputStream:75 - [STDERR_REDIRECT] WARNING: Couldn't flush system prefs: java.util.prefs.BackingStoreException: Couldn't get file lock.
2025-02-15 20:34:21,865 [ERROR] LogOutputStream:75 - [STDERR_REDIRECT] 
2025-02-15 20:34:51,866 [ERROR] LogOutputStream:75 - [STDERR_REDIRECT] Feb 15, 2025 8:34:51 PM java.util.prefs.FileSystemPreferences checkLockFile0ErrorCode
2025-02-15 20:34:51,866 [ERROR] LogOutputStream:75 - [STDERR_REDIRECT] WARNING: Could not lock System prefs. Unix error code 2.
2025-02-15 20:34:51,866 [ERROR] LogOutputStream:75 - [STDERR_REDIRECT] 
2025-02-15 20:34:51,866 [ERROR] LogOutputStream:75 - [STDERR_REDIRECT] Feb 15, 2025 8:34:51 PM java.util.prefs.FileSystemPreferences syncWorld
2025-02-15 20:34:51,866 [ERROR] LogOutputStream:75 - [STDERR_REDIRECT] WARNING: Couldn't flush system prefs: java.util.prefs.BackingStoreException: Couldn't get file lock.
2025-02-15 20:34:51,866 [ERROR] LogOutputStream:75 - [STDERR_REDIRECT] 
2025-02-15 20:35:21,866 [ERROR] LogOutputStream:75 - [STDERR_REDIRECT] Feb 15, 2025 8:35:21 PM java.util.prefs.FileSystemPreferences checkLockFile0ErrorCode
2025-02-15 20:35:21,866 [ERROR] LogOutputStream:75 - [STDERR_REDIRECT] WARNING: Could not lock System prefs. Unix error code 2.
2025-02-15 20:35:21,866 [ERROR] LogOutputStream:75 - [STDERR_REDIRECT] 
2025-02-15 20:35:21,866 [ERROR] LogOutputStream:75 - [STDERR_REDIRECT] Feb 15, 2025 8:35:21 PM java.util.prefs.FileSystemPreferences syncWorld
2025-02-15 20:35:21,867 [ERROR] LogOutputStream:75 - [STDERR_REDIRECT] WARNING: Couldn't flush system prefs: java.util.prefs.BackingStoreException: Couldn't get file lock.
2025-02-15 20:35:21,867 [ERROR] LogOutputStream:75 - [STDERR_REDIRECT] 
2025-02-15 20:35:51,866 [ERROR] LogOutputStream:75 - [STDERR_REDIRECT] Feb 15, 2025 8:35:51 PM java.util.prefs.FileSystemPreferences checkLockFile0ErrorCode
2025-02-15 20:35:51,866 [ERROR] LogOutputStream:75 - [STDERR_REDIRECT] WARNING: Could not lock System prefs. Unix error code 2.
2025-02-15 20:35:51,866 [ERROR] LogOutputStream:75 - [STDERR_REDIRECT] 
2025-02-15 20:35:51,866 [ERROR] LogOutputStream:75 - [STDERR_REDIRECT] Feb 15, 2025 8:35:51 PM java.util.prefs.FileSystemPreferences syncWorld
2025-02-15 20:35:51,866 [ERROR] LogOutputStream:75 - [STDERR_REDIRECT] WARNING: Couldn't flush system prefs: java.util.prefs.BackingStoreException: Couldn't get file lock.
2025-02-15 20:35:51,866 [ERROR] LogOutputStream:75 - [STDERR_REDIRECT] 
2025-02-15 20:36:21,866 [ERROR] LogOutputStream:75 - [STDERR_REDIRECT] Feb 15, 2025 8:36:21 PM java.util.prefs.FileSystemPreferences checkLockFile0ErrorCode
2025-02-15 20:36:21,866 [ERROR] LogOutputStream:75 - [STDERR_REDIRECT] WARNING: Could not lock System prefs. Unix error code 2.
2025-02-15 20:36:21,866 [ERROR] LogOutputStream:75 - [STDERR_REDIRECT] 
2025-02-15 20:36:21,866 [ERROR] LogOutputStream:75 - [STDERR_REDIRECT] Feb 15, 2025 8:36:21 PM java.util.prefs.FileSystemPreferences syncWorld
2025-02-15 20:36:21,867 [ERROR] LogOutputStream:75 - [STDERR_REDIRECT] WARNING: Couldn't flush system prefs: java.util.prefs.BackingStoreException: Couldn't get file lock.
2025-02-15 20:36:21,867 [ERROR] LogOutputStream:75 - [STDERR_REDIRECT] 
2025-02-15 20:36:51,866 [ERROR] LogOutputStream:75 - [STDERR_REDIRECT] Feb 15, 2025 8:36:51 PM java.util.prefs.FileSystemPreferences checkLockFile0ErrorCode
2025-02-15 20:36:51,866 [ERROR] LogOutputStream:75 - [STDERR_REDIRECT] WARNING: Could not lock System prefs. Unix error code 2.
2025-02-15 20:36:51,866 [ERROR] LogOutputStream:75 - [STDERR_REDIRECT] 
2025-02-15 20:36:51,866 [ERROR] LogOutputStream:75 - [STDERR_REDIRECT] Feb 15, 2025 8:36:51 PM java.util.prefs.FileSystemPreferences syncWorld
2025-02-15 20:36:51,866 [ERROR] LogOutputStream:75 - [STDERR_REDIRECT] WARNING: Couldn't flush system prefs: java.util.prefs.BackingStoreException: Couldn't get file lock.
2025-02-15 20:36:51,866 [ERROR] LogOutputStream:75 - [STDERR_REDIRECT] 
2025-02-15 20:37:21,866 [ERROR] LogOutputStream:75 - [STDERR_REDIRECT] Feb 15, 2025 8:37:21 PM java.util.prefs.FileSystemPreferences checkLockFile0ErrorCode
2025-02-15 20:37:21,866 [ERROR] LogOutputStream:75 - [STDERR_REDIRECT] WARNING: Could not lock System prefs. Unix error code 2.
2025-02-15 20:37:21,866 [ERROR] LogOutputStream:75 - [STDERR_REDIRECT] 
2025-02-15 20:37:21,866 [ERROR] LogOutputStream:75 - [STDERR_REDIRECT] Feb 15, 2025 8:37:21 PM java.util.prefs.FileSystemPreferences syncWorld
2025-02-15 20:37:21,866 [ERROR] LogOutputStream:75 - [STDERR_REDIRECT] WARNING: Couldn't flush system prefs: java.util.prefs.BackingStoreException: Couldn't get file lock.
2025-02-15 20:37:21,866 [ERROR] LogOutputStream:75 - [STDERR_REDIRECT] 
2025-02-15 20:37:51,866 [ERROR] LogOutputStream:75 - [STDERR_REDIRECT] Feb 15, 2025 8:37:51 PM java.util.prefs.FileSystemPreferences checkLockFile0ErrorCode
2025-02-15 20:37:51,866 [ERROR] LogOutputStream:75 - [STDERR_REDIRECT] WARNING: Could not lock System prefs. Unix error code 2.
2025-02-15 20:37:51,866 [ERROR] LogOutputStream:75 - [STDERR_REDIRECT] 
2025-02-15 20:37:51,866 [ERROR] LogOutputStream:75 - [STDERR_REDIRECT] Feb 15, 2025 8:37:51 PM java.util.prefs.FileSystemPreferences syncWorld
2025-02-15 20:37:51,866 [ERROR] LogOutputStream:75 - [STDERR_REDIRECT] WARNING: Couldn't flush system prefs: java.util.prefs.BackingStoreException: Couldn't get file lock.
2025-02-15 20:37:51,866 [ERROR] LogOutputStream:75 - [STDERR_REDIRECT] 
2025-02-15 20:38:21,866 [ERROR] LogOutputStream:75 - [STDERR_REDIRECT] Feb 15, 2025 8:38:21 PM java.util.prefs.FileSystemPreferences checkLockFile0ErrorCode
2025-02-15 20:38:21,866 [ERROR] LogOutputStream:75 - [STDERR_REDIRECT] WARNING: Could not lock System prefs. Unix error code 2.
2025-02-15 20:38:21,867 [ERROR] LogOutputStream:75 - [STDERR_REDIRECT] 
2025-02-15 20:38:21,867 [ERROR] LogOutputStream:75 - [STDERR_REDIRECT] Feb 15, 2025 8:38:21 PM java.util.prefs.FileSystemPreferences syncWorld
2025-02-15 20:38:21,867 [ERROR] LogOutputStream:75 - [STDERR_REDIRECT] WARNING: Couldn't flush system prefs: java.util.prefs.BackingStoreException: Couldn't get file lock.
2025-02-15 20:38:21,867 [ERROR] LogOutputStream:75 - [STDERR_REDIRECT] 
2025-02-15 20:38:51,867 [ERROR] LogOutputStream:75 - [STDERR_REDIRECT] Feb 15, 2025 8:38:51 PM java.util.prefs.FileSystemPreferences checkLockFile0ErrorCode
2025-02-15 20:38:51,867 [ERROR] LogOutputStream:75 - [STDERR_REDIRECT] WARNING: Could not lock System prefs. Unix error code 2.
2025-02-15 20:38:51,867 [ERROR] LogOutputStream:75 - [STDERR_REDIRECT] 
2025-02-15 20:38:51,867 [ERROR] LogOutputStream:75 - [STDERR_REDIRECT] Feb 15, 2025 8:38:51 PM java.util.prefs.FileSystemPreferences syncWorld
2025-02-15 20:38:51,867 [ERROR] LogOutputStream:75 - [STDERR_REDIRECT] WARNING: Couldn't flush system prefs: java.util.prefs.BackingStoreException: Couldn't get file lock.
2025-02-15 20:38:51,867 [ERROR] LogOutputStream:75 - [STDERR_REDIRECT] 
2025-02-15 20:39:21,867 [ERROR] LogOutputStream:75 - [STDERR_REDIRECT] Feb 15, 2025 8:39:21 PM java.util.prefs.FileSystemPreferences checkLockFile0ErrorCode
2025-02-15 20:39:21,867 [ERROR] LogOutputStream:75 - [STDERR_REDIRECT] WARNING: Could not lock System prefs. Unix error code 2.
2025-02-15 20:39:21,867 [ERROR] LogOutputStream:75 - [STDERR_REDIRECT] 
2025-02-15 20:39:21,868 [ERROR] LogOutputStream:75 - [STDERR_REDIRECT] Feb 15, 2025 8:39:21 PM java.util.prefs.FileSystemPreferences syncWorld
2025-02-15 20:39:21,868 [ERROR] LogOutputStream:75 - [STDERR_REDIRECT] WARNING: Couldn't flush system prefs: java.util.prefs.BackingStoreException: Couldn't get file lock.
2025-02-15 20:39:21,868 [ERROR] LogOutputStream:75 - [STDERR_REDIRECT] 
2025-02-15 20:39:51,867 [ERROR] LogOutputStream:75 - [STDERR_REDIRECT] Feb 15, 2025 8:39:51 PM java.util.prefs.FileSystemPreferences checkLockFile0ErrorCode
2025-02-15 20:39:51,867 [ERROR] LogOutputStream:75 - [STDERR_REDIRECT] WARNING: Could not lock System prefs. Unix error code 2.
2025-02-15 20:39:51,867 [ERROR] LogOutputStream:75 - [STDERR_REDIRECT] 
2025-02-15 20:39:51,867 [ERROR] LogOutputStream:75 - [STDERR_REDIRECT] Feb 15, 2025 8:39:51 PM java.util.prefs.FileSystemPreferences syncWorld
2025-02-15 20:39:51,867 [ERROR] LogOutputStream:75 - [STDERR_REDIRECT] WARNING: Couldn't flush system prefs: java.util.prefs.BackingStoreException: Couldn't get file lock.
2025-02-15 20:39:51,867 [ERROR] LogOutputStream:75 - [STDERR_REDIRECT] 
2025-02-15 20:40:21,867 [ERROR] LogOutputStream:75 - [STDERR_REDIRECT] Feb 15, 2025 8:40:21 PM java.util.prefs.FileSystemPreferences checkLockFile0ErrorCode
2025-02-15 20:40:21,867 [ERROR] LogOutputStream:75 - [STDERR_REDIRECT] WARNING: Could not lock System prefs. Unix error code 2.
2025-02-15 20:40:21,867 [ERROR] LogOutputStream:75 - [STDERR_REDIRECT] 
2025-02-15 20:40:21,867 [ERROR] LogOutputStream:75 - [STDERR_REDIRECT] Feb 15, 2025 8:40:21 PM java.util.prefs.FileSystemPreferences syncWorld
2025-02-15 20:40:21,867 [ERROR] LogOutputStream:75 - [STDERR_REDIRECT] WARNING: Couldn't flush system prefs: java.util.prefs.BackingStoreException: Couldn't get file lock.
2025-02-15 20:40:21,867 [ERROR] LogOutputStream:75 - [STDERR_REDIRECT] 
2025-02-15 20:40:51,868 [ERROR] LogOutputStream:75 - [STDERR_REDIRECT] Feb 15, 2025 8:40:51 PM java.util.prefs.FileSystemPreferences checkLockFile0ErrorCode
2025-02-15 20:40:51,868 [ERROR] LogOutputStream:75 - [STDERR_REDIRECT] WARNING: Could not lock System prefs. Unix error code 2.
2025-02-15 20:40:51,868 [ERROR] LogOutputStream:75 - [STDERR_REDIRECT] 
2025-02-15 20:40:51,868 [ERROR] LogOutputStream:75 - [STDERR_REDIRECT] Feb 15, 2025 8:40:51 PM java.util.prefs.FileSystemPreferences syncWorld
2025-02-15 20:40:51,868 [ERROR] LogOutputStream:75 - [STDERR_REDIRECT] WARNING: Couldn't flush system prefs: java.util.prefs.BackingStoreException: Couldn't get file lock.
2025-02-15 20:40:51,868 [ERROR] LogOutputStream:75 - [STDERR_REDIRECT] 
2025-02-15 20:41:21,868 [ERROR] LogOutputStream:75 - [STDERR_REDIRECT] Feb 15, 2025 8:41:21 PM java.util.prefs.FileSystemPreferences checkLockFile0ErrorCode
2025-02-15 20:41:21,868 [ERROR] LogOutputStream:75 - [STDERR_REDIRECT] WARNING: Could not lock System prefs. Unix error code 2.
2025-02-15 20:41:21,868 [ERROR] LogOutputStream:75 - [STDERR_REDIRECT] 
2025-02-15 20:41:21,868 [ERROR] LogOutputStream:75 - [STDERR_REDIRECT] Feb 15, 2025 8:41:21 PM java.util.prefs.FileSystemPreferences syncWorld
2025-02-15 20:41:21,868 [ERROR] LogOutputStream:75 - [STDERR_REDIRECT] WARNING: Couldn't flush system prefs: java.util.prefs.BackingStoreException: Couldn't get file lock.
2025-02-15 20:41:21,868 [ERROR] LogOutputStream:75 - [STDERR_REDIRECT] 
2025-02-15 20:41:51,868 [ERROR] LogOutputStream:75 - [STDERR_REDIRECT] Feb 15, 2025 8:41:51 PM java.util.prefs.FileSystemPreferences checkLockFile0ErrorCode
2025-02-15 20:41:51,868 [ERROR] LogOutputStream:75 - [STDERR_REDIRECT] WARNING: Could not lock System prefs. Unix error code 2.
2025-02-15 20:41:51,868 [ERROR] LogOutputStream:75 - [STDERR_REDIRECT] 
2025-02-15 20:41:51,869 [ERROR] LogOutputStream:75 - [STDERR_REDIRECT] Feb 15, 2025 8:41:51 PM java.util.prefs.FileSystemPreferences syncWorld
2025-02-15 20:41:51,869 [ERROR] LogOutputStream:75 - [STDERR_REDIRECT] WARNING: Couldn't flush system prefs: java.util.prefs.BackingStoreException: Couldn't get file lock.
2025-02-15 20:41:51,869 [ERROR] LogOutputStream:75 - [STDERR_REDIRECT] 
2025-02-15 20:42:21,868 [ERROR] LogOutputStream:75 - [STDERR_REDIRECT] Feb 15, 2025 8:42:21 PM java.util.prefs.FileSystemPreferences checkLockFile0ErrorCode
2025-02-15 20:42:21,868 [ERROR] LogOutputStream:75 - [STDERR_REDIRECT] WARNING: Could not lock System prefs. Unix error code 2.
2025-02-15 20:42:21,868 [ERROR] LogOutputStream:75 - [STDERR_REDIRECT] 
2025-02-15 20:42:21,868 [ERROR] LogOutputStream:75 - [STDERR_REDIRECT] Feb 15, 2025 8:42:21 PM java.util.prefs.FileSystemPreferences syncWorld
2025-02-15 20:42:21,868 [ERROR] LogOutputStream:75 - [STDERR_REDIRECT] WARNING: Couldn't flush system prefs: java.util.prefs.BackingStoreException: Couldn't get file lock.
2025-02-15 20:42:21,868 [ERROR] LogOutputStream:75 - [STDERR_REDIRECT] 
2025-02-15 20:42:51,868 [ERROR] LogOutputStream:75 - [STDERR_REDIRECT] Feb 15, 2025 8:42:51 PM java.util.prefs.FileSystemPreferences checkLockFile0ErrorCode
2025-02-15 20:42:51,868 [ERROR] LogOutputStream:75 - [STDERR_REDIRECT] WARNING: Could not lock System prefs. Unix error code 2.
2025-02-15 20:42:51,868 [ERROR] LogOutputStream:75 - [STDERR_REDIRECT] 
2025-02-15 20:42:51,868 [ERROR] LogOutputStream:75 - [STDERR_REDIRECT] Feb 15, 2025 8:42:51 PM java.util.prefs.FileSystemPreferences syncWorld
2025-02-15 20:42:51,869 [ERROR] LogOutputStream:75 - [STDERR_REDIRECT] WARNING: Couldn't flush system prefs: java.util.prefs.BackingStoreException: Couldn't get file lock.
2025-02-15 20:42:51,869 [ERROR] LogOutputStream:75 - [STDERR_REDIRECT] 
2025-02-15 20:43:21,868 [ERROR] LogOutputStream:75 - [STDERR_REDIRECT] Feb 15, 2025 8:43:21 PM java.util.prefs.FileSystemPreferences checkLockFile0ErrorCode
2025-02-15 20:43:21,868 [ERROR] LogOutputStream:75 - [STDERR_REDIRECT] WARNING: Could not lock System prefs. Unix error code 2.
2025-02-15 20:43:21,868 [ERROR] LogOutputStream:75 - [STDERR_REDIRECT] 
2025-02-15 20:43:21,868 [ERROR] LogOutputStream:75 - [STDERR_REDIRECT] Feb 15, 2025 8:43:21 PM java.util.prefs.FileSystemPreferences syncWorld
2025-02-15 20:43:21,868 [ERROR] LogOutputStream:75 - [STDERR_REDIRECT] WARNING: Couldn't flush system prefs: java.util.prefs.BackingStoreException: Couldn't get file lock.
2025-02-15 20:43:21,868 [ERROR] LogOutputStream:75 - [STDERR_REDIRECT] 
2025-02-15 20:43:51,868 [ERROR] LogOutputStream:75 - [STDERR_REDIRECT] Feb 15, 2025 8:43:51 PM java.util.prefs.FileSystemPreferences checkLockFile0ErrorCode
2025-02-15 20:43:51,868 [ERROR] LogOutputStream:75 - [STDERR_REDIRECT] WARNING: Could not lock System prefs. Unix error code 2.
2025-02-15 20:43:51,868 [ERROR] LogOutputStream:75 - [STDERR_REDIRECT] 
2025-02-15 20:43:51,868 [ERROR] LogOutputStream:75 - [STDERR_REDIRECT] Feb 15, 2025 8:43:51 PM java.util.prefs.FileSystemPreferences syncWorld
2025-02-15 20:43:51,868 [ERROR] LogOutputStream:75 - [STDERR_REDIRECT] WARNING: Couldn't flush system prefs: java.util.prefs.BackingStoreException: Couldn't get file lock.
2025-02-15 20:43:51,868 [ERROR] LogOutputStream:75 - [STDERR_REDIRECT] 
2025-02-15 20:44:21,868 [ERROR] LogOutputStream:75 - [STDERR_REDIRECT] Feb 15, 2025 8:44:21 PM java.util.prefs.FileSystemPreferences checkLockFile0ErrorCode
2025-02-15 20:44:21,869 [ERROR] LogOutputStream:75 - [STDERR_REDIRECT] WARNING: Could not lock System prefs. Unix error code 2.
2025-02-15 20:44:21,869 [ERROR] LogOutputStream:75 - [STDERR_REDIRECT] 
2025-02-15 20:44:21,869 [ERROR] LogOutputStream:75 - [STDERR_REDIRECT] Feb 15, 2025 8:44:21 PM java.util.prefs.FileSystemPreferences syncWorld
2025-02-15 20:44:21,869 [ERROR] LogOutputStream:75 - [STDERR_REDIRECT] WARNING: Couldn't flush system prefs: java.util.prefs.BackingStoreException: Couldn't get file lock.
2025-02-15 20:44:21,869 [ERROR] LogOutputStream:75 - [STDERR_REDIRECT] 
2025-02-15 20:44:51,869 [ERROR] LogOutputStream:75 - [STDERR_REDIRECT] Feb 15, 2025 8:44:51 PM java.util.prefs.FileSystemPreferences checkLockFile0ErrorCode
2025-02-15 20:44:51,869 [ERROR] LogOutputStream:75 - [STDERR_REDIRECT] WARNING: Could not lock System prefs. Unix error code 2.
2025-02-15 20:44:51,869 [ERROR] LogOutputStream:75 - [STDERR_REDIRECT] 
2025-02-15 20:44:51,869 [ERROR] LogOutputStream:75 - [STDERR_REDIRECT] Feb 15, 2025 8:44:51 PM java.util.prefs.FileSystemPreferences syncWorld
2025-02-15 20:44:51,869 [ERROR] LogOutputStream:75 - [STDERR_REDIRECT] WARNING: Couldn't flush system prefs: java.util.prefs.BackingStoreException: Couldn't get file lock.
2025-02-15 20:44:51,869 [ERROR] LogOutputStream:75 - [STDERR_REDIRECT] 
2025-02-15 20:45:21,870 [ERROR] LogOutputStream:75 - [STDERR_REDIRECT] Feb 15, 2025 8:45:21 PM java.util.prefs.FileSystemPreferences checkLockFile0ErrorCode
2025-02-15 20:45:21,870 [ERROR] LogOutputStream:75 - [STDERR_REDIRECT] WARNING: Could not lock System prefs. Unix error code 2.
2025-02-15 20:45:21,870 [ERROR] LogOutputStream:75 - [STDERR_REDIRECT] 
2025-02-15 20:45:21,870 [ERROR] LogOutputStream:75 - [STDERR_REDIRECT] Feb 15, 2025 8:45:21 PM java.util.prefs.FileSystemPreferences syncWorld
2025-02-15 20:45:21,870 [ERROR] LogOutputStream:75 - [STDERR_REDIRECT] WARNING: Couldn't flush system prefs: java.util.prefs.BackingStoreException: Couldn't get file lock.
2025-02-15 20:45:21,870 [ERROR] LogOutputStream:75 - [STDERR_REDIRECT] 
2025-02-15 20:45:51,869 [ERROR] LogOutputStream:75 - [STDERR_REDIRECT] Feb 15, 2025 8:45:51 PM java.util.prefs.FileSystemPreferences checkLockFile0ErrorCode
2025-02-15 20:45:51,869 [ERROR] LogOutputStream:75 - [STDERR_REDIRECT] WARNING: Could not lock System prefs. Unix error code 2.
2025-02-15 20:45:51,875 [ERROR] LogOutputStream:75 - [STDERR_REDIRECT] 
2025-02-15 20:45:51,876 [ERROR] LogOutputStream:75 - [STDERR_REDIRECT] Feb 15, 2025 8:45:51 PM java.util.prefs.FileSystemPreferences syncWorld
2025-02-15 20:45:51,876 [ERROR] LogOutputStream:75 - [STDERR_REDIRECT] WARNING: Couldn't flush system prefs: java.util.prefs.BackingStoreException: Couldn't get file lock.
2025-02-15 20:45:51,876 [ERROR] LogOutputStream:75 - [STDERR_REDIRECT] 
2025-02-15 20:46:21,869 [ERROR] LogOutputStream:75 - [STDERR_REDIRECT] Feb 15, 2025 8:46:21 PM java.util.prefs.FileSystemPreferences checkLockFile0ErrorCode
2025-02-15 20:46:21,869 [ERROR] LogOutputStream:75 - [STDERR_REDIRECT] WARNING: Could not lock System prefs. Unix error code 2.
2025-02-15 20:46:21,869 [ERROR] LogOutputStream:75 - [STDERR_REDIRECT] 
2025-02-15 20:46:21,869 [ERROR] LogOutputStream:75 - [STDERR_REDIRECT] Feb 15, 2025 8:46:21 PM java.util.prefs.FileSystemPreferences syncWorld
2025-02-15 20:46:21,869 [ERROR] LogOutputStream:75 - [STDERR_REDIRECT] WARNING: Couldn't flush system prefs: java.util.prefs.BackingStoreException: Couldn't get file lock.
2025-02-15 20:46:21,869 [ERROR] LogOutputStream:75 - [STDERR_REDIRECT] 
2025-02-15 20:46:51,869 [ERROR] LogOutputStream:75 - [STDERR_REDIRECT] Feb 15, 2025 8:46:51 PM java.util.prefs.FileSystemPreferences checkLockFile0ErrorCode
2025-02-15 20:46:51,869 [ERROR] LogOutputStream:75 - [STDERR_REDIRECT] WARNING: Could not lock System prefs. Unix error code 2.
2025-02-15 20:46:51,869 [ERROR] LogOutputStream:75 - [STDERR_REDIRECT] 
2025-02-15 20:46:51,869 [ERROR] LogOutputStream:75 - [STDERR_REDIRECT] Feb 15, 2025 8:46:51 PM java.util.prefs.FileSystemPreferences syncWorld
2025-02-15 20:46:51,869 [ERROR] LogOutputStream:75 - [STDERR_REDIRECT] WARNING: Couldn't flush system prefs: java.util.prefs.BackingStoreException: Couldn't get file lock.
2025-02-15 20:46:51,869 [ERROR] LogOutputStream:75 - [STDERR_REDIRECT] 
2025-02-15 20:47:21,869 [ERROR] LogOutputStream:75 - [STDERR_REDIRECT] Feb 15, 2025 8:47:21 PM java.util.prefs.FileSystemPreferences checkLockFile0ErrorCode
2025-02-15 20:47:21,869 [ERROR] LogOutputStream:75 - [STDERR_REDIRECT] WARNING: Could not lock System prefs. Unix error code 2.
2025-02-15 20:47:21,869 [ERROR] LogOutputStream:75 - [STDERR_REDIRECT] 
2025-02-15 20:47:21,870 [ERROR] LogOutputStream:75 - [STDERR_REDIRECT] Feb 15, 2025 8:47:21 PM java.util.prefs.FileSystemPreferences syncWorld
2025-02-15 20:47:21,870 [ERROR] LogOutputStream:75 - [STDERR_REDIRECT] WARNING: Couldn't flush system prefs: java.util.prefs.BackingStoreException: Couldn't get file lock.
2025-02-15 20:47:21,870 [ERROR] LogOutputStream:75 - [STDERR_REDIRECT] 
2025-02-15 20:47:51,869 [ERROR] LogOutputStream:75 - [STDERR_REDIRECT] Feb 15, 2025 8:47:51 PM java.util.prefs.FileSystemPreferences checkLockFile0ErrorCode
2025-02-15 20:47:51,869 [ERROR] LogOutputStream:75 - [STDERR_REDIRECT] WARNING: Could not lock System prefs. Unix error code 2.
2025-02-15 20:47:51,869 [ERROR] LogOutputStream:75 - [STDERR_REDIRECT] 
2025-02-15 20:47:51,869 [ERROR] LogOutputStream:75 - [STDERR_REDIRECT] Feb 15, 2025 8:47:51 PM java.util.prefs.FileSystemPreferences syncWorld
2025-02-15 20:47:51,869 [ERROR] LogOutputStream:75 - [STDERR_REDIRECT] WARNING: Couldn't flush system prefs: java.util.prefs.BackingStoreException: Couldn't get file lock.
2025-02-15 20:47:51,869 [ERROR] LogOutputStream:75 - [STDERR_REDIRECT] 
2025-02-15 20:48:21,870 [ERROR] LogOutputStream:75 - [STDERR_REDIRECT] Feb 15, 2025 8:48:21 PM java.util.prefs.FileSystemPreferences checkLockFile0ErrorCode
2025-02-15 20:48:21,870 [ERROR] LogOutputStream:75 - [STDERR_REDIRECT] WARNING: Could not lock System prefs. Unix error code 2.
2025-02-15 20:48:21,870 [ERROR] LogOutputStream:75 - [STDERR_REDIRECT] 
2025-02-15 20:48:21,870 [ERROR] LogOutputStream:75 - [STDERR_REDIRECT] Feb 15, 2025 8:48:21 PM java.util.prefs.FileSystemPreferences syncWorld
2025-02-15 20:48:21,870 [ERROR] LogOutputStream:75 - [STDERR_REDIRECT] WARNING: Couldn't flush system prefs: java.util.prefs.BackingStoreException: Couldn't get file lock.
2025-02-15 20:48:21,870 [ERROR] LogOutputStream:75 - [STDERR_REDIRECT] 
2025-02-15 20:48:51,869 [ERROR] LogOutputStream:75 - [STDERR_REDIRECT] Feb 15, 2025 8:48:51 PM java.util.prefs.FileSystemPreferences checkLockFile0ErrorCode
2025-02-15 20:48:51,869 [ERROR] LogOutputStream:75 - [STDERR_REDIRECT] WARNING: Could not lock System prefs. Unix error code 2.
2025-02-15 20:48:51,869 [ERROR] LogOutputStream:75 - [STDERR_REDIRECT] 
2025-02-15 20:48:51,869 [ERROR] LogOutputStream:75 - [STDERR_REDIRECT] Feb 15, 2025 8:48:51 PM java.util.prefs.FileSystemPreferences syncWorld
2025-02-15 20:48:51,869 [ERROR] LogOutputStream:75 - [STDERR_REDIRECT] WARNING: Couldn't flush system prefs: java.util.prefs.BackingStoreException: Couldn't get file lock.
2025-02-15 20:48:51,869 [ERROR] LogOutputStream:75 - [STDERR_REDIRECT] 
2025-02-15 20:49:21,869 [ERROR] LogOutputStream:75 - [STDERR_REDIRECT] Feb 15, 2025 8:49:21 PM java.util.prefs.FileSystemPreferences checkLockFile0ErrorCode
2025-02-15 20:49:21,869 [ERROR] LogOutputStream:75 - [STDERR_REDIRECT] WARNING: Could not lock System prefs. Unix error code 2.
2025-02-15 20:49:21,869 [ERROR] LogOutputStream:75 - [STDERR_REDIRECT] 
2025-02-15 20:49:21,870 [ERROR] LogOutputStream:75 - [STDERR_REDIRECT] Feb 15, 2025 8:49:21 PM java.util.prefs.FileSystemPreferences syncWorld
2025-02-15 20:49:21,870 [ERROR] LogOutputStream:75 - [STDERR_REDIRECT] WARNING: Couldn't flush system prefs: java.util.prefs.BackingStoreException: Couldn't get file lock.
2025-02-15 20:49:21,870 [ERROR] LogOutputStream:75 - [STDERR_REDIRECT] 
2025-02-15 20:49:51,869 [ERROR] LogOutputStream:75 - [STDERR_REDIRECT] Feb 15, 2025 8:49:51 PM java.util.prefs.FileSystemPreferences checkLockFile0ErrorCode
2025-02-15 20:49:51,869 [ERROR] LogOutputStream:75 - [STDERR_REDIRECT] WARNING: Could not lock System prefs. Unix error code 2.
2025-02-15 20:49:51,869 [ERROR] LogOutputStream:75 - [STDERR_REDIRECT] 
2025-02-15 20:49:51,869 [ERROR] LogOutputStream:75 - [STDERR_REDIRECT] Feb 15, 2025 8:49:51 PM java.util.prefs.FileSystemPreferences syncWorld
2025-02-15 20:49:51,869 [ERROR] LogOutputStream:75 - [STDERR_REDIRECT] WARNING: Couldn't flush system prefs: java.util.prefs.BackingStoreException: Couldn't get file lock.
2025-02-15 20:49:51,869 [ERROR] LogOutputStream:75 - [STDERR_REDIRECT] 
2025-02-15 20:50:21,869 [ERROR] LogOutputStream:75 - [STDERR_REDIRECT] Feb 15, 2025 8:50:21 PM java.util.prefs.FileSystemPreferences checkLockFile0ErrorCode
2025-02-15 20:50:21,870 [ERROR] LogOutputStream:75 - [STDERR_REDIRECT] WARNING: Could not lock System prefs. Unix error code 2.
2025-02-15 20:50:21,870 [ERROR] LogOutputStream:75 - [STDERR_REDIRECT] 
2025-02-15 20:50:21,870 [ERROR] LogOutputStream:75 - [STDERR_REDIRECT] Feb 15, 2025 8:50:21 PM java.util.prefs.FileSystemPreferences syncWorld
2025-02-15 20:50:21,870 [ERROR] LogOutputStream:75 - [STDERR_REDIRECT] WARNING: Couldn't flush system prefs: java.util.prefs.BackingStoreException: Couldn't get file lock.
2025-02-15 20:50:21,870 [ERROR] LogOutputStream:75 - [STDERR_REDIRECT] 
2025-02-15 20:50:51,869 [ERROR] LogOutputStream:75 - [STDERR_REDIRECT] Feb 15, 2025 8:50:51 PM java.util.prefs.FileSystemPreferences checkLockFile0ErrorCode
2025-02-15 20:50:51,869 [ERROR] LogOutputStream:75 - [STDERR_REDIRECT] WARNING: Could not lock System prefs. Unix error code 2.
2025-02-15 20:50:51,869 [ERROR] LogOutputStream:75 - [STDERR_REDIRECT] 
2025-02-15 20:50:51,869 [ERROR] LogOutputStream:75 - [STDERR_REDIRECT] Feb 15, 2025 8:50:51 PM java.util.prefs.FileSystemPreferences syncWorld
2025-02-15 20:50:51,869 [ERROR] LogOutputStream:75 - [STDERR_REDIRECT] WARNING: Couldn't flush system prefs: java.util.prefs.BackingStoreException: Couldn't get file lock.
2025-02-15 20:50:51,869 [ERROR] LogOutputStream:75 - [STDERR_REDIRECT] 
2025-02-15 20:51:21,870 [ERROR] LogOutputStream:75 - [STDERR_REDIRECT] Feb 15, 2025 8:51:21 PM java.util.prefs.FileSystemPreferences checkLockFile0ErrorCode
2025-02-15 20:51:21,870 [ERROR] LogOutputStream:75 - [STDERR_REDIRECT] WARNING: Could not lock System prefs. Unix error code 2.
2025-02-15 20:51:21,870 [ERROR] LogOutputStream:75 - [STDERR_REDIRECT] 
2025-02-15 20:51:21,870 [ERROR] LogOutputStream:75 - [STDERR_REDIRECT] Feb 15, 2025 8:51:21 PM java.util.prefs.FileSystemPreferences syncWorld
2025-02-15 20:51:21,870 [ERROR] LogOutputStream:75 - [STDERR_REDIRECT] WARNING: Couldn't flush system prefs: java.util.prefs.BackingStoreException: Couldn't get file lock.
2025-02-15 20:51:21,870 [ERROR] LogOutputStream:75 - [STDERR_REDIRECT] 
2025-02-15 20:51:51,869 [ERROR] LogOutputStream:75 - [STDERR_REDIRECT] Feb 15, 2025 8:51:51 PM java.util.prefs.FileSystemPreferences checkLockFile0ErrorCode
2025-02-15 20:51:51,869 [ERROR] LogOutputStream:75 - [STDERR_REDIRECT] WARNING: Could not lock System prefs. Unix error code 2.
2025-02-15 20:51:51,869 [ERROR] LogOutputStream:75 - [STDERR_REDIRECT] 
2025-02-15 20:51:51,869 [ERROR] LogOutputStream:75 - [STDERR_REDIRECT] Feb 15, 2025 8:51:51 PM java.util.prefs.FileSystemPreferences syncWorld
2025-02-15 20:51:51,869 [ERROR] LogOutputStream:75 - [STDERR_REDIRECT] WARNING: Couldn't flush system prefs: java.util.prefs.BackingStoreException: Couldn't get file lock.
2025-02-15 20:51:51,869 [ERROR] LogOutputStream:75 - [STDERR_REDIRECT] 
2025-02-15 20:52:21,869 [ERROR] LogOutputStream:75 - [STDERR_REDIRECT] Feb 15, 2025 8:52:21 PM java.util.prefs.FileSystemPreferences checkLockFile0ErrorCode
2025-02-15 20:52:21,870 [ERROR] LogOutputStream:75 - [STDERR_REDIRECT] WARNING: Could not lock System prefs. Unix error code 2.
2025-02-15 20:52:21,870 [ERROR] LogOutputStream:75 - [STDERR_REDIRECT] 
2025-02-15 20:52:21,870 [ERROR] LogOutputStream:75 - [STDERR_REDIRECT] Feb 15, 2025 8:52:21 PM java.util.prefs.FileSystemPreferences syncWorld
2025-02-15 20:52:21,870 [ERROR] LogOutputStream:75 - [STDERR_REDIRECT] WARNING: Couldn't flush system prefs: java.util.prefs.BackingStoreException: Couldn't get file lock.
2025-02-15 20:52:21,870 [ERROR] LogOutputStream:75 - [STDERR_REDIRECT] 
2025-02-15 20:52:51,869 [ERROR] LogOutputStream:75 - [STDERR_REDIRECT] Feb 15, 2025 8:52:51 PM java.util.prefs.FileSystemPreferences checkLockFile0ErrorCode
2025-02-15 20:52:51,869 [ERROR] LogOutputStream:75 - [STDERR_REDIRECT] WARNING: Could not lock System prefs. Unix error code 2.
2025-02-15 20:52:51,869 [ERROR] LogOutputStream:75 - [STDERR_REDIRECT] 
2025-02-15 20:52:51,869 [ERROR] LogOutputStream:75 - [STDERR_REDIRECT] Feb 15, 2025 8:52:51 PM java.util.prefs.FileSystemPreferences syncWorld
2025-02-15 20:52:51,869 [ERROR] LogOutputStream:75 - [STDERR_REDIRECT] WARNING: Couldn't flush system prefs: java.util.prefs.BackingStoreException: Couldn't get file lock.
2025-02-15 20:52:51,869 [ERROR] LogOutputStream:75 - [STDERR_REDIRECT] 
2025-02-15 20:53:21,869 [ERROR] LogOutputStream:75 - [STDERR_REDIRECT] Feb 15, 2025 8:53:21 PM java.util.prefs.FileSystemPreferences checkLockFile0ErrorCode
2025-02-15 20:53:21,869 [ERROR] LogOutputStream:75 - [STDERR_REDIRECT] WARNING: Could not lock System prefs. Unix error code 2.
2025-02-15 20:53:21,869 [ERROR] LogOutputStream:75 - [STDERR_REDIRECT] 
2025-02-15 20:53:21,869 [ERROR] LogOutputStream:75 - [STDERR_REDIRECT] Feb 15, 2025 8:53:21 PM java.util.prefs.FileSystemPreferences syncWorld
2025-02-15 20:53:21,870 [ERROR] LogOutputStream:75 - [STDERR_REDIRECT] WARNING: Couldn't flush system prefs: java.util.prefs.BackingStoreException: Couldn't get file lock.
2025-02-15 20:53:21,870 [ERROR] LogOutputStream:75 - [STDERR_REDIRECT] 
2025-02-15 20:53:51,869 [ERROR] LogOutputStream:75 - [STDERR_REDIRECT] Feb 15, 2025 8:53:51 PM java.util.prefs.FileSystemPreferences checkLockFile0ErrorCode
2025-02-15 20:53:51,869 [ERROR] LogOutputStream:75 - [STDERR_REDIRECT] WARNING: Could not lock System prefs. Unix error code 2.
2025-02-15 20:53:51,869 [ERROR] LogOutputStream:75 - [STDERR_REDIRECT] 
2025-02-15 20:53:51,869 [ERROR] LogOutputStream:75 - [STDERR_REDIRECT] Feb 15, 2025 8:53:51 PM java.util.prefs.FileSystemPreferences syncWorld
2025-02-15 20:53:51,869 [ERROR] LogOutputStream:75 - [STDERR_REDIRECT] WARNING: Couldn't flush system prefs: java.util.prefs.BackingStoreException: Couldn't get file lock.
2025-02-15 20:53:51,869 [ERROR] LogOutputStream:75 - [STDERR_REDIRECT] 
2025-02-15 20:54:21,869 [ERROR] LogOutputStream:75 - [STDERR_REDIRECT] Feb 15, 2025 8:54:21 PM java.util.prefs.FileSystemPreferences checkLockFile0ErrorCode
2025-02-15 20:54:21,869 [ERROR] LogOutputStream:75 - [STDERR_REDIRECT] WARNING: Could not lock System prefs. Unix error code 2.
2025-02-15 20:54:21,869 [ERROR] LogOutputStream:75 - [STDERR_REDIRECT] 
2025-02-15 20:54:21,869 [ERROR] LogOutputStream:75 - [STDERR_REDIRECT] Feb 15, 2025 8:54:21 PM java.util.prefs.FileSystemPreferences syncWorld
2025-02-15 20:54:21,869 [ERROR] LogOutputStream:75 - [STDERR_REDIRECT] WARNING: Couldn't flush system prefs: java.util.prefs.BackingStoreException: Couldn't get file lock.
2025-02-15 20:54:21,869 [ERROR] LogOutputStream:75 - [STDERR_REDIRECT] 
2025-02-15 20:54:51,869 [ERROR] LogOutputStream:75 - [STDERR_REDIRECT] Feb 15, 2025 8:54:51 PM java.util.prefs.FileSystemPreferences checkLockFile0ErrorCode
2025-02-15 20:54:51,869 [ERROR] LogOutputStream:75 - [STDERR_REDIRECT] WARNING: Could not lock System prefs. Unix error code 2.
2025-02-15 20:54:51,869 [ERROR] LogOutputStream:75 - [STDERR_REDIRECT] 
2025-02-15 20:54:51,870 [ERROR] LogOutputStream:75 - [STDERR_REDIRECT] Feb 15, 2025 8:54:51 PM java.util.prefs.FileSystemPreferences syncWorld
2025-02-15 20:54:51,870 [ERROR] LogOutputStream:75 - [STDERR_REDIRECT] WARNING: Couldn't flush system prefs: java.util.prefs.BackingStoreException: Couldn't get file lock.
2025-02-15 20:54:51,870 [ERROR] LogOutputStream:75 - [STDERR_REDIRECT] 
2025-02-15 20:55:21,869 [ERROR] LogOutputStream:75 - [STDERR_REDIRECT] Feb 15, 2025 8:55:21 PM java.util.prefs.FileSystemPreferences checkLockFile0ErrorCode
2025-02-15 20:55:21,875 [ERROR] LogOutputStream:75 - [STDERR_REDIRECT] WARNING: Could not lock System prefs. Unix error code 2.
2025-02-15 20:55:21,875 [ERROR] LogOutputStream:75 - [STDERR_REDIRECT] 
2025-02-15 20:55:21,875 [ERROR] LogOutputStream:75 - [STDERR_REDIRECT] Feb 15, 2025 8:55:21 PM java.util.prefs.FileSystemPreferences syncWorld
2025-02-15 20:55:21,875 [ERROR] LogOutputStream:75 - [STDERR_REDIRECT] WARNING: Couldn't flush system prefs: java.util.prefs.BackingStoreException: Couldn't get file lock.
2025-02-15 20:55:21,875 [ERROR] LogOutputStream:75 - [STDERR_REDIRECT] 
2025-02-15 20:55:51,870 [ERROR] LogOutputStream:75 - [STDERR_REDIRECT] Feb 15, 2025 8:55:51 PM java.util.prefs.FileSystemPreferences checkLockFile0ErrorCode
2025-02-15 20:55:51,870 [ERROR] LogOutputStream:75 - [STDERR_REDIRECT] WARNING: Could not lock System prefs. Unix error code 2.
2025-02-15 20:55:51,870 [ERROR] LogOutputStream:75 - [STDERR_REDIRECT] 
2025-02-15 20:55:51,870 [ERROR] LogOutputStream:75 - [STDERR_REDIRECT] Feb 15, 2025 8:55:51 PM java.util.prefs.FileSystemPreferences syncWorld
2025-02-15 20:55:51,870 [ERROR] LogOutputStream:75 - [STDERR_REDIRECT] WARNING: Couldn't flush system prefs: java.util.prefs.BackingStoreException: Couldn't get file lock.
2025-02-15 20:55:51,870 [ERROR] LogOutputStream:75 - [STDERR_REDIRECT] 
2025-02-15 20:56:21,870 [ERROR] LogOutputStream:75 - [STDERR_REDIRECT] Feb 15, 2025 8:56:21 PM java.util.prefs.FileSystemPreferences checkLockFile0ErrorCode
2025-02-15 20:56:21,870 [ERROR] LogOutputStream:75 - [STDERR_REDIRECT] WARNING: Could not lock System prefs. Unix error code 2.
2025-02-15 20:56:21,870 [ERROR] LogOutputStream:75 - [STDERR_REDIRECT] 
2025-02-15 20:56:21,870 [ERROR] LogOutputStream:75 - [STDERR_REDIRECT] Feb 15, 2025 8:56:21 PM java.util.prefs.FileSystemPreferences syncWorld
2025-02-15 20:56:21,870 [ERROR] LogOutputStream:75 - [STDERR_REDIRECT] WARNING: Couldn't flush system prefs: java.util.prefs.BackingStoreException: Couldn't get file lock.
2025-02-15 20:56:21,870 [ERROR] LogOutputStream:75 - [STDERR_REDIRECT] 
2025-02-15 20:56:51,871 [ERROR] LogOutputStream:75 - [STDERR_REDIRECT] Feb 15, 2025 8:56:51 PM java.util.prefs.FileSystemPreferences checkLockFile0ErrorCode
2025-02-15 20:56:51,871 [ERROR] LogOutputStream:75 - [STDERR_REDIRECT] WARNING: Could not lock System prefs. Unix error code 2.
2025-02-15 20:56:51,871 [ERROR] LogOutputStream:75 - [STDERR_REDIRECT] 
2025-02-15 20:56:51,871 [ERROR] LogOutputStream:75 - [STDERR_REDIRECT] Feb 15, 2025 8:56:51 PM java.util.prefs.FileSystemPreferences syncWorld
2025-02-15 20:56:51,871 [ERROR] LogOutputStream:75 - [STDERR_REDIRECT] WARNING: Couldn't flush system prefs: java.util.prefs.BackingStoreException: Couldn't get file lock.
2025-02-15 20:56:51,871 [ERROR] LogOutputStream:75 - [STDERR_REDIRECT] 
2025-02-15 20:57:21,870 [ERROR] LogOutputStream:75 - [STDERR_REDIRECT] Feb 15, 2025 8:57:21 PM java.util.prefs.FileSystemPreferences checkLockFile0ErrorCode
2025-02-15 20:57:21,870 [ERROR] LogOutputStream:75 - [STDERR_REDIRECT] WARNING: Could not lock System prefs. Unix error code 2.
2025-02-15 20:57:21,870 [ERROR] LogOutputStream:75 - [STDERR_REDIRECT] 
2025-02-15 20:57:21,870 [ERROR] LogOutputStream:75 - [STDERR_REDIRECT] Feb 15, 2025 8:57:21 PM java.util.prefs.FileSystemPreferences syncWorld
2025-02-15 20:57:21,870 [ERROR] LogOutputStream:75 - [STDERR_REDIRECT] WARNING: Couldn't flush system prefs: java.util.prefs.BackingStoreException: Couldn't get file lock.
2025-02-15 20:57:21,870 [ERROR] LogOutputStream:75 - [STDERR_REDIRECT] 
2025-02-15 20:57:51,870 [ERROR] LogOutputStream:75 - [STDERR_REDIRECT] Feb 15, 2025 8:57:51 PM java.util.prefs.FileSystemPreferences checkLockFile0ErrorCode
2025-02-15 20:57:51,870 [ERROR] LogOutputStream:75 - [STDERR_REDIRECT] WARNING: Could not lock System prefs. Unix error code 2.
2025-02-15 20:57:51,871 [ERROR] LogOutputStream:75 - [STDERR_REDIRECT] 
2025-02-15 20:57:51,871 [ERROR] LogOutputStream:75 - [STDERR_REDIRECT] Feb 15, 2025 8:57:51 PM java.util.prefs.FileSystemPreferences syncWorld
2025-02-15 20:57:51,871 [ERROR] LogOutputStream:75 - [STDERR_REDIRECT] WARNING: Couldn't flush system prefs: java.util.prefs.BackingStoreException: Couldn't get file lock.
2025-02-15 20:57:51,871 [ERROR] LogOutputStream:75 - [STDERR_REDIRECT] 
2025-02-15 20:58:21,870 [ERROR] LogOutputStream:75 - [STDERR_REDIRECT] Feb 15, 2025 8:58:21 PM java.util.prefs.FileSystemPreferences checkLockFile0ErrorCode
2025-02-15 20:58:21,870 [ERROR] LogOutputStream:75 - [STDERR_REDIRECT] WARNING: Could not lock System prefs. Unix error code 2.
2025-02-15 20:58:21,870 [ERROR] LogOutputStream:75 - [STDERR_REDIRECT] 
2025-02-15 20:58:21,870 [ERROR] LogOutputStream:75 - [STDERR_REDIRECT] Feb 15, 2025 8:58:21 PM java.util.prefs.FileSystemPreferences syncWorld
2025-02-15 20:58:21,870 [ERROR] LogOutputStream:75 - [STDERR_REDIRECT] WARNING: Couldn't flush system prefs: java.util.prefs.BackingStoreException: Couldn't get file lock.
2025-02-15 20:58:21,870 [ERROR] LogOutputStream:75 - [STDERR_REDIRECT] 
2025-02-15 20:58:51,870 [ERROR] LogOutputStream:75 - [STDERR_REDIRECT] Feb 15, 2025 8:58:51 PM java.util.prefs.FileSystemPreferences checkLockFile0ErrorCode
2025-02-15 20:58:51,871 [ERROR] LogOutputStream:75 - [STDERR_REDIRECT] WARNING: Could not lock System prefs. Unix error code 2.
2025-02-15 20:58:51,871 [ERROR] LogOutputStream:75 - [STDERR_REDIRECT] 
2025-02-15 20:58:51,871 [ERROR] LogOutputStream:75 - [STDERR_REDIRECT] Feb 15, 2025 8:58:51 PM java.util.prefs.FileSystemPreferences syncWorld
2025-02-15 20:58:51,871 [ERROR] LogOutputStream:75 - [STDERR_REDIRECT] WARNING: Couldn't flush system prefs: java.util.prefs.BackingStoreException: Couldn't get file lock.
2025-02-15 20:58:51,871 [ERROR] LogOutputStream:75 - [STDERR_REDIRECT] 
2025-02-15 20:59:21,870 [ERROR] LogOutputStream:75 - [STDERR_REDIRECT] Feb 15, 2025 8:59:21 PM java.util.prefs.FileSystemPreferences checkLockFile0ErrorCode
2025-02-15 20:59:21,870 [ERROR] LogOutputStream:75 - [STDERR_REDIRECT] WARNING: Could not lock System prefs. Unix error code 2.
2025-02-15 20:59:21,870 [ERROR] LogOutputStream:75 - [STDERR_REDIRECT] 
2025-02-15 20:59:21,870 [ERROR] LogOutputStream:75 - [STDERR_REDIRECT] Feb 15, 2025 8:59:21 PM java.util.prefs.FileSystemPreferences syncWorld
2025-02-15 20:59:21,870 [ERROR] LogOutputStream:75 - [STDERR_REDIRECT] WARNING: Couldn't flush system prefs: java.util.prefs.BackingStoreException: Couldn't get file lock.
2025-02-15 20:59:21,870 [ERROR] LogOutputStream:75 - [STDERR_REDIRECT] 
2025-02-15 20:59:51,870 [ERROR] LogOutputStream:75 - [STDERR_REDIRECT] Feb 15, 2025 8:59:51 PM java.util.prefs.FileSystemPreferences checkLockFile0ErrorCode
2025-02-15 20:59:51,871 [ERROR] LogOutputStream:75 - [STDERR_REDIRECT] WARNING: Could not lock System prefs. Unix error code 2.
2025-02-15 20:59:51,871 [ERROR] LogOutputStream:75 - [STDERR_REDIRECT] 
2025-02-15 20:59:51,871 [ERROR] LogOutputStream:75 - [STDERR_REDIRECT] Feb 15, 2025 8:59:51 PM java.util.prefs.FileSystemPreferences syncWorld
2025-02-15 20:59:51,871 [ERROR] LogOutputStream:75 - [STDERR_REDIRECT] WARNING: Couldn't flush system prefs: java.util.prefs.BackingStoreException: Couldn't get file lock.
2025-02-15 20:59:51,871 [ERROR] LogOutputStream:75 - [STDERR_REDIRECT] 
2025-02-15 21:00:21,870 [ERROR] LogOutputStream:75 - [STDERR_REDIRECT] Feb 15, 2025 9:00:21 PM java.util.prefs.FileSystemPreferences checkLockFile0ErrorCode
2025-02-15 21:00:21,870 [ERROR] LogOutputStream:75 - [STDERR_REDIRECT] WARNING: Could not lock System prefs. Unix error code 2.
2025-02-15 21:00:21,870 [ERROR] LogOutputStream:75 - [STDERR_REDIRECT] 
2025-02-15 21:00:21,870 [ERROR] LogOutputStream:75 - [STDERR_REDIRECT] Feb 15, 2025 9:00:21 PM java.util.prefs.FileSystemPreferences syncWorld
2025-02-15 21:00:21,870 [ERROR] LogOutputStream:75 - [STDERR_REDIRECT] WARNING: Couldn't flush system prefs: java.util.prefs.BackingStoreException: Couldn't get file lock.
2025-02-15 21:00:21,870 [ERROR] LogOutputStream:75 - [STDERR_REDIRECT] 
2025-02-15 21:00:51,871 [ERROR] LogOutputStream:75 - [STDERR_REDIRECT] Feb 15, 2025 9:00:51 PM java.util.prefs.FileSystemPreferences checkLockFile0ErrorCode
2025-02-15 21:00:51,871 [ERROR] LogOutputStream:75 - [STDERR_REDIRECT] WARNING: Could not lock System prefs. Unix error code 2.
2025-02-15 21:00:51,871 [ERROR] LogOutputStream:75 - [STDERR_REDIRECT] 
2025-02-15 21:00:51,871 [ERROR] LogOutputStream:75 - [STDERR_REDIRECT] Feb 15, 2025 9:00:51 PM java.util.prefs.FileSystemPreferences syncWorld
2025-02-15 21:00:51,871 [ERROR] LogOutputStream:75 - [STDERR_REDIRECT] WARNING: Couldn't flush system prefs: java.util.prefs.BackingStoreException: Couldn't get file lock.
2025-02-15 21:00:51,871 [ERROR] LogOutputStream:75 - [STDERR_REDIRECT] 
2025-02-15 21:01:21,870 [ERROR] LogOutputStream:75 - [STDERR_REDIRECT] Feb 15, 2025 9:01:21 PM java.util.prefs.FileSystemPreferences checkLockFile0ErrorCode
2025-02-15 21:01:21,870 [ERROR] LogOutputStream:75 - [STDERR_REDIRECT] WARNING: Could not lock System prefs. Unix error code 2.
2025-02-15 21:01:21,877 [ERROR] LogOutputStream:75 - [STDERR_REDIRECT] 
2025-02-15 21:01:21,877 [ERROR] LogOutputStream:75 - [STDERR_REDIRECT] Feb 15, 2025 9:01:21 PM java.util.prefs.FileSystemPreferences syncWorld
2025-02-15 21:01:21,877 [ERROR] LogOutputStream:75 - [STDERR_REDIRECT] WARNING: Couldn't flush system prefs: java.util.prefs.BackingStoreException: Couldn't get file lock.
2025-02-15 21:01:21,877 [ERROR] LogOutputStream:75 - [STDERR_REDIRECT] 
2025-02-15 21:01:51,870 [ERROR] LogOutputStream:75 - [STDERR_REDIRECT] Feb 15, 2025 9:01:51 PM java.util.prefs.FileSystemPreferences checkLockFile0ErrorCode
2025-02-15 21:01:51,871 [ERROR] LogOutputStream:75 - [STDERR_REDIRECT] WARNING: Could not lock System prefs. Unix error code 2.
2025-02-15 21:01:51,871 [ERROR] LogOutputStream:75 - [STDERR_REDIRECT] 
2025-02-15 21:01:51,871 [ERROR] LogOutputStream:75 - [STDERR_REDIRECT] Feb 15, 2025 9:01:51 PM java.util.prefs.FileSystemPreferences syncWorld
2025-02-15 21:01:51,871 [ERROR] LogOutputStream:75 - [STDERR_REDIRECT] WARNING: Couldn't flush system prefs: java.util.prefs.BackingStoreException: Couldn't get file lock.
2025-02-15 21:01:51,871 [ERROR] LogOutputStream:75 - [STDERR_REDIRECT] 
2025-02-15 21:02:21,870 [ERROR] LogOutputStream:75 - [STDERR_REDIRECT] Feb 15, 2025 9:02:21 PM java.util.prefs.FileSystemPreferences checkLockFile0ErrorCode
2025-02-15 21:02:21,870 [ERROR] LogOutputStream:75 - [STDERR_REDIRECT] WARNING: Could not lock System prefs. Unix error code 2.
2025-02-15 21:02:21,870 [ERROR] LogOutputStream:75 - [STDERR_REDIRECT] 
2025-02-15 21:02:21,870 [ERROR] LogOutputStream:75 - [STDERR_REDIRECT] Feb 15, 2025 9:02:21 PM java.util.prefs.FileSystemPreferences syncWorld
2025-02-15 21:02:21,870 [ERROR] LogOutputStream:75 - [STDERR_REDIRECT] WARNING: Couldn't flush system prefs: java.util.prefs.BackingStoreException: Couldn't get file lock.
2025-02-15 21:02:21,870 [ERROR] LogOutputStream:75 - [STDERR_REDIRECT] 
2025-02-15 21:02:51,870 [ERROR] LogOutputStream:75 - [STDERR_REDIRECT] Feb 15, 2025 9:02:51 PM java.util.prefs.FileSystemPreferences checkLockFile0ErrorCode
2025-02-15 21:02:51,870 [ERROR] LogOutputStream:75 - [STDERR_REDIRECT] WARNING: Could not lock System prefs. Unix error code 2.
2025-02-15 21:02:51,871 [ERROR] LogOutputStream:75 - [STDERR_REDIRECT] 
2025-02-15 21:02:51,871 [ERROR] LogOutputStream:75 - [STDERR_REDIRECT] Feb 15, 2025 9:02:51 PM java.util.prefs.FileSystemPreferences syncWorld
2025-02-15 21:02:51,871 [ERROR] LogOutputStream:75 - [STDERR_REDIRECT] WARNING: Couldn't flush system prefs: java.util.prefs.BackingStoreException: Couldn't get file lock.
2025-02-15 21:02:51,871 [ERROR] LogOutputStream:75 - [STDERR_REDIRECT] 
2025-02-15 21:03:21,870 [ERROR] LogOutputStream:75 - [STDERR_REDIRECT] Feb 15, 2025 9:03:21 PM java.util.prefs.FileSystemPreferences checkLockFile0ErrorCode
2025-02-15 21:03:21,870 [ERROR] LogOutputStream:75 - [STDERR_REDIRECT] WARNING: Could not lock System prefs. Unix error code 2.
2025-02-15 21:03:21,870 [ERROR] LogOutputStream:75 - [STDERR_REDIRECT] 
2025-02-15 21:03:21,870 [ERROR] LogOutputStream:75 - [STDERR_REDIRECT] Feb 15, 2025 9:03:21 PM java.util.prefs.FileSystemPreferences syncWorld
2025-02-15 21:03:21,870 [ERROR] LogOutputStream:75 - [STDERR_REDIRECT] WARNING: Couldn't flush system prefs: java.util.prefs.BackingStoreException: Couldn't get file lock.
2025-02-15 21:03:21,870 [ERROR] LogOutputStream:75 - [STDERR_REDIRECT] 
2025-02-15 21:03:51,870 [ERROR] LogOutputStream:75 - [STDERR_REDIRECT] Feb 15, 2025 9:03:51 PM java.util.prefs.FileSystemPreferences checkLockFile0ErrorCode
2025-02-15 21:03:51,870 [ERROR] LogOutputStream:75 - [STDERR_REDIRECT] WARNING: Could not lock System prefs. Unix error code 2.
2025-02-15 21:03:51,870 [ERROR] LogOutputStream:75 - [STDERR_REDIRECT] 
2025-02-15 21:03:51,870 [ERROR] LogOutputStream:75 - [STDERR_REDIRECT] Feb 15, 2025 9:03:51 PM java.util.prefs.FileSystemPreferences syncWorld
2025-02-15 21:03:51,871 [ERROR] LogOutputStream:75 - [STDERR_REDIRECT] WARNING: Couldn't flush system prefs: java.util.prefs.BackingStoreException: Couldn't get file lock.
2025-02-15 21:03:51,871 [ERROR] LogOutputStream:75 - [STDERR_REDIRECT] 
2025-02-15 21:04:21,870 [ERROR] LogOutputStream:75 - [STDERR_REDIRECT] Feb 15, 2025 9:04:21 PM java.util.prefs.FileSystemPreferences checkLockFile0ErrorCode
2025-02-15 21:04:21,870 [ERROR] LogOutputStream:75 - [STDERR_REDIRECT] WARNING: Could not lock System prefs. Unix error code 2.
2025-02-15 21:04:21,870 [ERROR] LogOutputStream:75 - [STDERR_REDIRECT] 
2025-02-15 21:04:21,870 [ERROR] LogOutputStream:75 - [STDERR_REDIRECT] Feb 15, 2025 9:04:21 PM java.util.prefs.FileSystemPreferences syncWorld
2025-02-15 21:04:21,870 [ERROR] LogOutputStream:75 - [STDERR_REDIRECT] WARNING: Couldn't flush system prefs: java.util.prefs.BackingStoreException: Couldn't get file lock.
2025-02-15 21:04:21,870 [ERROR] LogOutputStream:75 - [STDERR_REDIRECT] 
2025-02-15 21:04:51,870 [ERROR] LogOutputStream:75 - [STDERR_REDIRECT] Feb 15, 2025 9:04:51 PM java.util.prefs.FileSystemPreferences checkLockFile0ErrorCode
2025-02-15 21:04:51,870 [ERROR] LogOutputStream:75 - [STDERR_REDIRECT] WARNING: Could not lock System prefs. Unix error code 2.
2025-02-15 21:04:51,870 [ERROR] LogOutputStream:75 - [STDERR_REDIRECT] 
2025-02-15 21:04:51,871 [ERROR] LogOutputStream:75 - [STDERR_REDIRECT] Feb 15, 2025 9:04:51 PM java.util.prefs.FileSystemPreferences syncWorld
2025-02-15 21:04:51,871 [ERROR] LogOutputStream:75 - [STDERR_REDIRECT] WARNING: Couldn't flush system prefs: java.util.prefs.BackingStoreException: Couldn't get file lock.
2025-02-15 21:04:51,871 [ERROR] LogOutputStream:75 - [STDERR_REDIRECT] 
2025-02-15 21:05:21,870 [ERROR] LogOutputStream:75 - [STDERR_REDIRECT] Feb 15, 2025 9:05:21 PM java.util.prefs.FileSystemPreferences checkLockFile0ErrorCode
2025-02-15 21:05:21,870 [ERROR] LogOutputStream:75 - [STDERR_REDIRECT] WARNING: Could not lock System prefs. Unix error code 2.
2025-02-15 21:05:21,870 [ERROR] LogOutputStream:75 - [STDERR_REDIRECT] 
2025-02-15 21:05:21,870 [ERROR] LogOutputStream:75 - [STDERR_REDIRECT] Feb 15, 2025 9:05:21 PM java.util.prefs.FileSystemPreferences syncWorld
2025-02-15 21:05:21,870 [ERROR] LogOutputStream:75 - [STDERR_REDIRECT] WARNING: Couldn't flush system prefs: java.util.prefs.BackingStoreException: Couldn't get file lock.
2025-02-15 21:05:21,870 [ERROR] LogOutputStream:75 - [STDERR_REDIRECT] 
2025-02-15 21:05:51,870 [ERROR] LogOutputStream:75 - [STDERR_REDIRECT] Feb 15, 2025 9:05:51 PM java.util.prefs.FileSystemPreferences checkLockFile0ErrorCode
2025-02-15 21:05:51,870 [ERROR] LogOutputStream:75 - [STDERR_REDIRECT] WARNING: Could not lock System prefs. Unix error code 2.
2025-02-15 21:05:51,870 [ERROR] LogOutputStream:75 - [STDERR_REDIRECT] 
2025-02-15 21:05:51,870 [ERROR] LogOutputStream:75 - [STDERR_REDIRECT] Feb 15, 2025 9:05:51 PM java.util.prefs.FileSystemPreferences syncWorld
2025-02-15 21:05:51,870 [ERROR] LogOutputStream:75 - [STDERR_REDIRECT] WARNING: Couldn't flush system prefs: java.util.prefs.BackingStoreException: Couldn't get file lock.
2025-02-15 21:05:51,870 [ERROR] LogOutputStream:75 - [STDERR_REDIRECT] 
2025-02-15 21:06:21,870 [ERROR] LogOutputStream:75 - [STDERR_REDIRECT] Feb 15, 2025 9:06:21 PM java.util.prefs.FileSystemPreferences checkLockFile0ErrorCode
2025-02-15 21:06:21,870 [ERROR] LogOutputStream:75 - [STDERR_REDIRECT] WARNING: Could not lock System prefs. Unix error code 2.
2025-02-15 21:06:21,870 [ERROR] LogOutputStream:75 - [STDERR_REDIRECT] 
2025-02-15 21:06:21,871 [ERROR] LogOutputStream:75 - [STDERR_REDIRECT] Feb 15, 2025 9:06:21 PM java.util.prefs.FileSystemPreferences syncWorld
2025-02-15 21:06:21,871 [ERROR] LogOutputStream:75 - [STDERR_REDIRECT] WARNING: Couldn't flush system prefs: java.util.prefs.BackingStoreException: Couldn't get file lock.
2025-02-15 21:06:21,871 [ERROR] LogOutputStream:75 - [STDERR_REDIRECT] 
2025-02-15 21:06:51,870 [ERROR] LogOutputStream:75 - [STDERR_REDIRECT] Feb 15, 2025 9:06:51 PM java.util.prefs.FileSystemPreferences checkLockFile0ErrorCode
2025-02-15 21:06:51,870 [ERROR] LogOutputStream:75 - [STDERR_REDIRECT] WARNING: Could not lock System prefs. Unix error code 2.
2025-02-15 21:06:51,870 [ERROR] LogOutputStream:75 - [STDERR_REDIRECT] 
2025-02-15 21:06:51,870 [ERROR] LogOutputStream:75 - [STDERR_REDIRECT] Feb 15, 2025 9:06:51 PM java.util.prefs.FileSystemPreferences syncWorld
2025-02-15 21:06:51,870 [ERROR] LogOutputStream:75 - [STDERR_REDIRECT] WARNING: Couldn't flush system prefs: java.util.prefs.BackingStoreException: Couldn't get file lock.
2025-02-15 21:06:51,870 [ERROR] LogOutputStream:75 - [STDERR_REDIRECT] 
2025-02-15 21:07:21,870 [ERROR] LogOutputStream:75 - [STDERR_REDIRECT] Feb 15, 2025 9:07:21 PM java.util.prefs.FileSystemPreferences checkLockFile0ErrorCode
2025-02-15 21:07:21,870 [ERROR] LogOutputStream:75 - [STDERR_REDIRECT] WARNING: Could not lock System prefs. Unix error code 2.
2025-02-15 21:07:21,870 [ERROR] LogOutputStream:75 - [STDERR_REDIRECT] 
2025-02-15 21:07:21,870 [ERROR] LogOutputStream:75 - [STDERR_REDIRECT] Feb 15, 2025 9:07:21 PM java.util.prefs.FileSystemPreferences syncWorld
2025-02-15 21:07:21,871 [ERROR] LogOutputStream:75 - [STDERR_REDIRECT] WARNING: Couldn't flush system prefs: java.util.prefs.BackingStoreException: Couldn't get file lock.
2025-02-15 21:07:21,871 [ERROR] LogOutputStream:75 - [STDERR_REDIRECT] 
2025-02-15 21:07:51,870 [ERROR] LogOutputStream:75 - [STDERR_REDIRECT] Feb 15, 2025 9:07:51 PM java.util.prefs.FileSystemPreferences checkLockFile0ErrorCode
2025-02-15 21:07:51,870 [ERROR] LogOutputStream:75 - [STDERR_REDIRECT] WARNING: Could not lock System prefs. Unix error code 2.
2025-02-15 21:07:51,870 [ERROR] LogOutputStream:75 - [STDERR_REDIRECT] 
2025-02-15 21:07:51,870 [ERROR] LogOutputStream:75 - [STDERR_REDIRECT] Feb 15, 2025 9:07:51 PM java.util.prefs.FileSystemPreferences syncWorld
2025-02-15 21:07:51,870 [ERROR] LogOutputStream:75 - [STDERR_REDIRECT] WARNING: Couldn't flush system prefs: java.util.prefs.BackingStoreException: Couldn't get file lock.
2025-02-15 21:07:51,870 [ERROR] LogOutputStream:75 - [STDERR_REDIRECT] 
2025-02-15 21:08:21,870 [ERROR] LogOutputStream:75 - [STDERR_REDIRECT] Feb 15, 2025 9:08:21 PM java.util.prefs.FileSystemPreferences checkLockFile0ErrorCode
2025-02-15 21:08:21,870 [ERROR] LogOutputStream:75 - [STDERR_REDIRECT] WARNING: Could not lock System prefs. Unix error code 2.
2025-02-15 21:08:21,870 [ERROR] LogOutputStream:75 - [STDERR_REDIRECT] 
2025-02-15 21:08:21,870 [ERROR] LogOutputStream:75 - [STDERR_REDIRECT] Feb 15, 2025 9:08:21 PM java.util.prefs.FileSystemPreferences syncWorld
2025-02-15 21:08:21,870 [ERROR] LogOutputStream:75 - [STDERR_REDIRECT] WARNING: Couldn't flush system prefs: java.util.prefs.BackingStoreException: Couldn't get file lock.
2025-02-15 21:08:21,870 [ERROR] LogOutputStream:75 - [STDERR_REDIRECT] 
2025-02-15 21:08:51,870 [ERROR] LogOutputStream:75 - [STDERR_REDIRECT] Feb 15, 2025 9:08:51 PM java.util.prefs.FileSystemPreferences checkLockFile0ErrorCode
2025-02-15 21:08:51,870 [ERROR] LogOutputStream:75 - [STDERR_REDIRECT] WARNING: Could not lock System prefs. Unix error code 2.
2025-02-15 21:08:51,870 [ERROR] LogOutputStream:75 - [STDERR_REDIRECT] 
2025-02-15 21:08:51,870 [ERROR] LogOutputStream:75 - [STDERR_REDIRECT] Feb 15, 2025 9:08:51 PM java.util.prefs.FileSystemPreferences syncWorld
2025-02-15 21:08:51,871 [ERROR] LogOutputStream:75 - [STDERR_REDIRECT] WARNING: Couldn't flush system prefs: java.util.prefs.BackingStoreException: Couldn't get file lock.
2025-02-15 21:08:51,871 [ERROR] LogOutputStream:75 - [STDERR_REDIRECT] 
2025-02-15 21:09:21,870 [ERROR] LogOutputStream:75 - [STDERR_REDIRECT] Feb 15, 2025 9:09:21 PM java.util.prefs.FileSystemPreferences checkLockFile0ErrorCode
2025-02-15 21:09:21,870 [ERROR] LogOutputStream:75 - [STDERR_REDIRECT] WARNING: Could not lock System prefs. Unix error code 2.
2025-02-15 21:09:21,870 [ERROR] LogOutputStream:75 - [STDERR_REDIRECT] 
2025-02-15 21:09:21,870 [ERROR] LogOutputStream:75 - [STDERR_REDIRECT] Feb 15, 2025 9:09:21 PM java.util.prefs.FileSystemPreferences syncWorld
2025-02-15 21:09:21,870 [ERROR] LogOutputStream:75 - [STDERR_REDIRECT] WARNING: Couldn't flush system prefs: java.util.prefs.BackingStoreException: Couldn't get file lock.
2025-02-15 21:09:21,870 [ERROR] LogOutputStream:75 - [STDERR_REDIRECT] 
2025-02-15 21:09:51,870 [ERROR] LogOutputStream:75 - [STDERR_REDIRECT] Feb 15, 2025 9:09:51 PM java.util.prefs.FileSystemPreferences checkLockFile0ErrorCode
2025-02-15 21:09:51,870 [ERROR] LogOutputStream:75 - [STDERR_REDIRECT] WARNING: Could not lock System prefs. Unix error code 2.
2025-02-15 21:09:51,870 [ERROR] LogOutputStream:75 - [STDERR_REDIRECT] 
2025-02-15 21:09:51,871 [ERROR] LogOutputStream:75 - [STDERR_REDIRECT] Feb 15, 2025 9:09:51 PM java.util.prefs.FileSystemPreferences syncWorld
2025-02-15 21:09:51,871 [ERROR] LogOutputStream:75 - [STDERR_REDIRECT] WARNING: Couldn't flush system prefs: java.util.prefs.BackingStoreException: Couldn't get file lock.
2025-02-15 21:09:51,871 [ERROR] LogOutputStream:75 - [STDERR_REDIRECT] 
2025-02-15 21:10:21,870 [ERROR] LogOutputStream:75 - [STDERR_REDIRECT] Feb 15, 2025 9:10:21 PM java.util.prefs.FileSystemPreferences checkLockFile0ErrorCode
2025-02-15 21:10:21,870 [ERROR] LogOutputStream:75 - [STDERR_REDIRECT] WARNING: Could not lock System prefs. Unix error code 2.
2025-02-15 21:10:21,870 [ERROR] LogOutputStream:75 - [STDERR_REDIRECT] 
2025-02-15 21:10:21,870 [ERROR] LogOutputStream:75 - [STDERR_REDIRECT] Feb 15, 2025 9:10:21 PM java.util.prefs.FileSystemPreferences syncWorld
2025-02-15 21:10:21,870 [ERROR] LogOutputStream:75 - [STDERR_REDIRECT] WARNING: Couldn't flush system prefs: java.util.prefs.BackingStoreException: Couldn't get file lock.
2025-02-15 21:10:21,870 [ERROR] LogOutputStream:75 - [STDERR_REDIRECT] 
2025-02-15 21:10:51,870 [ERROR] LogOutputStream:75 - [STDERR_REDIRECT] Feb 15, 2025 9:10:51 PM java.util.prefs.FileSystemPreferences checkLockFile0ErrorCode
2025-02-15 21:10:51,871 [ERROR] LogOutputStream:75 - [STDERR_REDIRECT] WARNING: Could not lock System prefs. Unix error code 2.
2025-02-15 21:10:51,871 [ERROR] LogOutputStream:75 - [STDERR_REDIRECT] 
2025-02-15 21:10:51,871 [ERROR] LogOutputStream:75 - [STDERR_REDIRECT] Feb 15, 2025 9:10:51 PM java.util.prefs.FileSystemPreferences syncWorld
2025-02-15 21:10:51,871 [ERROR] LogOutputStream:75 - [STDERR_REDIRECT] WARNING: Couldn't flush system prefs: java.util.prefs.BackingStoreException: Couldn't get file lock.
2025-02-15 21:10:51,871 [ERROR] LogOutputStream:75 - [STDERR_REDIRECT] 
2025-02-15 21:11:21,870 [ERROR] LogOutputStream:75 - [STDERR_REDIRECT] Feb 15, 2025 9:11:21 PM java.util.prefs.FileSystemPreferences checkLockFile0ErrorCode
2025-02-15 21:11:21,870 [ERROR] LogOutputStream:75 - [STDERR_REDIRECT] WARNING: Could not lock System prefs. Unix error code 2.
2025-02-15 21:11:21,876 [ERROR] LogOutputStream:75 - [STDERR_REDIRECT] 
2025-02-15 21:11:21,876 [ERROR] LogOutputStream:75 - [STDERR_REDIRECT] Feb 15, 2025 9:11:21 PM java.util.prefs.FileSystemPreferences syncWorld
2025-02-15 21:11:21,877 [ERROR] LogOutputStream:75 - [STDERR_REDIRECT] WARNING: Couldn't flush system prefs: java.util.prefs.BackingStoreException: Couldn't get file lock.
2025-02-15 21:11:21,877 [ERROR] LogOutputStream:75 - [STDERR_REDIRECT] 
2025-02-15 21:11:51,870 [ERROR] LogOutputStream:75 - [STDERR_REDIRECT] Feb 15, 2025 9:11:51 PM java.util.prefs.FileSystemPreferences checkLockFile0ErrorCode
2025-02-15 21:11:51,870 [ERROR] LogOutputStream:75 - [STDERR_REDIRECT] WARNING: Could not lock System prefs. Unix error code 2.
2025-02-15 21:11:51,870 [ERROR] LogOutputStream:75 - [STDERR_REDIRECT] 
2025-02-15 21:11:51,870 [ERROR] LogOutputStream:75 - [STDERR_REDIRECT] Feb 15, 2025 9:11:51 PM java.util.prefs.FileSystemPreferences syncWorld
2025-02-15 21:11:51,870 [ERROR] LogOutputStream:75 - [STDERR_REDIRECT] WARNING: Couldn't flush system prefs: java.util.prefs.BackingStoreException: Couldn't get file lock.
2025-02-15 21:11:51,870 [ERROR] LogOutputStream:75 - [STDERR_REDIRECT] 
2025-02-15 21:12:21,870 [ERROR] LogOutputStream:75 - [STDERR_REDIRECT] Feb 15, 2025 9:12:21 PM java.util.prefs.FileSystemPreferences checkLockFile0ErrorCode
2025-02-15 21:12:21,870 [ERROR] LogOutputStream:75 - [STDERR_REDIRECT] WARNING: Could not lock System prefs. Unix error code 2.
2025-02-15 21:12:21,870 [ERROR] LogOutputStream:75 - [STDERR_REDIRECT] 
2025-02-15 21:12:21,870 [ERROR] LogOutputStream:75 - [STDERR_REDIRECT] Feb 15, 2025 9:12:21 PM java.util.prefs.FileSystemPreferences syncWorld
2025-02-15 21:12:21,870 [ERROR] LogOutputStream:75 - [STDERR_REDIRECT] WARNING: Couldn't flush system prefs: java.util.prefs.BackingStoreException: Couldn't get file lock.
2025-02-15 21:12:21,870 [ERROR] LogOutputStream:75 - [STDERR_REDIRECT] 
2025-02-15 21:12:51,871 [ERROR] LogOutputStream:75 - [STDERR_REDIRECT] Feb 15, 2025 9:12:51 PM java.util.prefs.FileSystemPreferences checkLockFile0ErrorCode
2025-02-15 21:12:51,871 [ERROR] LogOutputStream:75 - [STDERR_REDIRECT] WARNING: Could not lock System prefs. Unix error code 2.
2025-02-15 21:12:51,871 [ERROR] LogOutputStream:75 - [STDERR_REDIRECT] 
2025-02-15 21:12:51,871 [ERROR] LogOutputStream:75 - [STDERR_REDIRECT] Feb 15, 2025 9:12:51 PM java.util.prefs.FileSystemPreferences syncWorld
2025-02-15 21:12:51,871 [ERROR] LogOutputStream:75 - [STDERR_REDIRECT] WARNING: Couldn't flush system prefs: java.util.prefs.BackingStoreException: Couldn't get file lock.
2025-02-15 21:12:51,871 [ERROR] LogOutputStream:75 - [STDERR_REDIRECT] 
2025-02-15 21:13:21,870 [ERROR] LogOutputStream:75 - [STDERR_REDIRECT] Feb 15, 2025 9:13:21 PM java.util.prefs.FileSystemPreferences checkLockFile0ErrorCode
2025-02-15 21:13:21,870 [ERROR] LogOutputStream:75 - [STDERR_REDIRECT] WARNING: Could not lock System prefs. Unix error code 2.
2025-02-15 21:13:21,870 [ERROR] LogOutputStream:75 - [STDERR_REDIRECT] 
2025-02-15 21:13:21,870 [ERROR] LogOutputStream:75 - [STDERR_REDIRECT] Feb 15, 2025 9:13:21 PM java.util.prefs.FileSystemPreferences syncWorld
2025-02-15 21:13:21,870 [ERROR] LogOutputStream:75 - [STDERR_REDIRECT] WARNING: Couldn't flush system prefs: java.util.prefs.BackingStoreException: Couldn't get file lock.
2025-02-15 21:13:21,870 [ERROR] LogOutputStream:75 - [STDERR_REDIRECT] 
2025-02-15 21:13:51,870 [ERROR] LogOutputStream:75 - [STDERR_REDIRECT] Feb 15, 2025 9:13:51 PM java.util.prefs.FileSystemPreferences checkLockFile0ErrorCode
2025-02-15 21:13:51,870 [ERROR] LogOutputStream:75 - [STDERR_REDIRECT] WARNING: Could not lock System prefs. Unix error code 2.
2025-02-15 21:13:51,870 [ERROR] LogOutputStream:75 - [STDERR_REDIRECT] 
2025-02-15 21:13:51,870 [ERROR] LogOutputStream:75 - [STDERR_REDIRECT] Feb 15, 2025 9:13:51 PM java.util.prefs.FileSystemPreferences syncWorld
2025-02-15 21:13:51,871 [ERROR] LogOutputStream:75 - [STDERR_REDIRECT] WARNING: Couldn't flush system prefs: java.util.prefs.BackingStoreException: Couldn't get file lock.
2025-02-15 21:13:51,871 [ERROR] LogOutputStream:75 - [STDERR_REDIRECT] 
2025-02-15 21:14:21,870 [ERROR] LogOutputStream:75 - [STDERR_REDIRECT] Feb 15, 2025 9:14:21 PM java.util.prefs.FileSystemPreferences checkLockFile0ErrorCode
2025-02-15 21:14:21,870 [ERROR] LogOutputStream:75 - [STDERR_REDIRECT] WARNING: Could not lock System prefs. Unix error code 2.
2025-02-15 21:14:21,870 [ERROR] LogOutputStream:75 - [STDERR_REDIRECT] 
2025-02-15 21:14:21,870 [ERROR] LogOutputStream:75 - [STDERR_REDIRECT] Feb 15, 2025 9:14:21 PM java.util.prefs.FileSystemPreferences syncWorld
2025-02-15 21:14:21,870 [ERROR] LogOutputStream:75 - [STDERR_REDIRECT] WARNING: Couldn't flush system prefs: java.util.prefs.BackingStoreException: Couldn't get file lock.
2025-02-15 21:14:21,870 [ERROR] LogOutputStream:75 - [STDERR_REDIRECT] 
2025-02-15 21:14:51,870 [ERROR] LogOutputStream:75 - [STDERR_REDIRECT] Feb 15, 2025 9:14:51 PM java.util.prefs.FileSystemPreferences checkLockFile0ErrorCode
2025-02-15 21:14:51,870 [ERROR] LogOutputStream:75 - [STDERR_REDIRECT] WARNING: Could not lock System prefs. Unix error code 2.
2025-02-15 21:14:51,870 [ERROR] LogOutputStream:75 - [STDERR_REDIRECT] 
2025-02-15 21:14:51,870 [ERROR] LogOutputStream:75 - [STDERR_REDIRECT] Feb 15, 2025 9:14:51 PM java.util.prefs.FileSystemPreferences syncWorld
2025-02-15 21:14:51,870 [ERROR] LogOutputStream:75 - [STDERR_REDIRECT] WARNING: Couldn't flush system prefs: java.util.prefs.BackingStoreException: Couldn't get file lock.
2025-02-15 21:14:51,870 [ERROR] LogOutputStream:75 - [STDERR_REDIRECT] 
2025-02-15 21:15:21,870 [ERROR] LogOutputStream:75 - [STDERR_REDIRECT] Feb 15, 2025 9:15:21 PM java.util.prefs.FileSystemPreferences checkLockFile0ErrorCode
2025-02-15 21:15:21,870 [ERROR] LogOutputStream:75 - [STDERR_REDIRECT] WARNING: Could not lock System prefs. Unix error code 2.
2025-02-15 21:15:21,871 [ERROR] LogOutputStream:75 - [STDERR_REDIRECT] 
2025-02-15 21:15:21,871 [ERROR] LogOutputStream:75 - [STDERR_REDIRECT] Feb 15, 2025 9:15:21 PM java.util.prefs.FileSystemPreferences syncWorld
2025-02-15 21:15:21,871 [ERROR] LogOutputStream:75 - [STDERR_REDIRECT] WARNING: Couldn't flush system prefs: java.util.prefs.BackingStoreException: Couldn't get file lock.
2025-02-15 21:15:21,871 [ERROR] LogOutputStream:75 - [STDERR_REDIRECT] 
2025-02-15 21:15:51,870 [ERROR] LogOutputStream:75 - [STDERR_REDIRECT] Feb 15, 2025 9:15:51 PM java.util.prefs.FileSystemPreferences checkLockFile0ErrorCode
2025-02-15 21:15:51,870 [ERROR] LogOutputStream:75 - [STDERR_REDIRECT] WARNING: Could not lock System prefs. Unix error code 2.
2025-02-15 21:15:51,870 [ERROR] LogOutputStream:75 - [STDERR_REDIRECT] 
2025-02-15 21:15:51,870 [ERROR] LogOutputStream:75 - [STDERR_REDIRECT] Feb 15, 2025 9:15:51 PM java.util.prefs.FileSystemPreferences syncWorld
2025-02-15 21:15:51,870 [ERROR] LogOutputStream:75 - [STDERR_REDIRECT] WARNING: Couldn't flush system prefs: java.util.prefs.BackingStoreException: Couldn't get file lock.
2025-02-15 21:15:51,870 [ERROR] LogOutputStream:75 - [STDERR_REDIRECT] 
2025-02-15 21:16:21,870 [ERROR] LogOutputStream:75 - [STDERR_REDIRECT] Feb 15, 2025 9:16:21 PM java.util.prefs.FileSystemPreferences checkLockFile0ErrorCode
2025-02-15 21:16:21,870 [ERROR] LogOutputStream:75 - [STDERR_REDIRECT] WARNING: Could not lock System prefs. Unix error code 2.
2025-02-15 21:16:21,870 [ERROR] LogOutputStream:75 - [STDERR_REDIRECT] 
2025-02-15 21:16:21,870 [ERROR] LogOutputStream:75 - [STDERR_REDIRECT] Feb 15, 2025 9:16:21 PM java.util.prefs.FileSystemPreferences syncWorld
2025-02-15 21:16:21,870 [ERROR] LogOutputStream:75 - [STDERR_REDIRECT] WARNING: Couldn't flush system prefs: java.util.prefs.BackingStoreException: Couldn't get file lock.
2025-02-15 21:16:21,870 [ERROR] LogOutputStream:75 - [STDERR_REDIRECT] 
2025-02-15 21:16:51,871 [ERROR] LogOutputStream:75 - [STDERR_REDIRECT] Feb 15, 2025 9:16:51 PM java.util.prefs.FileSystemPreferences checkLockFile0ErrorCode
2025-02-15 21:16:51,871 [ERROR] LogOutputStream:75 - [STDERR_REDIRECT] WARNING: Could not lock System prefs. Unix error code 2.
2025-02-15 21:16:51,871 [ERROR] LogOutputStream:75 - [STDERR_REDIRECT] 
2025-02-15 21:16:51,871 [ERROR] LogOutputStream:75 - [STDERR_REDIRECT] Feb 15, 2025 9:16:51 PM java.util.prefs.FileSystemPreferences syncWorld
2025-02-15 21:16:51,871 [ERROR] LogOutputStream:75 - [STDERR_REDIRECT] WARNING: Couldn't flush system prefs: java.util.prefs.BackingStoreException: Couldn't get file lock.
2025-02-15 21:16:51,871 [ERROR] LogOutputStream:75 - [STDERR_REDIRECT] 
2025-02-15 21:17:21,871 [ERROR] LogOutputStream:75 - [STDERR_REDIRECT] Feb 15, 2025 9:17:21 PM java.util.prefs.FileSystemPreferences checkLockFile0ErrorCode
2025-02-15 21:17:21,871 [ERROR] LogOutputStream:75 - [STDERR_REDIRECT] WARNING: Could not lock System prefs. Unix error code 2.
2025-02-15 21:17:21,871 [ERROR] LogOutputStream:75 - [STDERR_REDIRECT] 
2025-02-15 21:17:21,871 [ERROR] LogOutputStream:75 - [STDERR_REDIRECT] Feb 15, 2025 9:17:21 PM java.util.prefs.FileSystemPreferences syncWorld
2025-02-15 21:17:21,871 [ERROR] LogOutputStream:75 - [STDERR_REDIRECT] WARNING: Couldn't flush system prefs: java.util.prefs.BackingStoreException: Couldn't get file lock.
2025-02-15 21:17:21,871 [ERROR] LogOutputStream:75 - [STDERR_REDIRECT] 
2025-02-15 21:17:51,872 [ERROR] LogOutputStream:75 - [STDERR_REDIRECT] Feb 15, 2025 9:17:51 PM java.util.prefs.FileSystemPreferences checkLockFile0ErrorCode
2025-02-15 21:17:51,872 [ERROR] LogOutputStream:75 - [STDERR_REDIRECT] WARNING: Could not lock System prefs. Unix error code 2.
2025-02-15 21:17:51,872 [ERROR] LogOutputStream:75 - [STDERR_REDIRECT] 
2025-02-15 21:17:51,872 [ERROR] LogOutputStream:75 - [STDERR_REDIRECT] Feb 15, 2025 9:17:51 PM java.util.prefs.FileSystemPreferences syncWorld
2025-02-15 21:17:51,872 [ERROR] LogOutputStream:75 - [STDERR_REDIRECT] WARNING: Couldn't flush system prefs: java.util.prefs.BackingStoreException: Couldn't get file lock.
2025-02-15 21:17:51,872 [ERROR] LogOutputStream:75 - [STDERR_REDIRECT] 
2025-02-15 21:18:21,872 [ERROR] LogOutputStream:75 - [STDERR_REDIRECT] Feb 15, 2025 9:18:21 PM java.util.prefs.FileSystemPreferences checkLockFile0ErrorCode
2025-02-15 21:18:21,872 [ERROR] LogOutputStream:75 - [STDERR_REDIRECT] WARNING: Could not lock System prefs. Unix error code 2.
2025-02-15 21:18:21,872 [ERROR] LogOutputStream:75 - [STDERR_REDIRECT] 
2025-02-15 21:18:21,872 [ERROR] LogOutputStream:75 - [STDERR_REDIRECT] Feb 15, 2025 9:18:21 PM java.util.prefs.FileSystemPreferences syncWorld
2025-02-15 21:18:21,872 [ERROR] LogOutputStream:75 - [STDERR_REDIRECT] WARNING: Couldn't flush system prefs: java.util.prefs.BackingStoreException: Couldn't get file lock.
2025-02-15 21:18:21,872 [ERROR] LogOutputStream:75 - [STDERR_REDIRECT] 
2025-02-15 21:18:51,872 [ERROR] LogOutputStream:75 - [STDERR_REDIRECT] Feb 15, 2025 9:18:51 PM java.util.prefs.FileSystemPreferences checkLockFile0ErrorCode
2025-02-15 21:18:51,872 [ERROR] LogOutputStream:75 - [STDERR_REDIRECT] WARNING: Could not lock System prefs. Unix error code 2.
2025-02-15 21:18:51,872 [ERROR] LogOutputStream:75 - [STDERR_REDIRECT] 
2025-02-15 21:18:51,873 [ERROR] LogOutputStream:75 - [STDERR_REDIRECT] Feb 15, 2025 9:18:51 PM java.util.prefs.FileSystemPreferences syncWorld
2025-02-15 21:18:51,873 [ERROR] LogOutputStream:75 - [STDERR_REDIRECT] WARNING: Couldn't flush system prefs: java.util.prefs.BackingStoreException: Couldn't get file lock.
2025-02-15 21:18:51,873 [ERROR] LogOutputStream:75 - [STDERR_REDIRECT] 
2025-02-15 21:19:21,872 [ERROR] LogOutputStream:75 - [STDERR_REDIRECT] Feb 15, 2025 9:19:21 PM java.util.prefs.FileSystemPreferences checkLockFile0ErrorCode
2025-02-15 21:19:21,872 [ERROR] LogOutputStream:75 - [STDERR_REDIRECT] WARNING: Could not lock System prefs. Unix error code 2.
2025-02-15 21:19:21,872 [ERROR] LogOutputStream:75 - [STDERR_REDIRECT] 
2025-02-15 21:19:21,872 [ERROR] LogOutputStream:75 - [STDERR_REDIRECT] Feb 15, 2025 9:19:21 PM java.util.prefs.FileSystemPreferences syncWorld
2025-02-15 21:19:21,872 [ERROR] LogOutputStream:75 - [STDERR_REDIRECT] WARNING: Couldn't flush system prefs: java.util.prefs.BackingStoreException: Couldn't get file lock.
2025-02-15 21:19:21,872 [ERROR] LogOutputStream:75 - [STDERR_REDIRECT] 
2025-02-15 21:19:51,872 [ERROR] LogOutputStream:75 - [STDERR_REDIRECT] Feb 15, 2025 9:19:51 PM java.util.prefs.FileSystemPreferences checkLockFile0ErrorCode
2025-02-15 21:19:51,872 [ERROR] LogOutputStream:75 - [STDERR_REDIRECT] WARNING: Could not lock System prefs. Unix error code 2.
2025-02-15 21:19:51,872 [ERROR] LogOutputStream:75 - [STDERR_REDIRECT] 
2025-02-15 21:19:51,872 [ERROR] LogOutputStream:75 - [STDERR_REDIRECT] Feb 15, 2025 9:19:51 PM java.util.prefs.FileSystemPreferences syncWorld
2025-02-15 21:19:51,873 [ERROR] LogOutputStream:75 - [STDERR_REDIRECT] WARNING: Couldn't flush system prefs: java.util.prefs.BackingStoreException: Couldn't get file lock.
2025-02-15 21:19:51,873 [ERROR] LogOutputStream:75 - [STDERR_REDIRECT] 
2025-02-15 21:20:21,872 [ERROR] LogOutputStream:75 - [STDERR_REDIRECT] Feb 15, 2025 9:20:21 PM java.util.prefs.FileSystemPreferences checkLockFile0ErrorCode
2025-02-15 21:20:21,872 [ERROR] LogOutputStream:75 - [STDERR_REDIRECT] WARNING: Could not lock System prefs. Unix error code 2.
2025-02-15 21:20:21,872 [ERROR] LogOutputStream:75 - [STDERR_REDIRECT] 
2025-02-15 21:20:21,872 [ERROR] LogOutputStream:75 - [STDERR_REDIRECT] Feb 15, 2025 9:20:21 PM java.util.prefs.FileSystemPreferences syncWorld
2025-02-15 21:20:21,872 [ERROR] LogOutputStream:75 - [STDERR_REDIRECT] WARNING: Couldn't flush system prefs: java.util.prefs.BackingStoreException: Couldn't get file lock.
2025-02-15 21:20:21,872 [ERROR] LogOutputStream:75 - [STDERR_REDIRECT] 
2025-02-15 21:20:51,872 [ERROR] LogOutputStream:75 - [STDERR_REDIRECT] Feb 15, 2025 9:20:51 PM java.util.prefs.FileSystemPreferences checkLockFile0ErrorCode
2025-02-15 21:20:51,872 [ERROR] LogOutputStream:75 - [STDERR_REDIRECT] WARNING: Could not lock System prefs. Unix error code 2.
2025-02-15 21:20:51,872 [ERROR] LogOutputStream:75 - [STDERR_REDIRECT] 
2025-02-15 21:20:51,872 [ERROR] LogOutputStream:75 - [STDERR_REDIRECT] Feb 15, 2025 9:20:51 PM java.util.prefs.FileSystemPreferences syncWorld
2025-02-15 21:20:51,872 [ERROR] LogOutputStream:75 - [STDERR_REDIRECT] WARNING: Couldn't flush system prefs: java.util.prefs.BackingStoreException: Couldn't get file lock.
2025-02-15 21:20:51,872 [ERROR] LogOutputStream:75 - [STDERR_REDIRECT] 
2025-02-15 21:21:21,873 [ERROR] LogOutputStream:75 - [STDERR_REDIRECT] Feb 15, 2025 9:21:21 PM java.util.prefs.FileSystemPreferences checkLockFile0ErrorCode
2025-02-15 21:21:21,873 [ERROR] LogOutputStream:75 - [STDERR_REDIRECT] WARNING: Could not lock System prefs. Unix error code 2.
2025-02-15 21:21:21,879 [ERROR] LogOutputStream:75 - [STDERR_REDIRECT] 
2025-02-15 21:21:21,879 [ERROR] LogOutputStream:75 - [STDERR_REDIRECT] Feb 15, 2025 9:21:21 PM java.util.prefs.FileSystemPreferences syncWorld
2025-02-15 21:21:21,879 [ERROR] LogOutputStream:75 - [STDERR_REDIRECT] WARNING: Couldn't flush system prefs: java.util.prefs.BackingStoreException: Couldn't get file lock.
2025-02-15 21:21:21,879 [ERROR] LogOutputStream:75 - [STDERR_REDIRECT] 
2025-02-15 21:21:51,873 [ERROR] LogOutputStream:75 - [STDERR_REDIRECT] Feb 15, 2025 9:21:51 PM java.util.prefs.FileSystemPreferences checkLockFile0ErrorCode
2025-02-15 21:21:51,874 [ERROR] LogOutputStream:75 - [STDERR_REDIRECT] WARNING: Could not lock System prefs. Unix error code 2.
2025-02-15 21:21:51,874 [ERROR] LogOutputStream:75 - [STDERR_REDIRECT] 
2025-02-15 21:21:51,874 [ERROR] LogOutputStream:75 - [STDERR_REDIRECT] Feb 15, 2025 9:21:51 PM java.util.prefs.FileSystemPreferences syncWorld
2025-02-15 21:21:51,874 [ERROR] LogOutputStream:75 - [STDERR_REDIRECT] WARNING: Couldn't flush system prefs: java.util.prefs.BackingStoreException: Couldn't get file lock.
2025-02-15 21:21:51,874 [ERROR] LogOutputStream:75 - [STDERR_REDIRECT] 
2025-02-15 21:22:21,873 [ERROR] LogOutputStream:75 - [STDERR_REDIRECT] Feb 15, 2025 9:22:21 PM java.util.prefs.FileSystemPreferences checkLockFile0ErrorCode
2025-02-15 21:22:21,873 [ERROR] LogOutputStream:75 - [STDERR_REDIRECT] WARNING: Could not lock System prefs. Unix error code 2.
2025-02-15 21:22:21,879 [ERROR] LogOutputStream:75 - [STDERR_REDIRECT] 
2025-02-15 21:22:21,879 [ERROR] LogOutputStream:75 - [STDERR_REDIRECT] Feb 15, 2025 9:22:21 PM java.util.prefs.FileSystemPreferences syncWorld
2025-02-15 21:22:21,879 [ERROR] LogOutputStream:75 - [STDERR_REDIRECT] WARNING: Couldn't flush system prefs: java.util.prefs.BackingStoreException: Couldn't get file lock.
2025-02-15 21:22:21,879 [ERROR] LogOutputStream:75 - [STDERR_REDIRECT] 
2025-02-15 21:22:51,873 [ERROR] LogOutputStream:75 - [STDERR_REDIRECT] Feb 15, 2025 9:22:51 PM java.util.prefs.FileSystemPreferences checkLockFile0ErrorCode
2025-02-15 21:22:51,873 [ERROR] LogOutputStream:75 - [STDERR_REDIRECT] WARNING: Could not lock System prefs. Unix error code 2.
2025-02-15 21:22:51,874 [ERROR] LogOutputStream:75 - [STDERR_REDIRECT] 
2025-02-15 21:22:51,874 [ERROR] LogOutputStream:75 - [STDERR_REDIRECT] Feb 15, 2025 9:22:51 PM java.util.prefs.FileSystemPreferences syncWorld
2025-02-15 21:22:51,874 [ERROR] LogOutputStream:75 - [STDERR_REDIRECT] WARNING: Couldn't flush system prefs: java.util.prefs.BackingStoreException: Couldn't get file lock.
2025-02-15 21:22:51,874 [ERROR] LogOutputStream:75 - [STDERR_REDIRECT] 
2025-02-15 21:23:21,874 [ERROR] LogOutputStream:75 - [STDERR_REDIRECT] Feb 15, 2025 9:23:21 PM java.util.prefs.FileSystemPreferences checkLockFile0ErrorCode
2025-02-15 21:23:21,874 [ERROR] LogOutputStream:75 - [STDERR_REDIRECT] WARNING: Could not lock System prefs. Unix error code 2.
2025-02-15 21:23:21,874 [ERROR] LogOutputStream:75 - [STDERR_REDIRECT] 
2025-02-15 21:23:21,874 [ERROR] LogOutputStream:75 - [STDERR_REDIRECT] Feb 15, 2025 9:23:21 PM java.util.prefs.FileSystemPreferences syncWorld
2025-02-15 21:23:21,874 [ERROR] LogOutputStream:75 - [STDERR_REDIRECT] WARNING: Couldn't flush system prefs: java.util.prefs.BackingStoreException: Couldn't get file lock.
2025-02-15 21:23:21,874 [ERROR] LogOutputStream:75 - [STDERR_REDIRECT] 
2025-02-15 21:23:51,874 [ERROR] LogOutputStream:75 - [STDERR_REDIRECT] Feb 15, 2025 9:23:51 PM java.util.prefs.FileSystemPreferences checkLockFile0ErrorCode
2025-02-15 21:23:51,874 [ERROR] LogOutputStream:75 - [STDERR_REDIRECT] WARNING: Could not lock System prefs. Unix error code 2.
2025-02-15 21:23:51,874 [ERROR] LogOutputStream:75 - [STDERR_REDIRECT] 
2025-02-15 21:23:51,874 [ERROR] LogOutputStream:75 - [STDERR_REDIRECT] Feb 15, 2025 9:23:51 PM java.util.prefs.FileSystemPreferences syncWorld
2025-02-15 21:23:51,874 [ERROR] LogOutputStream:75 - [STDERR_REDIRECT] WARNING: Couldn't flush system prefs: java.util.prefs.BackingStoreException: Couldn't get file lock.
2025-02-15 21:23:51,874 [ERROR] LogOutputStream:75 - [STDERR_REDIRECT] 
2025-02-15 21:24:21,874 [ERROR] LogOutputStream:75 - [STDERR_REDIRECT] Feb 15, 2025 9:24:21 PM java.util.prefs.FileSystemPreferences checkLockFile0ErrorCode
2025-02-15 21:24:21,874 [ERROR] LogOutputStream:75 - [STDERR_REDIRECT] WARNING: Could not lock System prefs. Unix error code 2.
2025-02-15 21:24:21,874 [ERROR] LogOutputStream:75 - [STDERR_REDIRECT] 
2025-02-15 21:24:21,875 [ERROR] LogOutputStream:75 - [STDERR_REDIRECT] Feb 15, 2025 9:24:21 PM java.util.prefs.FileSystemPreferences syncWorld
2025-02-15 21:24:21,875 [ERROR] LogOutputStream:75 - [STDERR_REDIRECT] WARNING: Couldn't flush system prefs: java.util.prefs.BackingStoreException: Couldn't get file lock.
2025-02-15 21:24:21,875 [ERROR] LogOutputStream:75 - [STDERR_REDIRECT] 
2025-02-15 21:24:51,874 [ERROR] LogOutputStream:75 - [STDERR_REDIRECT] Feb 15, 2025 9:24:51 PM java.util.prefs.FileSystemPreferences checkLockFile0ErrorCode
2025-02-15 21:24:51,874 [ERROR] LogOutputStream:75 - [STDERR_REDIRECT] WARNING: Could not lock System prefs. Unix error code 2.
2025-02-15 21:24:51,874 [ERROR] LogOutputStream:75 - [STDERR_REDIRECT] 
2025-02-15 21:24:51,874 [ERROR] LogOutputStream:75 - [STDERR_REDIRECT] Feb 15, 2025 9:24:51 PM java.util.prefs.FileSystemPreferences syncWorld
2025-02-15 21:24:51,874 [ERROR] LogOutputStream:75 - [STDERR_REDIRECT] WARNING: Couldn't flush system prefs: java.util.prefs.BackingStoreException: Couldn't get file lock.
2025-02-15 21:24:51,874 [ERROR] LogOutputStream:75 - [STDERR_REDIRECT] 
2025-02-15 21:25:21,874 [ERROR] LogOutputStream:75 - [STDERR_REDIRECT] Feb 15, 2025 9:25:21 PM java.util.prefs.FileSystemPreferences checkLockFile0ErrorCode
2025-02-15 21:25:21,874 [ERROR] LogOutputStream:75 - [STDERR_REDIRECT] WARNING: Could not lock System prefs. Unix error code 2.
2025-02-15 21:25:21,874 [ERROR] LogOutputStream:75 - [STDERR_REDIRECT] 
2025-02-15 21:25:21,874 [ERROR] LogOutputStream:75 - [STDERR_REDIRECT] Feb 15, 2025 9:25:21 PM java.util.prefs.FileSystemPreferences syncWorld
2025-02-15 21:25:21,874 [ERROR] LogOutputStream:75 - [STDERR_REDIRECT] WARNING: Couldn't flush system prefs: java.util.prefs.BackingStoreException: Couldn't get file lock.
2025-02-15 21:25:21,874 [ERROR] LogOutputStream:75 - [STDERR_REDIRECT] 
2025-02-15 21:25:51,875 [ERROR] LogOutputStream:75 - [STDERR_REDIRECT] Feb 15, 2025 9:25:51 PM java.util.prefs.FileSystemPreferences checkLockFile0ErrorCode
2025-02-15 21:25:51,875 [ERROR] LogOutputStream:75 - [STDERR_REDIRECT] WARNING: Could not lock System prefs. Unix error code 2.
2025-02-15 21:25:51,875 [ERROR] LogOutputStream:75 - [STDERR_REDIRECT] 
2025-02-15 21:25:51,875 [ERROR] LogOutputStream:75 - [STDERR_REDIRECT] Feb 15, 2025 9:25:51 PM java.util.prefs.FileSystemPreferences syncWorld
2025-02-15 21:25:51,875 [ERROR] LogOutputStream:75 - [STDERR_REDIRECT] WARNING: Couldn't flush system prefs: java.util.prefs.BackingStoreException: Couldn't get file lock.
2025-02-15 21:25:51,875 [ERROR] LogOutputStream:75 - [STDERR_REDIRECT] 
2025-02-15 21:26:21,875 [ERROR] LogOutputStream:75 - [STDERR_REDIRECT] Feb 15, 2025 9:26:21 PM java.util.prefs.FileSystemPreferences checkLockFile0ErrorCode
2025-02-15 21:26:21,875 [ERROR] LogOutputStream:75 - [STDERR_REDIRECT] WARNING: Could not lock System prefs. Unix error code 2.
2025-02-15 21:26:21,875 [ERROR] LogOutputStream:75 - [STDERR_REDIRECT] 
2025-02-15 21:26:21,875 [ERROR] LogOutputStream:75 - [STDERR_REDIRECT] Feb 15, 2025 9:26:21 PM java.util.prefs.FileSystemPreferences syncWorld
2025-02-15 21:26:21,875 [ERROR] LogOutputStream:75 - [STDERR_REDIRECT] WARNING: Couldn't flush system prefs: java.util.prefs.BackingStoreException: Couldn't get file lock.
2025-02-15 21:26:21,875 [ERROR] LogOutputStream:75 - [STDERR_REDIRECT] 
2025-02-15 21:26:51,875 [ERROR] LogOutputStream:75 - [STDERR_REDIRECT] Feb 15, 2025 9:26:51 PM java.util.prefs.FileSystemPreferences checkLockFile0ErrorCode
2025-02-15 21:26:51,875 [ERROR] LogOutputStream:75 - [STDERR_REDIRECT] WARNING: Could not lock System prefs. Unix error code 2.
2025-02-15 21:26:51,875 [ERROR] LogOutputStream:75 - [STDERR_REDIRECT] 
2025-02-15 21:26:51,875 [ERROR] LogOutputStream:75 - [STDERR_REDIRECT] Feb 15, 2025 9:26:51 PM java.util.prefs.FileSystemPreferences syncWorld
2025-02-15 21:26:51,875 [ERROR] LogOutputStream:75 - [STDERR_REDIRECT] WARNING: Couldn't flush system prefs: java.util.prefs.BackingStoreException: Couldn't get file lock.
2025-02-15 21:26:51,875 [ERROR] LogOutputStream:75 - [STDERR_REDIRECT] 
2025-02-15 21:27:21,876 [ERROR] LogOutputStream:75 - [STDERR_REDIRECT] Feb 15, 2025 9:27:21 PM java.util.prefs.FileSystemPreferences checkLockFile0ErrorCode
2025-02-15 21:27:21,876 [ERROR] LogOutputStream:75 - [STDERR_REDIRECT] WARNING: Could not lock System prefs. Unix error code 2.
2025-02-15 21:27:21,876 [ERROR] LogOutputStream:75 - [STDERR_REDIRECT] 
2025-02-15 21:27:21,876 [ERROR] LogOutputStream:75 - [STDERR_REDIRECT] Feb 15, 2025 9:27:21 PM java.util.prefs.FileSystemPreferences syncWorld
2025-02-15 21:27:21,876 [ERROR] LogOutputStream:75 - [STDERR_REDIRECT] WARNING: Couldn't flush system prefs: java.util.prefs.BackingStoreException: Couldn't get file lock.
2025-02-15 21:27:21,876 [ERROR] LogOutputStream:75 - [STDERR_REDIRECT] 
2025-02-15 21:27:51,876 [ERROR] LogOutputStream:75 - [STDERR_REDIRECT] Feb 15, 2025 9:27:51 PM java.util.prefs.FileSystemPreferences checkLockFile0ErrorCode
2025-02-15 21:27:51,876 [ERROR] LogOutputStream:75 - [STDERR_REDIRECT] WARNING: Could not lock System prefs. Unix error code 2.
2025-02-15 21:27:51,876 [ERROR] LogOutputStream:75 - [STDERR_REDIRECT] 
2025-02-15 21:27:51,876 [ERROR] LogOutputStream:75 - [STDERR_REDIRECT] Feb 15, 2025 9:27:51 PM java.util.prefs.FileSystemPreferences syncWorld
2025-02-15 21:27:51,876 [ERROR] LogOutputStream:75 - [STDERR_REDIRECT] WARNING: Couldn't flush system prefs: java.util.prefs.BackingStoreException: Couldn't get file lock.
2025-02-15 21:27:51,876 [ERROR] LogOutputStream:75 - [STDERR_REDIRECT] 
2025-02-15 21:28:21,876 [ERROR] LogOutputStream:75 - [STDERR_REDIRECT] Feb 15, 2025 9:28:21 PM java.util.prefs.FileSystemPreferences checkLockFile0ErrorCode
2025-02-15 21:28:21,877 [ERROR] LogOutputStream:75 - [STDERR_REDIRECT] WARNING: Could not lock System prefs. Unix error code 2.
2025-02-15 21:28:21,877 [ERROR] LogOutputStream:75 - [STDERR_REDIRECT] 
2025-02-15 21:28:21,877 [ERROR] LogOutputStream:75 - [STDERR_REDIRECT] Feb 15, 2025 9:28:21 PM java.util.prefs.FileSystemPreferences syncWorld
2025-02-15 21:28:21,877 [ERROR] LogOutputStream:75 - [STDERR_REDIRECT] WARNING: Couldn't flush system prefs: java.util.prefs.BackingStoreException: Couldn't get file lock.
2025-02-15 21:28:21,877 [ERROR] LogOutputStream:75 - [STDERR_REDIRECT] 
2025-02-15 21:28:51,877 [ERROR] LogOutputStream:75 - [STDERR_REDIRECT] Feb 15, 2025 9:28:51 PM java.util.prefs.FileSystemPreferences checkLockFile0ErrorCode
2025-02-15 21:28:51,877 [ERROR] LogOutputStream:75 - [STDERR_REDIRECT] WARNING: Could not lock System prefs. Unix error code 2.
2025-02-15 21:28:51,877 [ERROR] LogOutputStream:75 - [STDERR_REDIRECT] 
2025-02-15 21:28:51,877 [ERROR] LogOutputStream:75 - [STDERR_REDIRECT] Feb 15, 2025 9:28:51 PM java.util.prefs.FileSystemPreferences syncWorld
2025-02-15 21:28:51,877 [ERROR] LogOutputStream:75 - [STDERR_REDIRECT] WARNING: Couldn't flush system prefs: java.util.prefs.BackingStoreException: Couldn't get file lock.
2025-02-15 21:28:51,877 [ERROR] LogOutputStream:75 - [STDERR_REDIRECT] 
2025-02-15 21:29:21,878 [ERROR] LogOutputStream:75 - [STDERR_REDIRECT] Feb 15, 2025 9:29:21 PM java.util.prefs.FileSystemPreferences checkLockFile0ErrorCode
2025-02-15 21:29:21,878 [ERROR] LogOutputStream:75 - [STDERR_REDIRECT] WARNING: Could not lock System prefs. Unix error code 2.
2025-02-15 21:29:21,878 [ERROR] LogOutputStream:75 - [STDERR_REDIRECT] 
2025-02-15 21:29:21,878 [ERROR] LogOutputStream:75 - [STDERR_REDIRECT] Feb 15, 2025 9:29:21 PM java.util.prefs.FileSystemPreferences syncWorld
2025-02-15 21:29:21,878 [ERROR] LogOutputStream:75 - [STDERR_REDIRECT] WARNING: Couldn't flush system prefs: java.util.prefs.BackingStoreException: Couldn't get file lock.
2025-02-15 21:29:21,878 [ERROR] LogOutputStream:75 - [STDERR_REDIRECT] 
2025-02-15 21:29:51,877 [ERROR] LogOutputStream:75 - [STDERR_REDIRECT] Feb 15, 2025 9:29:51 PM java.util.prefs.FileSystemPreferences checkLockFile0ErrorCode
2025-02-15 21:29:51,877 [ERROR] LogOutputStream:75 - [STDERR_REDIRECT] WARNING: Could not lock System prefs. Unix error code 2.
2025-02-15 21:29:51,877 [ERROR] LogOutputStream:75 - [STDERR_REDIRECT] 
2025-02-15 21:29:51,877 [ERROR] LogOutputStream:75 - [STDERR_REDIRECT] Feb 15, 2025 9:29:51 PM java.util.prefs.FileSystemPreferences syncWorld
2025-02-15 21:29:51,877 [ERROR] LogOutputStream:75 - [STDERR_REDIRECT] WARNING: Couldn't flush system prefs: java.util.prefs.BackingStoreException: Couldn't get file lock.
2025-02-15 21:29:51,877 [ERROR] LogOutputStream:75 - [STDERR_REDIRECT] 
2025-02-15 21:30:21,877 [ERROR] LogOutputStream:75 - [STDERR_REDIRECT] Feb 15, 2025 9:30:21 PM java.util.prefs.FileSystemPreferences checkLockFile0ErrorCode
2025-02-15 21:30:21,877 [ERROR] LogOutputStream:75 - [STDERR_REDIRECT] WARNING: Could not lock System prefs. Unix error code 2.
2025-02-15 21:30:21,877 [ERROR] LogOutputStream:75 - [STDERR_REDIRECT] 
2025-02-15 21:30:21,877 [ERROR] LogOutputStream:75 - [STDERR_REDIRECT] Feb 15, 2025 9:30:21 PM java.util.prefs.FileSystemPreferences syncWorld
2025-02-15 21:30:21,878 [ERROR] LogOutputStream:75 - [STDERR_REDIRECT] WARNING: Couldn't flush system prefs: java.util.prefs.BackingStoreException: Couldn't get file lock.
2025-02-15 21:30:21,878 [ERROR] LogOutputStream:75 - [STDERR_REDIRECT] 
2025-02-15 21:30:51,877 [ERROR] LogOutputStream:75 - [STDERR_REDIRECT] Feb 15, 2025 9:30:51 PM java.util.prefs.FileSystemPreferences checkLockFile0ErrorCode
2025-02-15 21:30:51,877 [ERROR] LogOutputStream:75 - [STDERR_REDIRECT] WARNING: Could not lock System prefs. Unix error code 2.
2025-02-15 21:30:51,877 [ERROR] LogOutputStream:75 - [STDERR_REDIRECT] 
2025-02-15 21:30:51,877 [ERROR] LogOutputStream:75 - [STDERR_REDIRECT] Feb 15, 2025 9:30:51 PM java.util.prefs.FileSystemPreferences syncWorld
2025-02-15 21:30:51,877 [ERROR] LogOutputStream:75 - [STDERR_REDIRECT] WARNING: Couldn't flush system prefs: java.util.prefs.BackingStoreException: Couldn't get file lock.
2025-02-15 21:30:51,877 [ERROR] LogOutputStream:75 - [STDERR_REDIRECT] 
2025-02-15 21:31:21,877 [ERROR] LogOutputStream:75 - [STDERR_REDIRECT] Feb 15, 2025 9:31:21 PM java.util.prefs.FileSystemPreferences checkLockFile0ErrorCode
2025-02-15 21:31:21,877 [ERROR] LogOutputStream:75 - [STDERR_REDIRECT] WARNING: Could not lock System prefs. Unix error code 2.
2025-02-15 21:31:21,877 [ERROR] LogOutputStream:75 - [STDERR_REDIRECT] 
2025-02-15 21:31:21,877 [ERROR] LogOutputStream:75 - [STDERR_REDIRECT] Feb 15, 2025 9:31:21 PM java.util.prefs.FileSystemPreferences syncWorld
2025-02-15 21:31:21,877 [ERROR] LogOutputStream:75 - [STDERR_REDIRECT] WARNING: Couldn't flush system prefs: java.util.prefs.BackingStoreException: Couldn't get file lock.
2025-02-15 21:31:21,877 [ERROR] LogOutputStream:75 - [STDERR_REDIRECT] 
2025-02-15 21:31:51,877 [ERROR] LogOutputStream:75 - [STDERR_REDIRECT] Feb 15, 2025 9:31:51 PM java.util.prefs.FileSystemPreferences checkLockFile0ErrorCode
2025-02-15 21:31:51,878 [ERROR] LogOutputStream:75 - [STDERR_REDIRECT] WARNING: Could not lock System prefs. Unix error code 2.
2025-02-15 21:31:51,878 [ERROR] LogOutputStream:75 - [STDERR_REDIRECT] 
2025-02-15 21:31:51,878 [ERROR] LogOutputStream:75 - [STDERR_REDIRECT] Feb 15, 2025 9:31:51 PM java.util.prefs.FileSystemPreferences syncWorld
2025-02-15 21:31:51,878 [ERROR] LogOutputStream:75 - [STDERR_REDIRECT] WARNING: Couldn't flush system prefs: java.util.prefs.BackingStoreException: Couldn't get file lock.
2025-02-15 21:31:51,878 [ERROR] LogOutputStream:75 - [STDERR_REDIRECT] 
2025-02-15 21:32:21,878 [ERROR] LogOutputStream:75 - [STDERR_REDIRECT] Feb 15, 2025 9:32:21 PM java.util.prefs.FileSystemPreferences checkLockFile0ErrorCode
2025-02-15 21:32:21,878 [ERROR] LogOutputStream:75 - [STDERR_REDIRECT] WARNING: Could not lock System prefs. Unix error code 2.
2025-02-15 21:32:21,878 [ERROR] LogOutputStream:75 - [STDERR_REDIRECT] 
2025-02-15 21:32:21,878 [ERROR] LogOutputStream:75 - [STDERR_REDIRECT] Feb 15, 2025 9:32:21 PM java.util.prefs.FileSystemPreferences syncWorld
2025-02-15 21:32:21,878 [ERROR] LogOutputStream:75 - [STDERR_REDIRECT] WARNING: Couldn't flush system prefs: java.util.prefs.BackingStoreException: Couldn't get file lock.
2025-02-15 21:32:21,878 [ERROR] LogOutputStream:75 - [STDERR_REDIRECT] 
2025-02-15 21:32:51,878 [ERROR] LogOutputStream:75 - [STDERR_REDIRECT] Feb 15, 2025 9:32:51 PM java.util.prefs.FileSystemPreferences checkLockFile0ErrorCode
2025-02-15 21:32:51,878 [ERROR] LogOutputStream:75 - [STDERR_REDIRECT] WARNING: Could not lock System prefs. Unix error code 2.
2025-02-15 21:32:51,878 [ERROR] LogOutputStream:75 - [STDERR_REDIRECT] 
2025-02-15 21:32:51,878 [ERROR] LogOutputStream:75 - [STDERR_REDIRECT] Feb 15, 2025 9:32:51 PM java.util.prefs.FileSystemPreferences syncWorld
2025-02-15 21:32:51,878 [ERROR] LogOutputStream:75 - [STDERR_REDIRECT] WARNING: Couldn't flush system prefs: java.util.prefs.BackingStoreException: Couldn't get file lock.
2025-02-15 21:32:51,878 [ERROR] LogOutputStream:75 - [STDERR_REDIRECT] 
2025-02-15 21:33:21,879 [ERROR] LogOutputStream:75 - [STDERR_REDIRECT] Feb 15, 2025 9:33:21 PM java.util.prefs.FileSystemPreferences checkLockFile0ErrorCode
2025-02-15 21:33:21,879 [ERROR] LogOutputStream:75 - [STDERR_REDIRECT] WARNING: Could not lock System prefs. Unix error code 2.
2025-02-15 21:33:21,879 [ERROR] LogOutputStream:75 - [STDERR_REDIRECT] 
2025-02-15 21:33:21,879 [ERROR] LogOutputStream:75 - [STDERR_REDIRECT] Feb 15, 2025 9:33:21 PM java.util.prefs.FileSystemPreferences syncWorld
2025-02-15 21:33:21,879 [ERROR] LogOutputStream:75 - [STDERR_REDIRECT] WARNING: Couldn't flush system prefs: java.util.prefs.BackingStoreException: Couldn't get file lock.
2025-02-15 21:33:21,879 [ERROR] LogOutputStream:75 - [STDERR_REDIRECT] 
2025-02-15 21:33:51,879 [ERROR] LogOutputStream:75 - [STDERR_REDIRECT] Feb 15, 2025 9:33:51 PM java.util.prefs.FileSystemPreferences checkLockFile0ErrorCode
2025-02-15 21:33:51,879 [ERROR] LogOutputStream:75 - [STDERR_REDIRECT] WARNING: Could not lock System prefs. Unix error code 2.
2025-02-15 21:33:51,879 [ERROR] LogOutputStream:75 - [STDERR_REDIRECT] 
2025-02-15 21:33:51,879 [ERROR] LogOutputStream:75 - [STDERR_REDIRECT] Feb 15, 2025 9:33:51 PM java.util.prefs.FileSystemPreferences syncWorld
2025-02-15 21:33:51,879 [ERROR] LogOutputStream:75 - [STDERR_REDIRECT] WARNING: Couldn't flush system prefs: java.util.prefs.BackingStoreException: Couldn't get file lock.
2025-02-15 21:33:51,879 [ERROR] LogOutputStream:75 - [STDERR_REDIRECT] 
2025-02-15 21:34:21,880 [ERROR] LogOutputStream:75 - [STDERR_REDIRECT] Feb 15, 2025 9:34:21 PM java.util.prefs.FileSystemPreferences checkLockFile0ErrorCode
2025-02-15 21:34:21,880 [ERROR] LogOutputStream:75 - [STDERR_REDIRECT] WARNING: Could not lock System prefs. Unix error code 2.
2025-02-15 21:34:21,880 [ERROR] LogOutputStream:75 - [STDERR_REDIRECT] 
2025-02-15 21:34:21,880 [ERROR] LogOutputStream:75 - [STDERR_REDIRECT] Feb 15, 2025 9:34:21 PM java.util.prefs.FileSystemPreferences syncWorld
2025-02-15 21:34:21,880 [ERROR] LogOutputStream:75 - [STDERR_REDIRECT] WARNING: Couldn't flush system prefs: java.util.prefs.BackingStoreException: Couldn't get file lock.
2025-02-15 21:34:21,880 [ERROR] LogOutputStream:75 - [STDERR_REDIRECT] 
2025-02-15 21:34:51,879 [ERROR] LogOutputStream:75 - [STDERR_REDIRECT] Feb 15, 2025 9:34:51 PM java.util.prefs.FileSystemPreferences checkLockFile0ErrorCode
2025-02-15 21:34:51,879 [ERROR] LogOutputStream:75 - [STDERR_REDIRECT] WARNING: Could not lock System prefs. Unix error code 2.
2025-02-15 21:34:51,879 [ERROR] LogOutputStream:75 - [STDERR_REDIRECT] 
2025-02-15 21:34:51,880 [ERROR] LogOutputStream:75 - [STDERR_REDIRECT] Feb 15, 2025 9:34:51 PM java.util.prefs.FileSystemPreferences syncWorld
2025-02-15 21:34:51,880 [ERROR] LogOutputStream:75 - [STDERR_REDIRECT] WARNING: Couldn't flush system prefs: java.util.prefs.BackingStoreException: Couldn't get file lock.
2025-02-15 21:34:51,880 [ERROR] LogOutputStream:75 - [STDERR_REDIRECT] 
2025-02-15 21:35:21,879 [ERROR] LogOutputStream:75 - [STDERR_REDIRECT] Feb 15, 2025 9:35:21 PM java.util.prefs.FileSystemPreferences checkLockFile0ErrorCode
2025-02-15 21:35:21,879 [ERROR] LogOutputStream:75 - [STDERR_REDIRECT] WARNING: Could not lock System prefs. Unix error code 2.
2025-02-15 21:35:21,879 [ERROR] LogOutputStream:75 - [STDERR_REDIRECT] 
2025-02-15 21:35:21,879 [ERROR] LogOutputStream:75 - [STDERR_REDIRECT] Feb 15, 2025 9:35:21 PM java.util.prefs.FileSystemPreferences syncWorld
2025-02-15 21:35:21,879 [ERROR] LogOutputStream:75 - [STDERR_REDIRECT] WARNING: Couldn't flush system prefs: java.util.prefs.BackingStoreException: Couldn't get file lock.
2025-02-15 21:35:21,879 [ERROR] LogOutputStream:75 - [STDERR_REDIRECT] 
2025-02-15 21:35:51,879 [ERROR] LogOutputStream:75 - [STDERR_REDIRECT] Feb 15, 2025 9:35:51 PM java.util.prefs.FileSystemPreferences checkLockFile0ErrorCode
2025-02-15 21:35:51,879 [ERROR] LogOutputStream:75 - [STDERR_REDIRECT] WARNING: Could not lock System prefs. Unix error code 2.
2025-02-15 21:35:51,879 [ERROR] LogOutputStream:75 - [STDERR_REDIRECT] 
2025-02-15 21:35:51,879 [ERROR] LogOutputStream:75 - [STDERR_REDIRECT] Feb 15, 2025 9:35:51 PM java.util.prefs.FileSystemPreferences syncWorld
2025-02-15 21:35:51,879 [ERROR] LogOutputStream:75 - [STDERR_REDIRECT] WARNING: Couldn't flush system prefs: java.util.prefs.BackingStoreException: Couldn't get file lock.
2025-02-15 21:35:51,879 [ERROR] LogOutputStream:75 - [STDERR_REDIRECT] 
2025-02-15 21:36:21,880 [ERROR] LogOutputStream:75 - [STDERR_REDIRECT] Feb 15, 2025 9:36:21 PM java.util.prefs.FileSystemPreferences checkLockFile0ErrorCode
2025-02-15 21:36:21,880 [ERROR] LogOutputStream:75 - [STDERR_REDIRECT] WARNING: Could not lock System prefs. Unix error code 2.
2025-02-15 21:36:21,880 [ERROR] LogOutputStream:75 - [STDERR_REDIRECT] 
2025-02-15 21:36:21,880 [ERROR] LogOutputStream:75 - [STDERR_REDIRECT] Feb 15, 2025 9:36:21 PM java.util.prefs.FileSystemPreferences syncWorld
2025-02-15 21:36:21,880 [ERROR] LogOutputStream:75 - [STDERR_REDIRECT] WARNING: Couldn't flush system prefs: java.util.prefs.BackingStoreException: Couldn't get file lock.
2025-02-15 21:36:21,880 [ERROR] LogOutputStream:75 - [STDERR_REDIRECT] 
2025-02-15 21:36:51,880 [ERROR] LogOutputStream:75 - [STDERR_REDIRECT] Feb 15, 2025 9:36:51 PM java.util.prefs.FileSystemPreferences checkLockFile0ErrorCode
2025-02-15 21:36:51,880 [ERROR] LogOutputStream:75 - [STDERR_REDIRECT] WARNING: Could not lock System prefs. Unix error code 2.
2025-02-15 21:36:51,880 [ERROR] LogOutputStream:75 - [STDERR_REDIRECT] 
2025-02-15 21:36:51,880 [ERROR] LogOutputStream:75 - [STDERR_REDIRECT] Feb 15, 2025 9:36:51 PM java.util.prefs.FileSystemPreferences syncWorld
2025-02-15 21:36:51,880 [ERROR] LogOutputStream:75 - [STDERR_REDIRECT] WARNING: Couldn't flush system prefs: java.util.prefs.BackingStoreException: Couldn't get file lock.
2025-02-15 21:36:51,880 [ERROR] LogOutputStream:75 - [STDERR_REDIRECT] 
2025-02-15 21:37:21,881 [ERROR] LogOutputStream:75 - [STDERR_REDIRECT] Feb 15, 2025 9:37:21 PM java.util.prefs.FileSystemPreferences checkLockFile0ErrorCode
2025-02-15 21:37:21,881 [ERROR] LogOutputStream:75 - [STDERR_REDIRECT] WARNING: Could not lock System prefs. Unix error code 2.
2025-02-15 21:37:21,881 [ERROR] LogOutputStream:75 - [STDERR_REDIRECT] 
2025-02-15 21:37:21,881 [ERROR] LogOutputStream:75 - [STDERR_REDIRECT] Feb 15, 2025 9:37:21 PM java.util.prefs.FileSystemPreferences syncWorld
2025-02-15 21:37:21,881 [ERROR] LogOutputStream:75 - [STDERR_REDIRECT] WARNING: Couldn't flush system prefs: java.util.prefs.BackingStoreException: Couldn't get file lock.
2025-02-15 21:37:21,881 [ERROR] LogOutputStream:75 - [STDERR_REDIRECT] 
2025-02-15 21:37:51,880 [ERROR] LogOutputStream:75 - [STDERR_REDIRECT] Feb 15, 2025 9:37:51 PM java.util.prefs.FileSystemPreferences checkLockFile0ErrorCode
2025-02-15 21:37:51,880 [ERROR] LogOutputStream:75 - [STDERR_REDIRECT] WARNING: Could not lock System prefs. Unix error code 2.
2025-02-15 21:37:51,880 [ERROR] LogOutputStream:75 - [STDERR_REDIRECT] 
2025-02-15 21:37:51,880 [ERROR] LogOutputStream:75 - [STDERR_REDIRECT] Feb 15, 2025 9:37:51 PM java.util.prefs.FileSystemPreferences syncWorld
2025-02-15 21:37:51,880 [ERROR] LogOutputStream:75 - [STDERR_REDIRECT] WARNING: Couldn't flush system prefs: java.util.prefs.BackingStoreException: Couldn't get file lock.
2025-02-15 21:37:51,880 [ERROR] LogOutputStream:75 - [STDERR_REDIRECT] 
2025-02-15 21:38:21,880 [ERROR] LogOutputStream:75 - [STDERR_REDIRECT] Feb 15, 2025 9:38:21 PM java.util.prefs.FileSystemPreferences checkLockFile0ErrorCode
2025-02-15 21:38:21,880 [ERROR] LogOutputStream:75 - [STDERR_REDIRECT] WARNING: Could not lock System prefs. Unix error code 2.
2025-02-15 21:38:21,880 [ERROR] LogOutputStream:75 - [STDERR_REDIRECT] 
2025-02-15 21:38:21,880 [ERROR] LogOutputStream:75 - [STDERR_REDIRECT] Feb 15, 2025 9:38:21 PM java.util.prefs.FileSystemPreferences syncWorld
2025-02-15 21:38:21,881 [ERROR] LogOutputStream:75 - [STDERR_REDIRECT] WARNING: Couldn't flush system prefs: java.util.prefs.BackingStoreException: Couldn't get file lock.
2025-02-15 21:38:21,881 [ERROR] LogOutputStream:75 - [STDERR_REDIRECT] 
2025-02-15 21:38:51,880 [ERROR] LogOutputStream:75 - [STDERR_REDIRECT] Feb 15, 2025 9:38:51 PM java.util.prefs.FileSystemPreferences checkLockFile0ErrorCode
2025-02-15 21:38:51,880 [ERROR] LogOutputStream:75 - [STDERR_REDIRECT] WARNING: Could not lock System prefs. Unix error code 2.
2025-02-15 21:38:51,880 [ERROR] LogOutputStream:75 - [STDERR_REDIRECT] 
2025-02-15 21:38:51,880 [ERROR] LogOutputStream:75 - [STDERR_REDIRECT] Feb 15, 2025 9:38:51 PM java.util.prefs.FileSystemPreferences syncWorld
2025-02-15 21:38:51,880 [ERROR] LogOutputStream:75 - [STDERR_REDIRECT] WARNING: Couldn't flush system prefs: java.util.prefs.BackingStoreException: Couldn't get file lock.
2025-02-15 21:38:51,880 [ERROR] LogOutputStream:75 - [STDERR_REDIRECT] 
2025-02-15 21:39:21,880 [ERROR] LogOutputStream:75 - [STDERR_REDIRECT] Feb 15, 2025 9:39:21 PM java.util.prefs.FileSystemPreferences checkLockFile0ErrorCode
2025-02-15 21:39:21,880 [ERROR] LogOutputStream:75 - [STDERR_REDIRECT] WARNING: Could not lock System prefs. Unix error code 2.
2025-02-15 21:39:21,880 [ERROR] LogOutputStream:75 - [STDERR_REDIRECT] 
2025-02-15 21:39:21,880 [ERROR] LogOutputStream:75 - [STDERR_REDIRECT] Feb 15, 2025 9:39:21 PM java.util.prefs.FileSystemPreferences syncWorld
2025-02-15 21:39:21,880 [ERROR] LogOutputStream:75 - [STDERR_REDIRECT] WARNING: Couldn't flush system prefs: java.util.prefs.BackingStoreException: Couldn't get file lock.
2025-02-15 21:39:21,880 [ERROR] LogOutputStream:75 - [STDERR_REDIRECT] 
2025-02-15 21:39:51,880 [ERROR] LogOutputStream:75 - [STDERR_REDIRECT] Feb 15, 2025 9:39:51 PM java.util.prefs.FileSystemPreferences checkLockFile0ErrorCode
2025-02-15 21:39:51,880 [ERROR] LogOutputStream:75 - [STDERR_REDIRECT] WARNING: Could not lock System prefs. Unix error code 2.
2025-02-15 21:39:51,880 [ERROR] LogOutputStream:75 - [STDERR_REDIRECT] 
2025-02-15 21:39:51,880 [ERROR] LogOutputStream:75 - [STDERR_REDIRECT] Feb 15, 2025 9:39:51 PM java.util.prefs.FileSystemPreferences syncWorld
2025-02-15 21:39:51,881 [ERROR] LogOutputStream:75 - [STDERR_REDIRECT] WARNING: Couldn't flush system prefs: java.util.prefs.BackingStoreException: Couldn't get file lock.
2025-02-15 21:39:51,881 [ERROR] LogOutputStream:75 - [STDERR_REDIRECT] 
2025-02-15 21:40:21,880 [ERROR] LogOutputStream:75 - [STDERR_REDIRECT] Feb 15, 2025 9:40:21 PM java.util.prefs.FileSystemPreferences checkLockFile0ErrorCode
2025-02-15 21:40:21,880 [ERROR] LogOutputStream:75 - [STDERR_REDIRECT] WARNING: Could not lock System prefs. Unix error code 2.
2025-02-15 21:40:21,880 [ERROR] LogOutputStream:75 - [STDERR_REDIRECT] 
2025-02-15 21:40:21,880 [ERROR] LogOutputStream:75 - [STDERR_REDIRECT] Feb 15, 2025 9:40:21 PM java.util.prefs.FileSystemPreferences syncWorld
2025-02-15 21:40:21,880 [ERROR] LogOutputStream:75 - [STDERR_REDIRECT] WARNING: Couldn't flush system prefs: java.util.prefs.BackingStoreException: Couldn't get file lock.
2025-02-15 21:40:21,880 [ERROR] LogOutputStream:75 - [STDERR_REDIRECT] 
2025-02-15 21:40:51,880 [ERROR] LogOutputStream:75 - [STDERR_REDIRECT] Feb 15, 2025 9:40:51 PM java.util.prefs.FileSystemPreferences checkLockFile0ErrorCode
2025-02-15 21:40:51,880 [ERROR] LogOutputStream:75 - [STDERR_REDIRECT] WARNING: Could not lock System prefs. Unix error code 2.
2025-02-15 21:40:51,880 [ERROR] LogOutputStream:75 - [STDERR_REDIRECT] 
2025-02-15 21:40:51,880 [ERROR] LogOutputStream:75 - [STDERR_REDIRECT] Feb 15, 2025 9:40:51 PM java.util.prefs.FileSystemPreferences syncWorld
2025-02-15 21:40:51,880 [ERROR] LogOutputStream:75 - [STDERR_REDIRECT] WARNING: Couldn't flush system prefs: java.util.prefs.BackingStoreException: Couldn't get file lock.
2025-02-15 21:40:51,880 [ERROR] LogOutputStream:75 - [STDERR_REDIRECT] 
2025-02-15 21:41:21,881 [ERROR] LogOutputStream:75 - [STDERR_REDIRECT] Feb 15, 2025 9:41:21 PM java.util.prefs.FileSystemPreferences checkLockFile0ErrorCode
2025-02-15 21:41:21,881 [ERROR] LogOutputStream:75 - [STDERR_REDIRECT] WARNING: Could not lock System prefs. Unix error code 2.
2025-02-15 21:41:21,881 [ERROR] LogOutputStream:75 - [STDERR_REDIRECT] 
2025-02-15 21:41:21,881 [ERROR] LogOutputStream:75 - [STDERR_REDIRECT] Feb 15, 2025 9:41:21 PM java.util.prefs.FileSystemPreferences syncWorld
2025-02-15 21:41:21,881 [ERROR] LogOutputStream:75 - [STDERR_REDIRECT] WARNING: Couldn't flush system prefs: java.util.prefs.BackingStoreException: Couldn't get file lock.
2025-02-15 21:41:21,881 [ERROR] LogOutputStream:75 - [STDERR_REDIRECT] 
2025-02-15 21:41:51,880 [ERROR] LogOutputStream:75 - [STDERR_REDIRECT] Feb 15, 2025 9:41:51 PM java.util.prefs.FileSystemPreferences checkLockFile0ErrorCode
2025-02-15 21:41:51,880 [ERROR] LogOutputStream:75 - [STDERR_REDIRECT] WARNING: Could not lock System prefs. Unix error code 2.
2025-02-15 21:41:51,886 [ERROR] LogOutputStream:75 - [STDERR_REDIRECT] 
2025-02-15 21:41:51,886 [ERROR] LogOutputStream:75 - [STDERR_REDIRECT] Feb 15, 2025 9:41:51 PM java.util.prefs.FileSystemPreferences syncWorld
2025-02-15 21:41:51,886 [ERROR] LogOutputStream:75 - [STDERR_REDIRECT] WARNING: Couldn't flush system prefs: java.util.prefs.BackingStoreException: Couldn't get file lock.
2025-02-15 21:41:51,886 [ERROR] LogOutputStream:75 - [STDERR_REDIRECT] 
2025-02-15 21:42:21,880 [ERROR] LogOutputStream:75 - [STDERR_REDIRECT] Feb 15, 2025 9:42:21 PM java.util.prefs.FileSystemPreferences checkLockFile0ErrorCode
2025-02-15 21:42:21,880 [ERROR] LogOutputStream:75 - [STDERR_REDIRECT] WARNING: Could not lock System prefs. Unix error code 2.
2025-02-15 21:42:21,880 [ERROR] LogOutputStream:75 - [STDERR_REDIRECT] 
2025-02-15 21:42:21,880 [ERROR] LogOutputStream:75 - [STDERR_REDIRECT] Feb 15, 2025 9:42:21 PM java.util.prefs.FileSystemPreferences syncWorld
2025-02-15 21:42:21,881 [ERROR] LogOutputStream:75 - [STDERR_REDIRECT] WARNING: Couldn't flush system prefs: java.util.prefs.BackingStoreException: Couldn't get file lock.
2025-02-15 21:42:21,881 [ERROR] LogOutputStream:75 - [STDERR_REDIRECT] 
2025-02-15 21:42:51,880 [ERROR] LogOutputStream:75 - [STDERR_REDIRECT] Feb 15, 2025 9:42:51 PM java.util.prefs.FileSystemPreferences checkLockFile0ErrorCode
2025-02-15 21:42:51,880 [ERROR] LogOutputStream:75 - [STDERR_REDIRECT] WARNING: Could not lock System prefs. Unix error code 2.
2025-02-15 21:42:51,880 [ERROR] LogOutputStream:75 - [STDERR_REDIRECT] 
2025-02-15 21:42:51,880 [ERROR] LogOutputStream:75 - [STDERR_REDIRECT] Feb 15, 2025 9:42:51 PM java.util.prefs.FileSystemPreferences syncWorld
2025-02-15 21:42:51,880 [ERROR] LogOutputStream:75 - [STDERR_REDIRECT] WARNING: Couldn't flush system prefs: java.util.prefs.BackingStoreException: Couldn't get file lock.
2025-02-15 21:42:51,880 [ERROR] LogOutputStream:75 - [STDERR_REDIRECT] 
2025-02-15 21:43:21,880 [ERROR] LogOutputStream:75 - [STDERR_REDIRECT] Feb 15, 2025 9:43:21 PM java.util.prefs.FileSystemPreferences checkLockFile0ErrorCode
2025-02-15 21:43:21,880 [ERROR] LogOutputStream:75 - [STDERR_REDIRECT] WARNING: Could not lock System prefs. Unix error code 2.
2025-02-15 21:43:21,880 [ERROR] LogOutputStream:75 - [STDERR_REDIRECT] 
2025-02-15 21:43:21,880 [ERROR] LogOutputStream:75 - [STDERR_REDIRECT] Feb 15, 2025 9:43:21 PM java.util.prefs.FileSystemPreferences syncWorld
2025-02-15 21:43:21,880 [ERROR] LogOutputStream:75 - [STDERR_REDIRECT] WARNING: Couldn't flush system prefs: java.util.prefs.BackingStoreException: Couldn't get file lock.
2025-02-15 21:43:21,881 [ERROR] LogOutputStream:75 - [STDERR_REDIRECT] 
2025-02-15 21:43:51,880 [ERROR] LogOutputStream:75 - [STDERR_REDIRECT] Feb 15, 2025 9:43:51 PM java.util.prefs.FileSystemPreferences checkLockFile0ErrorCode
2025-02-15 21:43:51,880 [ERROR] LogOutputStream:75 - [STDERR_REDIRECT] WARNING: Could not lock System prefs. Unix error code 2.
2025-02-15 21:43:51,880 [ERROR] LogOutputStream:75 - [STDERR_REDIRECT] 
2025-02-15 21:43:51,880 [ERROR] LogOutputStream:75 - [STDERR_REDIRECT] Feb 15, 2025 9:43:51 PM java.util.prefs.FileSystemPreferences syncWorld
2025-02-15 21:43:51,880 [ERROR] LogOutputStream:75 - [STDERR_REDIRECT] WARNING: Couldn't flush system prefs: java.util.prefs.BackingStoreException: Couldn't get file lock.
2025-02-15 21:43:51,880 [ERROR] LogOutputStream:75 - [STDERR_REDIRECT] 
2025-02-15 21:44:21,880 [ERROR] LogOutputStream:75 - [STDERR_REDIRECT] Feb 15, 2025 9:44:21 PM java.util.prefs.FileSystemPreferences checkLockFile0ErrorCode
2025-02-15 21:44:21,880 [ERROR] LogOutputStream:75 - [STDERR_REDIRECT] WARNING: Could not lock System prefs. Unix error code 2.
2025-02-15 21:44:21,880 [ERROR] LogOutputStream:75 - [STDERR_REDIRECT] 
2025-02-15 21:44:21,880 [ERROR] LogOutputStream:75 - [STDERR_REDIRECT] Feb 15, 2025 9:44:21 PM java.util.prefs.FileSystemPreferences syncWorld
2025-02-15 21:44:21,880 [ERROR] LogOutputStream:75 - [STDERR_REDIRECT] WARNING: Couldn't flush system prefs: java.util.prefs.BackingStoreException: Couldn't get file lock.
2025-02-15 21:44:21,880 [ERROR] LogOutputStream:75 - [STDERR_REDIRECT] 
2025-02-15 21:44:51,880 [ERROR] LogOutputStream:75 - [STDERR_REDIRECT] Feb 15, 2025 9:44:51 PM java.util.prefs.FileSystemPreferences checkLockFile0ErrorCode
2025-02-15 21:44:51,881 [ERROR] LogOutputStream:75 - [STDERR_REDIRECT] WARNING: Could not lock System prefs. Unix error code 2.
2025-02-15 21:44:51,881 [ERROR] LogOutputStream:75 - [STDERR_REDIRECT] 
2025-02-15 21:44:51,881 [ERROR] LogOutputStream:75 - [STDERR_REDIRECT] Feb 15, 2025 9:44:51 PM java.util.prefs.FileSystemPreferences syncWorld
2025-02-15 21:44:51,881 [ERROR] LogOutputStream:75 - [STDERR_REDIRECT] WARNING: Couldn't flush system prefs: java.util.prefs.BackingStoreException: Couldn't get file lock.
2025-02-15 21:44:51,881 [ERROR] LogOutputStream:75 - [STDERR_REDIRECT] 
2025-02-15 21:45:21,881 [ERROR] LogOutputStream:75 - [STDERR_REDIRECT] Feb 15, 2025 9:45:21 PM java.util.prefs.FileSystemPreferences checkLockFile0ErrorCode
2025-02-15 21:45:21,881 [ERROR] LogOutputStream:75 - [STDERR_REDIRECT] WARNING: Could not lock System prefs. Unix error code 2.
2025-02-15 21:45:21,881 [ERROR] LogOutputStream:75 - [STDERR_REDIRECT] 
2025-02-15 21:45:21,881 [ERROR] LogOutputStream:75 - [STDERR_REDIRECT] Feb 15, 2025 9:45:21 PM java.util.prefs.FileSystemPreferences syncWorld
2025-02-15 21:45:21,881 [ERROR] LogOutputStream:75 - [STDERR_REDIRECT] WARNING: Couldn't flush system prefs: java.util.prefs.BackingStoreException: Couldn't get file lock.
2025-02-15 21:45:21,881 [ERROR] LogOutputStream:75 - [STDERR_REDIRECT] 
2025-02-15 21:45:51,881 [ERROR] LogOutputStream:75 - [STDERR_REDIRECT] Feb 15, 2025 9:45:51 PM java.util.prefs.FileSystemPreferences checkLockFile0ErrorCode
2025-02-15 21:45:51,881 [ERROR] LogOutputStream:75 - [STDERR_REDIRECT] WARNING: Could not lock System prefs. Unix error code 2.
2025-02-15 21:45:51,881 [ERROR] LogOutputStream:75 - [STDERR_REDIRECT] 
2025-02-15 21:45:51,882 [ERROR] LogOutputStream:75 - [STDERR_REDIRECT] Feb 15, 2025 9:45:51 PM java.util.prefs.FileSystemPreferences syncWorld
2025-02-15 21:45:51,882 [ERROR] LogOutputStream:75 - [STDERR_REDIRECT] WARNING: Couldn't flush system prefs: java.util.prefs.BackingStoreException: Couldn't get file lock.
2025-02-15 21:45:51,882 [ERROR] LogOutputStream:75 - [STDERR_REDIRECT] 
2025-02-15 21:46:21,881 [ERROR] LogOutputStream:75 - [STDERR_REDIRECT] Feb 15, 2025 9:46:21 PM java.util.prefs.FileSystemPreferences checkLockFile0ErrorCode
2025-02-15 21:46:21,881 [ERROR] LogOutputStream:75 - [STDERR_REDIRECT] WARNING: Could not lock System prefs. Unix error code 2.
2025-02-15 21:46:21,881 [ERROR] LogOutputStream:75 - [STDERR_REDIRECT] 
2025-02-15 21:46:21,881 [ERROR] LogOutputStream:75 - [STDERR_REDIRECT] Feb 15, 2025 9:46:21 PM java.util.prefs.FileSystemPreferences syncWorld
2025-02-15 21:46:21,881 [ERROR] LogOutputStream:75 - [STDERR_REDIRECT] WARNING: Couldn't flush system prefs: java.util.prefs.BackingStoreException: Couldn't get file lock.
2025-02-15 21:46:21,881 [ERROR] LogOutputStream:75 - [STDERR_REDIRECT] 
2025-02-15 21:46:51,881 [ERROR] LogOutputStream:75 - [STDERR_REDIRECT] Feb 15, 2025 9:46:51 PM java.util.prefs.FileSystemPreferences checkLockFile0ErrorCode
2025-02-15 21:46:51,881 [ERROR] LogOutputStream:75 - [STDERR_REDIRECT] WARNING: Could not lock System prefs. Unix error code 2.
2025-02-15 21:46:51,881 [ERROR] LogOutputStream:75 - [STDERR_REDIRECT] 
2025-02-15 21:46:51,881 [ERROR] LogOutputStream:75 - [STDERR_REDIRECT] Feb 15, 2025 9:46:51 PM java.util.prefs.FileSystemPreferences syncWorld
2025-02-15 21:46:51,881 [ERROR] LogOutputStream:75 - [STDERR_REDIRECT] WARNING: Couldn't flush system prefs: java.util.prefs.BackingStoreException: Couldn't get file lock.
2025-02-15 21:46:51,881 [ERROR] LogOutputStream:75 - [STDERR_REDIRECT] 
2025-02-15 21:47:21,881 [ERROR] LogOutputStream:75 - [STDERR_REDIRECT] Feb 15, 2025 9:47:21 PM java.util.prefs.FileSystemPreferences checkLockFile0ErrorCode
2025-02-15 21:47:21,881 [ERROR] LogOutputStream:75 - [STDERR_REDIRECT] WARNING: Could not lock System prefs. Unix error code 2.
2025-02-15 21:47:21,881 [ERROR] LogOutputStream:75 - [STDERR_REDIRECT] 
2025-02-15 21:47:21,882 [ERROR] LogOutputStream:75 - [STDERR_REDIRECT] Feb 15, 2025 9:47:21 PM java.util.prefs.FileSystemPreferences syncWorld
2025-02-15 21:47:21,882 [ERROR] LogOutputStream:75 - [STDERR_REDIRECT] WARNING: Couldn't flush system prefs: java.util.prefs.BackingStoreException: Couldn't get file lock.
2025-02-15 21:47:21,882 [ERROR] LogOutputStream:75 - [STDERR_REDIRECT] 
2025-02-15 21:47:51,881 [ERROR] LogOutputStream:75 - [STDERR_REDIRECT] Feb 15, 2025 9:47:51 PM java.util.prefs.FileSystemPreferences checkLockFile0ErrorCode
2025-02-15 21:47:51,881 [ERROR] LogOutputStream:75 - [STDERR_REDIRECT] WARNING: Could not lock System prefs. Unix error code 2.
2025-02-15 21:47:51,881 [ERROR] LogOutputStream:75 - [STDERR_REDIRECT] 
2025-02-15 21:47:51,881 [ERROR] LogOutputStream:75 - [STDERR_REDIRECT] Feb 15, 2025 9:47:51 PM java.util.prefs.FileSystemPreferences syncWorld
2025-02-15 21:47:51,881 [ERROR] LogOutputStream:75 - [STDERR_REDIRECT] WARNING: Couldn't flush system prefs: java.util.prefs.BackingStoreException: Couldn't get file lock.
2025-02-15 21:47:51,881 [ERROR] LogOutputStream:75 - [STDERR_REDIRECT] 
2025-02-15 21:48:21,882 [ERROR] LogOutputStream:75 - [STDERR_REDIRECT] Feb 15, 2025 9:48:21 PM java.util.prefs.FileSystemPreferences checkLockFile0ErrorCode
2025-02-15 21:48:21,882 [ERROR] LogOutputStream:75 - [STDERR_REDIRECT] WARNING: Could not lock System prefs. Unix error code 2.
2025-02-15 21:48:21,882 [ERROR] LogOutputStream:75 - [STDERR_REDIRECT] 
2025-02-15 21:48:21,882 [ERROR] LogOutputStream:75 - [STDERR_REDIRECT] Feb 15, 2025 9:48:21 PM java.util.prefs.FileSystemPreferences syncWorld
2025-02-15 21:48:21,882 [ERROR] LogOutputStream:75 - [STDERR_REDIRECT] WARNING: Couldn't flush system prefs: java.util.prefs.BackingStoreException: Couldn't get file lock.
2025-02-15 21:48:21,882 [ERROR] LogOutputStream:75 - [STDERR_REDIRECT] 
2025-02-15 21:48:51,882 [ERROR] LogOutputStream:75 - [STDERR_REDIRECT] Feb 15, 2025 9:48:51 PM java.util.prefs.FileSystemPreferences checkLockFile0ErrorCode
2025-02-15 21:48:51,882 [ERROR] LogOutputStream:75 - [STDERR_REDIRECT] WARNING: Could not lock System prefs. Unix error code 2.
2025-02-15 21:48:51,882 [ERROR] LogOutputStream:75 - [STDERR_REDIRECT] 
2025-02-15 21:48:51,883 [ERROR] LogOutputStream:75 - [STDERR_REDIRECT] Feb 15, 2025 9:48:51 PM java.util.prefs.FileSystemPreferences syncWorld
2025-02-15 21:48:51,883 [ERROR] LogOutputStream:75 - [STDERR_REDIRECT] WARNING: Couldn't flush system prefs: java.util.prefs.BackingStoreException: Couldn't get file lock.
2025-02-15 21:48:51,883 [ERROR] LogOutputStream:75 - [STDERR_REDIRECT] 
2025-02-15 21:49:21,882 [ERROR] LogOutputStream:75 - [STDERR_REDIRECT] Feb 15, 2025 9:49:21 PM java.util.prefs.FileSystemPreferences checkLockFile0ErrorCode
2025-02-15 21:49:21,882 [ERROR] LogOutputStream:75 - [STDERR_REDIRECT] WARNING: Could not lock System prefs. Unix error code 2.
2025-02-15 21:49:21,882 [ERROR] LogOutputStream:75 - [STDERR_REDIRECT] 
2025-02-15 21:49:21,882 [ERROR] LogOutputStream:75 - [STDERR_REDIRECT] Feb 15, 2025 9:49:21 PM java.util.prefs.FileSystemPreferences syncWorld
2025-02-15 21:49:21,882 [ERROR] LogOutputStream:75 - [STDERR_REDIRECT] WARNING: Couldn't flush system prefs: java.util.prefs.BackingStoreException: Couldn't get file lock.
2025-02-15 21:49:21,882 [ERROR] LogOutputStream:75 - [STDERR_REDIRECT] 
2025-02-15 21:49:51,882 [ERROR] LogOutputStream:75 - [STDERR_REDIRECT] Feb 15, 2025 9:49:51 PM java.util.prefs.FileSystemPreferences checkLockFile0ErrorCode
2025-02-15 21:49:51,882 [ERROR] LogOutputStream:75 - [STDERR_REDIRECT] WARNING: Could not lock System prefs. Unix error code 2.
2025-02-15 21:49:51,883 [ERROR] LogOutputStream:75 - [STDERR_REDIRECT] 
2025-02-15 21:49:51,883 [ERROR] LogOutputStream:75 - [STDERR_REDIRECT] Feb 15, 2025 9:49:51 PM java.util.prefs.FileSystemPreferences syncWorld
2025-02-15 21:49:51,883 [ERROR] LogOutputStream:75 - [STDERR_REDIRECT] WARNING: Couldn't flush system prefs: java.util.prefs.BackingStoreException: Couldn't get file lock.
2025-02-15 21:49:51,883 [ERROR] LogOutputStream:75 - [STDERR_REDIRECT] 
2025-02-15 21:50:21,882 [ERROR] LogOutputStream:75 - [STDERR_REDIRECT] Feb 15, 2025 9:50:21 PM java.util.prefs.FileSystemPreferences checkLockFile0ErrorCode
2025-02-15 21:50:21,882 [ERROR] LogOutputStream:75 - [STDERR_REDIRECT] WARNING: Could not lock System prefs. Unix error code 2.
2025-02-15 21:50:21,882 [ERROR] LogOutputStream:75 - [STDERR_REDIRECT] 
2025-02-15 21:50:21,882 [ERROR] LogOutputStream:75 - [STDERR_REDIRECT] Feb 15, 2025 9:50:21 PM java.util.prefs.FileSystemPreferences syncWorld
2025-02-15 21:50:21,882 [ERROR] LogOutputStream:75 - [STDERR_REDIRECT] WARNING: Couldn't flush system prefs: java.util.prefs.BackingStoreException: Couldn't get file lock.
2025-02-15 21:50:21,882 [ERROR] LogOutputStream:75 - [STDERR_REDIRECT] 
2025-02-15 21:50:51,883 [ERROR] LogOutputStream:75 - [STDERR_REDIRECT] Feb 15, 2025 9:50:51 PM java.util.prefs.FileSystemPreferences checkLockFile0ErrorCode
2025-02-15 21:50:51,883 [ERROR] LogOutputStream:75 - [STDERR_REDIRECT] WARNING: Could not lock System prefs. Unix error code 2.
2025-02-15 21:50:51,883 [ERROR] LogOutputStream:75 - [STDERR_REDIRECT] 
2025-02-15 21:50:51,883 [ERROR] LogOutputStream:75 - [STDERR_REDIRECT] Feb 15, 2025 9:50:51 PM java.util.prefs.FileSystemPreferences syncWorld
2025-02-15 21:50:51,883 [ERROR] LogOutputStream:75 - [STDERR_REDIRECT] WARNING: Couldn't flush system prefs: java.util.prefs.BackingStoreException: Couldn't get file lock.
2025-02-15 21:50:51,883 [ERROR] LogOutputStream:75 - [STDERR_REDIRECT] 
2025-02-15 21:51:21,884 [ERROR] LogOutputStream:75 - [STDERR_REDIRECT] Feb 15, 2025 9:51:21 PM java.util.prefs.FileSystemPreferences checkLockFile0ErrorCode
2025-02-15 21:51:21,884 [ERROR] LogOutputStream:75 - [STDERR_REDIRECT] WARNING: Could not lock System prefs. Unix error code 2.
2025-02-15 21:51:21,884 [ERROR] LogOutputStream:75 - [STDERR_REDIRECT] 
2025-02-15 21:51:21,884 [ERROR] LogOutputStream:75 - [STDERR_REDIRECT] Feb 15, 2025 9:51:21 PM java.util.prefs.FileSystemPreferences syncWorld
2025-02-15 21:51:21,884 [ERROR] LogOutputStream:75 - [STDERR_REDIRECT] WARNING: Couldn't flush system prefs: java.util.prefs.BackingStoreException: Couldn't get file lock.
2025-02-15 21:51:21,884 [ERROR] LogOutputStream:75 - [STDERR_REDIRECT] 
2025-02-15 21:51:51,883 [ERROR] LogOutputStream:75 - [STDERR_REDIRECT] Feb 15, 2025 9:51:51 PM java.util.prefs.FileSystemPreferences checkLockFile0ErrorCode
2025-02-15 21:51:51,883 [ERROR] LogOutputStream:75 - [STDERR_REDIRECT] WARNING: Could not lock System prefs. Unix error code 2.
2025-02-15 21:51:51,883 [ERROR] LogOutputStream:75 - [STDERR_REDIRECT] 
2025-02-15 21:51:51,883 [ERROR] LogOutputStream:75 - [STDERR_REDIRECT] Feb 15, 2025 9:51:51 PM java.util.prefs.FileSystemPreferences syncWorld
2025-02-15 21:51:51,884 [ERROR] LogOutputStream:75 - [STDERR_REDIRECT] WARNING: Couldn't flush system prefs: java.util.prefs.BackingStoreException: Couldn't get file lock.
2025-02-15 21:51:51,884 [ERROR] LogOutputStream:75 - [STDERR_REDIRECT] 
2025-02-15 21:52:21,883 [ERROR] LogOutputStream:75 - [STDERR_REDIRECT] Feb 15, 2025 9:52:21 PM java.util.prefs.FileSystemPreferences checkLockFile0ErrorCode
2025-02-15 21:52:21,883 [ERROR] LogOutputStream:75 - [STDERR_REDIRECT] WARNING: Could not lock System prefs. Unix error code 2.
2025-02-15 21:52:21,883 [ERROR] LogOutputStream:75 - [STDERR_REDIRECT] 
2025-02-15 21:52:21,883 [ERROR] LogOutputStream:75 - [STDERR_REDIRECT] Feb 15, 2025 9:52:21 PM java.util.prefs.FileSystemPreferences syncWorld
2025-02-15 21:52:21,883 [ERROR] LogOutputStream:75 - [STDERR_REDIRECT] WARNING: Couldn't flush system prefs: java.util.prefs.BackingStoreException: Couldn't get file lock.
2025-02-15 21:52:21,883 [ERROR] LogOutputStream:75 - [STDERR_REDIRECT] 
2025-02-15 21:52:51,883 [ERROR] LogOutputStream:75 - [STDERR_REDIRECT] Feb 15, 2025 9:52:51 PM java.util.prefs.FileSystemPreferences checkLockFile0ErrorCode
2025-02-15 21:52:51,884 [ERROR] LogOutputStream:75 - [STDERR_REDIRECT] WARNING: Could not lock System prefs. Unix error code 2.
2025-02-15 21:52:51,884 [ERROR] LogOutputStream:75 - [STDERR_REDIRECT] 
2025-02-15 21:52:51,884 [ERROR] LogOutputStream:75 - [STDERR_REDIRECT] Feb 15, 2025 9:52:51 PM java.util.prefs.FileSystemPreferences syncWorld
2025-02-15 21:52:51,884 [ERROR] LogOutputStream:75 - [STDERR_REDIRECT] WARNING: Couldn't flush system prefs: java.util.prefs.BackingStoreException: Couldn't get file lock.
2025-02-15 21:52:51,884 [ERROR] LogOutputStream:75 - [STDERR_REDIRECT] 
2025-02-15 21:53:21,884 [ERROR] LogOutputStream:75 - [STDERR_REDIRECT] Feb 15, 2025 9:53:21 PM java.util.prefs.FileSystemPreferences checkLockFile0ErrorCode
2025-02-15 21:53:21,884 [ERROR] LogOutputStream:75 - [STDERR_REDIRECT] WARNING: Could not lock System prefs. Unix error code 2.
2025-02-15 21:53:21,884 [ERROR] LogOutputStream:75 - [STDERR_REDIRECT] 
2025-02-15 21:53:21,884 [ERROR] LogOutputStream:75 - [STDERR_REDIRECT] Feb 15, 2025 9:53:21 PM java.util.prefs.FileSystemPreferences syncWorld
2025-02-15 21:53:21,884 [ERROR] LogOutputStream:75 - [STDERR_REDIRECT] WARNING: Couldn't flush system prefs: java.util.prefs.BackingStoreException: Couldn't get file lock.
2025-02-15 21:53:21,884 [ERROR] LogOutputStream:75 - [STDERR_REDIRECT] 
2025-02-15 21:53:51,884 [ERROR] LogOutputStream:75 - [STDERR_REDIRECT] Feb 15, 2025 9:53:51 PM java.util.prefs.FileSystemPreferences checkLockFile0ErrorCode
2025-02-15 21:53:51,885 [ERROR] LogOutputStream:75 - [STDERR_REDIRECT] WARNING: Could not lock System prefs. Unix error code 2.
2025-02-15 21:53:51,891 [ERROR] LogOutputStream:75 - [STDERR_REDIRECT] 
2025-02-15 21:53:51,891 [ERROR] LogOutputStream:75 - [STDERR_REDIRECT] Feb 15, 2025 9:53:51 PM java.util.prefs.FileSystemPreferences syncWorld
2025-02-15 21:53:51,891 [ERROR] LogOutputStream:75 - [STDERR_REDIRECT] WARNING: Couldn't flush system prefs: java.util.prefs.BackingStoreException: Couldn't get file lock.
2025-02-15 21:53:51,891 [ERROR] LogOutputStream:75 - [STDERR_REDIRECT] 
2025-02-15 21:54:21,884 [ERROR] LogOutputStream:75 - [STDERR_REDIRECT] Feb 15, 2025 9:54:21 PM java.util.prefs.FileSystemPreferences checkLockFile0ErrorCode
2025-02-15 21:54:21,884 [ERROR] LogOutputStream:75 - [STDERR_REDIRECT] WARNING: Could not lock System prefs. Unix error code 2.
2025-02-15 21:54:21,884 [ERROR] LogOutputStream:75 - [STDERR_REDIRECT] 
2025-02-15 21:54:21,884 [ERROR] LogOutputStream:75 - [STDERR_REDIRECT] Feb 15, 2025 9:54:21 PM java.util.prefs.FileSystemPreferences syncWorld
2025-02-15 21:54:21,884 [ERROR] LogOutputStream:75 - [STDERR_REDIRECT] WARNING: Couldn't flush system prefs: java.util.prefs.BackingStoreException: Couldn't get file lock.
2025-02-15 21:54:21,884 [ERROR] LogOutputStream:75 - [STDERR_REDIRECT] 
2025-02-15 21:54:51,884 [ERROR] LogOutputStream:75 - [STDERR_REDIRECT] Feb 15, 2025 9:54:51 PM java.util.prefs.FileSystemPreferences checkLockFile0ErrorCode
2025-02-15 21:54:51,885 [ERROR] LogOutputStream:75 - [STDERR_REDIRECT] WARNING: Could not lock System prefs. Unix error code 2.
2025-02-15 21:54:51,885 [ERROR] LogOutputStream:75 - [STDERR_REDIRECT] 
2025-02-15 21:54:51,885 [ERROR] LogOutputStream:75 - [STDERR_REDIRECT] Feb 15, 2025 9:54:51 PM java.util.prefs.FileSystemPreferences syncWorld
2025-02-15 21:54:51,885 [ERROR] LogOutputStream:75 - [STDERR_REDIRECT] WARNING: Couldn't flush system prefs: java.util.prefs.BackingStoreException: Couldn't get file lock.
2025-02-15 21:54:51,885 [ERROR] LogOutputStream:75 - [STDERR_REDIRECT] 
2025-02-15 21:55:21,885 [ERROR] LogOutputStream:75 - [STDERR_REDIRECT] Feb 15, 2025 9:55:21 PM java.util.prefs.FileSystemPreferences checkLockFile0ErrorCode
2025-02-15 21:55:21,885 [ERROR] LogOutputStream:75 - [STDERR_REDIRECT] WARNING: Could not lock System prefs. Unix error code 2.
2025-02-15 21:55:21,891 [ERROR] LogOutputStream:75 - [STDERR_REDIRECT] 
2025-02-15 21:55:21,891 [ERROR] LogOutputStream:75 - [STDERR_REDIRECT] Feb 15, 2025 9:55:21 PM java.util.prefs.FileSystemPreferences syncWorld
2025-02-15 21:55:21,891 [ERROR] LogOutputStream:75 - [STDERR_REDIRECT] WARNING: Couldn't flush system prefs: java.util.prefs.BackingStoreException: Couldn't get file lock.
2025-02-15 21:55:21,891 [ERROR] LogOutputStream:75 - [STDERR_REDIRECT] 
2025-02-15 21:55:51,886 [ERROR] LogOutputStream:75 - [STDERR_REDIRECT] Feb 15, 2025 9:55:51 PM java.util.prefs.FileSystemPreferences checkLockFile0ErrorCode
2025-02-15 21:55:51,886 [ERROR] LogOutputStream:75 - [STDERR_REDIRECT] WARNING: Could not lock System prefs. Unix error code 2.
2025-02-15 21:55:51,886 [ERROR] LogOutputStream:75 - [STDERR_REDIRECT] 
2025-02-15 21:55:51,886 [ERROR] LogOutputStream:75 - [STDERR_REDIRECT] Feb 15, 2025 9:55:51 PM java.util.prefs.FileSystemPreferences syncWorld
2025-02-15 21:55:51,886 [ERROR] LogOutputStream:75 - [STDERR_REDIRECT] WARNING: Couldn't flush system prefs: java.util.prefs.BackingStoreException: Couldn't get file lock.
2025-02-15 21:55:51,886 [ERROR] LogOutputStream:75 - [STDERR_REDIRECT] 
2025-02-15 21:56:21,886 [ERROR] LogOutputStream:75 - [STDERR_REDIRECT] Feb 15, 2025 9:56:21 PM java.util.prefs.FileSystemPreferences checkLockFile0ErrorCode
2025-02-15 21:56:21,886 [ERROR] LogOutputStream:75 - [STDERR_REDIRECT] WARNING: Could not lock System prefs. Unix error code 2.
2025-02-15 21:56:21,892 [ERROR] LogOutputStream:75 - [STDERR_REDIRECT] 
2025-02-15 21:56:21,893 [ERROR] LogOutputStream:75 - [STDERR_REDIRECT] Feb 15, 2025 9:56:21 PM java.util.prefs.FileSystemPreferences syncWorld
2025-02-15 21:56:21,893 [ERROR] LogOutputStream:75 - [STDERR_REDIRECT] WARNING: Couldn't flush system prefs: java.util.prefs.BackingStoreException: Couldn't get file lock.
2025-02-15 21:56:21,893 [ERROR] LogOutputStream:75 - [STDERR_REDIRECT] 
2025-02-15 21:56:51,886 [ERROR] LogOutputStream:75 - [STDERR_REDIRECT] Feb 15, 2025 9:56:51 PM java.util.prefs.FileSystemPreferences checkLockFile0ErrorCode
2025-02-15 21:56:51,886 [ERROR] LogOutputStream:75 - [STDERR_REDIRECT] WARNING: Could not lock System prefs. Unix error code 2.
2025-02-15 21:56:51,886 [ERROR] LogOutputStream:75 - [STDERR_REDIRECT] 
2025-02-15 21:56:51,886 [ERROR] LogOutputStream:75 - [STDERR_REDIRECT] Feb 15, 2025 9:56:51 PM java.util.prefs.FileSystemPreferences syncWorld
2025-02-15 21:56:51,886 [ERROR] LogOutputStream:75 - [STDERR_REDIRECT] WARNING: Couldn't flush system prefs: java.util.prefs.BackingStoreException: Couldn't get file lock.
2025-02-15 21:56:51,886 [ERROR] LogOutputStream:75 - [STDERR_REDIRECT] 
2025-02-15 21:57:21,887 [ERROR] LogOutputStream:75 - [STDERR_REDIRECT] Feb 15, 2025 9:57:21 PM java.util.prefs.FileSystemPreferences checkLockFile0ErrorCode
2025-02-15 21:57:21,887 [ERROR] LogOutputStream:75 - [STDERR_REDIRECT] WARNING: Could not lock System prefs. Unix error code 2.
2025-02-15 21:57:21,887 [ERROR] LogOutputStream:75 - [STDERR_REDIRECT] 
2025-02-15 21:57:21,887 [ERROR] LogOutputStream:75 - [STDERR_REDIRECT] Feb 15, 2025 9:57:21 PM java.util.prefs.FileSystemPreferences syncWorld
2025-02-15 21:57:21,887 [ERROR] LogOutputStream:75 - [STDERR_REDIRECT] WARNING: Couldn't flush system prefs: java.util.prefs.BackingStoreException: Couldn't get file lock.
2025-02-15 21:57:21,887 [ERROR] LogOutputStream:75 - [STDERR_REDIRECT] 
2025-02-15 21:57:51,886 [ERROR] LogOutputStream:75 - [STDERR_REDIRECT] Feb 15, 2025 9:57:51 PM java.util.prefs.FileSystemPreferences checkLockFile0ErrorCode
2025-02-15 21:57:51,886 [ERROR] LogOutputStream:75 - [STDERR_REDIRECT] WARNING: Could not lock System prefs. Unix error code 2.
2025-02-15 21:57:51,886 [ERROR] LogOutputStream:75 - [STDERR_REDIRECT] 
2025-02-15 21:57:51,886 [ERROR] LogOutputStream:75 - [STDERR_REDIRECT] Feb 15, 2025 9:57:51 PM java.util.prefs.FileSystemPreferences syncWorld
2025-02-15 21:57:51,886 [ERROR] LogOutputStream:75 - [STDERR_REDIRECT] WARNING: Couldn't flush system prefs: java.util.prefs.BackingStoreException: Couldn't get file lock.
2025-02-15 21:57:51,886 [ERROR] LogOutputStream:75 - [STDERR_REDIRECT] 
2025-02-15 21:58:21,885 [ERROR] LogOutputStream:75 - [STDERR_REDIRECT] Feb 15, 2025 9:58:21 PM java.util.prefs.FileSystemPreferences checkLockFile0ErrorCode
2025-02-15 21:58:21,886 [ERROR] LogOutputStream:75 - [STDERR_REDIRECT] WARNING: Could not lock System prefs. Unix error code 2.
2025-02-15 21:58:21,886 [ERROR] LogOutputStream:75 - [STDERR_REDIRECT] 
2025-02-15 21:58:21,886 [ERROR] LogOutputStream:75 - [STDERR_REDIRECT] Feb 15, 2025 9:58:21 PM java.util.prefs.FileSystemPreferences syncWorld
2025-02-15 21:58:21,886 [ERROR] LogOutputStream:75 - [STDERR_REDIRECT] WARNING: Couldn't flush system prefs: java.util.prefs.BackingStoreException: Couldn't get file lock.
2025-02-15 21:58:21,886 [ERROR] LogOutputStream:75 - [STDERR_REDIRECT] 
2025-02-15 21:58:51,886 [ERROR] LogOutputStream:75 - [STDERR_REDIRECT] Feb 15, 2025 9:58:51 PM java.util.prefs.FileSystemPreferences checkLockFile0ErrorCode
2025-02-15 21:58:51,886 [ERROR] LogOutputStream:75 - [STDERR_REDIRECT] WARNING: Could not lock System prefs. Unix error code 2.
2025-02-15 21:58:51,886 [ERROR] LogOutputStream:75 - [STDERR_REDIRECT] 
2025-02-15 21:58:51,886 [ERROR] LogOutputStream:75 - [STDERR_REDIRECT] Feb 15, 2025 9:58:51 PM java.util.prefs.FileSystemPreferences syncWorld
2025-02-15 21:58:51,886 [ERROR] LogOutputStream:75 - [STDERR_REDIRECT] WARNING: Couldn't flush system prefs: java.util.prefs.BackingStoreException: Couldn't get file lock.
2025-02-15 21:58:51,886 [ERROR] LogOutputStream:75 - [STDERR_REDIRECT] 
2025-02-15 21:59:21,886 [ERROR] LogOutputStream:75 - [STDERR_REDIRECT] Feb 15, 2025 9:59:21 PM java.util.prefs.FileSystemPreferences checkLockFile0ErrorCode
2025-02-15 21:59:21,886 [ERROR] LogOutputStream:75 - [STDERR_REDIRECT] WARNING: Could not lock System prefs. Unix error code 2.
2025-02-15 21:59:21,886 [ERROR] LogOutputStream:75 - [STDERR_REDIRECT] 
2025-02-15 21:59:21,887 [ERROR] LogOutputStream:75 - [STDERR_REDIRECT] Feb 15, 2025 9:59:21 PM java.util.prefs.FileSystemPreferences syncWorld
2025-02-15 21:59:21,887 [ERROR] LogOutputStream:75 - [STDERR_REDIRECT] WARNING: Couldn't flush system prefs: java.util.prefs.BackingStoreException: Couldn't get file lock.
2025-02-15 21:59:21,887 [ERROR] LogOutputStream:75 - [STDERR_REDIRECT] 
2025-02-15 21:59:51,886 [ERROR] LogOutputStream:75 - [STDERR_REDIRECT] Feb 15, 2025 9:59:51 PM java.util.prefs.FileSystemPreferences checkLockFile0ErrorCode
2025-02-15 21:59:51,886 [ERROR] LogOutputStream:75 - [STDERR_REDIRECT] WARNING: Could not lock System prefs. Unix error code 2.
2025-02-15 21:59:51,886 [ERROR] LogOutputStream:75 - [STDERR_REDIRECT] 
2025-02-15 21:59:51,886 [ERROR] LogOutputStream:75 - [STDERR_REDIRECT] Feb 15, 2025 9:59:51 PM java.util.prefs.FileSystemPreferences syncWorld
2025-02-15 21:59:51,886 [ERROR] LogOutputStream:75 - [STDERR_REDIRECT] WARNING: Couldn't flush system prefs: java.util.prefs.BackingStoreException: Couldn't get file lock.
2025-02-15 21:59:51,886 [ERROR] LogOutputStream:75 - [STDERR_REDIRECT] 
2025-02-15 22:00:21,886 [ERROR] LogOutputStream:75 - [STDERR_REDIRECT] Feb 15, 2025 10:00:21 PM java.util.prefs.FileSystemPreferences checkLockFile0ErrorCode
2025-02-15 22:00:21,886 [ERROR] LogOutputStream:75 - [STDERR_REDIRECT] WARNING: Could not lock System prefs. Unix error code 2.
2025-02-15 22:00:21,886 [ERROR] LogOutputStream:75 - [STDERR_REDIRECT] 
2025-02-15 22:00:21,886 [ERROR] LogOutputStream:75 - [STDERR_REDIRECT] Feb 15, 2025 10:00:21 PM java.util.prefs.FileSystemPreferences syncWorld
2025-02-15 22:00:21,886 [ERROR] LogOutputStream:75 - [STDERR_REDIRECT] WARNING: Couldn't flush system prefs: java.util.prefs.BackingStoreException: Couldn't get file lock.
2025-02-15 22:00:21,887 [ERROR] LogOutputStream:75 - [STDERR_REDIRECT] 
2025-02-15 22:00:51,886 [ERROR] LogOutputStream:75 - [STDERR_REDIRECT] Feb 15, 2025 10:00:51 PM java.util.prefs.FileSystemPreferences checkLockFile0ErrorCode
2025-02-15 22:00:51,886 [ERROR] LogOutputStream:75 - [STDERR_REDIRECT] WARNING: Could not lock System prefs. Unix error code 2.
2025-02-15 22:00:51,892 [ERROR] LogOutputStream:75 - [STDERR_REDIRECT] 
2025-02-15 22:00:51,892 [ERROR] LogOutputStream:75 - [STDERR_REDIRECT] Feb 15, 2025 10:00:51 PM java.util.prefs.FileSystemPreferences syncWorld
2025-02-15 22:00:51,892 [ERROR] LogOutputStream:75 - [STDERR_REDIRECT] WARNING: Couldn't flush system prefs: java.util.prefs.BackingStoreException: Couldn't get file lock.
2025-02-15 22:00:51,892 [ERROR] LogOutputStream:75 - [STDERR_REDIRECT] 
2025-02-15 22:01:21,886 [ERROR] LogOutputStream:75 - [STDERR_REDIRECT] Feb 15, 2025 10:01:21 PM java.util.prefs.FileSystemPreferences checkLockFile0ErrorCode
2025-02-15 22:01:21,886 [ERROR] LogOutputStream:75 - [STDERR_REDIRECT] WARNING: Could not lock System prefs. Unix error code 2.
2025-02-15 22:01:21,886 [ERROR] LogOutputStream:75 - [STDERR_REDIRECT] 
2025-02-15 22:01:21,887 [ERROR] LogOutputStream:75 - [STDERR_REDIRECT] Feb 15, 2025 10:01:21 PM java.util.prefs.FileSystemPreferences syncWorld
2025-02-15 22:01:21,887 [ERROR] LogOutputStream:75 - [STDERR_REDIRECT] WARNING: Couldn't flush system prefs: java.util.prefs.BackingStoreException: Couldn't get file lock.
2025-02-15 22:01:21,887 [ERROR] LogOutputStream:75 - [STDERR_REDIRECT] 
2025-02-15 22:01:51,886 [ERROR] LogOutputStream:75 - [STDERR_REDIRECT] Feb 15, 2025 10:01:51 PM java.util.prefs.FileSystemPreferences checkLockFile0ErrorCode
2025-02-15 22:01:51,886 [ERROR] LogOutputStream:75 - [STDERR_REDIRECT] WARNING: Could not lock System prefs. Unix error code 2.
2025-02-15 22:01:51,886 [ERROR] LogOutputStream:75 - [STDERR_REDIRECT] 
2025-02-15 22:01:51,886 [ERROR] LogOutputStream:75 - [STDERR_REDIRECT] Feb 15, 2025 10:01:51 PM java.util.prefs.FileSystemPreferences syncWorld
2025-02-15 22:01:51,886 [ERROR] LogOutputStream:75 - [STDERR_REDIRECT] WARNING: Couldn't flush system prefs: java.util.prefs.BackingStoreException: Couldn't get file lock.
2025-02-15 22:01:51,886 [ERROR] LogOutputStream:75 - [STDERR_REDIRECT] 
2025-02-15 22:02:21,887 [ERROR] LogOutputStream:75 - [STDERR_REDIRECT] Feb 15, 2025 10:02:21 PM java.util.prefs.FileSystemPreferences checkLockFile0ErrorCode
2025-02-15 22:02:21,887 [ERROR] LogOutputStream:75 - [STDERR_REDIRECT] WARNING: Could not lock System prefs. Unix error code 2.
2025-02-15 22:02:21,887 [ERROR] LogOutputStream:75 - [STDERR_REDIRECT] 
2025-02-15 22:02:21,887 [ERROR] LogOutputStream:75 - [STDERR_REDIRECT] Feb 15, 2025 10:02:21 PM java.util.prefs.FileSystemPreferences syncWorld
2025-02-15 22:02:21,887 [ERROR] LogOutputStream:75 - [STDERR_REDIRECT] WARNING: Couldn't flush system prefs: java.util.prefs.BackingStoreException: Couldn't get file lock.
2025-02-15 22:02:21,887 [ERROR] LogOutputStream:75 - [STDERR_REDIRECT] 
2025-02-15 22:02:51,887 [ERROR] LogOutputStream:75 - [STDERR_REDIRECT] Feb 15, 2025 10:02:51 PM java.util.prefs.FileSystemPreferences checkLockFile0ErrorCode
2025-02-15 22:02:51,887 [ERROR] LogOutputStream:75 - [STDERR_REDIRECT] WARNING: Could not lock System prefs. Unix error code 2.
2025-02-15 22:02:51,887 [ERROR] LogOutputStream:75 - [STDERR_REDIRECT] 
2025-02-15 22:02:51,887 [ERROR] LogOutputStream:75 - [STDERR_REDIRECT] Feb 15, 2025 10:02:51 PM java.util.prefs.FileSystemPreferences syncWorld
2025-02-15 22:02:51,887 [ERROR] LogOutputStream:75 - [STDERR_REDIRECT] WARNING: Couldn't flush system prefs: java.util.prefs.BackingStoreException: Couldn't get file lock.
2025-02-15 22:02:51,888 [ERROR] LogOutputStream:75 - [STDERR_REDIRECT] 
2025-02-15 22:03:21,887 [ERROR] LogOutputStream:75 - [STDERR_REDIRECT] Feb 15, 2025 10:03:21 PM java.util.prefs.FileSystemPreferences checkLockFile0ErrorCode
2025-02-15 22:03:21,887 [ERROR] LogOutputStream:75 - [STDERR_REDIRECT] WARNING: Could not lock System prefs. Unix error code 2.
2025-02-15 22:03:21,887 [ERROR] LogOutputStream:75 - [STDERR_REDIRECT] 
2025-02-15 22:03:21,887 [ERROR] LogOutputStream:75 - [STDERR_REDIRECT] Feb 15, 2025 10:03:21 PM java.util.prefs.FileSystemPreferences syncWorld
2025-02-15 22:03:21,887 [ERROR] LogOutputStream:75 - [STDERR_REDIRECT] WARNING: Couldn't flush system prefs: java.util.prefs.BackingStoreException: Couldn't get file lock.
2025-02-15 22:03:21,887 [ERROR] LogOutputStream:75 - [STDERR_REDIRECT] 
2025-02-15 22:03:51,887 [ERROR] LogOutputStream:75 - [STDERR_REDIRECT] Feb 15, 2025 10:03:51 PM java.util.prefs.FileSystemPreferences checkLockFile0ErrorCode
2025-02-15 22:03:51,887 [ERROR] LogOutputStream:75 - [STDERR_REDIRECT] WARNING: Could not lock System prefs. Unix error code 2.
2025-02-15 22:03:51,887 [ERROR] LogOutputStream:75 - [STDERR_REDIRECT] 
2025-02-15 22:03:51,888 [ERROR] LogOutputStream:75 - [STDERR_REDIRECT] Feb 15, 2025 10:03:51 PM java.util.prefs.FileSystemPreferences syncWorld
2025-02-15 22:03:51,888 [ERROR] LogOutputStream:75 - [STDERR_REDIRECT] WARNING: Couldn't flush system prefs: java.util.prefs.BackingStoreException: Couldn't get file lock.
2025-02-15 22:03:51,888 [ERROR] LogOutputStream:75 - [STDERR_REDIRECT] 
2025-02-15 22:04:21,887 [ERROR] LogOutputStream:75 - [STDERR_REDIRECT] Feb 15, 2025 10:04:21 PM java.util.prefs.FileSystemPreferences checkLockFile0ErrorCode
2025-02-15 22:04:21,887 [ERROR] LogOutputStream:75 - [STDERR_REDIRECT] WARNING: Could not lock System prefs. Unix error code 2.
2025-02-15 22:04:21,887 [ERROR] LogOutputStream:75 - [STDERR_REDIRECT] 
2025-02-15 22:04:21,887 [ERROR] LogOutputStream:75 - [STDERR_REDIRECT] Feb 15, 2025 10:04:21 PM java.util.prefs.FileSystemPreferences syncWorld
2025-02-15 22:04:21,887 [ERROR] LogOutputStream:75 - [STDERR_REDIRECT] WARNING: Couldn't flush system prefs: java.util.prefs.BackingStoreException: Couldn't get file lock.
2025-02-15 22:04:21,887 [ERROR] LogOutputStream:75 - [STDERR_REDIRECT] 
2025-02-15 22:04:51,887 [ERROR] LogOutputStream:75 - [STDERR_REDIRECT] Feb 15, 2025 10:04:51 PM java.util.prefs.FileSystemPreferences checkLockFile0ErrorCode
2025-02-15 22:04:51,887 [ERROR] LogOutputStream:75 - [STDERR_REDIRECT] WARNING: Could not lock System prefs. Unix error code 2.
2025-02-15 22:04:51,887 [ERROR] LogOutputStream:75 - [STDERR_REDIRECT] 
2025-02-15 22:04:51,888 [ERROR] LogOutputStream:75 - [STDERR_REDIRECT] Feb 15, 2025 10:04:51 PM java.util.prefs.FileSystemPreferences syncWorld
2025-02-15 22:04:51,888 [ERROR] LogOutputStream:75 - [STDERR_REDIRECT] WARNING: Couldn't flush system prefs: java.util.prefs.BackingStoreException: Couldn't get file lock.
2025-02-15 22:04:51,888 [ERROR] LogOutputStream:75 - [STDERR_REDIRECT] 
2025-02-15 22:05:21,887 [ERROR] LogOutputStream:75 - [STDERR_REDIRECT] Feb 15, 2025 10:05:21 PM java.util.prefs.FileSystemPreferences checkLockFile0ErrorCode
2025-02-15 22:05:21,887 [ERROR] LogOutputStream:75 - [STDERR_REDIRECT] WARNING: Could not lock System prefs. Unix error code 2.
2025-02-15 22:05:21,887 [ERROR] LogOutputStream:75 - [STDERR_REDIRECT] 
2025-02-15 22:05:21,887 [ERROR] LogOutputStream:75 - [STDERR_REDIRECT] Feb 15, 2025 10:05:21 PM java.util.prefs.FileSystemPreferences syncWorld
2025-02-15 22:05:21,887 [ERROR] LogOutputStream:75 - [STDERR_REDIRECT] WARNING: Couldn't flush system prefs: java.util.prefs.BackingStoreException: Couldn't get file lock.
2025-02-15 22:05:21,887 [ERROR] LogOutputStream:75 - [STDERR_REDIRECT] 
2025-02-15 22:05:51,887 [ERROR] LogOutputStream:75 - [STDERR_REDIRECT] Feb 15, 2025 10:05:51 PM java.util.prefs.FileSystemPreferences checkLockFile0ErrorCode
2025-02-15 22:05:51,887 [ERROR] LogOutputStream:75 - [STDERR_REDIRECT] WARNING: Could not lock System prefs. Unix error code 2.
2025-02-15 22:05:51,887 [ERROR] LogOutputStream:75 - [STDERR_REDIRECT] 
2025-02-15 22:05:51,887 [ERROR] LogOutputStream:75 - [STDERR_REDIRECT] Feb 15, 2025 10:05:51 PM java.util.prefs.FileSystemPreferences syncWorld
2025-02-15 22:05:51,887 [ERROR] LogOutputStream:75 - [STDERR_REDIRECT] WARNING: Couldn't flush system prefs: java.util.prefs.BackingStoreException: Couldn't get file lock.
2025-02-15 22:05:51,888 [ERROR] LogOutputStream:75 - [STDERR_REDIRECT] 
2025-02-15 22:06:21,887 [ERROR] LogOutputStream:75 - [STDERR_REDIRECT] Feb 15, 2025 10:06:21 PM java.util.prefs.FileSystemPreferences checkLockFile0ErrorCode
2025-02-15 22:06:21,887 [ERROR] LogOutputStream:75 - [STDERR_REDIRECT] WARNING: Could not lock System prefs. Unix error code 2.
2025-02-15 22:06:21,887 [ERROR] LogOutputStream:75 - [STDERR_REDIRECT] 
2025-02-15 22:06:21,887 [ERROR] LogOutputStream:75 - [STDERR_REDIRECT] Feb 15, 2025 10:06:21 PM java.util.prefs.FileSystemPreferences syncWorld
2025-02-15 22:06:21,887 [ERROR] LogOutputStream:75 - [STDERR_REDIRECT] WARNING: Couldn't flush system prefs: java.util.prefs.BackingStoreException: Couldn't get file lock.
2025-02-15 22:06:21,887 [ERROR] LogOutputStream:75 - [STDERR_REDIRECT] 
2025-02-15 22:06:51,887 [ERROR] LogOutputStream:75 - [STDERR_REDIRECT] Feb 15, 2025 10:06:51 PM java.util.prefs.FileSystemPreferences checkLockFile0ErrorCode
2025-02-15 22:06:51,887 [ERROR] LogOutputStream:75 - [STDERR_REDIRECT] WARNING: Could not lock System prefs. Unix error code 2.
2025-02-15 22:06:51,887 [ERROR] LogOutputStream:75 - [STDERR_REDIRECT] 
2025-02-15 22:06:51,887 [ERROR] LogOutputStream:75 - [STDERR_REDIRECT] Feb 15, 2025 10:06:51 PM java.util.prefs.FileSystemPreferences syncWorld
2025-02-15 22:06:51,887 [ERROR] LogOutputStream:75 - [STDERR_REDIRECT] WARNING: Couldn't flush system prefs: java.util.prefs.BackingStoreException: Couldn't get file lock.
2025-02-15 22:06:51,887 [ERROR] LogOutputStream:75 - [STDERR_REDIRECT] 
2025-02-15 22:07:21,887 [ERROR] LogOutputStream:75 - [STDERR_REDIRECT] Feb 15, 2025 10:07:21 PM java.util.prefs.FileSystemPreferences checkLockFile0ErrorCode
2025-02-15 22:07:21,888 [ERROR] LogOutputStream:75 - [STDERR_REDIRECT] WARNING: Could not lock System prefs. Unix error code 2.
2025-02-15 22:07:21,888 [ERROR] LogOutputStream:75 - [STDERR_REDIRECT] 
2025-02-15 22:07:21,888 [ERROR] LogOutputStream:75 - [STDERR_REDIRECT] Feb 15, 2025 10:07:21 PM java.util.prefs.FileSystemPreferences syncWorld
2025-02-15 22:07:21,888 [ERROR] LogOutputStream:75 - [STDERR_REDIRECT] WARNING: Couldn't flush system prefs: java.util.prefs.BackingStoreException: Couldn't get file lock.
2025-02-15 22:07:21,888 [ERROR] LogOutputStream:75 - [STDERR_REDIRECT] 
2025-02-15 22:07:51,888 [ERROR] LogOutputStream:75 - [STDERR_REDIRECT] Feb 15, 2025 10:07:51 PM java.util.prefs.FileSystemPreferences checkLockFile0ErrorCode
2025-02-15 22:07:51,888 [ERROR] LogOutputStream:75 - [STDERR_REDIRECT] WARNING: Could not lock System prefs. Unix error code 2.
2025-02-15 22:07:51,888 [ERROR] LogOutputStream:75 - [STDERR_REDIRECT] 
2025-02-15 22:07:51,888 [ERROR] LogOutputStream:75 - [STDERR_REDIRECT] Feb 15, 2025 10:07:51 PM java.util.prefs.FileSystemPreferences syncWorld
2025-02-15 22:07:51,888 [ERROR] LogOutputStream:75 - [STDERR_REDIRECT] WARNING: Couldn't flush system prefs: java.util.prefs.BackingStoreException: Couldn't get file lock.
2025-02-15 22:07:51,888 [ERROR] LogOutputStream:75 - [STDERR_REDIRECT] 
2025-02-15 22:08:21,888 [ERROR] LogOutputStream:75 - [STDERR_REDIRECT] Feb 15, 2025 10:08:21 PM java.util.prefs.FileSystemPreferences checkLockFile0ErrorCode
2025-02-15 22:08:21,888 [ERROR] LogOutputStream:75 - [STDERR_REDIRECT] WARNING: Could not lock System prefs. Unix error code 2.
2025-02-15 22:08:21,888 [ERROR] LogOutputStream:75 - [STDERR_REDIRECT] 
2025-02-15 22:08:21,888 [ERROR] LogOutputStream:75 - [STDERR_REDIRECT] Feb 15, 2025 10:08:21 PM java.util.prefs.FileSystemPreferences syncWorld
2025-02-15 22:08:21,889 [ERROR] LogOutputStream:75 - [STDERR_REDIRECT] WARNING: Couldn't flush system prefs: java.util.prefs.BackingStoreException: Couldn't get file lock.
2025-02-15 22:08:21,889 [ERROR] LogOutputStream:75 - [STDERR_REDIRECT] 
2025-02-15 22:08:51,888 [ERROR] LogOutputStream:75 - [STDERR_REDIRECT] Feb 15, 2025 10:08:51 PM java.util.prefs.FileSystemPreferences checkLockFile0ErrorCode
2025-02-15 22:08:51,888 [ERROR] LogOutputStream:75 - [STDERR_REDIRECT] WARNING: Could not lock System prefs. Unix error code 2.
2025-02-15 22:08:51,888 [ERROR] LogOutputStream:75 - [STDERR_REDIRECT] 
2025-02-15 22:08:51,888 [ERROR] LogOutputStream:75 - [STDERR_REDIRECT] Feb 15, 2025 10:08:51 PM java.util.prefs.FileSystemPreferences syncWorld
2025-02-15 22:08:51,888 [ERROR] LogOutputStream:75 - [STDERR_REDIRECT] WARNING: Couldn't flush system prefs: java.util.prefs.BackingStoreException: Couldn't get file lock.
2025-02-15 22:08:51,888 [ERROR] LogOutputStream:75 - [STDERR_REDIRECT] 
2025-02-15 22:09:21,888 [ERROR] LogOutputStream:75 - [STDERR_REDIRECT] Feb 15, 2025 10:09:21 PM java.util.prefs.FileSystemPreferences checkLockFile0ErrorCode
2025-02-15 22:09:21,888 [ERROR] LogOutputStream:75 - [STDERR_REDIRECT] WARNING: Could not lock System prefs. Unix error code 2.
2025-02-15 22:09:21,888 [ERROR] LogOutputStream:75 - [STDERR_REDIRECT] 
2025-02-15 22:09:21,888 [ERROR] LogOutputStream:75 - [STDERR_REDIRECT] Feb 15, 2025 10:09:21 PM java.util.prefs.FileSystemPreferences syncWorld
2025-02-15 22:09:21,888 [ERROR] LogOutputStream:75 - [STDERR_REDIRECT] WARNING: Couldn't flush system prefs: java.util.prefs.BackingStoreException: Couldn't get file lock.
2025-02-15 22:09:21,888 [ERROR] LogOutputStream:75 - [STDERR_REDIRECT] 
2025-02-15 22:09:51,889 [ERROR] LogOutputStream:75 - [STDERR_REDIRECT] Feb 15, 2025 10:09:51 PM java.util.prefs.FileSystemPreferences checkLockFile0ErrorCode
2025-02-15 22:09:51,889 [ERROR] LogOutputStream:75 - [STDERR_REDIRECT] WARNING: Could not lock System prefs. Unix error code 2.
2025-02-15 22:09:51,889 [ERROR] LogOutputStream:75 - [STDERR_REDIRECT] 
2025-02-15 22:09:51,889 [ERROR] LogOutputStream:75 - [STDERR_REDIRECT] Feb 15, 2025 10:09:51 PM java.util.prefs.FileSystemPreferences syncWorld
2025-02-15 22:09:51,889 [ERROR] LogOutputStream:75 - [STDERR_REDIRECT] WARNING: Couldn't flush system prefs: java.util.prefs.BackingStoreException: Couldn't get file lock.
2025-02-15 22:09:51,889 [ERROR] LogOutputStream:75 - [STDERR_REDIRECT] 
2025-02-15 22:10:21,889 [ERROR] LogOutputStream:75 - [STDERR_REDIRECT] Feb 15, 2025 10:10:21 PM java.util.prefs.FileSystemPreferences checkLockFile0ErrorCode
2025-02-15 22:10:21,889 [ERROR] LogOutputStream:75 - [STDERR_REDIRECT] WARNING: Could not lock System prefs. Unix error code 2.
2025-02-15 22:10:21,889 [ERROR] LogOutputStream:75 - [STDERR_REDIRECT] 
2025-02-15 22:10:21,889 [ERROR] LogOutputStream:75 - [STDERR_REDIRECT] Feb 15, 2025 10:10:21 PM java.util.prefs.FileSystemPreferences syncWorld
2025-02-15 22:10:21,889 [ERROR] LogOutputStream:75 - [STDERR_REDIRECT] WARNING: Couldn't flush system prefs: java.util.prefs.BackingStoreException: Couldn't get file lock.
2025-02-15 22:10:21,889 [ERROR] LogOutputStream:75 - [STDERR_REDIRECT] 
2025-02-15 22:10:51,890 [ERROR] LogOutputStream:75 - [STDERR_REDIRECT] Feb 15, 2025 10:10:51 PM java.util.prefs.FileSystemPreferences checkLockFile0ErrorCode
2025-02-15 22:10:51,890 [ERROR] LogOutputStream:75 - [STDERR_REDIRECT] WARNING: Could not lock System prefs. Unix error code 2.
2025-02-15 22:10:51,890 [ERROR] LogOutputStream:75 - [STDERR_REDIRECT] 
2025-02-15 22:10:51,890 [ERROR] LogOutputStream:75 - [STDERR_REDIRECT] Feb 15, 2025 10:10:51 PM java.util.prefs.FileSystemPreferences syncWorld
2025-02-15 22:10:51,890 [ERROR] LogOutputStream:75 - [STDERR_REDIRECT] WARNING: Couldn't flush system prefs: java.util.prefs.BackingStoreException: Couldn't get file lock.
2025-02-15 22:10:51,890 [ERROR] LogOutputStream:75 - [STDERR_REDIRECT] 
2025-02-15 22:11:21,890 [ERROR] LogOutputStream:75 - [STDERR_REDIRECT] Feb 15, 2025 10:11:21 PM java.util.prefs.FileSystemPreferences checkLockFile0ErrorCode
2025-02-15 22:11:21,890 [ERROR] LogOutputStream:75 - [STDERR_REDIRECT] WARNING: Could not lock System prefs. Unix error code 2.
2025-02-15 22:11:21,890 [ERROR] LogOutputStream:75 - [STDERR_REDIRECT] 
2025-02-15 22:11:21,890 [ERROR] LogOutputStream:75 - [STDERR_REDIRECT] Feb 15, 2025 10:11:21 PM java.util.prefs.FileSystemPreferences syncWorld
2025-02-15 22:11:21,890 [ERROR] LogOutputStream:75 - [STDERR_REDIRECT] WARNING: Couldn't flush system prefs: java.util.prefs.BackingStoreException: Couldn't get file lock.
2025-02-15 22:11:21,890 [ERROR] LogOutputStream:75 - [STDERR_REDIRECT] 
2025-02-15 22:11:51,891 [ERROR] LogOutputStream:75 - [STDERR_REDIRECT] Feb 15, 2025 10:11:51 PM java.util.prefs.FileSystemPreferences checkLockFile0ErrorCode
2025-02-15 22:11:51,891 [ERROR] LogOutputStream:75 - [STDERR_REDIRECT] WARNING: Could not lock System prefs. Unix error code 2.
2025-02-15 22:11:51,891 [ERROR] LogOutputStream:75 - [STDERR_REDIRECT] 
2025-02-15 22:11:51,891 [ERROR] LogOutputStream:75 - [STDERR_REDIRECT] Feb 15, 2025 10:11:51 PM java.util.prefs.FileSystemPreferences syncWorld
2025-02-15 22:11:51,891 [ERROR] LogOutputStream:75 - [STDERR_REDIRECT] WARNING: Couldn't flush system prefs: java.util.prefs.BackingStoreException: Couldn't get file lock.
2025-02-15 22:11:51,891 [ERROR] LogOutputStream:75 - [STDERR_REDIRECT] 
2025-02-15 22:12:21,890 [ERROR] LogOutputStream:75 - [STDERR_REDIRECT] Feb 15, 2025 10:12:21 PM java.util.prefs.FileSystemPreferences checkLockFile0ErrorCode
2025-02-15 22:12:21,890 [ERROR] LogOutputStream:75 - [STDERR_REDIRECT] WARNING: Could not lock System prefs. Unix error code 2.
2025-02-15 22:12:21,890 [ERROR] LogOutputStream:75 - [STDERR_REDIRECT] 
2025-02-15 22:12:21,890 [ERROR] LogOutputStream:75 - [STDERR_REDIRECT] Feb 15, 2025 10:12:21 PM java.util.prefs.FileSystemPreferences syncWorld
2025-02-15 22:12:21,890 [ERROR] LogOutputStream:75 - [STDERR_REDIRECT] WARNING: Couldn't flush system prefs: java.util.prefs.BackingStoreException: Couldn't get file lock.
2025-02-15 22:12:21,890 [ERROR] LogOutputStream:75 - [STDERR_REDIRECT] 
2025-02-15 22:12:51,890 [ERROR] LogOutputStream:75 - [STDERR_REDIRECT] Feb 15, 2025 10:12:51 PM java.util.prefs.FileSystemPreferences checkLockFile0ErrorCode
2025-02-15 22:12:51,890 [ERROR] LogOutputStream:75 - [STDERR_REDIRECT] WARNING: Could not lock System prefs. Unix error code 2.
2025-02-15 22:12:51,890 [ERROR] LogOutputStream:75 - [STDERR_REDIRECT] 
2025-02-15 22:12:51,891 [ERROR] LogOutputStream:75 - [STDERR_REDIRECT] Feb 15, 2025 10:12:51 PM java.util.prefs.FileSystemPreferences syncWorld
2025-02-15 22:12:51,891 [ERROR] LogOutputStream:75 - [STDERR_REDIRECT] WARNING: Couldn't flush system prefs: java.util.prefs.BackingStoreException: Couldn't get file lock.
2025-02-15 22:12:51,891 [ERROR] LogOutputStream:75 - [STDERR_REDIRECT] 
2025-02-15 22:13:21,890 [ERROR] LogOutputStream:75 - [STDERR_REDIRECT] Feb 15, 2025 10:13:21 PM java.util.prefs.FileSystemPreferences checkLockFile0ErrorCode
2025-02-15 22:13:21,890 [ERROR] LogOutputStream:75 - [STDERR_REDIRECT] WARNING: Could not lock System prefs. Unix error code 2.
2025-02-15 22:13:21,890 [ERROR] LogOutputStream:75 - [STDERR_REDIRECT] 
2025-02-15 22:13:21,890 [ERROR] LogOutputStream:75 - [STDERR_REDIRECT] Feb 15, 2025 10:13:21 PM java.util.prefs.FileSystemPreferences syncWorld
2025-02-15 22:13:21,890 [ERROR] LogOutputStream:75 - [STDERR_REDIRECT] WARNING: Couldn't flush system prefs: java.util.prefs.BackingStoreException: Couldn't get file lock.
2025-02-15 22:13:21,890 [ERROR] LogOutputStream:75 - [STDERR_REDIRECT] 
2025-02-15 22:13:51,890 [ERROR] LogOutputStream:75 - [STDERR_REDIRECT] Feb 15, 2025 10:13:51 PM java.util.prefs.FileSystemPreferences checkLockFile0ErrorCode
2025-02-15 22:13:51,890 [ERROR] LogOutputStream:75 - [STDERR_REDIRECT] WARNING: Could not lock System prefs. Unix error code 2.
2025-02-15 22:13:51,890 [ERROR] LogOutputStream:75 - [STDERR_REDIRECT] 
2025-02-15 22:13:51,890 [ERROR] LogOutputStream:75 - [STDERR_REDIRECT] Feb 15, 2025 10:13:51 PM java.util.prefs.FileSystemPreferences syncWorld
2025-02-15 22:13:51,890 [ERROR] LogOutputStream:75 - [STDERR_REDIRECT] WARNING: Couldn't flush system prefs: java.util.prefs.BackingStoreException: Couldn't get file lock.
2025-02-15 22:13:51,891 [ERROR] LogOutputStream:75 - [STDERR_REDIRECT] 
2025-02-15 22:14:21,889 [ERROR] LogOutputStream:75 - [STDERR_REDIRECT] Feb 15, 2025 10:14:21 PM java.util.prefs.FileSystemPreferences checkLockFile0ErrorCode
2025-02-15 22:14:21,890 [ERROR] LogOutputStream:75 - [STDERR_REDIRECT] WARNING: Could not lock System prefs. Unix error code 2.
2025-02-15 22:14:21,890 [ERROR] LogOutputStream:75 - [STDERR_REDIRECT] 
2025-02-15 22:14:21,890 [ERROR] LogOutputStream:75 - [STDERR_REDIRECT] Feb 15, 2025 10:14:21 PM java.util.prefs.FileSystemPreferences syncWorld
2025-02-15 22:14:21,890 [ERROR] LogOutputStream:75 - [STDERR_REDIRECT] WARNING: Couldn't flush system prefs: java.util.prefs.BackingStoreException: Couldn't get file lock.
2025-02-15 22:14:21,890 [ERROR] LogOutputStream:75 - [STDERR_REDIRECT] 
2025-02-15 22:14:51,890 [ERROR] LogOutputStream:75 - [STDERR_REDIRECT] Feb 15, 2025 10:14:51 PM java.util.prefs.FileSystemPreferences checkLockFile0ErrorCode
2025-02-15 22:14:51,890 [ERROR] LogOutputStream:75 - [STDERR_REDIRECT] WARNING: Could not lock System prefs. Unix error code 2.
2025-02-15 22:14:51,890 [ERROR] LogOutputStream:75 - [STDERR_REDIRECT] 
2025-02-15 22:14:51,890 [ERROR] LogOutputStream:75 - [STDERR_REDIRECT] Feb 15, 2025 10:14:51 PM java.util.prefs.FileSystemPreferences syncWorld
2025-02-15 22:14:51,890 [ERROR] LogOutputStream:75 - [STDERR_REDIRECT] WARNING: Couldn't flush system prefs: java.util.prefs.BackingStoreException: Couldn't get file lock.
2025-02-15 22:14:51,890 [ERROR] LogOutputStream:75 - [STDERR_REDIRECT] 
2025-02-15 22:15:21,890 [ERROR] LogOutputStream:75 - [STDERR_REDIRECT] Feb 15, 2025 10:15:21 PM java.util.prefs.FileSystemPreferences checkLockFile0ErrorCode
2025-02-15 22:15:21,890 [ERROR] LogOutputStream:75 - [STDERR_REDIRECT] WARNING: Could not lock System prefs. Unix error code 2.
2025-02-15 22:15:21,897 [ERROR] LogOutputStream:75 - [STDERR_REDIRECT] 
2025-02-15 22:15:21,897 [ERROR] LogOutputStream:75 - [STDERR_REDIRECT] Feb 15, 2025 10:15:21 PM java.util.prefs.FileSystemPreferences syncWorld
2025-02-15 22:15:21,897 [ERROR] LogOutputStream:75 - [STDERR_REDIRECT] WARNING: Couldn't flush system prefs: java.util.prefs.BackingStoreException: Couldn't get file lock.
2025-02-15 22:15:21,897 [ERROR] LogOutputStream:75 - [STDERR_REDIRECT] 
2025-02-15 22:15:51,890 [ERROR] LogOutputStream:75 - [STDERR_REDIRECT] Feb 15, 2025 10:15:51 PM java.util.prefs.FileSystemPreferences checkLockFile0ErrorCode
2025-02-15 22:15:51,890 [ERROR] LogOutputStream:75 - [STDERR_REDIRECT] WARNING: Could not lock System prefs. Unix error code 2.
2025-02-15 22:15:51,890 [ERROR] LogOutputStream:75 - [STDERR_REDIRECT] 
2025-02-15 22:15:51,890 [ERROR] LogOutputStream:75 - [STDERR_REDIRECT] Feb 15, 2025 10:15:51 PM java.util.prefs.FileSystemPreferences syncWorld
2025-02-15 22:15:51,890 [ERROR] LogOutputStream:75 - [STDERR_REDIRECT] WARNING: Couldn't flush system prefs: java.util.prefs.BackingStoreException: Couldn't get file lock.
2025-02-15 22:15:51,890 [ERROR] LogOutputStream:75 - [STDERR_REDIRECT] 
2025-02-15 22:16:21,890 [ERROR] LogOutputStream:75 - [STDERR_REDIRECT] Feb 15, 2025 10:16:21 PM java.util.prefs.FileSystemPreferences checkLockFile0ErrorCode
2025-02-15 22:16:21,890 [ERROR] LogOutputStream:75 - [STDERR_REDIRECT] WARNING: Could not lock System prefs. Unix error code 2.
2025-02-15 22:16:21,890 [ERROR] LogOutputStream:75 - [STDERR_REDIRECT] 
2025-02-15 22:16:21,890 [ERROR] LogOutputStream:75 - [STDERR_REDIRECT] Feb 15, 2025 10:16:21 PM java.util.prefs.FileSystemPreferences syncWorld
2025-02-15 22:16:21,890 [ERROR] LogOutputStream:75 - [STDERR_REDIRECT] WARNING: Couldn't flush system prefs: java.util.prefs.BackingStoreException: Couldn't get file lock.
2025-02-15 22:16:21,890 [ERROR] LogOutputStream:75 - [STDERR_REDIRECT] 
2025-02-15 22:16:51,890 [ERROR] LogOutputStream:75 - [STDERR_REDIRECT] Feb 15, 2025 10:16:51 PM java.util.prefs.FileSystemPreferences checkLockFile0ErrorCode
2025-02-15 22:16:51,891 [ERROR] LogOutputStream:75 - [STDERR_REDIRECT] WARNING: Could not lock System prefs. Unix error code 2.
2025-02-15 22:16:51,891 [ERROR] LogOutputStream:75 - [STDERR_REDIRECT] 
2025-02-15 22:16:51,891 [ERROR] LogOutputStream:75 - [STDERR_REDIRECT] Feb 15, 2025 10:16:51 PM java.util.prefs.FileSystemPreferences syncWorld
2025-02-15 22:16:51,891 [ERROR] LogOutputStream:75 - [STDERR_REDIRECT] WARNING: Couldn't flush system prefs: java.util.prefs.BackingStoreException: Couldn't get file lock.
2025-02-15 22:16:51,891 [ERROR] LogOutputStream:75 - [STDERR_REDIRECT] 
2025-02-15 22:17:21,890 [ERROR] LogOutputStream:75 - [STDERR_REDIRECT] Feb 15, 2025 10:17:21 PM java.util.prefs.FileSystemPreferences checkLockFile0ErrorCode
2025-02-15 22:17:21,890 [ERROR] LogOutputStream:75 - [STDERR_REDIRECT] WARNING: Could not lock System prefs. Unix error code 2.
2025-02-15 22:17:21,890 [ERROR] LogOutputStream:75 - [STDERR_REDIRECT] 
2025-02-15 22:17:21,890 [ERROR] LogOutputStream:75 - [STDERR_REDIRECT] Feb 15, 2025 10:17:21 PM java.util.prefs.FileSystemPreferences syncWorld
2025-02-15 22:17:21,890 [ERROR] LogOutputStream:75 - [STDERR_REDIRECT] WARNING: Couldn't flush system prefs: java.util.prefs.BackingStoreException: Couldn't get file lock.
2025-02-15 22:17:21,890 [ERROR] LogOutputStream:75 - [STDERR_REDIRECT] 
2025-02-15 22:17:51,890 [ERROR] LogOutputStream:75 - [STDERR_REDIRECT] Feb 15, 2025 10:17:51 PM java.util.prefs.FileSystemPreferences checkLockFile0ErrorCode
2025-02-15 22:17:51,890 [ERROR] LogOutputStream:75 - [STDERR_REDIRECT] WARNING: Could not lock System prefs. Unix error code 2.
2025-02-15 22:17:51,890 [ERROR] LogOutputStream:75 - [STDERR_REDIRECT] 
2025-02-15 22:17:51,891 [ERROR] LogOutputStream:75 - [STDERR_REDIRECT] Feb 15, 2025 10:17:51 PM java.util.prefs.FileSystemPreferences syncWorld
2025-02-15 22:17:51,891 [ERROR] LogOutputStream:75 - [STDERR_REDIRECT] WARNING: Couldn't flush system prefs: java.util.prefs.BackingStoreException: Couldn't get file lock.
2025-02-15 22:17:51,891 [ERROR] LogOutputStream:75 - [STDERR_REDIRECT] 
2025-02-15 22:18:21,890 [ERROR] LogOutputStream:75 - [STDERR_REDIRECT] Feb 15, 2025 10:18:21 PM java.util.prefs.FileSystemPreferences checkLockFile0ErrorCode
2025-02-15 22:18:21,890 [ERROR] LogOutputStream:75 - [STDERR_REDIRECT] WARNING: Could not lock System prefs. Unix error code 2.
2025-02-15 22:18:21,890 [ERROR] LogOutputStream:75 - [STDERR_REDIRECT] 
2025-02-15 22:18:21,890 [ERROR] LogOutputStream:75 - [STDERR_REDIRECT] Feb 15, 2025 10:18:21 PM java.util.prefs.FileSystemPreferences syncWorld
2025-02-15 22:18:21,890 [ERROR] LogOutputStream:75 - [STDERR_REDIRECT] WARNING: Couldn't flush system prefs: java.util.prefs.BackingStoreException: Couldn't get file lock.
2025-02-15 22:18:21,890 [ERROR] LogOutputStream:75 - [STDERR_REDIRECT] 
2025-02-15 22:18:51,890 [ERROR] LogOutputStream:75 - [STDERR_REDIRECT] Feb 15, 2025 10:18:51 PM java.util.prefs.FileSystemPreferences checkLockFile0ErrorCode
2025-02-15 22:18:51,890 [ERROR] LogOutputStream:75 - [STDERR_REDIRECT] WARNING: Could not lock System prefs. Unix error code 2.
2025-02-15 22:18:51,890 [ERROR] LogOutputStream:75 - [STDERR_REDIRECT] 
2025-02-15 22:18:51,890 [ERROR] LogOutputStream:75 - [STDERR_REDIRECT] Feb 15, 2025 10:18:51 PM java.util.prefs.FileSystemPreferences syncWorld
2025-02-15 22:18:51,890 [ERROR] LogOutputStream:75 - [STDERR_REDIRECT] WARNING: Couldn't flush system prefs: java.util.prefs.BackingStoreException: Couldn't get file lock.
2025-02-15 22:18:51,890 [ERROR] LogOutputStream:75 - [STDERR_REDIRECT] 
2025-02-15 22:19:21,890 [ERROR] LogOutputStream:75 - [STDERR_REDIRECT] Feb 15, 2025 10:19:21 PM java.util.prefs.FileSystemPreferences checkLockFile0ErrorCode
2025-02-15 22:19:21,890 [ERROR] LogOutputStream:75 - [STDERR_REDIRECT] WARNING: Could not lock System prefs. Unix error code 2.
2025-02-15 22:19:21,890 [ERROR] LogOutputStream:75 - [STDERR_REDIRECT] 
2025-02-15 22:19:21,890 [ERROR] LogOutputStream:75 - [STDERR_REDIRECT] Feb 15, 2025 10:19:21 PM java.util.prefs.FileSystemPreferences syncWorld
2025-02-15 22:19:21,890 [ERROR] LogOutputStream:75 - [STDERR_REDIRECT] WARNING: Couldn't flush system prefs: java.util.prefs.BackingStoreException: Couldn't get file lock.
2025-02-15 22:19:21,890 [ERROR] LogOutputStream:75 - [STDERR_REDIRECT] 
2025-02-15 22:19:51,889 [ERROR] LogOutputStream:75 - [STDERR_REDIRECT] Feb 15, 2025 10:19:51 PM java.util.prefs.FileSystemPreferences checkLockFile0ErrorCode
2025-02-15 22:19:51,889 [ERROR] LogOutputStream:75 - [STDERR_REDIRECT] WARNING: Could not lock System prefs. Unix error code 2.
2025-02-15 22:19:51,890 [ERROR] LogOutputStream:75 - [STDERR_REDIRECT] 
2025-02-15 22:19:51,890 [ERROR] LogOutputStream:75 - [STDERR_REDIRECT] Feb 15, 2025 10:19:51 PM java.util.prefs.FileSystemPreferences syncWorld
2025-02-15 22:19:51,890 [ERROR] LogOutputStream:75 - [STDERR_REDIRECT] WARNING: Couldn't flush system prefs: java.util.prefs.BackingStoreException: Couldn't get file lock.
2025-02-15 22:19:51,890 [ERROR] LogOutputStream:75 - [STDERR_REDIRECT] 
2025-02-15 22:20:21,890 [ERROR] LogOutputStream:75 - [STDERR_REDIRECT] Feb 15, 2025 10:20:21 PM java.util.prefs.FileSystemPreferences checkLockFile0ErrorCode
2025-02-15 22:20:21,890 [ERROR] LogOutputStream:75 - [STDERR_REDIRECT] WARNING: Could not lock System prefs. Unix error code 2.
2025-02-15 22:20:21,890 [ERROR] LogOutputStream:75 - [STDERR_REDIRECT] 
2025-02-15 22:20:21,890 [ERROR] LogOutputStream:75 - [STDERR_REDIRECT] Feb 15, 2025 10:20:21 PM java.util.prefs.FileSystemPreferences syncWorld
2025-02-15 22:20:21,890 [ERROR] LogOutputStream:75 - [STDERR_REDIRECT] WARNING: Couldn't flush system prefs: java.util.prefs.BackingStoreException: Couldn't get file lock.
2025-02-15 22:20:21,890 [ERROR] LogOutputStream:75 - [STDERR_REDIRECT] 
2025-02-15 22:20:51,890 [ERROR] LogOutputStream:75 - [STDERR_REDIRECT] Feb 15, 2025 10:20:51 PM java.util.prefs.FileSystemPreferences checkLockFile0ErrorCode
2025-02-15 22:20:51,890 [ERROR] LogOutputStream:75 - [STDERR_REDIRECT] WARNING: Could not lock System prefs. Unix error code 2.
2025-02-15 22:20:51,890 [ERROR] LogOutputStream:75 - [STDERR_REDIRECT] 
2025-02-15 22:20:51,890 [ERROR] LogOutputStream:75 - [STDERR_REDIRECT] Feb 15, 2025 10:20:51 PM java.util.prefs.FileSystemPreferences syncWorld
2025-02-15 22:20:51,890 [ERROR] LogOutputStream:75 - [STDERR_REDIRECT] WARNING: Couldn't flush system prefs: java.util.prefs.BackingStoreException: Couldn't get file lock.
2025-02-15 22:20:51,890 [ERROR] LogOutputStream:75 - [STDERR_REDIRECT] 
2025-02-15 22:21:21,890 [ERROR] LogOutputStream:75 - [STDERR_REDIRECT] Feb 15, 2025 10:21:21 PM java.util.prefs.FileSystemPreferences checkLockFile0ErrorCode
2025-02-15 22:21:21,890 [ERROR] LogOutputStream:75 - [STDERR_REDIRECT] WARNING: Could not lock System prefs. Unix error code 2.
2025-02-15 22:21:21,890 [ERROR] LogOutputStream:75 - [STDERR_REDIRECT] 
2025-02-15 22:21:21,891 [ERROR] LogOutputStream:75 - [STDERR_REDIRECT] Feb 15, 2025 10:21:21 PM java.util.prefs.FileSystemPreferences syncWorld
2025-02-15 22:21:21,891 [ERROR] LogOutputStream:75 - [STDERR_REDIRECT] WARNING: Couldn't flush system prefs: java.util.prefs.BackingStoreException: Couldn't get file lock.
2025-02-15 22:21:21,891 [ERROR] LogOutputStream:75 - [STDERR_REDIRECT] 
2025-02-15 22:21:51,890 [ERROR] LogOutputStream:75 - [STDERR_REDIRECT] Feb 15, 2025 10:21:51 PM java.util.prefs.FileSystemPreferences checkLockFile0ErrorCode
2025-02-15 22:21:51,890 [ERROR] LogOutputStream:75 - [STDERR_REDIRECT] WARNING: Could not lock System prefs. Unix error code 2.
2025-02-15 22:21:51,890 [ERROR] LogOutputStream:75 - [STDERR_REDIRECT] 
2025-02-15 22:21:51,890 [ERROR] LogOutputStream:75 - [STDERR_REDIRECT] Feb 15, 2025 10:21:51 PM java.util.prefs.FileSystemPreferences syncWorld
2025-02-15 22:21:51,890 [ERROR] LogOutputStream:75 - [STDERR_REDIRECT] WARNING: Couldn't flush system prefs: java.util.prefs.BackingStoreException: Couldn't get file lock.
2025-02-15 22:21:51,890 [ERROR] LogOutputStream:75 - [STDERR_REDIRECT] 
2025-02-15 22:22:21,890 [ERROR] LogOutputStream:75 - [STDERR_REDIRECT] Feb 15, 2025 10:22:21 PM java.util.prefs.FileSystemPreferences checkLockFile0ErrorCode
2025-02-15 22:22:21,890 [ERROR] LogOutputStream:75 - [STDERR_REDIRECT] WARNING: Could not lock System prefs. Unix error code 2.
2025-02-15 22:22:21,890 [ERROR] LogOutputStream:75 - [STDERR_REDIRECT] 
2025-02-15 22:22:21,890 [ERROR] LogOutputStream:75 - [STDERR_REDIRECT] Feb 15, 2025 10:22:21 PM java.util.prefs.FileSystemPreferences syncWorld
2025-02-15 22:22:21,890 [ERROR] LogOutputStream:75 - [STDERR_REDIRECT] WARNING: Couldn't flush system prefs: java.util.prefs.BackingStoreException: Couldn't get file lock.
2025-02-15 22:22:21,890 [ERROR] LogOutputStream:75 - [STDERR_REDIRECT] 
2025-02-15 22:22:51,890 [ERROR] LogOutputStream:75 - [STDERR_REDIRECT] Feb 15, 2025 10:22:51 PM java.util.prefs.FileSystemPreferences checkLockFile0ErrorCode
2025-02-15 22:22:51,890 [ERROR] LogOutputStream:75 - [STDERR_REDIRECT] WARNING: Could not lock System prefs. Unix error code 2.
2025-02-15 22:22:51,890 [ERROR] LogOutputStream:75 - [STDERR_REDIRECT] 
2025-02-15 22:22:51,891 [ERROR] LogOutputStream:75 - [STDERR_REDIRECT] Feb 15, 2025 10:22:51 PM java.util.prefs.FileSystemPreferences syncWorld
2025-02-15 22:22:51,891 [ERROR] LogOutputStream:75 - [STDERR_REDIRECT] WARNING: Couldn't flush system prefs: java.util.prefs.BackingStoreException: Couldn't get file lock.
2025-02-15 22:22:51,891 [ERROR] LogOutputStream:75 - [STDERR_REDIRECT] 
2025-02-15 22:23:21,891 [ERROR] LogOutputStream:75 - [STDERR_REDIRECT] Feb 15, 2025 10:23:21 PM java.util.prefs.FileSystemPreferences checkLockFile0ErrorCode
2025-02-15 22:23:21,891 [ERROR] LogOutputStream:75 - [STDERR_REDIRECT] WARNING: Could not lock System prefs. Unix error code 2.
2025-02-15 22:23:21,891 [ERROR] LogOutputStream:75 - [STDERR_REDIRECT] 
2025-02-15 22:23:21,891 [ERROR] LogOutputStream:75 - [STDERR_REDIRECT] Feb 15, 2025 10:23:21 PM java.util.prefs.FileSystemPreferences syncWorld
2025-02-15 22:23:21,891 [ERROR] LogOutputStream:75 - [STDERR_REDIRECT] WARNING: Couldn't flush system prefs: java.util.prefs.BackingStoreException: Couldn't get file lock.
2025-02-15 22:23:21,891 [ERROR] LogOutputStream:75 - [STDERR_REDIRECT] 
2025-02-15 22:23:51,891 [ERROR] LogOutputStream:75 - [STDERR_REDIRECT] Feb 15, 2025 10:23:51 PM java.util.prefs.FileSystemPreferences checkLockFile0ErrorCode
2025-02-15 22:23:51,891 [ERROR] LogOutputStream:75 - [STDERR_REDIRECT] WARNING: Could not lock System prefs. Unix error code 2.
2025-02-15 22:23:51,891 [ERROR] LogOutputStream:75 - [STDERR_REDIRECT] 
2025-02-15 22:23:51,891 [ERROR] LogOutputStream:75 - [STDERR_REDIRECT] Feb 15, 2025 10:23:51 PM java.util.prefs.FileSystemPreferences syncWorld
2025-02-15 22:23:51,891 [ERROR] LogOutputStream:75 - [STDERR_REDIRECT] WARNING: Couldn't flush system prefs: java.util.prefs.BackingStoreException: Couldn't get file lock.
2025-02-15 22:23:51,891 [ERROR] LogOutputStream:75 - [STDERR_REDIRECT] 
2025-02-15 22:24:21,892 [ERROR] LogOutputStream:75 - [STDERR_REDIRECT] Feb 15, 2025 10:24:21 PM java.util.prefs.FileSystemPreferences checkLockFile0ErrorCode
2025-02-15 22:24:21,892 [ERROR] LogOutputStream:75 - [STDERR_REDIRECT] WARNING: Could not lock System prefs. Unix error code 2.
2025-02-15 22:24:21,892 [ERROR] LogOutputStream:75 - [STDERR_REDIRECT] 
2025-02-15 22:24:21,892 [ERROR] LogOutputStream:75 - [STDERR_REDIRECT] Feb 15, 2025 10:24:21 PM java.util.prefs.FileSystemPreferences syncWorld
2025-02-15 22:24:21,892 [ERROR] LogOutputStream:75 - [STDERR_REDIRECT] WARNING: Couldn't flush system prefs: java.util.prefs.BackingStoreException: Couldn't get file lock.
2025-02-15 22:24:21,892 [ERROR] LogOutputStream:75 - [STDERR_REDIRECT] 
2025-02-15 22:24:51,892 [ERROR] LogOutputStream:75 - [STDERR_REDIRECT] Feb 15, 2025 10:24:51 PM java.util.prefs.FileSystemPreferences checkLockFile0ErrorCode
2025-02-15 22:24:51,892 [ERROR] LogOutputStream:75 - [STDERR_REDIRECT] WARNING: Could not lock System prefs. Unix error code 2.
2025-02-15 22:24:51,892 [ERROR] LogOutputStream:75 - [STDERR_REDIRECT] 
2025-02-15 22:24:51,892 [ERROR] LogOutputStream:75 - [STDERR_REDIRECT] Feb 15, 2025 10:24:51 PM java.util.prefs.FileSystemPreferences syncWorld
2025-02-15 22:24:51,892 [ERROR] LogOutputStream:75 - [STDERR_REDIRECT] WARNING: Couldn't flush system prefs: java.util.prefs.BackingStoreException: Couldn't get file lock.
2025-02-15 22:24:51,892 [ERROR] LogOutputStream:75 - [STDERR_REDIRECT] 
2025-02-15 22:25:21,892 [ERROR] LogOutputStream:75 - [STDERR_REDIRECT] Feb 15, 2025 10:25:21 PM java.util.prefs.FileSystemPreferences checkLockFile0ErrorCode
2025-02-15 22:25:21,892 [ERROR] LogOutputStream:75 - [STDERR_REDIRECT] WARNING: Could not lock System prefs. Unix error code 2.
2025-02-15 22:25:21,892 [ERROR] LogOutputStream:75 - [STDERR_REDIRECT] 
2025-02-15 22:25:21,892 [ERROR] LogOutputStream:75 - [STDERR_REDIRECT] Feb 15, 2025 10:25:21 PM java.util.prefs.FileSystemPreferences syncWorld
2025-02-15 22:25:21,893 [ERROR] LogOutputStream:75 - [STDERR_REDIRECT] WARNING: Couldn't flush system prefs: java.util.prefs.BackingStoreException: Couldn't get file lock.
2025-02-15 22:25:21,893 [ERROR] LogOutputStream:75 - [STDERR_REDIRECT] 
2025-02-15 22:25:51,892 [ERROR] LogOutputStream:75 - [STDERR_REDIRECT] Feb 15, 2025 10:25:51 PM java.util.prefs.FileSystemPreferences checkLockFile0ErrorCode
2025-02-15 22:25:51,892 [ERROR] LogOutputStream:75 - [STDERR_REDIRECT] WARNING: Could not lock System prefs. Unix error code 2.
2025-02-15 22:25:51,892 [ERROR] LogOutputStream:75 - [STDERR_REDIRECT] 
2025-02-15 22:25:51,892 [ERROR] LogOutputStream:75 - [STDERR_REDIRECT] Feb 15, 2025 10:25:51 PM java.util.prefs.FileSystemPreferences syncWorld
2025-02-15 22:25:51,892 [ERROR] LogOutputStream:75 - [STDERR_REDIRECT] WARNING: Couldn't flush system prefs: java.util.prefs.BackingStoreException: Couldn't get file lock.
2025-02-15 22:25:51,892 [ERROR] LogOutputStream:75 - [STDERR_REDIRECT] 
2025-02-15 22:26:21,892 [ERROR] LogOutputStream:75 - [STDERR_REDIRECT] Feb 15, 2025 10:26:21 PM java.util.prefs.FileSystemPreferences checkLockFile0ErrorCode
2025-02-15 22:26:21,892 [ERROR] LogOutputStream:75 - [STDERR_REDIRECT] WARNING: Could not lock System prefs. Unix error code 2.
2025-02-15 22:26:21,892 [ERROR] LogOutputStream:75 - [STDERR_REDIRECT] 
2025-02-15 22:26:21,893 [ERROR] LogOutputStream:75 - [STDERR_REDIRECT] Feb 15, 2025 10:26:21 PM java.util.prefs.FileSystemPreferences syncWorld
2025-02-15 22:26:21,893 [ERROR] LogOutputStream:75 - [STDERR_REDIRECT] WARNING: Couldn't flush system prefs: java.util.prefs.BackingStoreException: Couldn't get file lock.
2025-02-15 22:26:21,893 [ERROR] LogOutputStream:75 - [STDERR_REDIRECT] 
2025-02-15 22:26:51,892 [ERROR] LogOutputStream:75 - [STDERR_REDIRECT] Feb 15, 2025 10:26:51 PM java.util.prefs.FileSystemPreferences checkLockFile0ErrorCode
2025-02-15 22:26:51,892 [ERROR] LogOutputStream:75 - [STDERR_REDIRECT] WARNING: Could not lock System prefs. Unix error code 2.
2025-02-15 22:26:51,892 [ERROR] LogOutputStream:75 - [STDERR_REDIRECT] 
2025-02-15 22:26:51,892 [ERROR] LogOutputStream:75 - [STDERR_REDIRECT] Feb 15, 2025 10:26:51 PM java.util.prefs.FileSystemPreferences syncWorld
2025-02-15 22:26:51,892 [ERROR] LogOutputStream:75 - [STDERR_REDIRECT] WARNING: Couldn't flush system prefs: java.util.prefs.BackingStoreException: Couldn't get file lock.
2025-02-15 22:26:51,892 [ERROR] LogOutputStream:75 - [STDERR_REDIRECT] 
2025-02-15 22:27:21,892 [ERROR] LogOutputStream:75 - [STDERR_REDIRECT] Feb 15, 2025 10:27:21 PM java.util.prefs.FileSystemPreferences checkLockFile0ErrorCode
2025-02-15 22:27:21,892 [ERROR] LogOutputStream:75 - [STDERR_REDIRECT] WARNING: Could not lock System prefs. Unix error code 2.
2025-02-15 22:27:21,892 [ERROR] LogOutputStream:75 - [STDERR_REDIRECT] 
2025-02-15 22:27:21,892 [ERROR] LogOutputStream:75 - [STDERR_REDIRECT] Feb 15, 2025 10:27:21 PM java.util.prefs.FileSystemPreferences syncWorld
2025-02-15 22:27:21,893 [ERROR] LogOutputStream:75 - [STDERR_REDIRECT] WARNING: Couldn't flush system prefs: java.util.prefs.BackingStoreException: Couldn't get file lock.
2025-02-15 22:27:21,893 [ERROR] LogOutputStream:75 - [STDERR_REDIRECT] 
2025-02-15 22:27:51,891 [ERROR] LogOutputStream:75 - [STDERR_REDIRECT] Feb 15, 2025 10:27:51 PM java.util.prefs.FileSystemPreferences checkLockFile0ErrorCode
2025-02-15 22:27:51,892 [ERROR] LogOutputStream:75 - [STDERR_REDIRECT] WARNING: Could not lock System prefs. Unix error code 2.
2025-02-15 22:27:51,892 [ERROR] LogOutputStream:75 - [STDERR_REDIRECT] 
2025-02-15 22:27:51,892 [ERROR] LogOutputStream:75 - [STDERR_REDIRECT] Feb 15, 2025 10:27:51 PM java.util.prefs.FileSystemPreferences syncWorld
2025-02-15 22:27:51,892 [ERROR] LogOutputStream:75 - [STDERR_REDIRECT] WARNING: Couldn't flush system prefs: java.util.prefs.BackingStoreException: Couldn't get file lock.
2025-02-15 22:27:51,892 [ERROR] LogOutputStream:75 - [STDERR_REDIRECT] 
2025-02-15 22:28:21,892 [ERROR] LogOutputStream:75 - [STDERR_REDIRECT] Feb 15, 2025 10:28:21 PM java.util.prefs.FileSystemPreferences checkLockFile0ErrorCode
2025-02-15 22:28:21,892 [ERROR] LogOutputStream:75 - [STDERR_REDIRECT] WARNING: Could not lock System prefs. Unix error code 2.
2025-02-15 22:28:21,892 [ERROR] LogOutputStream:75 - [STDERR_REDIRECT] 
2025-02-15 22:28:21,892 [ERROR] LogOutputStream:75 - [STDERR_REDIRECT] Feb 15, 2025 10:28:21 PM java.util.prefs.FileSystemPreferences syncWorld
2025-02-15 22:28:21,892 [ERROR] LogOutputStream:75 - [STDERR_REDIRECT] WARNING: Couldn't flush system prefs: java.util.prefs.BackingStoreException: Couldn't get file lock.
2025-02-15 22:28:21,892 [ERROR] LogOutputStream:75 - [STDERR_REDIRECT] 
2025-02-15 22:28:51,892 [ERROR] LogOutputStream:75 - [STDERR_REDIRECT] Feb 15, 2025 10:28:51 PM java.util.prefs.FileSystemPreferences checkLockFile0ErrorCode
2025-02-15 22:28:51,892 [ERROR] LogOutputStream:75 - [STDERR_REDIRECT] WARNING: Could not lock System prefs. Unix error code 2.
2025-02-15 22:28:51,892 [ERROR] LogOutputStream:75 - [STDERR_REDIRECT] 
2025-02-15 22:28:51,892 [ERROR] LogOutputStream:75 - [STDERR_REDIRECT] Feb 15, 2025 10:28:51 PM java.util.prefs.FileSystemPreferences syncWorld
2025-02-15 22:28:51,893 [ERROR] LogOutputStream:75 - [STDERR_REDIRECT] WARNING: Couldn't flush system prefs: java.util.prefs.BackingStoreException: Couldn't get file lock.
2025-02-15 22:28:51,893 [ERROR] LogOutputStream:75 - [STDERR_REDIRECT] 
2025-02-15 22:29:21,892 [ERROR] LogOutputStream:75 - [STDERR_REDIRECT] Feb 15, 2025 10:29:21 PM java.util.prefs.FileSystemPreferences checkLockFile0ErrorCode
2025-02-15 22:29:21,892 [ERROR] LogOutputStream:75 - [STDERR_REDIRECT] WARNING: Could not lock System prefs. Unix error code 2.
2025-02-15 22:29:21,892 [ERROR] LogOutputStream:75 - [STDERR_REDIRECT] 
2025-02-15 22:29:21,892 [ERROR] LogOutputStream:75 - [STDERR_REDIRECT] Feb 15, 2025 10:29:21 PM java.util.prefs.FileSystemPreferences syncWorld
2025-02-15 22:29:21,892 [ERROR] LogOutputStream:75 - [STDERR_REDIRECT] WARNING: Couldn't flush system prefs: java.util.prefs.BackingStoreException: Couldn't get file lock.
2025-02-15 22:29:21,892 [ERROR] LogOutputStream:75 - [STDERR_REDIRECT] 
2025-02-15 22:29:51,892 [ERROR] LogOutputStream:75 - [STDERR_REDIRECT] Feb 15, 2025 10:29:51 PM java.util.prefs.FileSystemPreferences checkLockFile0ErrorCode
2025-02-15 22:29:51,892 [ERROR] LogOutputStream:75 - [STDERR_REDIRECT] WARNING: Could not lock System prefs. Unix error code 2.
2025-02-15 22:29:51,892 [ERROR] LogOutputStream:75 - [STDERR_REDIRECT] 
2025-02-15 22:29:51,892 [ERROR] LogOutputStream:75 - [STDERR_REDIRECT] Feb 15, 2025 10:29:51 PM java.util.prefs.FileSystemPreferences syncWorld
2025-02-15 22:29:51,892 [ERROR] LogOutputStream:75 - [STDERR_REDIRECT] WARNING: Couldn't flush system prefs: java.util.prefs.BackingStoreException: Couldn't get file lock.
2025-02-15 22:29:51,892 [ERROR] LogOutputStream:75 - [STDERR_REDIRECT] 
2025-02-15 22:30:21,893 [ERROR] LogOutputStream:75 - [STDERR_REDIRECT] Feb 15, 2025 10:30:21 PM java.util.prefs.FileSystemPreferences checkLockFile0ErrorCode
2025-02-15 22:30:21,893 [ERROR] LogOutputStream:75 - [STDERR_REDIRECT] WARNING: Could not lock System prefs. Unix error code 2.
2025-02-15 22:30:21,893 [ERROR] LogOutputStream:75 - [STDERR_REDIRECT] 
2025-02-15 22:30:21,893 [ERROR] LogOutputStream:75 - [STDERR_REDIRECT] Feb 15, 2025 10:30:21 PM java.util.prefs.FileSystemPreferences syncWorld
2025-02-15 22:30:21,893 [ERROR] LogOutputStream:75 - [STDERR_REDIRECT] WARNING: Couldn't flush system prefs: java.util.prefs.BackingStoreException: Couldn't get file lock.
2025-02-15 22:30:21,893 [ERROR] LogOutputStream:75 - [STDERR_REDIRECT] 
2025-02-15 22:30:51,893 [ERROR] LogOutputStream:75 - [STDERR_REDIRECT] Feb 15, 2025 10:30:51 PM java.util.prefs.FileSystemPreferences checkLockFile0ErrorCode
2025-02-15 22:30:51,893 [ERROR] LogOutputStream:75 - [STDERR_REDIRECT] WARNING: Could not lock System prefs. Unix error code 2.
2025-02-15 22:30:51,893 [ERROR] LogOutputStream:75 - [STDERR_REDIRECT] 
2025-02-15 22:30:51,893 [ERROR] LogOutputStream:75 - [STDERR_REDIRECT] Feb 15, 2025 10:30:51 PM java.util.prefs.FileSystemPreferences syncWorld
2025-02-15 22:30:51,893 [ERROR] LogOutputStream:75 - [STDERR_REDIRECT] WARNING: Couldn't flush system prefs: java.util.prefs.BackingStoreException: Couldn't get file lock.
2025-02-15 22:30:51,893 [ERROR] LogOutputStream:75 - [STDERR_REDIRECT] 
2025-02-15 22:31:21,893 [ERROR] LogOutputStream:75 - [STDERR_REDIRECT] Feb 15, 2025 10:31:21 PM java.util.prefs.FileSystemPreferences checkLockFile0ErrorCode
2025-02-15 22:31:21,893 [ERROR] LogOutputStream:75 - [STDERR_REDIRECT] WARNING: Could not lock System prefs. Unix error code 2.
2025-02-15 22:31:21,893 [ERROR] LogOutputStream:75 - [STDERR_REDIRECT] 
2025-02-15 22:31:21,893 [ERROR] LogOutputStream:75 - [STDERR_REDIRECT] Feb 15, 2025 10:31:21 PM java.util.prefs.FileSystemPreferences syncWorld
2025-02-15 22:31:21,894 [ERROR] LogOutputStream:75 - [STDERR_REDIRECT] WARNING: Couldn't flush system prefs: java.util.prefs.BackingStoreException: Couldn't get file lock.
2025-02-15 22:31:21,894 [ERROR] LogOutputStream:75 - [STDERR_REDIRECT] 
2025-02-15 22:31:51,893 [ERROR] LogOutputStream:75 - [STDERR_REDIRECT] Feb 15, 2025 10:31:51 PM java.util.prefs.FileSystemPreferences checkLockFile0ErrorCode
2025-02-15 22:31:51,893 [ERROR] LogOutputStream:75 - [STDERR_REDIRECT] WARNING: Could not lock System prefs. Unix error code 2.
2025-02-15 22:31:51,893 [ERROR] LogOutputStream:75 - [STDERR_REDIRECT] 
2025-02-15 22:31:51,893 [ERROR] LogOutputStream:75 - [STDERR_REDIRECT] Feb 15, 2025 10:31:51 PM java.util.prefs.FileSystemPreferences syncWorld
2025-02-15 22:31:51,893 [ERROR] LogOutputStream:75 - [STDERR_REDIRECT] WARNING: Couldn't flush system prefs: java.util.prefs.BackingStoreException: Couldn't get file lock.
2025-02-15 22:31:51,893 [ERROR] LogOutputStream:75 - [STDERR_REDIRECT] 
2025-02-15 22:32:21,893 [ERROR] LogOutputStream:75 - [STDERR_REDIRECT] Feb 15, 2025 10:32:21 PM java.util.prefs.FileSystemPreferences checkLockFile0ErrorCode
2025-02-15 22:32:21,893 [ERROR] LogOutputStream:75 - [STDERR_REDIRECT] WARNING: Could not lock System prefs. Unix error code 2.
2025-02-15 22:32:21,893 [ERROR] LogOutputStream:75 - [STDERR_REDIRECT] 
2025-02-15 22:32:21,893 [ERROR] LogOutputStream:75 - [STDERR_REDIRECT] Feb 15, 2025 10:32:21 PM java.util.prefs.FileSystemPreferences syncWorld
2025-02-15 22:32:21,893 [ERROR] LogOutputStream:75 - [STDERR_REDIRECT] WARNING: Couldn't flush system prefs: java.util.prefs.BackingStoreException: Couldn't get file lock.
2025-02-15 22:32:21,893 [ERROR] LogOutputStream:75 - [STDERR_REDIRECT] 
2025-02-15 22:32:51,894 [ERROR] LogOutputStream:75 - [STDERR_REDIRECT] Feb 15, 2025 10:32:51 PM java.util.prefs.FileSystemPreferences checkLockFile0ErrorCode
2025-02-15 22:32:51,894 [ERROR] LogOutputStream:75 - [STDERR_REDIRECT] WARNING: Could not lock System prefs. Unix error code 2.
2025-02-15 22:32:51,894 [ERROR] LogOutputStream:75 - [STDERR_REDIRECT] 
2025-02-15 22:32:51,894 [ERROR] LogOutputStream:75 - [STDERR_REDIRECT] Feb 15, 2025 10:32:51 PM java.util.prefs.FileSystemPreferences syncWorld
2025-02-15 22:32:51,894 [ERROR] LogOutputStream:75 - [STDERR_REDIRECT] WARNING: Couldn't flush system prefs: java.util.prefs.BackingStoreException: Couldn't get file lock.
2025-02-15 22:32:51,894 [ERROR] LogOutputStream:75 - [STDERR_REDIRECT] 
2025-02-15 22:33:21,893 [ERROR] LogOutputStream:75 - [STDERR_REDIRECT] Feb 15, 2025 10:33:21 PM java.util.prefs.FileSystemPreferences checkLockFile0ErrorCode
2025-02-15 22:33:21,893 [ERROR] LogOutputStream:75 - [STDERR_REDIRECT] WARNING: Could not lock System prefs. Unix error code 2.
2025-02-15 22:33:21,893 [ERROR] LogOutputStream:75 - [STDERR_REDIRECT] 
2025-02-15 22:33:21,893 [ERROR] LogOutputStream:75 - [STDERR_REDIRECT] Feb 15, 2025 10:33:21 PM java.util.prefs.FileSystemPreferences syncWorld
2025-02-15 22:33:21,893 [ERROR] LogOutputStream:75 - [STDERR_REDIRECT] WARNING: Couldn't flush system prefs: java.util.prefs.BackingStoreException: Couldn't get file lock.
2025-02-15 22:33:21,893 [ERROR] LogOutputStream:75 - [STDERR_REDIRECT] 
2025-02-15 22:33:51,893 [ERROR] LogOutputStream:75 - [STDERR_REDIRECT] Feb 15, 2025 10:33:51 PM java.util.prefs.FileSystemPreferences checkLockFile0ErrorCode
2025-02-15 22:33:51,893 [ERROR] LogOutputStream:75 - [STDERR_REDIRECT] WARNING: Could not lock System prefs. Unix error code 2.
2025-02-15 22:33:51,893 [ERROR] LogOutputStream:75 - [STDERR_REDIRECT] 
2025-02-15 22:33:51,893 [ERROR] LogOutputStream:75 - [STDERR_REDIRECT] Feb 15, 2025 10:33:51 PM java.util.prefs.FileSystemPreferences syncWorld
2025-02-15 22:33:51,893 [ERROR] LogOutputStream:75 - [STDERR_REDIRECT] WARNING: Couldn't flush system prefs: java.util.prefs.BackingStoreException: Couldn't get file lock.
2025-02-15 22:33:51,893 [ERROR] LogOutputStream:75 - [STDERR_REDIRECT] 
2025-02-15 22:34:21,894 [ERROR] LogOutputStream:75 - [STDERR_REDIRECT] Feb 15, 2025 10:34:21 PM java.util.prefs.FileSystemPreferences checkLockFile0ErrorCode
2025-02-15 22:34:21,894 [ERROR] LogOutputStream:75 - [STDERR_REDIRECT] WARNING: Could not lock System prefs. Unix error code 2.
2025-02-15 22:34:21,894 [ERROR] LogOutputStream:75 - [STDERR_REDIRECT] 
2025-02-15 22:34:21,894 [ERROR] LogOutputStream:75 - [STDERR_REDIRECT] Feb 15, 2025 10:34:21 PM java.util.prefs.FileSystemPreferences syncWorld
2025-02-15 22:34:21,894 [ERROR] LogOutputStream:75 - [STDERR_REDIRECT] WARNING: Couldn't flush system prefs: java.util.prefs.BackingStoreException: Couldn't get file lock.
2025-02-15 22:34:21,894 [ERROR] LogOutputStream:75 - [STDERR_REDIRECT] 
2025-02-15 22:34:51,894 [ERROR] LogOutputStream:75 - [STDERR_REDIRECT] Feb 15, 2025 10:34:51 PM java.util.prefs.FileSystemPreferences checkLockFile0ErrorCode
2025-02-15 22:34:51,894 [ERROR] LogOutputStream:75 - [STDERR_REDIRECT] WARNING: Could not lock System prefs. Unix error code 2.
2025-02-15 22:34:51,894 [ERROR] LogOutputStream:75 - [STDERR_REDIRECT] 
2025-02-15 22:34:51,894 [ERROR] LogOutputStream:75 - [STDERR_REDIRECT] Feb 15, 2025 10:34:51 PM java.util.prefs.FileSystemPreferences syncWorld
2025-02-15 22:34:51,894 [ERROR] LogOutputStream:75 - [STDERR_REDIRECT] WARNING: Couldn't flush system prefs: java.util.prefs.BackingStoreException: Couldn't get file lock.
2025-02-15 22:34:51,894 [ERROR] LogOutputStream:75 - [STDERR_REDIRECT] 
2025-02-15 22:35:21,894 [ERROR] LogOutputStream:75 - [STDERR_REDIRECT] Feb 15, 2025 10:35:21 PM java.util.prefs.FileSystemPreferences checkLockFile0ErrorCode
2025-02-15 22:35:21,895 [ERROR] LogOutputStream:75 - [STDERR_REDIRECT] WARNING: Could not lock System prefs. Unix error code 2.
2025-02-15 22:35:21,895 [ERROR] LogOutputStream:75 - [STDERR_REDIRECT] 
2025-02-15 22:35:21,895 [ERROR] LogOutputStream:75 - [STDERR_REDIRECT] Feb 15, 2025 10:35:21 PM java.util.prefs.FileSystemPreferences syncWorld
2025-02-15 22:35:21,895 [ERROR] LogOutputStream:75 - [STDERR_REDIRECT] WARNING: Couldn't flush system prefs: java.util.prefs.BackingStoreException: Couldn't get file lock.
2025-02-15 22:35:21,895 [ERROR] LogOutputStream:75 - [STDERR_REDIRECT] 
2025-02-15 22:35:51,894 [ERROR] LogOutputStream:75 - [STDERR_REDIRECT] Feb 15, 2025 10:35:51 PM java.util.prefs.FileSystemPreferences checkLockFile0ErrorCode
2025-02-15 22:35:51,894 [ERROR] LogOutputStream:75 - [STDERR_REDIRECT] WARNING: Could not lock System prefs. Unix error code 2.
2025-02-15 22:35:51,894 [ERROR] LogOutputStream:75 - [STDERR_REDIRECT] 
2025-02-15 22:35:51,894 [ERROR] LogOutputStream:75 - [STDERR_REDIRECT] Feb 15, 2025 10:35:51 PM java.util.prefs.FileSystemPreferences syncWorld
2025-02-15 22:35:51,894 [ERROR] LogOutputStream:75 - [STDERR_REDIRECT] WARNING: Couldn't flush system prefs: java.util.prefs.BackingStoreException: Couldn't get file lock.
2025-02-15 22:35:51,894 [ERROR] LogOutputStream:75 - [STDERR_REDIRECT] 
2025-02-15 22:36:21,895 [ERROR] LogOutputStream:75 - [STDERR_REDIRECT] Feb 15, 2025 10:36:21 PM java.util.prefs.FileSystemPreferences checkLockFile0ErrorCode
2025-02-15 22:36:21,895 [ERROR] LogOutputStream:75 - [STDERR_REDIRECT] WARNING: Could not lock System prefs. Unix error code 2.
2025-02-15 22:36:21,895 [ERROR] LogOutputStream:75 - [STDERR_REDIRECT] 
2025-02-15 22:36:21,895 [ERROR] LogOutputStream:75 - [STDERR_REDIRECT] Feb 15, 2025 10:36:21 PM java.util.prefs.FileSystemPreferences syncWorld
2025-02-15 22:36:21,895 [ERROR] LogOutputStream:75 - [STDERR_REDIRECT] WARNING: Couldn't flush system prefs: java.util.prefs.BackingStoreException: Couldn't get file lock.
2025-02-15 22:36:21,895 [ERROR] LogOutputStream:75 - [STDERR_REDIRECT] 
2025-02-15 22:36:51,894 [ERROR] LogOutputStream:75 - [STDERR_REDIRECT] Feb 15, 2025 10:36:51 PM java.util.prefs.FileSystemPreferences checkLockFile0ErrorCode
2025-02-15 22:36:51,894 [ERROR] LogOutputStream:75 - [STDERR_REDIRECT] WARNING: Could not lock System prefs. Unix error code 2.
2025-02-15 22:36:51,894 [ERROR] LogOutputStream:75 - [STDERR_REDIRECT] 
2025-02-15 22:36:51,894 [ERROR] LogOutputStream:75 - [STDERR_REDIRECT] Feb 15, 2025 10:36:51 PM java.util.prefs.FileSystemPreferences syncWorld
2025-02-15 22:36:51,894 [ERROR] LogOutputStream:75 - [STDERR_REDIRECT] WARNING: Couldn't flush system prefs: java.util.prefs.BackingStoreException: Couldn't get file lock.
2025-02-15 22:36:51,894 [ERROR] LogOutputStream:75 - [STDERR_REDIRECT] 
2025-02-15 22:37:21,894 [ERROR] LogOutputStream:75 - [STDERR_REDIRECT] Feb 15, 2025 10:37:21 PM java.util.prefs.FileSystemPreferences checkLockFile0ErrorCode
2025-02-15 22:37:21,895 [ERROR] LogOutputStream:75 - [STDERR_REDIRECT] WARNING: Could not lock System prefs. Unix error code 2.
2025-02-15 22:37:21,895 [ERROR] LogOutputStream:75 - [STDERR_REDIRECT] 
2025-02-15 22:37:21,895 [ERROR] LogOutputStream:75 - [STDERR_REDIRECT] Feb 15, 2025 10:37:21 PM java.util.prefs.FileSystemPreferences syncWorld
2025-02-15 22:37:21,895 [ERROR] LogOutputStream:75 - [STDERR_REDIRECT] WARNING: Couldn't flush system prefs: java.util.prefs.BackingStoreException: Couldn't get file lock.
2025-02-15 22:37:21,895 [ERROR] LogOutputStream:75 - [STDERR_REDIRECT] 
2025-02-15 22:37:51,895 [ERROR] LogOutputStream:75 - [STDERR_REDIRECT] Feb 15, 2025 10:37:51 PM java.util.prefs.FileSystemPreferences checkLockFile0ErrorCode
2025-02-15 22:37:51,895 [ERROR] LogOutputStream:75 - [STDERR_REDIRECT] WARNING: Could not lock System prefs. Unix error code 2.
2025-02-15 22:37:51,895 [ERROR] LogOutputStream:75 - [STDERR_REDIRECT] 
2025-02-15 22:37:51,895 [ERROR] LogOutputStream:75 - [STDERR_REDIRECT] Feb 15, 2025 10:37:51 PM java.util.prefs.FileSystemPreferences syncWorld
2025-02-15 22:37:51,895 [ERROR] LogOutputStream:75 - [STDERR_REDIRECT] WARNING: Couldn't flush system prefs: java.util.prefs.BackingStoreException: Couldn't get file lock.
2025-02-15 22:37:51,895 [ERROR] LogOutputStream:75 - [STDERR_REDIRECT] 
2025-02-15 22:38:21,895 [ERROR] LogOutputStream:75 - [STDERR_REDIRECT] Feb 15, 2025 10:38:21 PM java.util.prefs.FileSystemPreferences checkLockFile0ErrorCode
2025-02-15 22:38:21,895 [ERROR] LogOutputStream:75 - [STDERR_REDIRECT] WARNING: Could not lock System prefs. Unix error code 2.
2025-02-15 22:38:21,895 [ERROR] LogOutputStream:75 - [STDERR_REDIRECT] 
2025-02-15 22:38:21,895 [ERROR] LogOutputStream:75 - [STDERR_REDIRECT] Feb 15, 2025 10:38:21 PM java.util.prefs.FileSystemPreferences syncWorld
2025-02-15 22:38:21,895 [ERROR] LogOutputStream:75 - [STDERR_REDIRECT] WARNING: Couldn't flush system prefs: java.util.prefs.BackingStoreException: Couldn't get file lock.
2025-02-15 22:38:21,895 [ERROR] LogOutputStream:75 - [STDERR_REDIRECT] 
2025-02-15 22:38:51,896 [ERROR] LogOutputStream:75 - [STDERR_REDIRECT] Feb 15, 2025 10:38:51 PM java.util.prefs.FileSystemPreferences checkLockFile0ErrorCode
2025-02-15 22:38:51,896 [ERROR] LogOutputStream:75 - [STDERR_REDIRECT] WARNING: Could not lock System prefs. Unix error code 2.
2025-02-15 22:38:51,896 [ERROR] LogOutputStream:75 - [STDERR_REDIRECT] 
2025-02-15 22:38:51,896 [ERROR] LogOutputStream:75 - [STDERR_REDIRECT] Feb 15, 2025 10:38:51 PM java.util.prefs.FileSystemPreferences syncWorld
2025-02-15 22:38:51,896 [ERROR] LogOutputStream:75 - [STDERR_REDIRECT] WARNING: Couldn't flush system prefs: java.util.prefs.BackingStoreException: Couldn't get file lock.
2025-02-15 22:38:51,896 [ERROR] LogOutputStream:75 - [STDERR_REDIRECT] 
2025-02-15 22:39:21,896 [ERROR] LogOutputStream:75 - [STDERR_REDIRECT] Feb 15, 2025 10:39:21 PM java.util.prefs.FileSystemPreferences checkLockFile0ErrorCode
2025-02-15 22:39:21,896 [ERROR] LogOutputStream:75 - [STDERR_REDIRECT] WARNING: Could not lock System prefs. Unix error code 2.
2025-02-15 22:39:21,896 [ERROR] LogOutputStream:75 - [STDERR_REDIRECT] 
2025-02-15 22:39:21,896 [ERROR] LogOutputStream:75 - [STDERR_REDIRECT] Feb 15, 2025 10:39:21 PM java.util.prefs.FileSystemPreferences syncWorld
2025-02-15 22:39:21,896 [ERROR] LogOutputStream:75 - [STDERR_REDIRECT] WARNING: Couldn't flush system prefs: java.util.prefs.BackingStoreException: Couldn't get file lock.
2025-02-15 22:39:21,896 [ERROR] LogOutputStream:75 - [STDERR_REDIRECT] 
2025-02-15 22:39:51,896 [ERROR] LogOutputStream:75 - [STDERR_REDIRECT] Feb 15, 2025 10:39:51 PM java.util.prefs.FileSystemPreferences checkLockFile0ErrorCode
2025-02-15 22:39:51,896 [ERROR] LogOutputStream:75 - [STDERR_REDIRECT] WARNING: Could not lock System prefs. Unix error code 2.
2025-02-15 22:39:51,896 [ERROR] LogOutputStream:75 - [STDERR_REDIRECT] 
2025-02-15 22:39:51,897 [ERROR] LogOutputStream:75 - [STDERR_REDIRECT] Feb 15, 2025 10:39:51 PM java.util.prefs.FileSystemPreferences syncWorld
2025-02-15 22:39:51,897 [ERROR] LogOutputStream:75 - [STDERR_REDIRECT] WARNING: Couldn't flush system prefs: java.util.prefs.BackingStoreException: Couldn't get file lock.
2025-02-15 22:39:51,897 [ERROR] LogOutputStream:75 - [STDERR_REDIRECT] 
2025-02-15 22:40:21,896 [ERROR] LogOutputStream:75 - [STDERR_REDIRECT] Feb 15, 2025 10:40:21 PM java.util.prefs.FileSystemPreferences checkLockFile0ErrorCode
2025-02-15 22:40:21,896 [ERROR] LogOutputStream:75 - [STDERR_REDIRECT] WARNING: Could not lock System prefs. Unix error code 2.
2025-02-15 22:40:21,896 [ERROR] LogOutputStream:75 - [STDERR_REDIRECT] 
2025-02-15 22:40:21,896 [ERROR] LogOutputStream:75 - [STDERR_REDIRECT] Feb 15, 2025 10:40:21 PM java.util.prefs.FileSystemPreferences syncWorld
2025-02-15 22:40:21,896 [ERROR] LogOutputStream:75 - [STDERR_REDIRECT] WARNING: Couldn't flush system prefs: java.util.prefs.BackingStoreException: Couldn't get file lock.
2025-02-15 22:40:21,896 [ERROR] LogOutputStream:75 - [STDERR_REDIRECT] 
2025-02-15 22:40:51,896 [ERROR] LogOutputStream:75 - [STDERR_REDIRECT] Feb 15, 2025 10:40:51 PM java.util.prefs.FileSystemPreferences checkLockFile0ErrorCode
2025-02-15 22:40:51,896 [ERROR] LogOutputStream:75 - [STDERR_REDIRECT] WARNING: Could not lock System prefs. Unix error code 2.
2025-02-15 22:40:51,896 [ERROR] LogOutputStream:75 - [STDERR_REDIRECT] 
2025-02-15 22:40:51,896 [ERROR] LogOutputStream:75 - [STDERR_REDIRECT] Feb 15, 2025 10:40:51 PM java.util.prefs.FileSystemPreferences syncWorld
2025-02-15 22:40:51,896 [ERROR] LogOutputStream:75 - [STDERR_REDIRECT] WARNING: Couldn't flush system prefs: java.util.prefs.BackingStoreException: Couldn't get file lock.
2025-02-15 22:40:51,896 [ERROR] LogOutputStream:75 - [STDERR_REDIRECT] 
2025-02-15 22:41:21,896 [ERROR] LogOutputStream:75 - [STDERR_REDIRECT] Feb 15, 2025 10:41:21 PM java.util.prefs.FileSystemPreferences checkLockFile0ErrorCode
2025-02-15 22:41:21,897 [ERROR] LogOutputStream:75 - [STDERR_REDIRECT] WARNING: Could not lock System prefs. Unix error code 2.
2025-02-15 22:41:21,897 [ERROR] LogOutputStream:75 - [STDERR_REDIRECT] 
2025-02-15 22:41:21,897 [ERROR] LogOutputStream:75 - [STDERR_REDIRECT] Feb 15, 2025 10:41:21 PM java.util.prefs.FileSystemPreferences syncWorld
2025-02-15 22:41:21,897 [ERROR] LogOutputStream:75 - [STDERR_REDIRECT] WARNING: Couldn't flush system prefs: java.util.prefs.BackingStoreException: Couldn't get file lock.
2025-02-15 22:41:21,897 [ERROR] LogOutputStream:75 - [STDERR_REDIRECT] 
2025-02-15 22:41:51,896 [ERROR] LogOutputStream:75 - [STDERR_REDIRECT] Feb 15, 2025 10:41:51 PM java.util.prefs.FileSystemPreferences checkLockFile0ErrorCode
2025-02-15 22:41:51,896 [ERROR] LogOutputStream:75 - [STDERR_REDIRECT] WARNING: Could not lock System prefs. Unix error code 2.
2025-02-15 22:41:51,896 [ERROR] LogOutputStream:75 - [STDERR_REDIRECT] 
2025-02-15 22:41:51,896 [ERROR] LogOutputStream:75 - [STDERR_REDIRECT] Feb 15, 2025 10:41:51 PM java.util.prefs.FileSystemPreferences syncWorld
2025-02-15 22:41:51,896 [ERROR] LogOutputStream:75 - [STDERR_REDIRECT] WARNING: Couldn't flush system prefs: java.util.prefs.BackingStoreException: Couldn't get file lock.
2025-02-15 22:41:51,896 [ERROR] LogOutputStream:75 - [STDERR_REDIRECT] 
2025-02-15 22:42:21,896 [ERROR] LogOutputStream:75 - [STDERR_REDIRECT] Feb 15, 2025 10:42:21 PM java.util.prefs.FileSystemPreferences checkLockFile0ErrorCode
2025-02-15 22:42:21,896 [ERROR] LogOutputStream:75 - [STDERR_REDIRECT] WARNING: Could not lock System prefs. Unix error code 2.
2025-02-15 22:42:21,896 [ERROR] LogOutputStream:75 - [STDERR_REDIRECT] 
2025-02-15 22:42:21,897 [ERROR] LogOutputStream:75 - [STDERR_REDIRECT] Feb 15, 2025 10:42:21 PM java.util.prefs.FileSystemPreferences syncWorld
2025-02-15 22:42:21,897 [ERROR] LogOutputStream:75 - [STDERR_REDIRECT] WARNING: Couldn't flush system prefs: java.util.prefs.BackingStoreException: Couldn't get file lock.
2025-02-15 22:42:21,897 [ERROR] LogOutputStream:75 - [STDERR_REDIRECT] 
2025-02-15 22:42:51,896 [ERROR] LogOutputStream:75 - [STDERR_REDIRECT] Feb 15, 2025 10:42:51 PM java.util.prefs.FileSystemPreferences checkLockFile0ErrorCode
2025-02-15 22:42:51,896 [ERROR] LogOutputStream:75 - [STDERR_REDIRECT] WARNING: Could not lock System prefs. Unix error code 2.
2025-02-15 22:42:51,896 [ERROR] LogOutputStream:75 - [STDERR_REDIRECT] 
2025-02-15 22:42:51,896 [ERROR] LogOutputStream:75 - [STDERR_REDIRECT] Feb 15, 2025 10:42:51 PM java.util.prefs.FileSystemPreferences syncWorld
2025-02-15 22:42:51,896 [ERROR] LogOutputStream:75 - [STDERR_REDIRECT] WARNING: Couldn't flush system prefs: java.util.prefs.BackingStoreException: Couldn't get file lock.
2025-02-15 22:42:51,896 [ERROR] LogOutputStream:75 - [STDERR_REDIRECT] 
2025-02-15 22:43:21,896 [ERROR] LogOutputStream:75 - [STDERR_REDIRECT] Feb 15, 2025 10:43:21 PM java.util.prefs.FileSystemPreferences checkLockFile0ErrorCode
2025-02-15 22:43:21,896 [ERROR] LogOutputStream:75 - [STDERR_REDIRECT] WARNING: Could not lock System prefs. Unix error code 2.
2025-02-15 22:43:21,896 [ERROR] LogOutputStream:75 - [STDERR_REDIRECT] 
2025-02-15 22:43:21,896 [ERROR] LogOutputStream:75 - [STDERR_REDIRECT] Feb 15, 2025 10:43:21 PM java.util.prefs.FileSystemPreferences syncWorld
2025-02-15 22:43:21,896 [ERROR] LogOutputStream:75 - [STDERR_REDIRECT] WARNING: Couldn't flush system prefs: java.util.prefs.BackingStoreException: Couldn't get file lock.
2025-02-15 22:43:21,896 [ERROR] LogOutputStream:75 - [STDERR_REDIRECT] 
2025-02-15 22:43:51,896 [ERROR] LogOutputStream:75 - [STDERR_REDIRECT] Feb 15, 2025 10:43:51 PM java.util.prefs.FileSystemPreferences checkLockFile0ErrorCode
2025-02-15 22:43:51,897 [ERROR] LogOutputStream:75 - [STDERR_REDIRECT] WARNING: Could not lock System prefs. Unix error code 2.
2025-02-15 22:43:51,897 [ERROR] LogOutputStream:75 - [STDERR_REDIRECT] 
2025-02-15 22:43:51,897 [ERROR] LogOutputStream:75 - [STDERR_REDIRECT] Feb 15, 2025 10:43:51 PM java.util.prefs.FileSystemPreferences syncWorld
2025-02-15 22:43:51,897 [ERROR] LogOutputStream:75 - [STDERR_REDIRECT] WARNING: Couldn't flush system prefs: java.util.prefs.BackingStoreException: Couldn't get file lock.
2025-02-15 22:43:51,897 [ERROR] LogOutputStream:75 - [STDERR_REDIRECT] 
2025-02-15 22:44:21,896 [ERROR] LogOutputStream:75 - [STDERR_REDIRECT] Feb 15, 2025 10:44:21 PM java.util.prefs.FileSystemPreferences checkLockFile0ErrorCode
2025-02-15 22:44:21,896 [ERROR] LogOutputStream:75 - [STDERR_REDIRECT] WARNING: Could not lock System prefs. Unix error code 2.
2025-02-15 22:44:21,896 [ERROR] LogOutputStream:75 - [STDERR_REDIRECT] 
2025-02-15 22:44:21,896 [ERROR] LogOutputStream:75 - [STDERR_REDIRECT] Feb 15, 2025 10:44:21 PM java.util.prefs.FileSystemPreferences syncWorld
2025-02-15 22:44:21,896 [ERROR] LogOutputStream:75 - [STDERR_REDIRECT] WARNING: Couldn't flush system prefs: java.util.prefs.BackingStoreException: Couldn't get file lock.
2025-02-15 22:44:21,896 [ERROR] LogOutputStream:75 - [STDERR_REDIRECT] 
2025-02-15 22:44:51,896 [ERROR] LogOutputStream:75 - [STDERR_REDIRECT] Feb 15, 2025 10:44:51 PM java.util.prefs.FileSystemPreferences checkLockFile0ErrorCode
2025-02-15 22:44:51,896 [ERROR] LogOutputStream:75 - [STDERR_REDIRECT] WARNING: Could not lock System prefs. Unix error code 2.
2025-02-15 22:44:51,896 [ERROR] LogOutputStream:75 - [STDERR_REDIRECT] 
2025-02-15 22:44:51,897 [ERROR] LogOutputStream:75 - [STDERR_REDIRECT] Feb 15, 2025 10:44:51 PM java.util.prefs.FileSystemPreferences syncWorld
2025-02-15 22:44:51,897 [ERROR] LogOutputStream:75 - [STDERR_REDIRECT] WARNING: Couldn't flush system prefs: java.util.prefs.BackingStoreException: Couldn't get file lock.
2025-02-15 22:44:51,897 [ERROR] LogOutputStream:75 - [STDERR_REDIRECT] 
2025-02-15 22:45:21,896 [ERROR] LogOutputStream:75 - [STDERR_REDIRECT] Feb 15, 2025 10:45:21 PM java.util.prefs.FileSystemPreferences checkLockFile0ErrorCode
2025-02-15 22:45:21,896 [ERROR] LogOutputStream:75 - [STDERR_REDIRECT] WARNING: Could not lock System prefs. Unix error code 2.
2025-02-15 22:45:21,896 [ERROR] LogOutputStream:75 - [STDERR_REDIRECT] 
2025-02-15 22:45:21,896 [ERROR] LogOutputStream:75 - [STDERR_REDIRECT] Feb 15, 2025 10:45:21 PM java.util.prefs.FileSystemPreferences syncWorld
2025-02-15 22:45:21,896 [ERROR] LogOutputStream:75 - [STDERR_REDIRECT] WARNING: Couldn't flush system prefs: java.util.prefs.BackingStoreException: Couldn't get file lock.
2025-02-15 22:45:21,896 [ERROR] LogOutputStream:75 - [STDERR_REDIRECT] 
2025-02-15 22:45:51,896 [ERROR] LogOutputStream:75 - [STDERR_REDIRECT] Feb 15, 2025 10:45:51 PM java.util.prefs.FileSystemPreferences checkLockFile0ErrorCode
2025-02-15 22:45:51,896 [ERROR] LogOutputStream:75 - [STDERR_REDIRECT] WARNING: Could not lock System prefs. Unix error code 2.
2025-02-15 22:45:51,896 [ERROR] LogOutputStream:75 - [STDERR_REDIRECT] 
2025-02-15 22:45:51,897 [ERROR] LogOutputStream:75 - [STDERR_REDIRECT] Feb 15, 2025 10:45:51 PM java.util.prefs.FileSystemPreferences syncWorld
2025-02-15 22:45:51,897 [ERROR] LogOutputStream:75 - [STDERR_REDIRECT] WARNING: Couldn't flush system prefs: java.util.prefs.BackingStoreException: Couldn't get file lock.
2025-02-15 22:45:51,897 [ERROR] LogOutputStream:75 - [STDERR_REDIRECT] 
2025-02-15 22:46:21,896 [ERROR] LogOutputStream:75 - [STDERR_REDIRECT] Feb 15, 2025 10:46:21 PM java.util.prefs.FileSystemPreferences checkLockFile0ErrorCode
2025-02-15 22:46:21,896 [ERROR] LogOutputStream:75 - [STDERR_REDIRECT] WARNING: Could not lock System prefs. Unix error code 2.
2025-02-15 22:46:21,896 [ERROR] LogOutputStream:75 - [STDERR_REDIRECT] 
2025-02-15 22:46:21,896 [ERROR] LogOutputStream:75 - [STDERR_REDIRECT] Feb 15, 2025 10:46:21 PM java.util.prefs.FileSystemPreferences syncWorld
2025-02-15 22:46:21,896 [ERROR] LogOutputStream:75 - [STDERR_REDIRECT] WARNING: Couldn't flush system prefs: java.util.prefs.BackingStoreException: Couldn't get file lock.
2025-02-15 22:46:21,896 [ERROR] LogOutputStream:75 - [STDERR_REDIRECT] 
2025-02-15 22:46:51,896 [ERROR] LogOutputStream:75 - [STDERR_REDIRECT] Feb 15, 2025 10:46:51 PM java.util.prefs.FileSystemPreferences checkLockFile0ErrorCode
2025-02-15 22:46:51,896 [ERROR] LogOutputStream:75 - [STDERR_REDIRECT] WARNING: Could not lock System prefs. Unix error code 2.
2025-02-15 22:46:51,896 [ERROR] LogOutputStream:75 - [STDERR_REDIRECT] 
2025-02-15 22:46:51,896 [ERROR] LogOutputStream:75 - [STDERR_REDIRECT] Feb 15, 2025 10:46:51 PM java.util.prefs.FileSystemPreferences syncWorld
2025-02-15 22:46:51,896 [ERROR] LogOutputStream:75 - [STDERR_REDIRECT] WARNING: Couldn't flush system prefs: java.util.prefs.BackingStoreException: Couldn't get file lock.
2025-02-15 22:46:51,896 [ERROR] LogOutputStream:75 - [STDERR_REDIRECT] 
2025-02-15 22:47:21,897 [ERROR] LogOutputStream:75 - [STDERR_REDIRECT] Feb 15, 2025 10:47:21 PM java.util.prefs.FileSystemPreferences checkLockFile0ErrorCode
2025-02-15 22:47:21,897 [ERROR] LogOutputStream:75 - [STDERR_REDIRECT] WARNING: Could not lock System prefs. Unix error code 2.
2025-02-15 22:47:21,897 [ERROR] LogOutputStream:75 - [STDERR_REDIRECT] 
2025-02-15 22:47:21,897 [ERROR] LogOutputStream:75 - [STDERR_REDIRECT] Feb 15, 2025 10:47:21 PM java.util.prefs.FileSystemPreferences syncWorld
2025-02-15 22:47:21,897 [ERROR] LogOutputStream:75 - [STDERR_REDIRECT] WARNING: Couldn't flush system prefs: java.util.prefs.BackingStoreException: Couldn't get file lock.
2025-02-15 22:47:21,897 [ERROR] LogOutputStream:75 - [STDERR_REDIRECT] 
2025-02-15 22:47:51,897 [ERROR] LogOutputStream:75 - [STDERR_REDIRECT] Feb 15, 2025 10:47:51 PM java.util.prefs.FileSystemPreferences checkLockFile0ErrorCode
2025-02-15 22:47:51,897 [ERROR] LogOutputStream:75 - [STDERR_REDIRECT] WARNING: Could not lock System prefs. Unix error code 2.
2025-02-15 22:47:51,897 [ERROR] LogOutputStream:75 - [STDERR_REDIRECT] 
2025-02-15 22:47:51,897 [ERROR] LogOutputStream:75 - [STDERR_REDIRECT] Feb 15, 2025 10:47:51 PM java.util.prefs.FileSystemPreferences syncWorld
2025-02-15 22:47:51,897 [ERROR] LogOutputStream:75 - [STDERR_REDIRECT] WARNING: Couldn't flush system prefs: java.util.prefs.BackingStoreException: Couldn't get file lock.
2025-02-15 22:47:51,897 [ERROR] LogOutputStream:75 - [STDERR_REDIRECT] 
2025-02-15 22:48:21,897 [ERROR] LogOutputStream:75 - [STDERR_REDIRECT] Feb 15, 2025 10:48:21 PM java.util.prefs.FileSystemPreferences checkLockFile0ErrorCode
2025-02-15 22:48:21,897 [ERROR] LogOutputStream:75 - [STDERR_REDIRECT] WARNING: Could not lock System prefs. Unix error code 2.
2025-02-15 22:48:21,898 [ERROR] LogOutputStream:75 - [STDERR_REDIRECT] 
2025-02-15 22:48:21,898 [ERROR] LogOutputStream:75 - [STDERR_REDIRECT] Feb 15, 2025 10:48:21 PM java.util.prefs.FileSystemPreferences syncWorld
2025-02-15 22:48:21,898 [ERROR] LogOutputStream:75 - [STDERR_REDIRECT] WARNING: Couldn't flush system prefs: java.util.prefs.BackingStoreException: Couldn't get file lock.
2025-02-15 22:48:21,898 [ERROR] LogOutputStream:75 - [STDERR_REDIRECT] 
2025-02-15 22:48:51,898 [ERROR] LogOutputStream:75 - [STDERR_REDIRECT] Feb 15, 2025 10:48:51 PM java.util.prefs.FileSystemPreferences checkLockFile0ErrorCode
2025-02-15 22:48:51,898 [ERROR] LogOutputStream:75 - [STDERR_REDIRECT] WARNING: Could not lock System prefs. Unix error code 2.
2025-02-15 22:48:51,898 [ERROR] LogOutputStream:75 - [STDERR_REDIRECT] 
2025-02-15 22:48:51,898 [ERROR] LogOutputStream:75 - [STDERR_REDIRECT] Feb 15, 2025 10:48:51 PM java.util.prefs.FileSystemPreferences syncWorld
2025-02-15 22:48:51,898 [ERROR] LogOutputStream:75 - [STDERR_REDIRECT] WARNING: Couldn't flush system prefs: java.util.prefs.BackingStoreException: Couldn't get file lock.
2025-02-15 22:48:51,898 [ERROR] LogOutputStream:75 - [STDERR_REDIRECT] 
2025-02-15 22:49:21,898 [ERROR] LogOutputStream:75 - [STDERR_REDIRECT] Feb 15, 2025 10:49:21 PM java.util.prefs.FileSystemPreferences checkLockFile0ErrorCode
2025-02-15 22:49:21,898 [ERROR] LogOutputStream:75 - [STDERR_REDIRECT] WARNING: Could not lock System prefs. Unix error code 2.
2025-02-15 22:49:21,898 [ERROR] LogOutputStream:75 - [STDERR_REDIRECT] 
2025-02-15 22:49:21,898 [ERROR] LogOutputStream:75 - [STDERR_REDIRECT] Feb 15, 2025 10:49:21 PM java.util.prefs.FileSystemPreferences syncWorld
2025-02-15 22:49:21,898 [ERROR] LogOutputStream:75 - [STDERR_REDIRECT] WARNING: Couldn't flush system prefs: java.util.prefs.BackingStoreException: Couldn't get file lock.
2025-02-15 22:49:21,898 [ERROR] LogOutputStream:75 - [STDERR_REDIRECT] 
2025-02-15 22:49:51,899 [ERROR] LogOutputStream:75 - [STDERR_REDIRECT] Feb 15, 2025 10:49:51 PM java.util.prefs.FileSystemPreferences checkLockFile0ErrorCode
2025-02-15 22:49:51,899 [ERROR] LogOutputStream:75 - [STDERR_REDIRECT] WARNING: Could not lock System prefs. Unix error code 2.
2025-02-15 22:49:51,899 [ERROR] LogOutputStream:75 - [STDERR_REDIRECT] 
2025-02-15 22:49:51,899 [ERROR] LogOutputStream:75 - [STDERR_REDIRECT] Feb 15, 2025 10:49:51 PM java.util.prefs.FileSystemPreferences syncWorld
2025-02-15 22:49:51,899 [ERROR] LogOutputStream:75 - [STDERR_REDIRECT] WARNING: Couldn't flush system prefs: java.util.prefs.BackingStoreException: Couldn't get file lock.
2025-02-15 22:49:51,899 [ERROR] LogOutputStream:75 - [STDERR_REDIRECT] 
2025-02-15 22:50:21,899 [ERROR] LogOutputStream:75 - [STDERR_REDIRECT] Feb 15, 2025 10:50:21 PM java.util.prefs.FileSystemPreferences checkLockFile0ErrorCode
2025-02-15 22:50:21,899 [ERROR] LogOutputStream:75 - [STDERR_REDIRECT] WARNING: Could not lock System prefs. Unix error code 2.
2025-02-15 22:50:21,899 [ERROR] LogOutputStream:75 - [STDERR_REDIRECT] 
2025-02-15 22:50:21,899 [ERROR] LogOutputStream:75 - [STDERR_REDIRECT] Feb 15, 2025 10:50:21 PM java.util.prefs.FileSystemPreferences syncWorld
2025-02-15 22:50:21,899 [ERROR] LogOutputStream:75 - [STDERR_REDIRECT] WARNING: Couldn't flush system prefs: java.util.prefs.BackingStoreException: Couldn't get file lock.
2025-02-15 22:50:21,899 [ERROR] LogOutputStream:75 - [STDERR_REDIRECT] 
2025-02-15 22:50:51,899 [ERROR] LogOutputStream:75 - [STDERR_REDIRECT] Feb 15, 2025 10:50:51 PM java.util.prefs.FileSystemPreferences checkLockFile0ErrorCode
2025-02-15 22:50:51,900 [ERROR] LogOutputStream:75 - [STDERR_REDIRECT] WARNING: Could not lock System prefs. Unix error code 2.
2025-02-15 22:50:51,900 [ERROR] LogOutputStream:75 - [STDERR_REDIRECT] 
2025-02-15 22:50:51,900 [ERROR] LogOutputStream:75 - [STDERR_REDIRECT] Feb 15, 2025 10:50:51 PM java.util.prefs.FileSystemPreferences syncWorld
2025-02-15 22:50:51,900 [ERROR] LogOutputStream:75 - [STDERR_REDIRECT] WARNING: Couldn't flush system prefs: java.util.prefs.BackingStoreException: Couldn't get file lock.
2025-02-15 22:50:51,900 [ERROR] LogOutputStream:75 - [STDERR_REDIRECT] 
2025-02-15 22:51:21,900 [ERROR] LogOutputStream:75 - [STDERR_REDIRECT] Feb 15, 2025 10:51:21 PM java.util.prefs.FileSystemPreferences checkLockFile0ErrorCode
2025-02-15 22:51:21,900 [ERROR] LogOutputStream:75 - [STDERR_REDIRECT] WARNING: Could not lock System prefs. Unix error code 2.
2025-02-15 22:51:21,900 [ERROR] LogOutputStream:75 - [STDERR_REDIRECT] 
2025-02-15 22:51:21,900 [ERROR] LogOutputStream:75 - [STDERR_REDIRECT] Feb 15, 2025 10:51:21 PM java.util.prefs.FileSystemPreferences syncWorld
2025-02-15 22:51:21,900 [ERROR] LogOutputStream:75 - [STDERR_REDIRECT] WARNING: Couldn't flush system prefs: java.util.prefs.BackingStoreException: Couldn't get file lock.
2025-02-15 22:51:21,900 [ERROR] LogOutputStream:75 - [STDERR_REDIRECT] 
2025-02-15 22:51:51,900 [ERROR] LogOutputStream:75 - [STDERR_REDIRECT] Feb 15, 2025 10:51:51 PM java.util.prefs.FileSystemPreferences checkLockFile0ErrorCode
2025-02-15 22:51:51,900 [ERROR] LogOutputStream:75 - [STDERR_REDIRECT] WARNING: Could not lock System prefs. Unix error code 2.
2025-02-15 22:51:51,900 [ERROR] LogOutputStream:75 - [STDERR_REDIRECT] 
2025-02-15 22:51:51,900 [ERROR] LogOutputStream:75 - [STDERR_REDIRECT] Feb 15, 2025 10:51:51 PM java.util.prefs.FileSystemPreferences syncWorld
2025-02-15 22:51:51,901 [ERROR] LogOutputStream:75 - [STDERR_REDIRECT] WARNING: Couldn't flush system prefs: java.util.prefs.BackingStoreException: Couldn't get file lock.
2025-02-15 22:51:51,901 [ERROR] LogOutputStream:75 - [STDERR_REDIRECT] 
2025-02-15 22:52:21,900 [ERROR] LogOutputStream:75 - [STDERR_REDIRECT] Feb 15, 2025 10:52:21 PM java.util.prefs.FileSystemPreferences checkLockFile0ErrorCode
2025-02-15 22:52:21,900 [ERROR] LogOutputStream:75 - [STDERR_REDIRECT] WARNING: Could not lock System prefs. Unix error code 2.
2025-02-15 22:52:21,900 [ERROR] LogOutputStream:75 - [STDERR_REDIRECT] 
2025-02-15 22:52:21,900 [ERROR] LogOutputStream:75 - [STDERR_REDIRECT] Feb 15, 2025 10:52:21 PM java.util.prefs.FileSystemPreferences syncWorld
2025-02-15 22:52:21,900 [ERROR] LogOutputStream:75 - [STDERR_REDIRECT] WARNING: Couldn't flush system prefs: java.util.prefs.BackingStoreException: Couldn't get file lock.
2025-02-15 22:52:21,900 [ERROR] LogOutputStream:75 - [STDERR_REDIRECT] 
2025-02-15 22:52:51,900 [ERROR] LogOutputStream:75 - [STDERR_REDIRECT] Feb 15, 2025 10:52:51 PM java.util.prefs.FileSystemPreferences checkLockFile0ErrorCode
2025-02-15 22:52:51,900 [ERROR] LogOutputStream:75 - [STDERR_REDIRECT] WARNING: Could not lock System prefs. Unix error code 2.
2025-02-15 22:52:51,900 [ERROR] LogOutputStream:75 - [STDERR_REDIRECT] 
2025-02-15 22:52:51,900 [ERROR] LogOutputStream:75 - [STDERR_REDIRECT] Feb 15, 2025 10:52:51 PM java.util.prefs.FileSystemPreferences syncWorld
2025-02-15 22:52:51,900 [ERROR] LogOutputStream:75 - [STDERR_REDIRECT] WARNING: Couldn't flush system prefs: java.util.prefs.BackingStoreException: Couldn't get file lock.
2025-02-15 22:52:51,900 [ERROR] LogOutputStream:75 - [STDERR_REDIRECT] 
2025-02-15 22:53:21,900 [ERROR] LogOutputStream:75 - [STDERR_REDIRECT] Feb 15, 2025 10:53:21 PM java.util.prefs.FileSystemPreferences checkLockFile0ErrorCode
2025-02-15 22:53:21,900 [ERROR] LogOutputStream:75 - [STDERR_REDIRECT] WARNING: Could not lock System prefs. Unix error code 2.
2025-02-15 22:53:21,901 [ERROR] LogOutputStream:75 - [STDERR_REDIRECT] 
2025-02-15 22:53:21,901 [ERROR] LogOutputStream:75 - [STDERR_REDIRECT] Feb 15, 2025 10:53:21 PM java.util.prefs.FileSystemPreferences syncWorld
2025-02-15 22:53:21,901 [ERROR] LogOutputStream:75 - [STDERR_REDIRECT] WARNING: Couldn't flush system prefs: java.util.prefs.BackingStoreException: Couldn't get file lock.
2025-02-15 22:53:21,901 [ERROR] LogOutputStream:75 - [STDERR_REDIRECT] 
2025-02-15 22:53:51,900 [ERROR] LogOutputStream:75 - [STDERR_REDIRECT] Feb 15, 2025 10:53:51 PM java.util.prefs.FileSystemPreferences checkLockFile0ErrorCode
2025-02-15 22:53:51,900 [ERROR] LogOutputStream:75 - [STDERR_REDIRECT] WARNING: Could not lock System prefs. Unix error code 2.
2025-02-15 22:53:51,900 [ERROR] LogOutputStream:75 - [STDERR_REDIRECT] 
2025-02-15 22:53:51,900 [ERROR] LogOutputStream:75 - [STDERR_REDIRECT] Feb 15, 2025 10:53:51 PM java.util.prefs.FileSystemPreferences syncWorld
2025-02-15 22:53:51,900 [ERROR] LogOutputStream:75 - [STDERR_REDIRECT] WARNING: Couldn't flush system prefs: java.util.prefs.BackingStoreException: Couldn't get file lock.
2025-02-15 22:53:51,900 [ERROR] LogOutputStream:75 - [STDERR_REDIRECT] 
2025-02-15 22:54:21,900 [ERROR] LogOutputStream:75 - [STDERR_REDIRECT] Feb 15, 2025 10:54:21 PM java.util.prefs.FileSystemPreferences checkLockFile0ErrorCode
2025-02-15 22:54:21,900 [ERROR] LogOutputStream:75 - [STDERR_REDIRECT] WARNING: Could not lock System prefs. Unix error code 2.
2025-02-15 22:54:21,900 [ERROR] LogOutputStream:75 - [STDERR_REDIRECT] 
2025-02-15 22:54:21,900 [ERROR] LogOutputStream:75 - [STDERR_REDIRECT] Feb 15, 2025 10:54:21 PM java.util.prefs.FileSystemPreferences syncWorld
2025-02-15 22:54:21,900 [ERROR] LogOutputStream:75 - [STDERR_REDIRECT] WARNING: Couldn't flush system prefs: java.util.prefs.BackingStoreException: Couldn't get file lock.
2025-02-15 22:54:21,900 [ERROR] LogOutputStream:75 - [STDERR_REDIRECT] 
2025-02-15 22:54:51,900 [ERROR] LogOutputStream:75 - [STDERR_REDIRECT] Feb 15, 2025 10:54:51 PM java.util.prefs.FileSystemPreferences checkLockFile0ErrorCode
2025-02-15 22:54:51,900 [ERROR] LogOutputStream:75 - [STDERR_REDIRECT] WARNING: Could not lock System prefs. Unix error code 2.
2025-02-15 22:54:51,901 [ERROR] LogOutputStream:75 - [STDERR_REDIRECT] 
2025-02-15 22:54:51,901 [ERROR] LogOutputStream:75 - [STDERR_REDIRECT] Feb 15, 2025 10:54:51 PM java.util.prefs.FileSystemPreferences syncWorld
2025-02-15 22:54:51,901 [ERROR] LogOutputStream:75 - [STDERR_REDIRECT] WARNING: Couldn't flush system prefs: java.util.prefs.BackingStoreException: Couldn't get file lock.
2025-02-15 22:54:51,901 [ERROR] LogOutputStream:75 - [STDERR_REDIRECT] 
2025-02-15 22:55:21,901 [ERROR] LogOutputStream:75 - [STDERR_REDIRECT] Feb 15, 2025 10:55:21 PM java.util.prefs.FileSystemPreferences checkLockFile0ErrorCode
2025-02-15 22:55:21,901 [ERROR] LogOutputStream:75 - [STDERR_REDIRECT] WARNING: Could not lock System prefs. Unix error code 2.
2025-02-15 22:55:21,901 [ERROR] LogOutputStream:75 - [STDERR_REDIRECT] 
2025-02-15 22:55:21,901 [ERROR] LogOutputStream:75 - [STDERR_REDIRECT] Feb 15, 2025 10:55:21 PM java.util.prefs.FileSystemPreferences syncWorld
2025-02-15 22:55:21,901 [ERROR] LogOutputStream:75 - [STDERR_REDIRECT] WARNING: Couldn't flush system prefs: java.util.prefs.BackingStoreException: Couldn't get file lock.
2025-02-15 22:55:21,901 [ERROR] LogOutputStream:75 - [STDERR_REDIRECT] 
2025-02-15 22:55:51,901 [ERROR] LogOutputStream:75 - [STDERR_REDIRECT] Feb 15, 2025 10:55:51 PM java.util.prefs.FileSystemPreferences checkLockFile0ErrorCode
2025-02-15 22:55:51,901 [ERROR] LogOutputStream:75 - [STDERR_REDIRECT] WARNING: Could not lock System prefs. Unix error code 2.
2025-02-15 22:55:51,901 [ERROR] LogOutputStream:75 - [STDERR_REDIRECT] 
2025-02-15 22:55:51,901 [ERROR] LogOutputStream:75 - [STDERR_REDIRECT] Feb 15, 2025 10:55:51 PM java.util.prefs.FileSystemPreferences syncWorld
2025-02-15 22:55:51,901 [ERROR] LogOutputStream:75 - [STDERR_REDIRECT] WARNING: Couldn't flush system prefs: java.util.prefs.BackingStoreException: Couldn't get file lock.
2025-02-15 22:55:51,901 [ERROR] LogOutputStream:75 - [STDERR_REDIRECT] 
2025-02-15 22:56:21,901 [ERROR] LogOutputStream:75 - [STDERR_REDIRECT] Feb 15, 2025 10:56:21 PM java.util.prefs.FileSystemPreferences checkLockFile0ErrorCode
2025-02-15 22:56:21,901 [ERROR] LogOutputStream:75 - [STDERR_REDIRECT] WARNING: Could not lock System prefs. Unix error code 2.
2025-02-15 22:56:21,901 [ERROR] LogOutputStream:75 - [STDERR_REDIRECT] 
2025-02-15 22:56:21,901 [ERROR] LogOutputStream:75 - [STDERR_REDIRECT] Feb 15, 2025 10:56:21 PM java.util.prefs.FileSystemPreferences syncWorld
2025-02-15 22:56:21,902 [ERROR] LogOutputStream:75 - [STDERR_REDIRECT] WARNING: Couldn't flush system prefs: java.util.prefs.BackingStoreException: Couldn't get file lock.
2025-02-15 22:56:21,902 [ERROR] LogOutputStream:75 - [STDERR_REDIRECT] 
2025-02-15 22:56:51,901 [ERROR] LogOutputStream:75 - [STDERR_REDIRECT] Feb 15, 2025 10:56:51 PM java.util.prefs.FileSystemPreferences checkLockFile0ErrorCode
2025-02-15 22:56:51,901 [ERROR] LogOutputStream:75 - [STDERR_REDIRECT] WARNING: Could not lock System prefs. Unix error code 2.
2025-02-15 22:56:51,901 [ERROR] LogOutputStream:75 - [STDERR_REDIRECT] 
2025-02-15 22:56:51,901 [ERROR] LogOutputStream:75 - [STDERR_REDIRECT] Feb 15, 2025 10:56:51 PM java.util.prefs.FileSystemPreferences syncWorld
2025-02-15 22:56:51,901 [ERROR] LogOutputStream:75 - [STDERR_REDIRECT] WARNING: Couldn't flush system prefs: java.util.prefs.BackingStoreException: Couldn't get file lock.
2025-02-15 22:56:51,901 [ERROR] LogOutputStream:75 - [STDERR_REDIRECT] 
2025-02-15 22:57:21,901 [ERROR] LogOutputStream:75 - [STDERR_REDIRECT] Feb 15, 2025 10:57:21 PM java.util.prefs.FileSystemPreferences checkLockFile0ErrorCode
2025-02-15 22:57:21,901 [ERROR] LogOutputStream:75 - [STDERR_REDIRECT] WARNING: Could not lock System prefs. Unix error code 2.
2025-02-15 22:57:21,901 [ERROR] LogOutputStream:75 - [STDERR_REDIRECT] 
2025-02-15 22:57:21,901 [ERROR] LogOutputStream:75 - [STDERR_REDIRECT] Feb 15, 2025 10:57:21 PM java.util.prefs.FileSystemPreferences syncWorld
2025-02-15 22:57:21,901 [ERROR] LogOutputStream:75 - [STDERR_REDIRECT] WARNING: Couldn't flush system prefs: java.util.prefs.BackingStoreException: Couldn't get file lock.
2025-02-15 22:57:21,901 [ERROR] LogOutputStream:75 - [STDERR_REDIRECT] 
2025-02-15 22:57:51,901 [ERROR] LogOutputStream:75 - [STDERR_REDIRECT] Feb 15, 2025 10:57:51 PM java.util.prefs.FileSystemPreferences checkLockFile0ErrorCode
2025-02-15 22:57:51,901 [ERROR] LogOutputStream:75 - [STDERR_REDIRECT] WARNING: Could not lock System prefs. Unix error code 2.
2025-02-15 22:57:51,901 [ERROR] LogOutputStream:75 - [STDERR_REDIRECT] 
2025-02-15 22:57:51,901 [ERROR] LogOutputStream:75 - [STDERR_REDIRECT] Feb 15, 2025 10:57:51 PM java.util.prefs.FileSystemPreferences syncWorld
2025-02-15 22:57:51,901 [ERROR] LogOutputStream:75 - [STDERR_REDIRECT] WARNING: Couldn't flush system prefs: java.util.prefs.BackingStoreException: Couldn't get file lock.
2025-02-15 22:57:51,901 [ERROR] LogOutputStream:75 - [STDERR_REDIRECT] 
2025-02-15 22:58:21,902 [ERROR] LogOutputStream:75 - [STDERR_REDIRECT] Feb 15, 2025 10:58:21 PM java.util.prefs.FileSystemPreferences checkLockFile0ErrorCode
2025-02-15 22:58:21,902 [ERROR] LogOutputStream:75 - [STDERR_REDIRECT] WARNING: Could not lock System prefs. Unix error code 2.
2025-02-15 22:58:21,902 [ERROR] LogOutputStream:75 - [STDERR_REDIRECT] 
2025-02-15 22:58:21,902 [ERROR] LogOutputStream:75 - [STDERR_REDIRECT] Feb 15, 2025 10:58:21 PM java.util.prefs.FileSystemPreferences syncWorld
2025-02-15 22:58:21,902 [ERROR] LogOutputStream:75 - [STDERR_REDIRECT] WARNING: Couldn't flush system prefs: java.util.prefs.BackingStoreException: Couldn't get file lock.
2025-02-15 22:58:21,902 [ERROR] LogOutputStream:75 - [STDERR_REDIRECT] 
2025-02-15 22:58:51,902 [ERROR] LogOutputStream:75 - [STDERR_REDIRECT] Feb 15, 2025 10:58:51 PM java.util.prefs.FileSystemPreferences checkLockFile0ErrorCode
2025-02-15 22:58:51,902 [ERROR] LogOutputStream:75 - [STDERR_REDIRECT] WARNING: Could not lock System prefs. Unix error code 2.
2025-02-15 22:58:51,902 [ERROR] LogOutputStream:75 - [STDERR_REDIRECT] 
2025-02-15 22:58:51,902 [ERROR] LogOutputStream:75 - [STDERR_REDIRECT] Feb 15, 2025 10:58:51 PM java.util.prefs.FileSystemPreferences syncWorld
2025-02-15 22:58:51,902 [ERROR] LogOutputStream:75 - [STDERR_REDIRECT] WARNING: Couldn't flush system prefs: java.util.prefs.BackingStoreException: Couldn't get file lock.
2025-02-15 22:58:51,902 [ERROR] LogOutputStream:75 - [STDERR_REDIRECT] 
2025-02-15 22:59:21,902 [ERROR] LogOutputStream:75 - [STDERR_REDIRECT] Feb 15, 2025 10:59:21 PM java.util.prefs.FileSystemPreferences checkLockFile0ErrorCode
2025-02-15 22:59:21,902 [ERROR] LogOutputStream:75 - [STDERR_REDIRECT] WARNING: Could not lock System prefs. Unix error code 2.
2025-02-15 22:59:21,902 [ERROR] LogOutputStream:75 - [STDERR_REDIRECT] 
2025-02-15 22:59:21,902 [ERROR] LogOutputStream:75 - [STDERR_REDIRECT] Feb 15, 2025 10:59:21 PM java.util.prefs.FileSystemPreferences syncWorld
2025-02-15 22:59:21,903 [ERROR] LogOutputStream:75 - [STDERR_REDIRECT] WARNING: Couldn't flush system prefs: java.util.prefs.BackingStoreException: Couldn't get file lock.
2025-02-15 22:59:21,903 [ERROR] LogOutputStream:75 - [STDERR_REDIRECT] 
2025-02-15 22:59:51,902 [ERROR] LogOutputStream:75 - [STDERR_REDIRECT] Feb 15, 2025 10:59:51 PM java.util.prefs.FileSystemPreferences checkLockFile0ErrorCode
2025-02-15 22:59:51,902 [ERROR] LogOutputStream:75 - [STDERR_REDIRECT] WARNING: Could not lock System prefs. Unix error code 2.
2025-02-15 22:59:51,902 [ERROR] LogOutputStream:75 - [STDERR_REDIRECT] 
2025-02-15 22:59:51,902 [ERROR] LogOutputStream:75 - [STDERR_REDIRECT] Feb 15, 2025 10:59:51 PM java.util.prefs.FileSystemPreferences syncWorld
2025-02-15 22:59:51,902 [ERROR] LogOutputStream:75 - [STDERR_REDIRECT] WARNING: Couldn't flush system prefs: java.util.prefs.BackingStoreException: Couldn't get file lock.
2025-02-15 22:59:51,902 [ERROR] LogOutputStream:75 - [STDERR_REDIRECT] 
2025-02-15 23:00:21,902 [ERROR] LogOutputStream:75 - [STDERR_REDIRECT] Feb 15, 2025 11:00:21 PM java.util.prefs.FileSystemPreferences checkLockFile0ErrorCode
2025-02-15 23:00:21,902 [ERROR] LogOutputStream:75 - [STDERR_REDIRECT] WARNING: Could not lock System prefs. Unix error code 2.
2025-02-15 23:00:21,902 [ERROR] LogOutputStream:75 - [STDERR_REDIRECT] 
2025-02-15 23:00:21,903 [ERROR] LogOutputStream:75 - [STDERR_REDIRECT] Feb 15, 2025 11:00:21 PM java.util.prefs.FileSystemPreferences syncWorld
2025-02-15 23:00:21,903 [ERROR] LogOutputStream:75 - [STDERR_REDIRECT] WARNING: Couldn't flush system prefs: java.util.prefs.BackingStoreException: Couldn't get file lock.
2025-02-15 23:00:21,903 [ERROR] LogOutputStream:75 - [STDERR_REDIRECT] 
2025-02-15 23:00:51,902 [ERROR] LogOutputStream:75 - [STDERR_REDIRECT] Feb 15, 2025 11:00:51 PM java.util.prefs.FileSystemPreferences checkLockFile0ErrorCode
2025-02-15 23:00:51,902 [ERROR] LogOutputStream:75 - [STDERR_REDIRECT] WARNING: Could not lock System prefs. Unix error code 2.
2025-02-15 23:00:51,902 [ERROR] LogOutputStream:75 - [STDERR_REDIRECT] 
2025-02-15 23:00:51,902 [ERROR] LogOutputStream:75 - [STDERR_REDIRECT] Feb 15, 2025 11:00:51 PM java.util.prefs.FileSystemPreferences syncWorld
2025-02-15 23:00:51,902 [ERROR] LogOutputStream:75 - [STDERR_REDIRECT] WARNING: Couldn't flush system prefs: java.util.prefs.BackingStoreException: Couldn't get file lock.
2025-02-15 23:00:51,902 [ERROR] LogOutputStream:75 - [STDERR_REDIRECT] 
2025-02-15 23:01:21,902 [ERROR] LogOutputStream:75 - [STDERR_REDIRECT] Feb 15, 2025 11:01:21 PM java.util.prefs.FileSystemPreferences checkLockFile0ErrorCode
2025-02-15 23:01:21,902 [ERROR] LogOutputStream:75 - [STDERR_REDIRECT] WARNING: Could not lock System prefs. Unix error code 2.
2025-02-15 23:01:21,902 [ERROR] LogOutputStream:75 - [STDERR_REDIRECT] 
2025-02-15 23:01:21,902 [ERROR] LogOutputStream:75 - [STDERR_REDIRECT] Feb 15, 2025 11:01:21 PM java.util.prefs.FileSystemPreferences syncWorld
2025-02-15 23:01:21,903 [ERROR] LogOutputStream:75 - [STDERR_REDIRECT] WARNING: Couldn't flush system prefs: java.util.prefs.BackingStoreException: Couldn't get file lock.
2025-02-15 23:01:21,903 [ERROR] LogOutputStream:75 - [STDERR_REDIRECT] 
2025-02-15 23:01:51,902 [ERROR] LogOutputStream:75 - [STDERR_REDIRECT] Feb 15, 2025 11:01:51 PM java.util.prefs.FileSystemPreferences checkLockFile0ErrorCode
2025-02-15 23:01:51,902 [ERROR] LogOutputStream:75 - [STDERR_REDIRECT] WARNING: Could not lock System prefs. Unix error code 2.
2025-02-15 23:01:51,902 [ERROR] LogOutputStream:75 - [STDERR_REDIRECT] 
2025-02-15 23:01:51,902 [ERROR] LogOutputStream:75 - [STDERR_REDIRECT] Feb 15, 2025 11:01:51 PM java.util.prefs.FileSystemPreferences syncWorld
2025-02-15 23:01:51,902 [ERROR] LogOutputStream:75 - [STDERR_REDIRECT] WARNING: Couldn't flush system prefs: java.util.prefs.BackingStoreException: Couldn't get file lock.
2025-02-15 23:01:51,902 [ERROR] LogOutputStream:75 - [STDERR_REDIRECT] 
2025-02-15 23:02:21,902 [ERROR] LogOutputStream:75 - [STDERR_REDIRECT] Feb 15, 2025 11:02:21 PM java.util.prefs.FileSystemPreferences checkLockFile0ErrorCode
2025-02-15 23:02:21,902 [ERROR] LogOutputStream:75 - [STDERR_REDIRECT] WARNING: Could not lock System prefs. Unix error code 2.
2025-02-15 23:02:21,902 [ERROR] LogOutputStream:75 - [STDERR_REDIRECT] 
2025-02-15 23:02:21,903 [ERROR] LogOutputStream:75 - [STDERR_REDIRECT] Feb 15, 2025 11:02:21 PM java.util.prefs.FileSystemPreferences syncWorld
2025-02-15 23:02:21,903 [ERROR] LogOutputStream:75 - [STDERR_REDIRECT] WARNING: Couldn't flush system prefs: java.util.prefs.BackingStoreException: Couldn't get file lock.
2025-02-15 23:02:21,903 [ERROR] LogOutputStream:75 - [STDERR_REDIRECT] 
2025-02-15 23:02:51,903 [ERROR] LogOutputStream:75 - [STDERR_REDIRECT] Feb 15, 2025 11:02:51 PM java.util.prefs.FileSystemPreferences checkLockFile0ErrorCode
2025-02-15 23:02:51,903 [ERROR] LogOutputStream:75 - [STDERR_REDIRECT] WARNING: Could not lock System prefs. Unix error code 2.
2025-02-15 23:02:51,903 [ERROR] LogOutputStream:75 - [STDERR_REDIRECT] 
2025-02-15 23:02:51,903 [ERROR] LogOutputStream:75 - [STDERR_REDIRECT] Feb 15, 2025 11:02:51 PM java.util.prefs.FileSystemPreferences syncWorld
2025-02-15 23:02:51,903 [ERROR] LogOutputStream:75 - [STDERR_REDIRECT] WARNING: Couldn't flush system prefs: java.util.prefs.BackingStoreException: Couldn't get file lock.
2025-02-15 23:02:51,903 [ERROR] LogOutputStream:75 - [STDERR_REDIRECT] 
2025-02-15 23:03:21,903 [ERROR] LogOutputStream:75 - [STDERR_REDIRECT] Feb 15, 2025 11:03:21 PM java.util.prefs.FileSystemPreferences checkLockFile0ErrorCode
2025-02-15 23:03:21,903 [ERROR] LogOutputStream:75 - [STDERR_REDIRECT] WARNING: Could not lock System prefs. Unix error code 2.
2025-02-15 23:03:21,903 [ERROR] LogOutputStream:75 - [STDERR_REDIRECT] 
2025-02-15 23:03:21,903 [ERROR] LogOutputStream:75 - [STDERR_REDIRECT] Feb 15, 2025 11:03:21 PM java.util.prefs.FileSystemPreferences syncWorld
2025-02-15 23:03:21,903 [ERROR] LogOutputStream:75 - [STDERR_REDIRECT] WARNING: Couldn't flush system prefs: java.util.prefs.BackingStoreException: Couldn't get file lock.
2025-02-15 23:03:21,903 [ERROR] LogOutputStream:75 - [STDERR_REDIRECT] 
2025-02-15 23:03:51,903 [ERROR] LogOutputStream:75 - [STDERR_REDIRECT] Feb 15, 2025 11:03:51 PM java.util.prefs.FileSystemPreferences checkLockFile0ErrorCode
2025-02-15 23:03:51,904 [ERROR] LogOutputStream:75 - [STDERR_REDIRECT] WARNING: Could not lock System prefs. Unix error code 2.
2025-02-15 23:03:51,904 [ERROR] LogOutputStream:75 - [STDERR_REDIRECT] 
2025-02-15 23:03:51,904 [ERROR] LogOutputStream:75 - [STDERR_REDIRECT] Feb 15, 2025 11:03:51 PM java.util.prefs.FileSystemPreferences syncWorld
2025-02-15 23:03:51,904 [ERROR] LogOutputStream:75 - [STDERR_REDIRECT] WARNING: Couldn't flush system prefs: java.util.prefs.BackingStoreException: Couldn't get file lock.
2025-02-15 23:03:51,904 [ERROR] LogOutputStream:75 - [STDERR_REDIRECT] 
2025-02-15 23:04:21,904 [ERROR] LogOutputStream:75 - [STDERR_REDIRECT] Feb 15, 2025 11:04:21 PM java.util.prefs.FileSystemPreferences checkLockFile0ErrorCode
2025-02-15 23:04:21,904 [ERROR] LogOutputStream:75 - [STDERR_REDIRECT] WARNING: Could not lock System prefs. Unix error code 2.
2025-02-15 23:04:21,904 [ERROR] LogOutputStream:75 - [STDERR_REDIRECT] 
2025-02-15 23:04:21,904 [ERROR] LogOutputStream:75 - [STDERR_REDIRECT] Feb 15, 2025 11:04:21 PM java.util.prefs.FileSystemPreferences syncWorld
2025-02-15 23:04:21,904 [ERROR] LogOutputStream:75 - [STDERR_REDIRECT] WARNING: Couldn't flush system prefs: java.util.prefs.BackingStoreException: Couldn't get file lock.
2025-02-15 23:04:21,904 [ERROR] LogOutputStream:75 - [STDERR_REDIRECT] 
2025-02-15 23:04:51,904 [ERROR] LogOutputStream:75 - [STDERR_REDIRECT] Feb 15, 2025 11:04:51 PM java.util.prefs.FileSystemPreferences checkLockFile0ErrorCode
2025-02-15 23:04:51,904 [ERROR] LogOutputStream:75 - [STDERR_REDIRECT] WARNING: Could not lock System prefs. Unix error code 2.
2025-02-15 23:04:51,904 [ERROR] LogOutputStream:75 - [STDERR_REDIRECT] 
2025-02-15 23:04:51,904 [ERROR] LogOutputStream:75 - [STDERR_REDIRECT] Feb 15, 2025 11:04:51 PM java.util.prefs.FileSystemPreferences syncWorld
2025-02-15 23:04:51,904 [ERROR] LogOutputStream:75 - [STDERR_REDIRECT] WARNING: Couldn't flush system prefs: java.util.prefs.BackingStoreException: Couldn't get file lock.
2025-02-15 23:04:51,904 [ERROR] LogOutputStream:75 - [STDERR_REDIRECT] 
2025-02-15 23:05:21,905 [ERROR] LogOutputStream:75 - [STDERR_REDIRECT] Feb 15, 2025 11:05:21 PM java.util.prefs.FileSystemPreferences checkLockFile0ErrorCode
2025-02-15 23:05:21,905 [ERROR] LogOutputStream:75 - [STDERR_REDIRECT] WARNING: Could not lock System prefs. Unix error code 2.
2025-02-15 23:05:21,905 [ERROR] LogOutputStream:75 - [STDERR_REDIRECT] 
2025-02-15 23:05:21,905 [ERROR] LogOutputStream:75 - [STDERR_REDIRECT] Feb 15, 2025 11:05:21 PM java.util.prefs.FileSystemPreferences syncWorld
2025-02-15 23:05:21,905 [ERROR] LogOutputStream:75 - [STDERR_REDIRECT] WARNING: Couldn't flush system prefs: java.util.prefs.BackingStoreException: Couldn't get file lock.
2025-02-15 23:05:21,905 [ERROR] LogOutputStream:75 - [STDERR_REDIRECT] 
2025-02-15 23:05:51,904 [ERROR] LogOutputStream:75 - [STDERR_REDIRECT] Feb 15, 2025 11:05:51 PM java.util.prefs.FileSystemPreferences checkLockFile0ErrorCode
2025-02-15 23:05:51,904 [ERROR] LogOutputStream:75 - [STDERR_REDIRECT] WARNING: Could not lock System prefs. Unix error code 2.
2025-02-15 23:05:51,904 [ERROR] LogOutputStream:75 - [STDERR_REDIRECT] 
2025-02-15 23:05:51,904 [ERROR] LogOutputStream:75 - [STDERR_REDIRECT] Feb 15, 2025 11:05:51 PM java.util.prefs.FileSystemPreferences syncWorld
2025-02-15 23:05:51,904 [ERROR] LogOutputStream:75 - [STDERR_REDIRECT] WARNING: Couldn't flush system prefs: java.util.prefs.BackingStoreException: Couldn't get file lock.
2025-02-15 23:05:51,904 [ERROR] LogOutputStream:75 - [STDERR_REDIRECT] 
2025-02-15 23:06:21,904 [ERROR] LogOutputStream:75 - [STDERR_REDIRECT] Feb 15, 2025 11:06:21 PM java.util.prefs.FileSystemPreferences checkLockFile0ErrorCode
2025-02-15 23:06:21,904 [ERROR] LogOutputStream:75 - [STDERR_REDIRECT] WARNING: Could not lock System prefs. Unix error code 2.
2025-02-15 23:06:21,904 [ERROR] LogOutputStream:75 - [STDERR_REDIRECT] 
2025-02-15 23:06:21,905 [ERROR] LogOutputStream:75 - [STDERR_REDIRECT] Feb 15, 2025 11:06:21 PM java.util.prefs.FileSystemPreferences syncWorld
2025-02-15 23:06:21,905 [ERROR] LogOutputStream:75 - [STDERR_REDIRECT] WARNING: Couldn't flush system prefs: java.util.prefs.BackingStoreException: Couldn't get file lock.
2025-02-15 23:06:21,905 [ERROR] LogOutputStream:75 - [STDERR_REDIRECT] 
2025-02-15 23:06:51,904 [ERROR] LogOutputStream:75 - [STDERR_REDIRECT] Feb 15, 2025 11:06:51 PM java.util.prefs.FileSystemPreferences checkLockFile0ErrorCode
2025-02-15 23:06:51,904 [ERROR] LogOutputStream:75 - [STDERR_REDIRECT] WARNING: Could not lock System prefs. Unix error code 2.
2025-02-15 23:06:51,904 [ERROR] LogOutputStream:75 - [STDERR_REDIRECT] 
2025-02-15 23:06:51,904 [ERROR] LogOutputStream:75 - [STDERR_REDIRECT] Feb 15, 2025 11:06:51 PM java.util.prefs.FileSystemPreferences syncWorld
2025-02-15 23:06:51,904 [ERROR] LogOutputStream:75 - [STDERR_REDIRECT] WARNING: Couldn't flush system prefs: java.util.prefs.BackingStoreException: Couldn't get file lock.
2025-02-15 23:06:51,904 [ERROR] LogOutputStream:75 - [STDERR_REDIRECT] 
2025-02-15 23:07:21,904 [ERROR] LogOutputStream:75 - [STDERR_REDIRECT] Feb 15, 2025 11:07:21 PM java.util.prefs.FileSystemPreferences checkLockFile0ErrorCode
2025-02-15 23:07:21,904 [ERROR] LogOutputStream:75 - [STDERR_REDIRECT] WARNING: Could not lock System prefs. Unix error code 2.
2025-02-15 23:07:21,904 [ERROR] LogOutputStream:75 - [STDERR_REDIRECT] 
2025-02-15 23:07:21,904 [ERROR] LogOutputStream:75 - [STDERR_REDIRECT] Feb 15, 2025 11:07:21 PM java.util.prefs.FileSystemPreferences syncWorld
2025-02-15 23:07:21,904 [ERROR] LogOutputStream:75 - [STDERR_REDIRECT] WARNING: Couldn't flush system prefs: java.util.prefs.BackingStoreException: Couldn't get file lock.
2025-02-15 23:07:21,904 [ERROR] LogOutputStream:75 - [STDERR_REDIRECT] 
2025-02-15 23:07:51,904 [ERROR] LogOutputStream:75 - [STDERR_REDIRECT] Feb 15, 2025 11:07:51 PM java.util.prefs.FileSystemPreferences checkLockFile0ErrorCode
2025-02-15 23:07:51,904 [ERROR] LogOutputStream:75 - [STDERR_REDIRECT] WARNING: Could not lock System prefs. Unix error code 2.
2025-02-15 23:07:51,904 [ERROR] LogOutputStream:75 - [STDERR_REDIRECT] 
2025-02-15 23:07:51,905 [ERROR] LogOutputStream:75 - [STDERR_REDIRECT] Feb 15, 2025 11:07:51 PM java.util.prefs.FileSystemPreferences syncWorld
2025-02-15 23:07:51,905 [ERROR] LogOutputStream:75 - [STDERR_REDIRECT] WARNING: Couldn't flush system prefs: java.util.prefs.BackingStoreException: Couldn't get file lock.
2025-02-15 23:07:51,905 [ERROR] LogOutputStream:75 - [STDERR_REDIRECT] 
2025-02-15 23:08:21,904 [ERROR] LogOutputStream:75 - [STDERR_REDIRECT] Feb 15, 2025 11:08:21 PM java.util.prefs.FileSystemPreferences checkLockFile0ErrorCode
2025-02-15 23:08:21,904 [ERROR] LogOutputStream:75 - [STDERR_REDIRECT] WARNING: Could not lock System prefs. Unix error code 2.
2025-02-15 23:08:21,904 [ERROR] LogOutputStream:75 - [STDERR_REDIRECT] 
2025-02-15 23:08:21,904 [ERROR] LogOutputStream:75 - [STDERR_REDIRECT] Feb 15, 2025 11:08:21 PM java.util.prefs.FileSystemPreferences syncWorld
2025-02-15 23:08:21,904 [ERROR] LogOutputStream:75 - [STDERR_REDIRECT] WARNING: Couldn't flush system prefs: java.util.prefs.BackingStoreException: Couldn't get file lock.
2025-02-15 23:08:21,904 [ERROR] LogOutputStream:75 - [STDERR_REDIRECT] 
2025-02-15 23:08:51,904 [ERROR] LogOutputStream:75 - [STDERR_REDIRECT] Feb 15, 2025 11:08:51 PM java.util.prefs.FileSystemPreferences checkLockFile0ErrorCode
2025-02-15 23:08:51,904 [ERROR] LogOutputStream:75 - [STDERR_REDIRECT] WARNING: Could not lock System prefs. Unix error code 2.
2025-02-15 23:08:51,904 [ERROR] LogOutputStream:75 - [STDERR_REDIRECT] 
2025-02-15 23:08:51,905 [ERROR] LogOutputStream:75 - [STDERR_REDIRECT] Feb 15, 2025 11:08:51 PM java.util.prefs.FileSystemPreferences syncWorld
2025-02-15 23:08:51,905 [ERROR] LogOutputStream:75 - [STDERR_REDIRECT] WARNING: Couldn't flush system prefs: java.util.prefs.BackingStoreException: Couldn't get file lock.
2025-02-15 23:08:51,905 [ERROR] LogOutputStream:75 - [STDERR_REDIRECT] 
2025-02-15 23:09:21,904 [ERROR] LogOutputStream:75 - [STDERR_REDIRECT] Feb 15, 2025 11:09:21 PM java.util.prefs.FileSystemPreferences checkLockFile0ErrorCode
2025-02-15 23:09:21,904 [ERROR] LogOutputStream:75 - [STDERR_REDIRECT] WARNING: Could not lock System prefs. Unix error code 2.
2025-02-15 23:09:21,904 [ERROR] LogOutputStream:75 - [STDERR_REDIRECT] 
2025-02-15 23:09:21,904 [ERROR] LogOutputStream:75 - [STDERR_REDIRECT] Feb 15, 2025 11:09:21 PM java.util.prefs.FileSystemPreferences syncWorld
2025-02-15 23:09:21,904 [ERROR] LogOutputStream:75 - [STDERR_REDIRECT] WARNING: Couldn't flush system prefs: java.util.prefs.BackingStoreException: Couldn't get file lock.
2025-02-15 23:09:21,904 [ERROR] LogOutputStream:75 - [STDERR_REDIRECT] 
2025-02-15 23:09:51,904 [ERROR] LogOutputStream:75 - [STDERR_REDIRECT] Feb 15, 2025 11:09:51 PM java.util.prefs.FileSystemPreferences checkLockFile0ErrorCode
2025-02-15 23:09:51,904 [ERROR] LogOutputStream:75 - [STDERR_REDIRECT] WARNING: Could not lock System prefs. Unix error code 2.
2025-02-15 23:09:51,910 [ERROR] LogOutputStream:75 - [STDERR_REDIRECT] 
2025-02-15 23:09:51,911 [ERROR] LogOutputStream:75 - [STDERR_REDIRECT] Feb 15, 2025 11:09:51 PM java.util.prefs.FileSystemPreferences syncWorld
2025-02-15 23:09:51,911 [ERROR] LogOutputStream:75 - [STDERR_REDIRECT] WARNING: Couldn't flush system prefs: java.util.prefs.BackingStoreException: Couldn't get file lock.
2025-02-15 23:09:51,911 [ERROR] LogOutputStream:75 - [STDERR_REDIRECT] 
2025-02-15 23:10:21,904 [ERROR] LogOutputStream:75 - [STDERR_REDIRECT] Feb 15, 2025 11:10:21 PM java.util.prefs.FileSystemPreferences checkLockFile0ErrorCode
2025-02-15 23:10:21,904 [ERROR] LogOutputStream:75 - [STDERR_REDIRECT] WARNING: Could not lock System prefs. Unix error code 2.
2025-02-15 23:10:21,904 [ERROR] LogOutputStream:75 - [STDERR_REDIRECT] 
2025-02-15 23:10:21,904 [ERROR] LogOutputStream:75 - [STDERR_REDIRECT] Feb 15, 2025 11:10:21 PM java.util.prefs.FileSystemPreferences syncWorld
2025-02-15 23:10:21,904 [ERROR] LogOutputStream:75 - [STDERR_REDIRECT] WARNING: Couldn't flush system prefs: java.util.prefs.BackingStoreException: Couldn't get file lock.
2025-02-15 23:10:21,904 [ERROR] LogOutputStream:75 - [STDERR_REDIRECT] 
2025-02-15 23:10:51,904 [ERROR] LogOutputStream:75 - [STDERR_REDIRECT] Feb 15, 2025 11:10:51 PM java.util.prefs.FileSystemPreferences checkLockFile0ErrorCode
2025-02-15 23:10:51,904 [ERROR] LogOutputStream:75 - [STDERR_REDIRECT] WARNING: Could not lock System prefs. Unix error code 2.
2025-02-15 23:10:51,904 [ERROR] LogOutputStream:75 - [STDERR_REDIRECT] 
2025-02-15 23:10:51,904 [ERROR] LogOutputStream:75 - [STDERR_REDIRECT] Feb 15, 2025 11:10:51 PM java.util.prefs.FileSystemPreferences syncWorld
2025-02-15 23:10:51,905 [ERROR] LogOutputStream:75 - [STDERR_REDIRECT] WARNING: Couldn't flush system prefs: java.util.prefs.BackingStoreException: Couldn't get file lock.
2025-02-15 23:10:51,905 [ERROR] LogOutputStream:75 - [STDERR_REDIRECT] 
2025-02-15 23:11:21,903 [ERROR] LogOutputStream:75 - [STDERR_REDIRECT] Feb 15, 2025 11:11:21 PM java.util.prefs.FileSystemPreferences checkLockFile0ErrorCode
2025-02-15 23:11:21,904 [ERROR] LogOutputStream:75 - [STDERR_REDIRECT] WARNING: Could not lock System prefs. Unix error code 2.
2025-02-15 23:11:21,904 [ERROR] LogOutputStream:75 - [STDERR_REDIRECT] 
2025-02-15 23:11:21,904 [ERROR] LogOutputStream:75 - [STDERR_REDIRECT] Feb 15, 2025 11:11:21 PM java.util.prefs.FileSystemPreferences syncWorld
2025-02-15 23:11:21,904 [ERROR] LogOutputStream:75 - [STDERR_REDIRECT] WARNING: Couldn't flush system prefs: java.util.prefs.BackingStoreException: Couldn't get file lock.
2025-02-15 23:11:21,904 [ERROR] LogOutputStream:75 - [STDERR_REDIRECT] 
2025-02-15 23:11:38,482 [INFO] UtilMem:75 - End SaveConfig() Used Memory: 311886008 Bytes (622854144)
2025-02-15 23:11:40,442 [ERROR] LogOutputStream:75 - [STDERR_REDIRECT] 
2025-02-15 23:11:40,443 [ERROR] LogOutputStream:75 - [STDERR_REDIRECT] 
